iteration,strategy,average_precision,f1_at_20pct
0,raw cri probability,0.8960221368889376,0.6267715210900374
0,manual topsis equal,0.7760181289076695,0.5458597922536692
0,manual vikor equal,0.7459959597468561,0.5305521678792211
0,manual waspas equal,0.7683310315299302,0.535935068758148
0,baseline auto mcdm,0.8256622688210663,0.5630177888052483
0,pareto auto mcdm,0.898890431797722,0.6271079523949704
1,raw cri probability,0.8951575139386013,0.6250680058589663
1,manual topsis equal,0.7763169344520029,0.5444653693241264
1,manual vikor equal,0.7472763624927441,0.5274743670223896
1,manual waspas equal,0.7684250055120231,0.5333333333333333
1,baseline auto mcdm,0.8250168990004701,0.5602845783636745
1,pareto auto mcdm,0.8977454461722263,0.6249843063402386
2,raw cri probability,0.8936135266352474,0.6281186783546864
2,manual topsis equal,0.7757993974522397,0.5488873904248146
2,manual vikor equal,0.7461463141003168,0.5330411328388401
2,manual waspas equal,0.7683827782329905,0.538435603506406
2,baseline auto mcdm,0.8239010108198884,0.5651550910316926
2,pareto auto mcdm,0.896340590457556,0.6280343897505057
3,raw cri probability,0.8932405653740024,0.6309065527306569
3,manual topsis equal,0.7739083215633841,0.5513769618004145
3,manual vikor equal,0.743765829900397,0.5348788019797791
3,manual waspas equal,0.7662302315622627,0.5408858242734463
3,baseline auto mcdm,0.8229004214153361,0.568551969203435
3,pareto auto mcdm,0.8962744570102779,0.6303989170438682
4,raw cri probability,0.892829764664502,0.6278076223510004
4,manual topsis equal,0.779238660637402,0.5540374772640752
4,manual vikor equal,0.7502873217560826,0.5366101264751914
4,manual waspas equal,0.7719384683640742,0.541855251469904
4,baseline auto mcdm,0.8267419186059953,0.5689268643458398
4,pareto auto mcdm,0.8956388873131618,0.6273000296095766
5,raw cri probability,0.891192874626271,0.6244149272612272
5,manual topsis equal,0.7803205732389887,0.552730339447607
5,manual vikor equal,0.7534019643454379,0.5381404174573056
5,manual waspas equal,0.7727241938761688,0.5428631667720851
5,baseline auto mcdm,0.826889667107072,0.5703563145688383
5,pareto auto mcdm,0.8943284628046094,0.6250052709255745
6,raw cri probability,0.8917380186503443,0.6282430490999746
6,manual topsis equal,0.7758583896309554,0.5526071156933998
6,manual vikor equal,0.7480119288379055,0.5367193442068791
6,manual waspas equal,0.7680131075250849,0.5389165891996958
6,baseline auto mcdm,0.8241657709568284,0.5673117552607115
6,pareto auto mcdm,0.894670085698762,0.6282430490999746
7,raw cri probability,0.8955579817804215,0.6277292115376494
7,manual topsis equal,0.7846507821117796,0.5566958064107437
7,manual vikor equal,0.754921209766081,0.5389585708855948
7,manual waspas equal,0.7766933246605956,0.546306854174585
7,baseline auto mcdm,0.8310365108304365,0.5726593183833777
7,pareto auto mcdm,0.898402740636742,0.628320452721821
8,raw cri probability,0.893544084758551,0.6268077750137032
8,manual topsis equal,0.7739142846828254,0.5483830164017371
8,manual vikor equal,0.745382699351871,0.5314331492178606
8,manual waspas equal,0.766283869288661,0.5360711725766327
8,baseline auto mcdm,0.8232936134824599,0.5636463296369693
8,pareto auto mcdm,0.8965409819548132,0.6263018088291099
9,raw cri probability,0.8935580017301887,0.6263213308064856
9,manual topsis equal,0.7770407147136906,0.5508528111181301
9,manual vikor equal,0.7488510672361387,0.5351863550221099
9,manual waspas equal,0.7694001741234151,0.5379658875552747
9,baseline auto mcdm,0.8243490808198011,0.5669404085070541
9,pareto auto mcdm,0.896446070496193,0.6256475047378396
10,raw cri probability,0.8964996642818089,0.6228811794594145
10,manual topsis equal,0.7806066853509329,0.5435841905793177
10,manual vikor equal,0.7510860766301047,0.5279247011786264
10,manual waspas equal,0.7728231032733373,0.5339219524384657
10,baseline auto mcdm,0.8288057271192396,0.5600766315438757
10,pareto auto mcdm,0.8993884289692267,0.6219649327391612
11,raw cri probability,0.8956710546076849,0.6266080033521894
11,manual topsis equal,0.7819951706393962,0.5509323276765137
11,manual vikor equal,0.7524959648212701,0.5313220196941126
11,manual waspas equal,0.773950723543766,0.5393672742509952
11,baseline auto mcdm,0.8301969567833577,0.5676094699350512
11,pareto auto mcdm,0.898556064594573,0.6265241986172219
12,raw cri probability,0.8958067140775536,0.6308634156639222
12,manual topsis equal,0.7787731940950232,0.5563858982478361
12,manual vikor equal,0.7498550030730041,0.536795440151995
12,manual waspas equal,0.7703749143105426,0.542030821194849
12,baseline auto mcdm,0.8273510500364019,0.5720075997466751
12,pareto auto mcdm,0.8988010448923902,0.6306100907747518
13,raw cri probability,0.8965090585957829,0.6250521920668058
13,manual topsis equal,0.7889780418955202,0.5539039665970772
13,manual vikor equal,0.7608626941511499,0.5381210855949895
13,manual waspas equal,0.7814971811660264,0.5426304801670145
13,baseline auto mcdm,0.8330723133671583,0.5675991649269311
13,pareto auto mcdm,0.8992542823790901,0.6250521920668058
14,raw cri probability,0.8934196829094403,0.6281438897577883
14,manual topsis equal,0.7778997359060671,0.5525637232108889
14,manual vikor equal,0.748690465079758,0.5355708669738344
14,manual waspas equal,0.7702961700972928,0.5404742782263178
14,baseline auto mcdm,0.8268688176783239,0.5674430401149765
14,pareto auto mcdm,0.8961760923358392,0.6287356807710192
15,raw cri probability,0.8966244758342632,0.6295299756159086
15,manual topsis equal,0.7763604135289655,0.5467922307239552
15,manual vikor equal,0.7477522406761284,0.5315731943159842
15,manual waspas equal,0.7681288948983063,0.5360295972420752
15,baseline auto mcdm,0.8243521479759199,0.5632725132430841
15,pareto auto mcdm,0.8993752921177797,0.6283528125788278
16,raw cri probability,0.8952982384401849,0.627160701518274
16,manual topsis equal,0.7850342877804195,0.5525507843714514
16,manual vikor equal,0.7567818361468757,0.5379147916053327
16,manual waspas equal,0.7773477070199213,0.5422887664549776
16,baseline auto mcdm,0.8307833819624713,0.5687849602557092
16,pareto auto mcdm,0.8983149672509613,0.6267401270135003
17,raw cri probability,0.8936502846385039,0.6222129610335487
17,manual topsis equal,0.7820510777941015,0.5461971244009168
17,manual vikor equal,0.7549303642226012,0.532527609918733
17,manual waspas equal,0.7756749440681627,0.5386955615753282
17,baseline auto mcdm,0.8292451792448835,0.5637007709939571
17,pareto auto mcdm,0.8965745718086732,0.6221296103354865
18,raw cri probability,0.8969344924968131,0.6280477551706743
18,manual topsis equal,0.7821977683100897,0.5516226668908694
18,manual vikor equal,0.7550605653898966,0.536068606019842
18,manual waspas equal,0.7741415065394327,0.5397679502270053
18,baseline auto mcdm,0.8284168965573967,0.566924499747772
18,pareto auto mcdm,0.8994741253562387,0.628299983184799
19,raw cri probability,0.8892210512880072,0.6278676034876831
19,manual topsis equal,0.7785955600301683,0.5542199271988488
19,manual vikor equal,0.7502951546448491,0.5387285194277491
19,manual waspas equal,0.7717430186094745,0.5426225344958943
19,baseline auto mcdm,0.8236401637427873,0.5695420299669856
19,pareto auto mcdm,0.8923041819304923,0.6276136459832388
20,raw cri probability,0.8923733311173089,0.628467982991622
20,manual topsis equal,0.7767095333195599,0.5488990864311877
20,manual vikor equal,0.7463630793977607,0.5329853071191007
20,manual waspas equal,0.7687432749025865,0.5367743021934072
20,baseline auto mcdm,0.8245534300486697,0.5659916642108366
20,pareto auto mcdm,0.8953648420265267,0.6274575843051404
21,raw cri probability,0.8954618535146847,0.6267366211962225
21,manual topsis equal,0.7770793613102488,0.5487513116474292
21,manual vikor equal,0.7485950226868877,0.5307030430220356
21,manual waspas equal,0.7690912818419932,0.534816369359916
21,baseline auto mcdm,0.8267092616451434,0.5635257082896118
21,pareto auto mcdm,0.8986100751518699,0.6276600209863589
22,raw cri probability,0.8940062681036367,0.6257524098160542
22,manual topsis equal,0.7793924348159493,0.5519215389148462
22,manual vikor equal,0.7514962189000618,0.5356736961737594
22,manual waspas equal,0.7721199427109247,0.5402197247127162
22,baseline auto mcdm,0.8265391191440106,0.5685061245106705
22,pareto auto mcdm,0.8967883086496455,0.6250789241065791
23,raw cri probability,0.8943531039622468,0.6271706681242903
23,manual topsis equal,0.7864423925011506,0.5573729134255562
23,manual vikor equal,0.7584205101002461,0.5376108985409747
23,manual waspas equal,0.7780030267555847,0.5430769877643695
23,baseline auto mcdm,0.8320901237010789,0.572341588529622
23,pareto auto mcdm,0.8974140187207402,0.6268342934028508
24,raw cri probability,0.8947655834587388,0.6296139876678774
24,manual topsis equal,0.7775018468994008,0.5521581214629614
24,manual vikor equal,0.7480116704653279,0.5363628684855141
24,manual waspas equal,0.769830589073709,0.5392347326632317
24,baseline auto mcdm,0.8251070836034473,0.5690514401554185
24,pareto auto mcdm,0.8977365925087817,0.6291916547005659
25,raw cri probability,0.894536530917299,0.6288629368860408
25,manual topsis equal,0.7761936269158102,0.5515409587250727
25,manual vikor equal,0.7463252499332842,0.5340865972427168
25,manual waspas equal,0.768576631791142,0.5390615118681226
25,baseline auto mcdm,0.8250926105553614,0.5671402672962603
25,pareto auto mcdm,0.8972333649216312,0.6284413339516843
26,raw cri probability,0.8932413046674268,0.6268193448261399
26,manual topsis equal,0.7757607189928263,0.5477958139339792
26,manual vikor equal,0.7455370025387215,0.5320246633949918
26,manual waspas equal,0.7681154425090634,0.5373096766075249
26,baseline auto mcdm,0.8247383592089222,0.5645736336563064
26,pareto auto mcdm,0.8961644266915304,0.6270710121219747
27,raw cri probability,0.8940127985725985,0.6253093410511303
27,manual topsis equal,0.7792987708652318,0.5506480432867749
27,manual vikor equal,0.7511059657365856,0.5322763306908267
27,manual waspas equal,0.7718753145080267,0.5373935657061365
27,baseline auto mcdm,0.8264459484849241,0.5635669644729667
27,pareto auto mcdm,0.8968313596129001,0.6243865609664024
28,raw cri probability,0.8959667174364077,0.6304650280365952
28,manual topsis equal,0.7814066544937686,0.5525528057675281
28,manual vikor equal,0.7529594714525508,0.5384712677600236
28,manual waspas equal,0.7734704103360719,0.5431932206248156
28,baseline auto mcdm,0.8278009381512049,0.5702601290104978
28,pareto auto mcdm,0.8990279200487092,0.6299591045153675
29,raw cri probability,0.8961682489682387,0.6301300881242132
29,manual topsis equal,0.7793132238083506,0.5483843894250944
29,manual vikor equal,0.7503750728252043,0.5310952580780528
29,manual waspas equal,0.7726930374651482,0.5370541334452371
29,baseline auto mcdm,0.8271123663401506,0.5653378094838438
29,pareto auto mcdm,0.8988300055852456,0.6296265211917751
30,raw cri probability,0.8954850635100109,0.6241509433962263
30,manual topsis equal,0.7862021257722418,0.5546331236897275
30,manual vikor equal,0.7580609281356993,0.5375262054507337
30,manual waspas equal,0.7783869358692448,0.540293501048218
30,baseline auto mcdm,0.8312178922968199,0.569392033542977
30,pareto auto mcdm,0.8982662365439776,0.6249895178197066
31,raw cri probability,0.8961355507292794,0.6249321814615416
31,manual topsis equal,0.7848861638078763,0.5489754183882142
31,manual vikor equal,0.7549976829390294,0.5326155001878051
31,manual waspas equal,0.7768172486072289,0.5386252660573432
31,baseline auto mcdm,0.8297446007508253,0.5644171779141104
31,pareto auto mcdm,0.8988660515228435,0.6248487124911314
32,raw cri probability,0.8967366526637843,0.6280367557588218
32,manual topsis equal,0.7859177996314772,0.5526790584483701
32,manual vikor equal,0.7588728484158994,0.537490034825662
32,manual waspas equal,0.7777622336744808,0.5411823941593589
32,baseline auto mcdm,0.8320663750278667,0.5671967440104058
32,pareto auto mcdm,0.8994738733415646,0.6269458314102295
33,raw cri probability,0.8973565692564112,0.627758664093312
33,manual topsis equal,0.7829071550266713,0.5502223714021985
33,manual vikor equal,0.7536275850457426,0.535285726273391
33,manual waspas equal,0.7749866491600783,0.5408240328941847
33,baseline auto mcdm,0.8294615003105424,0.567928169841403
33,pareto auto mcdm,0.900205279041688,0.627758664093312
34,raw cri probability,0.8922362099414878,0.6221718507324855
34,manual topsis equal,0.7779050690420075,0.5478739033706922
34,manual vikor equal,0.7484380510709109,0.5310834067917558
34,manual waspas equal,0.7708784205872101,0.5377156529404357
34,baseline auto mcdm,0.8245606191380677,0.5639088276035764
34,pareto auto mcdm,0.8949594768375648,0.6223397556982748
35,raw cri probability,0.895237734346689,0.6276105007129079
35,manual topsis equal,0.7789717502680769,0.5513712991696721
35,manual vikor equal,0.7500461419459125,0.533590539293802
35,manual waspas equal,0.7713179952591781,0.5406357460370712
35,baseline auto mcdm,0.8267065326505596,0.5648746120942716
35,pareto auto mcdm,0.8978748531626375,0.626687914115575
36,raw cri probability,0.8968420476383641,0.6274592055035866
36,manual topsis equal,0.7865117386374649,0.5514493057594697
36,manual vikor equal,0.7561569870959938,0.535341247535551
36,manual waspas equal,0.7788782259301571,0.5402911195939427
36,baseline auto mcdm,0.83299967408733,0.5695708712613784
36,pareto auto mcdm,0.899640820305061,0.6277947900499181
37,raw cri probability,0.8989008381197081,0.6263672038072974
37,manual topsis equal,0.7903972711069044,0.5525590715538115
37,manual vikor equal,0.7621649669981246,0.5346079986641062
37,manual waspas equal,0.782035181252663,0.5403690406612675
37,baseline auto mcdm,0.8357024943479863,0.5702596643566836
37,pareto auto mcdm,0.9019959977021946,0.6265341905318528
38,raw cri probability,0.8967463731661472,0.6282418322667566
38,manual topsis equal,0.784454979102275,0.5543112158976087
38,manual vikor equal,0.7572649444724633,0.5370495116200741
38,manual waspas equal,0.7773706702267436,0.5437015830245874
38,baseline auto mcdm,0.8305274114279093,0.5712361064331425
38,pareto auto mcdm,0.8994294440141453,0.6292522734927585
39,raw cri probability,0.8939348048829552,0.6295669824086604
39,manual topsis equal,0.776677136309101,0.5511671177266577
39,manual vikor equal,0.7467322764476039,0.5335757780784846
39,manual waspas equal,0.7691657040511619,0.5364512855209743
39,baseline auto mcdm,0.82451865432267,0.5672361299052774
39,pareto auto mcdm,0.8965375753433688,0.6298207036535859
40,raw cri probability,0.8947170650608235,0.6217937971500419
40,manual topsis equal,0.7852944630978554,0.5546521374685667
40,manual vikor equal,0.7587011637608018,0.5371332774518022
40,manual waspas equal,0.7767660802001447,0.5389773679798827
40,baseline auto mcdm,0.8302073138494114,0.5693210393964795
40,pareto auto mcdm,0.897442408506151,0.6226320201173512
41,raw cri probability,0.890398134182216,0.6275040148761728
41,manual topsis equal,0.7719183816614285,0.5474600625475445
41,manual vikor equal,0.740941777002818,0.5281886569182657
41,manual waspas equal,0.7643584163601306,0.5339362691234891
41,baseline auto mcdm,0.8205513238376948,0.5615755219339024
41,pareto auto mcdm,0.8932466301901147,0.6272504437494717
42,raw cri probability,0.8940927528944664,0.6291206475002108
42,manual topsis equal,0.7754835193583487,0.5484360509231936
42,manual vikor equal,0.7471623085597074,0.5321642357305454
42,manual waspas equal,0.7680565822191678,0.5347778433521626
42,baseline auto mcdm,0.8235752160184204,0.5645392462692859
42,pareto auto mcdm,0.8968569556638885,0.6297108169631566
43,raw cri probability,0.8933520700567983,0.6262005054759898
43,manual topsis equal,0.7766709957298567,0.5491996630160068
43,manual vikor equal,0.7474934002594676,0.5301600673967987
43,manual waspas equal,0.7678780129001583,0.5358045492839091
43,baseline auto mcdm,0.8257474017287161,0.5666385846672284
43,pareto auto mcdm,0.8962316779743729,0.6262005054759898
44,raw cri probability,0.894897672018179,0.6246480944577503
44,manual topsis equal,0.7839839564290827,0.5511155930921467
44,manual vikor equal,0.7534922901520902,0.5358208328081012
44,manual waspas equal,0.7764371971298745,0.540442875751082
44,baseline auto mcdm,0.8305866515135673,0.5687633934198917
44,pareto auto mcdm,0.8977865744866149,0.6259926887684357
45,raw cri probability,0.8944837264620056,0.6287738235790183
45,manual topsis equal,0.7753448373623514,0.5487434643278799
45,manual vikor equal,0.7466193084173389,0.5316242199359082
45,manual waspas equal,0.7675784077893784,0.533563838758644
45,baseline auto mcdm,0.8241775137976413,0.5630797773654916
45,pareto auto mcdm,0.8970601644043698,0.6286051610726936
46,raw cri probability,0.8919898852821166,0.6301335136048674
46,manual topsis equal,0.7653021828952723,0.54588473888795
46,manual vikor equal,0.735515016978375,0.5288997802940679
46,manual waspas equal,0.7577558471940986,0.5335474057799561
46,baseline auto mcdm,0.8187120193946392,0.5621091769477775
46,pareto auto mcdm,0.8947426273943133,0.6300490113233057
47,raw cri probability,0.8970746597874729,0.6267308094540891
47,manual topsis equal,0.7833634013716004,0.549090148504497
47,manual vikor equal,0.7547225514090556,0.5324409119431082
47,manual waspas equal,0.775815321455551,0.5382974273164609
47,baseline auto mcdm,0.8302533191490458,0.5652373980338841
47,pareto auto mcdm,0.8996912689739507,0.6263961514327545
48,raw cri probability,0.8948899897641016,0.6246326924691461
48,manual topsis equal,0.7814632316414942,0.5499958021996474
48,manual vikor equal,0.7542955400404712,0.5356393249937033
48,manual waspas equal,0.7740963420291878,0.5398371253463186
48,baseline auto mcdm,0.8271251689401965,0.5627571152715977
48,pareto auto mcdm,0.8977069002871045,0.6248006044832508
49,raw cri probability,0.8927068583544638,0.6274476776013812
49,manual topsis equal,0.7671044649714119,0.5428054069987789
49,manual vikor equal,0.7360815298983953,0.5266349433612667
49,manual waspas equal,0.7598820362399035,0.5323619825662188
49,baseline auto mcdm,0.8187202704788423,0.5604918516023076
49,pareto auto mcdm,0.8953033376483659,0.6277845622604961
50,raw cri probability,0.8945008545674514,0.6282995832105418
50,manual topsis equal,0.7838009869357468,0.5535300804108955
50,manual vikor equal,0.7557608794508632,0.5398896981433924
50,manual waspas equal,0.7757500509470562,0.5441838925609397
50,baseline auto mcdm,0.8282285799274774,0.5700332589567634
50,pareto auto mcdm,0.8973311076585626,0.6288889824443229
51,raw cri probability,0.8947402516200467,0.6297435033483553
51,manual topsis equal,0.7769564873610609,0.5483721517921072
51,manual vikor equal,0.7474725869802151,0.5316935517836836
51,manual waspas equal,0.7692061157063361,0.5383481447163375
51,baseline auto mcdm,0.8244141508126174,0.5652192225076865
51,pareto auto mcdm,0.8974814871554969,0.6302489154698228
52,raw cri probability,0.8963120284479713,0.6224596252556024
52,manual topsis equal,0.783797585721957,0.5506823018820682
52,manual vikor equal,0.7561911421758718,0.5344906731210616
52,manual waspas equal,0.7762133098759965,0.5399157033760381
52,baseline auto mcdm,0.8309045239046265,0.5671243166548429
52,pareto auto mcdm,0.8991399531829589,0.6230438592830614
53,raw cri probability,0.8958688856379371,0.625623402204434
53,manual topsis equal,0.7807387060717103,0.5499350404425631
53,manual vikor equal,0.7522557632621705,0.5315787267926741
53,manual waspas equal,0.7723098286135859,0.5370269477389884
53,baseline auto mcdm,0.8272794834830149,0.5646871463895059
53,pareto auto mcdm,0.898929124767233,0.6259586773395919
54,raw cri probability,0.8962144772969265,0.6306679050916153
54,manual topsis equal,0.7797904867898006,0.5516338765515495
54,manual vikor equal,0.7505138843235701,0.5347462636156379
54,manual waspas equal,0.7713149546614313,0.5384615384615384
54,baseline auto mcdm,0.8284091148615639,0.5670860423879085
54,pareto auto mcdm,0.8989452379182571,0.6293168960567423
55,raw cri probability,0.8978980062484017,0.6274132082583023
55,manual topsis equal,0.7822747523795311,0.547510364755643
55,manual vikor equal,0.7517129691872253,0.5315968005360359
55,manual waspas equal,0.7747159284809094,0.5379622262238787
55,baseline auto mcdm,0.8302358647423115,0.5644289961891202
55,pareto auto mcdm,0.9007818370714546,0.6275807194606139
56,raw cri probability,0.8960191394782195,0.6286436394271272
56,manual topsis equal,0.7787767187627387,0.5485256950294861
56,manual vikor equal,0.7499719167582696,0.5350463352990733
56,manual waspas equal,0.7714256769252439,0.5404380791912384
56,baseline auto mcdm,0.827894135854186,0.5674810446503791
56,pareto auto mcdm,0.8986137968910587,0.6291491154170176
57,raw cri probability,0.8954214305865058,0.6285593756591437
57,manual topsis equal,0.7816656342648167,0.556338325247838
57,manual vikor equal,0.7534393407500733,0.5362581733811432
57,manual waspas equal,0.7740740996884216,0.5408141742248471
57,baseline auto mcdm,0.8280565005160526,0.5718624762708289
57,pareto auto mcdm,0.898202755949715,0.6275469310272094
58,raw cri probability,0.8942011061111947,0.627878686186501
58,manual topsis equal,0.7758083735344328,0.5480934602961532
58,manual vikor equal,0.7466879925610822,0.531398129116154
58,manual waspas equal,0.7679599489383647,0.5360124166282143
58,baseline auto mcdm,0.8247540413130088,0.5626913880615797
58,pareto auto mcdm,0.8968152421324259,0.6277108939133353
59,raw cri probability,0.8936160712010558,0.6254041570438799
59,manual topsis equal,0.776630475262228,0.5446147386101197
59,manual vikor equal,0.7470167633019144,0.5288263699349149
59,manual waspas equal,0.7688576852772188,0.5350409405836657
59,baseline auto mcdm,0.8255198594050045,0.5614948561830779
59,pareto auto mcdm,0.8964405730553631,0.6245643501994542
60,raw cri probability,0.894174361019104,0.6288224362223348
60,manual topsis equal,0.7763368503406893,0.5511910795742524
60,manual vikor equal,0.7485102708370466,0.5327758067241088
60,manual waspas equal,0.7685656911532328,0.5376752829869911
60,baseline auto mcdm,0.823600531709463,0.5659739820915696
60,pareto auto mcdm,0.8968979646704448,0.6287379624936644
61,raw cri probability,0.9003561453656646,0.6267632162739107
61,manual topsis equal,0.7918677595644239,0.5555230002929974
61,manual vikor equal,0.7649332754316863,0.5409568456741032
61,manual waspas equal,0.7847410938265992,0.5455610899501906
61,baseline auto mcdm,0.8383992133288654,0.5709262902348164
61,pareto auto mcdm,0.9030573179332164,0.6261772215478633
62,raw cri probability,0.8950856642140397,0.6257076955336549
62,manual topsis equal,0.7805462767292293,0.5518976724680227
62,manual vikor equal,0.7528923888195147,0.5330257915705598
62,manual waspas equal,0.7732088354737165,0.5378905430907948
62,baseline auto mcdm,0.8273740834590853,0.5659886768714615
62,pareto auto mcdm,0.8978022609541405,0.6241979450618578
63,raw cri probability,0.8963420948046479,0.62225
63,manual topsis equal,0.7805886734271137,0.5439166666666667
63,manual vikor equal,0.7528876350293231,0.5263333333333333
63,manual waspas equal,0.7726977037819148,0.5316666666666666
63,baseline auto mcdm,0.8266970430183467,0.5601666666666667
63,pareto auto mcdm,0.8991198268324939,0.6224999999999999
64,raw cri probability,0.8977983645884519,0.627470728943724
64,manual topsis equal,0.7774913401179757,0.5470645012379873
64,manual vikor equal,0.7487351695909281,0.5295228503084477
64,manual waspas equal,0.768894379292557,0.5364052205296067
64,baseline auto mcdm,0.8270289412681657,0.564606152167527
64,pareto auto mcdm,0.9005399038615005,0.6271350035670822
65,raw cri probability,0.8968217539635819,0.628237961291406
65,manual topsis equal,0.7856996786557572,0.5536756370964356
65,manual vikor equal,0.7564117248865456,0.537638020068013
65,manual waspas equal,0.7770058901005953,0.541836349133045
65,baseline auto mcdm,0.8310845137427282,0.5708887862630673
65,pareto auto mcdm,0.8996811282345792,0.627314328897099
66,raw cri probability,0.8937375342892359,0.6273388554850103
66,manual topsis equal,0.7755507653685335,0.5482067022663247
66,manual vikor equal,0.7471727216656329,0.5288651557835429
66,manual waspas equal,0.7672675115764327,0.5325652777193793
66,baseline auto mcdm,0.8230376995672596,0.56376403313291
66,pareto auto mcdm,0.8963310836661199,0.6260774502796115
67,raw cri probability,0.8945581250875543,0.6313163347287412
67,manual topsis equal,0.7788040870023889,0.551820372954459
67,manual vikor equal,0.7504336426684185,0.5358366104275022
67,manual waspas equal,0.7708411058685181,0.5391348471394138
67,baseline auto mcdm,0.8268222229768948,0.5668738635883124
67,pareto auto mcdm,0.8971948590890959,0.6300477821472367
68,raw cri probability,0.8940750395186805,0.6246379853095487
68,manual topsis equal,0.7817423091432291,0.5496747114375656
68,manual vikor equal,0.7531660334197958,0.533305351521511
68,manual waspas equal,0.7736089217747348,0.5370828961175236
68,baseline auto mcdm,0.8291984368190513,0.5670514165792234
68,pareto auto mcdm,0.8970325900688756,0.6246379853095487
69,raw cri probability,0.8914984418701479,0.6224038421030458
69,manual topsis equal,0.7811299793140329,0.5523023128449256
69,manual vikor equal,0.7533578927018711,0.5358722669250537
69,manual waspas equal,0.772976582000934,0.5421915153557737
69,baseline auto mcdm,0.8268957947839393,0.5701647217424274
69,pareto auto mcdm,0.8944278761581151,0.6231621519147322
70,raw cri probability,0.891263297478839,0.6219312602291326
70,manual topsis equal,0.7783895554834943,0.5510092744135298
70,manual vikor equal,0.749685265526816,0.5346426623022368
70,manual waspas equal,0.7708178387097411,0.5390070921985816
70,baseline auto mcdm,0.8253032193238067,0.5658651223299341
70,pareto auto mcdm,0.8942194172615181,0.6217633975408117
71,raw cri probability,0.8947469138463027,0.6305530945449943
71,manual topsis equal,0.7729727350829517,0.5482006497067882
71,manual vikor equal,0.742696490578376,0.5304813736657806
71,manual waspas equal,0.7654047818673393,0.5357971564780829
71,baseline auto mcdm,0.8224531914007349,0.5649073956883095
71,pareto auto mcdm,0.8971698622687542,0.6293718094755938
72,raw cri probability,0.8914934821316347,0.6286923402454507
72,manual topsis equal,0.7723431572702087,0.5494710114261533
72,manual vikor equal,0.7428786215225845,0.5324587388912398
72,manual waspas equal,0.764739443512186,0.5351671603893355
72,baseline auto mcdm,0.8207649131062331,0.56622936944562
72,pareto auto mcdm,0.8942467779207707,0.6280998730427423
73,raw cri probability,0.8953634161808215,0.6296656380775246
73,manual topsis equal,0.7765332133121403,0.552817347930845
73,manual vikor equal,0.7486230724238885,0.5367544490002959
73,manual waspas equal,0.7686373322982513,0.5412351523861859
73,baseline auto mcdm,0.82456131492985,0.5709092446210424
73,pareto auto mcdm,0.8980096455717327,0.6300038043707994
74,raw cri probability,0.8912880157742218,0.6267498735031203
74,manual topsis equal,0.7720274118672157,0.5446955641760836
74,manual vikor equal,0.7419617615133771,0.5283353010625738
74,manual waspas equal,0.7648735505197665,0.5330578512396693
74,baseline auto mcdm,0.8210733888873316,0.5618991398212178
74,pareto auto mcdm,0.8941826932087124,0.6254005734525215
75,raw cri probability,0.8953141967616315,0.6252983293556086
75,manual topsis equal,0.7809270769175336,0.5478373738642549
75,manual vikor equal,0.7527204560623216,0.5308378344429092
75,manual waspas equal,0.7733886353532787,0.5350249131181175
75,baseline auto mcdm,0.8265992236661106,0.563999497550559
75,pareto auto mcdm,0.898418478157041,0.6256332956496253
76,raw cri probability,0.897120329634983,0.6263142462195785
76,manual topsis equal,0.7825535964141218,0.5520881330373225
76,manual vikor equal,0.7542451476161245,0.5342437062790599
76,manual waspas equal,0.7739961321942236,0.5399405185774724
76,baseline auto mcdm,0.8294400122837772,0.5672517069492733
76,pareto auto mcdm,0.8997926568352108,0.6263980228710259
77,raw cri probability,0.8959354144075626,0.6287538325843169
77,manual topsis equal,0.7814060353153176,0.5523121508673191
77,manual vikor equal,0.7518879773255293,0.5352597757150658
77,manual waspas equal,0.7733434384090148,0.5403838884455457
77,baseline auto mcdm,0.8292710642687993,0.5682725019950438
77,pareto auto mcdm,0.8988703462928822,0.6281658196480323
78,raw cri probability,0.8952918603561176,0.6287526427061311
78,manual topsis equal,0.7813486927633626,0.5580549682875265
78,manual vikor equal,0.7536480431733564,0.5426638477801268
78,manual waspas equal,0.7736000965752413,0.548752642706131
78,baseline auto mcdm,0.8279567408960599,0.5714164904862579
78,pareto auto mcdm,0.8980676682746822,0.6279915433403805
79,raw cri probability,0.8921448703063325,0.6281655603940304
79,manual topsis equal,0.773497267690326,0.5510506066883694
79,manual vikor equal,0.7440144368646724,0.5327865387054497
79,manual waspas equal,0.76462772217622,0.5378598909229273
79,baseline auto mcdm,0.8235487648240899,0.5681308924872109
79,pareto auto mcdm,0.8952642202587053,0.6282501162643216
80,raw cri probability,0.8954397299611789,0.6267567227419558
80,manual topsis equal,0.7839357713614121,0.5534253471493896
80,manual vikor equal,0.7551517121066517,0.5369803247052901
80,manual waspas equal,0.7750250946233443,0.5426857406552839
80,baseline auto mcdm,0.8304573989999755,0.5692830473633427
80,pareto auto mcdm,0.8982404739795207,0.626840625917691
81,raw cri probability,0.8957227700299792,0.627464110827439
81,manual topsis equal,0.7769626193713578,0.5471895534256895
81,manual vikor equal,0.745008489288897,0.5267651613443268
81,manual waspas equal,0.7692581082555188,0.5336290963880634
81,baseline auto mcdm,0.8251616211664462,0.5627589670614824
81,pareto auto mcdm,0.8984335624455769,0.6253714477043486
82,raw cri probability,0.8940159912100729,0.6272898763361978
82,manual topsis equal,0.775826835063552,0.5459652064556697
82,manual vikor equal,0.7461617845685248,0.5281911548941522
82,manual waspas equal,0.7677207895856661,0.5343114651016558
82,baseline auto mcdm,0.8239830479106631,0.5628170194927689
82,pareto auto mcdm,0.8967371852385747,0.62812827499476
83,raw cri probability,0.8894681116085751,0.625585220802227
83,manual topsis equal,0.7684504499702004,0.5433379729216753
83,manual vikor equal,0.738359733066176,0.5281538656206505
83,manual waspas equal,0.7610880856325851,0.5327934539626301
83,baseline auto mcdm,0.8165606710976766,0.5602935594078198
83,pareto auto mcdm,0.8919931649678742,0.6257539331055717
84,raw cri probability,0.8961867159352279,0.6264372639530004
84,manual topsis equal,0.7747294906574526,0.5452790600083928
84,manual vikor equal,0.7439923199667852,0.527150650440621
84,manual waspas equal,0.7669945787278798,0.5318506084767101
84,baseline auto mcdm,0.8242177715245322,0.5618128409567772
84,pareto auto mcdm,0.8989705946682005,0.6264372639530004
85,raw cri probability,0.8926728306971404,0.6286898418337139
85,manual topsis equal,0.7775734765249758,0.5527361921678086
85,manual vikor equal,0.7482215464631993,0.5357354309396938
85,manual waspas equal,0.7704074417330316,0.5406411232343737
85,baseline auto mcdm,0.8256116768729402,0.5690603061828639
85,pareto auto mcdm,0.8953043832997699,0.6289435845386112
86,raw cri probability,0.8948578607054929,0.6259958071278827
86,manual topsis equal,0.7764305585562784,0.5471698113207547
86,manual vikor equal,0.7493470397483852,0.5321593291404613
86,manual waspas equal,0.7698030921138135,0.5355136268343815
86,baseline auto mcdm,0.8250957932021994,0.5645283018867925
86,pareto auto mcdm,0.8976592988174582,0.6247379454926625
87,raw cri probability,0.8940783163478265,0.6297110021970593
87,manual topsis equal,0.7725740193648233,0.5498563461213453
87,manual vikor equal,0.7437396431471736,0.5317728578671623
87,manual waspas equal,0.7649174852441383,0.5377725198580362
87,baseline auto mcdm,0.8233850202196431,0.5652357613655569
87,pareto auto mcdm,0.8967310149974601,0.6291194862261281
88,raw cri probability,0.8953122164447906,0.6264027234901021
88,manual topsis equal,0.7814148969220609,0.5505821039801623
88,manual vikor equal,0.7517188654436308,0.5336023200100869
88,manual waspas equal,0.7738168386819321,0.5379733535073341
88,baseline auto mcdm,0.8288542423984817,0.5675618879502374
88,pareto auto mcdm,0.897965005972398,0.6252259067793049
89,raw cri probability,0.8921963725244438,0.6239584641795419
89,manual topsis equal,0.779013864946012,0.5478373738642549
89,manual vikor equal,0.749755556540077,0.5324289243394883
89,manual waspas equal,0.7712227424868516,0.5373696771762342
89,baseline auto mcdm,0.8266611251918806,0.563999497550559
89,pareto auto mcdm,0.8950666011552598,0.6228698237239878
90,raw cri probability,0.8986836887223524,0.6254318418314256
90,manual topsis equal,0.7850490143683619,0.5479292403746099
90,manual vikor equal,0.7557526524371924,0.5301977107180021
90,manual waspas equal,0.7769302105424265,0.5383558792924037
90,baseline auto mcdm,0.8320037515323305,0.565993756503642
90,pareto auto mcdm,0.9015164398182662,0.6255150884495316
91,raw cri probability,0.8939024918085494,0.6286509040333796
91,manual topsis equal,0.7750890341578572,0.5482361866228347
91,manual vikor equal,0.7450481295496295,0.5328107219623215
91,manual waspas equal,0.7674605810969275,0.536941037636448
91,baseline auto mcdm,0.8248299527486238,0.5662747081384077
91,pareto auto mcdm,0.8967313616591857,0.6278922746238462
92,raw cri probability,0.8966510293684419,0.6241862794191287
92,manual topsis equal,0.7810469408580516,0.5476548155566683
92,manual vikor equal,0.7522492399845576,0.5332164914037724
92,manual waspas equal,0.7733764739109145,0.5375563345017527
92,baseline auto mcdm,0.8278873947690135,0.5635119345685194
92,pareto auto mcdm,0.8992035952705905,0.6243531964613587
93,raw cri probability,0.8967320114252318,0.627133570979241
93,manual topsis equal,0.782418940856099,0.5504717970224365
93,manual vikor equal,0.753050388557915,0.5353742923044663
93,manual waspas equal,0.774996245911588,0.5402390438247012
93,baseline auto mcdm,0.8294200660909461,0.5665758020549381
93,pareto auto mcdm,0.8997575433831301,0.6267980708743972
94,raw cri probability,0.8930278920201477,0.6257039589812559
94,manual topsis equal,0.7788839743142013,0.5523241153231907
94,manual vikor equal,0.7509587337391644,0.5342523325208036
94,manual waspas equal,0.7712605304629903,0.5396318399596538
94,baseline auto mcdm,0.8258483072537318,0.5673699251912246
94,pareto auto mcdm,0.8961332874988714,0.6253677397663276
95,raw cri probability,0.8953950215768319,0.6264030825933993
95,manual topsis equal,0.7821270685876996,0.5467414977383146
95,manual vikor equal,0.7529709823540286,0.5303233372424192
95,manual waspas equal,0.7757106323125871,0.5377785223655555
95,baseline auto mcdm,0.8294389730806728,0.5670966661082257
95,pareto auto mcdm,0.898275054324644,0.6252303568436924
96,raw cri probability,0.892382649247198,0.6253258219120491
96,manual topsis equal,0.7748580791201614,0.5477171445388044
96,manual vikor equal,0.7453996991129092,0.530564197427058
96,manual waspas equal,0.7673776631318463,0.5367022618346926
96,baseline auto mcdm,0.8244373161361171,0.5666358362061718
96,pareto auto mcdm,0.8952288554110497,0.6243168250231229
97,raw cri probability,0.8970411738671323,0.6293154136917262
97,manual topsis equal,0.786703824559554,0.5531289374212516
97,manual vikor equal,0.7570456935269816,0.5369172616547669
97,manual waspas equal,0.7789793945216315,0.5420411591768165
97,baseline auto mcdm,0.8334933149337632,0.5691726165476689
97,pareto auto mcdm,0.8998168461233284,0.6297354052918942
98,raw cri probability,0.896212288118904,0.6258691463516797
98,manual topsis equal,0.7770904594696944,0.5456982491413253
98,manual vikor equal,0.7475305104269326,0.5274357041132612
98,manual waspas equal,0.7693342744678685,0.534472648069029
98,baseline auto mcdm,0.8267526454849635,0.5626204238921002
98,pareto auto mcdm,0.8987431673467002,0.6258691463516797
99,raw cri probability,0.8901346550211133,0.6272114038437062
99,manual topsis equal,0.7725567590821468,0.5483008781977855
99,manual vikor equal,0.7442034930671334,0.5326036230961775
99,manual waspas equal,0.7653732940955652,0.5357430741164991
99,baseline auto mcdm,0.8212175427572265,0.5654405837681896
99,pareto auto mcdm,0.8929482567822996,0.6270417037885537
100,raw cri probability,0.8969169205759314,0.6296249632522783
100,manual topsis equal,0.7802304970037186,0.5479820251144428
100,manual vikor equal,0.7493099857066932,0.5297551551803789
100,manual waspas equal,0.7721885287358423,0.5349628323043971
100,baseline auto mcdm,0.8277888913318767,0.563437066901852
100,pareto auto mcdm,0.8995867190551503,0.6292889840829868
101,raw cri probability,0.8954226142675309,0.6278816329952217
101,manual topsis equal,0.7757877812726908,0.5443037974683544
101,manual vikor equal,0.746453910525395,0.5266158102104117
101,manual waspas equal,0.7683783392412304,0.5346634252661581
101,baseline auto mcdm,0.8261575867789865,0.5619917847262973
101,pareto auto mcdm,0.8983518956708771,0.6270433397602481
102,raw cri probability,0.8967637803548847,0.6283698664651046
102,manual topsis equal,0.7865278880855977,0.5517762660619803
102,manual vikor equal,0.7555186162456802,0.5353153607121861
102,manual waspas equal,0.7786897062495417,0.5411102712690014
102,baseline auto mcdm,0.8335144583293017,0.5689090450995212
102,pareto auto mcdm,0.8997969205913245,0.6290417401528512
103,raw cri probability,0.8961645314732478,0.6225326196052192
103,manual topsis equal,0.7844752254818377,0.5507694881231181
103,manual vikor equal,0.7553212152834765,0.5326196052191368
103,manual waspas equal,0.7756461096735005,0.5371361659417866
103,baseline auto mcdm,0.8322061390282696,0.5659919705587153
103,pareto auto mcdm,0.8991006375597047,0.62395449983272
104,raw cri probability,0.8930393128252563,0.6278903255696416
104,manual topsis equal,0.7757078367600184,0.5492145053278862
104,manual vikor equal,0.7478537795065575,0.53304131744093
104,manual waspas equal,0.7682093116176616,0.5364107315840458
104,baseline auto mcdm,0.8228919826957212,0.5646295750326411
104,pareto auto mcdm,0.8957147515073235,0.6268795013267068
105,raw cri probability,0.8944257795738819,0.627856182795699
105,manual topsis equal,0.7762265053934743,0.5445228494623656
105,manual vikor equal,0.7462796138293952,0.528393817204301
105,manual waspas equal,0.7689464170487715,0.5336021505376344
105,baseline auto mcdm,0.8246080347688309,0.5620799731182795
105,pareto auto mcdm,0.8971501485606727,0.627856182795699
106,raw cri probability,0.8979997566040168,0.6246662216288384
106,manual topsis equal,0.7847685037322203,0.5496495327102804
106,manual vikor equal,0.7563852345423384,0.5333778371161548
106,manual waspas equal,0.7767714555770866,0.539886515353805
106,baseline auto mcdm,0.8305592561938169,0.5658377837116155
106,pareto auto mcdm,0.9007337055079216,0.6239986648865153
107,raw cri probability,0.9000454762733209,0.6280334728033473
107,manual topsis equal,0.7866747739995525,0.5517154811715481
107,manual vikor equal,0.7589274115338409,0.5381589958158997
107,manual waspas equal,0.7785493171004061,0.5427615062761506
107,baseline auto mcdm,0.8345235062931882,0.5673640167364017
107,pareto auto mcdm,0.9029336701835391,0.6283682008368201
108,raw cri probability,0.8962723323017068,0.6239993328885924
108,manual topsis equal,0.7812531809698778,0.5486991327551701
108,manual vikor equal,0.7531903294335408,0.5310206804536358
108,manual waspas equal,0.7738069832292582,0.5357738492328219
108,baseline auto mcdm,0.8280070554504257,0.5631254169446297
108,pareto auto mcdm,0.8990142643625616,0.6237491661107405
109,raw cri probability,0.8971709635287739,0.6244750301467836
109,manual topsis equal,0.7813103014804647,0.545552829639486
109,manual vikor equal,0.7531282752065389,0.5277558318433199
109,manual waspas equal,0.7731306247922954,0.5331614620150527
109,baseline auto mcdm,0.8283339819309713,0.5596906316270948
109,pareto auto mcdm,0.8999844555738685,0.6248908478523015
110,raw cri probability,0.8954739804568401,0.6253256028905134
110,manual topsis equal,0.7768048348716678,0.5474329888244686
110,manual vikor equal,0.7493162876400482,0.5296193597176708
110,manual waspas equal,0.7690742839764992,0.536005377699353
110,baseline auto mcdm,0.8260427094561696,0.5654146710360474
110,pareto auto mcdm,0.8981628309427551,0.6256617091000757
111,raw cri probability,0.8933472405693059,0.6276676507802614
111,manual topsis equal,0.7740821208792034,0.5494727962884858
111,manual vikor equal,0.7437166795415118,0.534964150147617
111,manual waspas equal,0.7667678581689695,0.5385069590889919
111,baseline auto mcdm,0.8230592107111646,0.5676086039645719
111,pareto auto mcdm,0.8963667084115663,0.6269928300295234
112,raw cri probability,0.8919032322173209,0.6266318537859007
112,manual topsis equal,0.7729935958662408,0.5442600859092057
112,manual vikor equal,0.7428869497306202,0.5264044470647687
112,manual waspas equal,0.765229821627275,0.5321317274488335
112,baseline auto mcdm,0.8220879752381236,0.5621157247536427
112,pareto auto mcdm,0.8947101366184014,0.6263791796513097
113,raw cri probability,0.8913140558792081,0.6226415094339623
113,manual topsis equal,0.7752210815088783,0.5475890985324947
113,manual vikor equal,0.7452155906957455,0.5314884696016771
113,manual waspas equal,0.7679899675780402,0.5351781970649895
113,baseline auto mcdm,0.8232770181434513,0.5641090146750525
113,pareto auto mcdm,0.89404375573814,0.6216352201257862
114,raw cri probability,0.8947337253747163,0.6266694578187146
114,manual topsis equal,0.7784128779044885,0.5444421184844045
114,manual vikor equal,0.7496603062934669,0.5294536319866024
114,manual waspas equal,0.7717301544301429,0.533556625497174
114,baseline auto mcdm,0.8253566633488585,0.5622775800711743
114,pareto auto mcdm,0.8974700700917616,0.6265857232572745
115,raw cri probability,0.8982179362438495,0.627681457537467
115,manual topsis equal,0.7828224031483985,0.5537131102808446
115,manual vikor equal,0.7539810636651597,0.5349901347550481
115,manual waspas equal,0.7739837390521178,0.5390201922673271
115,baseline auto mcdm,0.8308694697590482,0.5705050165820075
115,pareto auto mcdm,0.9010518276911782,0.6279333361319844
116,raw cri probability,0.8972684291708276,0.6265292441763031
116,manual topsis equal,0.7767647114709091,0.5448298977710743
116,manual vikor equal,0.7470098338005244,0.5263113792525557
116,manual waspas equal,0.768307181757869,0.5313390313390313
116,baseline auto mcdm,0.82548724499674,0.5637673872967991
116,pareto auto mcdm,0.9000043873813631,0.6267806267806268
117,raw cri probability,0.8950333199365246,0.6258326699903641
117,manual topsis equal,0.7783719956726407,0.5472370019690812
117,manual vikor equal,0.750428847966106,0.5300599103439607
117,manual waspas equal,0.7710659999209601,0.536595584230592
117,baseline auto mcdm,0.8271979437064788,0.562822070467971
117,pareto auto mcdm,0.8978786990581751,0.6251623444635301
118,raw cri probability,0.8936115141336133,0.6304191818987716
118,manual topsis equal,0.7756147745058325,0.5502976064840222
118,manual vikor equal,0.7470842318107219,0.5332432774705559
118,manual waspas equal,0.7687798121028112,0.5387310566085525
118,baseline auto mcdm,0.8238022623845236,0.566676516526658
118,pareto auto mcdm,0.8965093527765957,0.6304191818987716
119,raw cri probability,0.8942976707237659,0.6272631800042008
119,manual topsis equal,0.7729900192028799,0.5421550094517958
119,manual vikor equal,0.7445452602676343,0.5261079605124973
119,manual waspas equal,0.765409282075382,0.5308968704053769
119,baseline auto mcdm,0.8228303272670763,0.5607225372820837
119,pareto auto mcdm,0.8967319875228528,0.6275992438563327
120,raw cri probability,0.896559281003883,0.6284755713986161
120,manual topsis equal,0.7825860281874781,0.5507234221010694
120,manual vikor equal,0.7543792777765959,0.5347871671209897
120,manual waspas equal,0.7743408807415573,0.5399035437198575
120,baseline auto mcdm,0.8288034259135111,0.5664919270287272
120,pareto auto mcdm,0.8993062350710364,0.6272174460054519
121,raw cri probability,0.8956652980871762,0.6255388607541958
121,manual topsis equal,0.7777729573725631,0.5476080860503075
121,manual vikor equal,0.7497734448723016,0.5287741179424936
121,manual waspas equal,0.7690808596398868,0.5333779768132925
121,baseline auto mcdm,0.8260848956514282,0.5639308584104131
121,pareto auto mcdm,0.8983243749585056,0.6253714477043486
122,raw cri probability,0.8934877820347564,0.6290661511305371
122,manual topsis equal,0.7752319033042321,0.5464402790619484
122,manual vikor equal,0.7448592287718092,0.5297133731192738
122,manual waspas equal,0.7680895453256112,0.5352609901655879
122,baseline auto mcdm,0.8234900555621218,0.5644280070606035
122,pareto auto mcdm,0.8962782457681465,0.6273850550558965
123,raw cri probability,0.8952899636215224,0.6270887564027207
123,manual topsis equal,0.7793957634777225,0.547149214879503
123,manual vikor equal,0.749079497899333,0.5292635821647492
123,manual waspas equal,0.7717781729578287,0.5367369216558905
123,baseline auto mcdm,0.8273133020316458,0.5646149970610461
123,pareto auto mcdm,0.8979330227113632,0.6254933243765219
124,raw cri probability,0.8948198473199689,0.6258474930945007
124,manual topsis equal,0.7828251046447655,0.549175525236461
124,manual vikor equal,0.7536090709265508,0.5321001088139281
124,manual waspas equal,0.7752403958542642,0.537875617309785
124,baseline auto mcdm,0.8291891395261399,0.5667531597890684
124,pareto auto mcdm,0.8977092142285498,0.6249267598560307
125,raw cri probability,0.8995004035303208,0.6271037794946753
125,manual topsis equal,0.7857153546532428,0.550929212779286
125,manual vikor equal,0.7549719914374934,0.5342242639381917
125,manual waspas equal,0.7771270367467754,0.5393192733347254
125,baseline auto mcdm,0.8327905659059118,0.5669659636667362
125,pareto auto mcdm,0.9024810026972798,0.6273543537272918
126,raw cri probability,0.8956097764530527,0.6242358261452139
126,manual topsis equal,0.7825687604432117,0.5485302738464115
126,manual vikor equal,0.7561313857927376,0.5337073946905619
126,manual waspas equal,0.7755120947508253,0.5395695502889206
126,baseline auto mcdm,0.8275541497264777,0.5650280546017921
126,pareto auto mcdm,0.898296449000395,0.6243195712251906
127,raw cri probability,0.890432862927888,0.627981728979868
127,manual topsis equal,0.7661037109995406,0.5406868550160718
127,manual vikor equal,0.7357850341247182,0.5243613601759431
127,manual waspas equal,0.7585501004851939,0.5299441718829301
127,baseline auto mcdm,0.8161524636573246,0.5609879884960245
127,pareto auto mcdm,0.8929959628420869,0.6261207917442058
128,raw cri probability,0.8968961317643133,0.6262263599549117
128,manual topsis equal,0.7867791204574881,0.5527491337202021
128,manual vikor equal,0.7575103331683541,0.5357992735774224
128,manual waspas equal,0.7788967989304527,0.5423120277209535
128,baseline auto mcdm,0.833060730272277,0.5684465411430719
128,pareto auto mcdm,0.8996685253314785,0.6255583851709597
129,raw cri probability,0.8949125419563639,0.631837010736326
129,manual topsis equal,0.7762727460846214,0.5500887648998225
129,manual vikor equal,0.7463757788721294,0.5314058669371883
129,manual waspas equal,0.7691214470696685,0.5370699129258601
129,baseline auto mcdm,0.825167825079274,0.5675035928649929
129,pareto auto mcdm,0.8977483732499169,0.6320060867359878
130,raw cri probability,0.895472684835456,0.6291729575574568
130,manual topsis equal,0.7793447884788929,0.5486495554437175
130,manual vikor equal,0.7504515938521903,0.5325448750209697
130,manual waspas equal,0.7720939493530524,0.5386680087233686
130,baseline auto mcdm,0.8264372845448953,0.5655930213051501
130,pareto auto mcdm,0.898576188594181,0.6285019292065089
131,raw cri probability,0.8946433240854469,0.6254194630872483
131,manual topsis equal,0.7792665118713997,0.5484899328859061
131,manual vikor equal,0.751455191159676,0.5317953020134228
131,manual waspas equal,0.771390751148161,0.5365771812080536
131,baseline auto mcdm,0.8252766473034757,0.5635067114093959
131,pareto auto mcdm,0.8974861147363271,0.6248322147651008
132,raw cri probability,0.8975481970834849,0.6262364873325265
132,manual topsis equal,0.7840269194153722,0.5449309236612546
132,manual vikor equal,0.755896822751977,0.5297383029341792
132,manual waspas equal,0.7769247132892485,0.5347468592178305
132,baseline auto mcdm,0.8317852274804016,0.5642973412913728
132,pareto auto mcdm,0.9002799904817738,0.6260695354564046
133,raw cri probability,0.8939118990487273,0.6279255430900458
133,manual topsis equal,0.7747957371404809,0.545485104416152
133,manual vikor equal,0.7464219605487905,0.529854195554435
133,manual waspas equal,0.7678330867805819,0.5352325727971763
133,baseline auto mcdm,0.8230650292697295,0.5594352703895121
133,pareto auto mcdm,0.8966028866081343,0.6269170973570318
134,raw cri probability,0.8919849998704255,0.6256254993482192
134,manual topsis equal,0.7742996840136307,0.5446364744964467
134,manual vikor equal,0.7444075559486215,0.5283209284723099
134,manual waspas equal,0.7667899661182158,0.5342920819141331
134,baseline auto mcdm,0.8218015846772951,0.5608679197678819
134,pareto auto mcdm,0.8948258107031427,0.6266347083806401
135,raw cri probability,0.8941948531597556,0.6275254122906913
135,manual topsis equal,0.7728596805459035,0.5468809312919145
135,manual vikor equal,0.7429536167430345,0.531106330929183
135,manual waspas equal,0.7662793831112803,0.5357459192711628
135,baseline auto mcdm,0.8215158230219399,0.5636678054747143
135,pareto auto mcdm,0.8970561146135858,0.627694124594036
136,raw cri probability,0.8952337303144884,0.6282537275713924
136,manual topsis equal,0.7817975705037932,0.553281105214388
136,manual vikor equal,0.7528891045785755,0.5333164855530284
136,manual waspas equal,0.7737346494718377,0.5398871198719569
136,baseline auto mcdm,0.8299536842536533,0.5708027967315307
136,pareto auto mcdm,0.8984406428062767,0.6281694886698677
137,raw cri probability,0.8964891375084428,0.6291945602290431
137,manual topsis equal,0.77945030689053,0.5518925518925519
137,manual vikor equal,0.7502912130112077,0.5335354300871542
137,manual waspas equal,0.7703734892432299,0.5378299861058481
137,baseline auto mcdm,0.8274581714945488,0.5687339480442929
137,pareto auto mcdm,0.8995782946298376,0.6296998021135952
138,raw cri probability,0.8985962503050559,0.6238860664612309
138,manual topsis equal,0.7855986457856108,0.5475972349462813
138,manual vikor equal,0.7559722316004601,0.5313567085866578
138,manual waspas equal,0.7779816271387676,0.5373532106271341
138,baseline auto mcdm,0.8314058899637109,0.5650037478137753
138,pareto auto mcdm,0.9012956790115083,0.6231365037061714
139,raw cri probability,0.8956285822049469,0.6268456375838927
139,manual topsis equal,0.7779936606464368,0.5450503355704698
139,manual vikor equal,0.7487997934811865,0.5270973154362416
139,manual waspas equal,0.7701640603325444,0.5334731543624162
139,baseline auto mcdm,0.8259258300309223,0.5625838926174497
139,pareto auto mcdm,0.8985869466774963,0.6273489932885906
140,raw cri probability,0.892346902233862,0.6266195524146054
140,manual topsis equal,0.7788075595067809,0.5502271580010096
140,manual vikor equal,0.7510736439913035,0.5342419653373717
140,manual waspas equal,0.7709889935078443,0.5378596668349318
140,baseline auto mcdm,0.8262945326841632,0.56663301362948
140,pareto auto mcdm,0.8952116634214555,0.626535419821639
141,raw cri probability,0.8939493731252968,0.627707086879582
141,manual topsis equal,0.778161532622453,0.5527091935619786
141,manual vikor equal,0.7496961214651103,0.5356871997977585
141,manual waspas equal,0.7710979421644357,0.5415016432122693
141,baseline auto mcdm,0.8267354246341151,0.5698154546220612
141,pareto auto mcdm,0.8967601663644186,0.6270329485126823
142,raw cri probability,0.8958540369471185,0.626249111510641
142,manual topsis equal,0.7837856297805511,0.5512397039762512
142,manual vikor equal,0.7559924362431089,0.5358531588409918
142,manual waspas equal,0.775911555486672,0.5384454572061714
142,baseline auto mcdm,0.8289997645836222,0.5662081364719656
142,pareto auto mcdm,0.8986252896839342,0.6267508466780951
143,raw cri probability,0.8927880192457249,0.6243195712251906
143,manual topsis equal,0.7748119007763842,0.5461016665270915
143,manual vikor equal,0.7469258396363448,0.5293526505317813
143,manual waspas equal,0.7674290360539125,0.5337073946905619
143,baseline auto mcdm,0.8225991779521121,0.5617619964827066
143,pareto auto mcdm,0.8956188846456821,0.6237333556653546
144,raw cri probability,0.8917148664824714,0.6240598344468256
144,manual topsis equal,0.7779344781002092,0.5508634816588933
144,manual vikor equal,0.7498540291988629,0.531871087020463
144,manual waspas equal,0.7708257723713686,0.5366612042522795
144,baseline auto mcdm,0.8256085618942215,0.5652338333543426
144,pareto auto mcdm,0.8947553196138336,0.6238077230135719
145,raw cri probability,0.8946448789227549,0.6273817034700316
145,manual topsis equal,0.7813811475721325,0.5488958990536278
145,manual vikor equal,0.7523820049661362,0.5356046267087277
145,manual waspas equal,0.7745070208846911,0.5410725552050473
145,baseline auto mcdm,0.8281630182243918,0.5658885383806519
145,pareto auto mcdm,0.8973576183787655,0.6271293375394321
146,raw cri probability,0.8953494382534934,0.6279811891165603
146,manual topsis equal,0.7847657043666452,0.5514779979845481
146,manual vikor equal,0.7582151117459506,0.5351864292912328
146,manual waspas equal,0.7772196089160696,0.5398891501511589
146,baseline auto mcdm,0.8306006163873624,0.5680214981525026
146,pareto auto mcdm,0.8981982703942483,0.6273093718508566
147,raw cri probability,0.8966118778373524,0.6252464655787221
147,manual topsis equal,0.780378352572094,0.550656542350128
147,manual vikor equal,0.7519648856488568,0.5337920040273524
147,manual waspas equal,0.7734501589689692,0.5375676469354365
147,baseline auto mcdm,0.8280453533473133,0.5674371774971683
147,pareto auto mcdm,0.8993879371509181,0.6261694005118095
148,raw cri probability,0.8972251449294428,0.6271129425616012
148,manual topsis equal,0.7828913645752279,0.55428475317467
148,manual vikor equal,0.7552571954104536,0.5372971154654781
148,manual waspas equal,0.7749268217816163,0.5395677403077959
148,baseline auto mcdm,0.8303108399907294,0.5681607938777227
148,pareto auto mcdm,0.8999810434138649,0.6282903035909511
149,raw cri probability,0.8936235073313699,0.630791974656811
149,manual topsis equal,0.7770608916441849,0.5503695881731784
149,manual vikor equal,0.7472506649401676,0.5323759239704329
149,manual waspas equal,0.7692037283997415,0.5366842661034846
149,baseline auto mcdm,0.8242775936158429,0.5668426610348468
149,pareto auto mcdm,0.8965745211701609,0.6305385427666315
150,raw cri probability,0.896457265874275,0.6294211543308409
150,manual topsis equal,0.7785886961510406,0.5480971183735193
150,manual vikor equal,0.7514333670826056,0.5320507435100394
150,manual waspas equal,0.7715382524398468,0.5360833403343696
150,baseline auto mcdm,0.8268381412109732,0.5631353440309166
150,pareto auto mcdm,0.8992407479908504,0.6288330672939595
151,raw cri probability,0.8961916763332658,0.6290261462675256
151,manual topsis equal,0.7834217928228513,0.554166140373037
151,manual vikor equal,0.7541965917293497,0.536145846490674
151,manual waspas equal,0.7752136459877711,0.541029851374679
151,baseline auto mcdm,0.8305186349953446,0.5702496736979495
151,pareto auto mcdm,0.8989448995313032,0.6284366974022146
152,raw cri probability,0.8940689488668994,0.6227369653384622
152,manual topsis equal,0.7802539192089424,0.5477275578040723
152,manual vikor equal,0.752655961576214,0.5325082577246311
152,manual waspas equal,0.7725697859733265,0.5386127022619894
152,baseline auto mcdm,0.8268124022897014,0.563532215578877
152,pareto auto mcdm,0.8966954546516485,0.6227369653384622
153,raw cri probability,0.8959642689565661,0.6283115023375311
153,manual topsis equal,0.7751625831500055,0.5491302699743082
153,manual vikor equal,0.7470541292923036,0.5322831992587289
153,manual waspas equal,0.7670908422446698,0.5388535568378049
153,baseline auto mcdm,0.8254790481266653,0.5663142821041991
153,pareto auto mcdm,0.8987247974704347,0.6285642083982648
154,raw cri probability,0.8966532238678967,0.6246866120675245
154,manual topsis equal,0.7814572833420962,0.5470499749289655
154,manual vikor equal,0.752072575649116,0.531589503593515
154,manual waspas equal,0.7738298330900935,0.5366037105131205
154,baseline auto mcdm,0.8303501380199448,0.5639311382249708
154,pareto auto mcdm,0.8994658462737621,0.6245194718368712
155,raw cri probability,0.8938506889442026,0.6219895287958115
155,manual topsis equal,0.7869946951780167,0.554219895287958
155,manual vikor equal,0.7592824293649815,0.5389738219895288
155,manual waspas equal,0.7796635855394894,0.5434973821989528
155,baseline auto mcdm,0.8321425633671744,0.5688795811518325
155,pareto auto mcdm,0.8967735804969517,0.6224921465968587
156,raw cri probability,0.8951417113862743,0.628511354079058
156,manual topsis equal,0.7786704928893516,0.5488645920941968
156,manual vikor equal,0.7485852225145353,0.5306980656013456
156,manual waspas equal,0.7703114822116572,0.5368376787216148
156,baseline auto mcdm,0.826746584934451,0.5678721614802354
156,pareto auto mcdm,0.8981395677912395,0.6291841883936081
157,raw cri probability,0.8936612681115724,0.6277759084791387
157,manual topsis equal,0.7805220183990311,0.5513122476446837
157,manual vikor equal,0.7527828309281477,0.5334791386271871
157,manual waspas equal,0.7731671196350481,0.5379374158815612
157,baseline auto mcdm,0.8272576415568357,0.5651917900403769
157,pareto auto mcdm,0.8964360815048297,0.6265982503364737
158,raw cri probability,0.896803358577206,0.6276252357996226
158,manual topsis equal,0.7807622898238538,0.5499895200167679
158,manual vikor equal,0.7523596711533901,0.5325508279186754
158,manual waspas equal,0.7728709300191087,0.537162020540767
158,baseline auto mcdm,0.8275864948471001,0.5677635715782855
158,pareto auto mcdm,0.8996777294792778,0.62812827499476
159,raw cri probability,0.895068418928577,0.6249422826680099
159,manual topsis equal,0.7828566127187881,0.550560382823322
159,manual vikor equal,0.7529641341007165,0.5345254585904378
159,manual waspas equal,0.775520678087086,0.5401502749443814
159,baseline auto mcdm,0.8299443231157152,0.5699534063719934
159,pareto auto mcdm,0.8979671106521484,0.6245225202535365
160,raw cri probability,0.8945810968717334,0.6261285852265569
160,manual topsis equal,0.7845481504310157,0.5519674127577373
160,manual vikor equal,0.7575751902850076,0.536093730315374
160,manual waspas equal,0.7771976842480787,0.5403771049426783
160,baseline auto mcdm,0.8302797022009674,0.5674211565111493
160,pareto auto mcdm,0.8974009538489824,0.6257086465376055
161,raw cri probability,0.897799834793324,0.6279917843819424
161,manual topsis equal,0.7807842157103325,0.5486020874376493
161,manual vikor equal,0.7506854614161355,0.5327576811837196
161,manual waspas equal,0.7731991689480905,0.5383744812843191
161,baseline auto mcdm,0.8278317701403746,0.5647818250408685
161,pareto auto mcdm,0.9003292155525958,0.6273211216833634
162,raw cri probability,0.895956926070469,0.630685875089252
162,manual topsis equal,0.777687324103004,0.5502961065143434
162,manual vikor equal,0.7476269840857824,0.5368558108278382
162,manual waspas equal,0.770383604498584,0.5400478810533831
162,baseline auto mcdm,0.8260649107132391,0.5640724095930111
162,pareto auto mcdm,0.8986492410463768,0.629929858456886
163,raw cri probability,0.8954780678608467,0.6309233229526134
163,manual topsis equal,0.7777650104351838,0.549785371601717
163,manual vikor equal,0.750546532843914,0.5339617877283057
163,manual waspas equal,0.7698179272413955,0.5396010436831916
163,baseline auto mcdm,0.8260491950643377,0.5666189714670482
163,pareto auto mcdm,0.8982208013632836,0.6301658109586734
164,raw cri probability,0.893743334599332,0.6223168796458699
164,manual topsis equal,0.7781162435947133,0.5450597176981541
164,manual vikor equal,0.7510793747467678,0.5296918065647708
164,manual waspas equal,0.7714491063467285,0.535872379520588
164,baseline auto mcdm,0.826340448911253,0.5635179153094462
164,pareto auto mcdm,0.8964685621900489,0.622818007182828
165,raw cri probability,0.8940495055777203,0.6293008707413983
165,manual topsis equal,0.7834236339911107,0.5548228928903541
165,manual vikor equal,0.7524027060975588,0.5365626849268746
165,manual waspas equal,0.77572795576002,0.5419731169160538
165,baseline auto mcdm,0.8293676399501889,0.5699551948600896
165,pareto auto mcdm,0.8968441575687075,0.6286245667427509
166,raw cri probability,0.8959571420112458,0.6258754455860768
166,manual topsis equal,0.7816458673077132,0.5518137974418117
166,manual vikor equal,0.7527422762287803,0.5362130425665759
166,manual waspas equal,0.7738936149667874,0.5399035437198575
166,baseline auto mcdm,0.8286449003596141,0.5664919270287272
166,pareto auto mcdm,0.8985713571815195,0.6251205703501782
167,raw cri probability,0.8938452866572049,0.6283473200354236
167,manual topsis equal,0.7771599798372271,0.5510901193438199
167,manual vikor equal,0.7479866497698316,0.5354868637456247
167,manual waspas equal,0.7700211275989156,0.5406317209969216
167,baseline auto mcdm,0.8247280352829893,0.5669464007084721
167,pareto auto mcdm,0.8965318437295637,0.6286003458018808
168,raw cri probability,0.8935100499539153,0.624590851867394
168,manual topsis equal,0.7783804272957374,0.5516575744859421
168,manual vikor equal,0.7497244061208259,0.5332773814519512
168,manual waspas equal,0.7699672123029027,0.5382291229542593
168,baseline auto mcdm,0.8266426107956681,0.5672681493915233
168,pareto auto mcdm,0.8963171742131669,0.624674779689467
169,raw cri probability,0.8950331667512654,0.6226053639846743
169,manual topsis equal,0.7841213826207344,0.5459770114942528
169,manual vikor equal,0.7563748623928725,0.5310677994336165
169,manual waspas equal,0.7767741485069573,0.5365650508079295
169,baseline auto mcdm,0.8294159035981911,0.5632183908045978
169,pareto auto mcdm,0.8979258175684782,0.6222721972347159
170,raw cri probability,0.8946094576117091,0.6267664872139974
170,manual topsis equal,0.7799021830935079,0.5513963660834454
170,manual vikor equal,0.7492704043164202,0.5343203230148048
170,manual waspas equal,0.7715627888033632,0.5381056527590848
170,baseline auto mcdm,0.8274557533900102,0.5663694481830417
170,pareto auto mcdm,0.897596676034336,0.6279441453566622
171,raw cri probability,0.8947031674094716,0.6256720430107526
171,manual topsis equal,0.7777816972502791,0.5451108870967741
171,manual vikor equal,0.7498530532290175,0.5304099462365591
171,manual waspas equal,0.7706792325703185,0.537130376344086
171,baseline auto mcdm,0.8264826871653296,0.5625840053763441
171,pareto auto mcdm,0.8974080912379492,0.6250840053763441
172,raw cri probability,0.896054118055075,0.6241633199464524
172,manual topsis equal,0.7884796280492529,0.5563085676037482
172,manual vikor equal,0.760781683589152,0.5384036144578312
172,manual waspas equal,0.7798717899392353,0.5434236947791165
172,baseline auto mcdm,0.8336655638857726,0.5722054886211513
172,pareto auto mcdm,0.8989748508522065,0.6234939759036144
173,raw cri probability,0.8996073721198597,0.6321718296834937
173,manual topsis equal,0.7838415083336064,0.5523096969442227
173,manual vikor equal,0.7534947794783537,0.5355806817704174
173,manual waspas equal,0.7759754657444943,0.5403724097347736
173,baseline auto mcdm,0.8319661820715516,0.5691227775209112
173,pareto auto mcdm,0.9023027926439929,0.6311630448488924
174,raw cri probability,0.8912982727923221,0.6255018807320063
174,manual topsis equal,0.7796726951569404,0.5548370736655256
174,manual vikor equal,0.7498050333059678,0.5378470901483453
174,manual waspas equal,0.7721950904387995,0.5419889269261654
174,baseline auto mcdm,0.826485907764186,0.5720806390262457
174,pareto auto mcdm,0.8943416037902174,0.6249101897637462
175,raw cri probability,0.889887839906361,0.6252947120242507
175,manual topsis equal,0.7744108726918872,0.548501178848097
175,manual vikor equal,0.7442466878585529,0.5324183226675648
175,manual waspas equal,0.7687586379067507,0.5376389356685752
175,baseline auto mcdm,0.8234068671154275,0.5659312899966319
175,pareto auto mcdm,0.8928255430335391,0.625968339508252
176,raw cri probability,0.8944842654276164,0.6260884125920965
176,manual topsis equal,0.7753863153126893,0.5411922304085733
176,manual vikor equal,0.7474580126978979,0.5271265907568653
176,manual waspas equal,0.7677153574200447,0.531563965170797
176,baseline auto mcdm,0.8236320263257136,0.5593603482920294
176,pareto auto mcdm,0.8972393336719127,0.625
177,raw cri probability,0.8952325726005984,0.6276757121186585
177,manual topsis equal,0.7805558627643072,0.5564638462834991
177,manual vikor equal,0.7517552578902843,0.5394404180010113
177,manual waspas equal,0.7724367219565769,0.5445811562447329
177,baseline auto mcdm,0.8277003595389736,0.568009438732513
177,pareto auto mcdm,0.8978918026868327,0.6273386145289062
178,raw cri probability,0.8958163166710127,0.6245141878055915
178,manual topsis equal,0.7776646851343982,0.5400977892933261
178,manual vikor equal,0.7500533118199177,0.5249697020351874
178,manual waspas equal,0.7701817197538057,0.5315725688495131
178,baseline auto mcdm,0.826758987229096,0.5609929374399265
178,pareto auto mcdm,0.8987861047818778,0.6246813489907643
179,raw cri probability,0.8961462021056097,0.626067302862883
179,manual topsis equal,0.7783392976209815,0.5443663150845472
179,manual vikor equal,0.7488737368939051,0.529214799933032
179,manual waspas equal,0.771050484014387,0.5346559517830236
179,baseline auto mcdm,0.8268026008983755,0.5617780010045205
179,pareto auto mcdm,0.8987911009488175,0.6251464925498075
180,raw cri probability,0.8967265426549378,0.6242842215256008
180,manual topsis equal,0.787201817549094,0.551055381400209
180,manual vikor equal,0.7592898315089589,0.5344200626959248
180,manual waspas equal,0.7793726642123965,0.5401880877742947
180,baseline auto mcdm,0.8329116066140027,0.5656844305120168
180,pareto auto mcdm,0.8995531635845739,0.6236990595611286
181,raw cri probability,0.8940659286655306,0.626878235615977
181,manual topsis equal,0.7766130015533476,0.5469085399217138
181,manual vikor equal,0.7466011071400876,0.5312513152910475
181,manual waspas equal,0.7693131451002125,0.5373963550654489
181,baseline auto mcdm,0.8257829527052108,0.5641651584662654
181,pareto auto mcdm,0.8969185915134004,0.626288985226651
182,raw cri probability,0.8960762999002255,0.6287422628321193
182,manual topsis equal,0.7825790645297283,0.5530338119499769
182,manual vikor equal,0.7534293946564342,0.5368647100930565
182,manual waspas equal,0.774972408037062,0.5403174870520864
182,baseline auto mcdm,0.828537880732278,0.5670133479304392
182,pareto auto mcdm,0.8987560606627298,0.6277316939660618
183,raw cri probability,0.8953544447802421,0.6254618743701713
183,manual topsis equal,0.7772193309919264,0.5462714141753443
183,manual vikor equal,0.7481996199651306,0.5304837084313067
183,manual waspas equal,0.7706092374145483,0.534598589183742
183,baseline auto mcdm,0.8249676054043312,0.5643265031911321
183,pareto auto mcdm,0.897968046395821,0.6259657373194492
184,raw cri probability,0.8946076758238928,0.6293358089290235
184,manual topsis equal,0.7759528460504106,0.5497510338425183
184,manual vikor equal,0.7476621836829228,0.5336315300869271
184,manual waspas equal,0.7678277782143581,0.5361633893155541
184,baseline auto mcdm,0.8239625504500473,0.5665457000590768
184,pareto auto mcdm,0.8975787166651904,0.62899822769854
185,raw cri probability,0.8965012771878578,0.6282612354822421
185,manual topsis equal,0.7776767003920656,0.553526342366605
185,manual vikor equal,0.7476692760342842,0.5363575155697694
185,manual waspas equal,0.7688907338019904,0.5398081131122707
185,baseline auto mcdm,0.8272528222487077,0.5686753071873422
185,pareto auto mcdm,0.8992974639002925,0.6285978791449252
186,raw cri probability,0.8924567452509599,0.6239792286109134
186,manual topsis equal,0.7744932524488606,0.540726161062021
186,manual vikor equal,0.7477312434265304,0.5251476192470372
186,manual waspas equal,0.7681914423769681,0.5331044013568408
186,baseline auto mcdm,0.8217353136050325,0.5589848821139913
186,pareto auto mcdm,0.8951120867580552,0.6230579169981992
187,raw cri probability,0.8913208435483659,0.6246011754827876
187,manual topsis equal,0.7734762524097846,0.5445843828715365
187,manual vikor equal,0.7453147324241518,0.5298908480268681
187,manual waspas equal,0.7657647331192013,0.53392107472712
187,baseline auto mcdm,0.8201022655895082,0.5596977329974812
187,pareto auto mcdm,0.8941956943018438,0.625104953820319
188,raw cri probability,0.8931933501857398,0.6265681098204858
188,manual topsis equal,0.7792795970812388,0.5537486800422387
188,manual vikor equal,0.7501952391747587,0.5374445617740232
188,manual waspas equal,0.7722408933761246,0.5421752903907074
188,baseline auto mcdm,0.8260824028366159,0.5689545934530095
188,pareto auto mcdm,0.8959174589121699,0.6258922914466737
189,raw cri probability,0.8930332732511277,0.6283499072981629
189,manual topsis equal,0.7749594657086522,0.5481206809371313
189,manual vikor equal,0.7465491588445369,0.5311815270520815
189,manual waspas equal,0.7677161021264727,0.5337940333726614
189,baseline auto mcdm,0.8233637275285965,0.5657340300016855
189,pareto auto mcdm,0.8958870607332159,0.6288555536827911
190,raw cri probability,0.896862871083725,0.6312188529436608
190,manual topsis equal,0.7771354460875048,0.5508066559675648
190,manual vikor equal,0.7470036005875955,0.5338288706816453
190,manual waspas equal,0.7685172762418213,0.5361939352985894
190,baseline auto mcdm,0.8265440181839719,0.5668553087253991
190,pareto auto mcdm,0.8995179531305317,0.630712053382887
191,raw cri probability,0.8959759289979388,0.626421110039015
191,manual topsis equal,0.7829248498223195,0.5535092503251248
191,manual vikor equal,0.7537878489539648,0.5330368754457356
191,manual waspas equal,0.7745231089826826,0.5400847422074925
191,baseline auto mcdm,0.8285534959601503,0.5682762092545203
191,pareto auto mcdm,0.8987347881639293,0.6263372068632798
192,raw cri probability,0.8930332790303276,0.6264147767913493
192,manual topsis equal,0.776550073856357,0.5502587621491986
192,manual vikor equal,0.7470038437998392,0.533681154542012
192,manual waspas equal,0.7690706049823225,0.5389826229646149
192,baseline auto mcdm,0.8238426984895423,0.5647326124458282
192,pareto auto mcdm,0.895924560291254,0.6264989270837716
193,raw cri probability,0.890440587029734,0.6261945859470383
193,manual topsis equal,0.7705439362690117,0.5470466888393044
193,manual vikor equal,0.7411945657359741,0.5291963120447943
193,manual waspas equal,0.7628819003272456,0.5345009051488233
193,baseline auto mcdm,0.8212108477601368,0.5632130678230118
193,pareto auto mcdm,0.8932767414811221,0.6269523849618995
194,raw cri probability,0.8946189721689384,0.6298999957804127
194,manual topsis equal,0.7738337192518594,0.5486307439132453
194,manual vikor equal,0.744169947247398,0.529726992700114
194,manual waspas equal,0.765379538269975,0.5351280644752944
194,baseline auto mcdm,0.8235275127086783,0.5648339592387864
194,pareto auto mcdm,0.8973345149610075,0.6288872948225663
195,raw cri probability,0.897990417901454,0.6308583907273645
195,manual topsis equal,0.7823393641725862,0.550814715269612
195,manual vikor equal,0.7548207813393788,0.5341004535528305
195,manual waspas equal,0.7751211845258674,0.5388039643877037
195,baseline auto mcdm,0.828858125462771,0.5668570468671258
195,pareto auto mcdm,0.9006829360283433,0.6303544431379136
196,raw cri probability,0.8968378156677098,0.6290200688554874
196,manual topsis equal,0.7802390217192523,0.5491644974389117
196,manual vikor equal,0.7512426565193178,0.5300193131245277
196,manual waspas equal,0.7720323344712278,0.5358972205894701
196,baseline auto mcdm,0.8288474159541064,0.5657066084473927
196,pareto auto mcdm,0.8997889906120984,0.6290200688554874
197,raw cri probability,0.898087053641694,0.6256110298725716
197,manual topsis equal,0.7893070065751301,0.5512429496553165
197,manual vikor equal,0.7597102461160715,0.5348652600793816
197,manual waspas equal,0.7815997166386078,0.5404637560058492
197,baseline auto mcdm,0.8350665690849179,0.5686233549195738
197,pareto auto mcdm,0.9007373883878536,0.624608314184249
198,raw cri probability,0.8961618738628343,0.6251562890722681
198,manual topsis equal,0.7829716460767587,0.5473034925398017
198,manual vikor equal,0.7546579242410969,0.5282153871801284
198,manual waspas equal,0.7738416581948853,0.5345503042427273
198,baseline auto mcdm,0.8294790018290585,0.5633074935400517
198,pareto auto mcdm,0.8989151979701163,0.6252396432441444
199,raw cri probability,0.8952128820958618,0.6275250934442065
199,manual topsis equal,0.7775719227971858,0.5479820251144428
199,manual vikor equal,0.7477293390555321,0.5302591239343161
199,manual waspas equal,0.7695482870943099,0.5366427281508547
199,baseline auto mcdm,0.827044324059962,0.5652849523329554
199,pareto auto mcdm,0.8981217921453225,0.6281970517827895
200,raw cri probability,0.8954947047209713,0.6250524372850071
200,manual topsis equal,0.7796893407775686,0.5470257571943955
200,manual vikor equal,0.7514689038238378,0.531588220488296
200,manual waspas equal,0.7727224128136215,0.536706099504992
200,baseline auto mcdm,0.8275875093927763,0.5628827921805519
200,pareto auto mcdm,0.898184760746762,0.6240456414128702
201,raw cri probability,0.8938598827236892,0.6243661204475923
201,manual topsis equal,0.7838539067441694,0.5487615774695109
201,manual vikor equal,0.7552679800534677,0.5323330958467792
201,manual waspas equal,0.776012148585899,0.5377813167930934
201,baseline auto mcdm,0.8287385983926703,0.5651900590922426
201,pareto auto mcdm,0.8963724004755331,0.6235279326096979
202,raw cri probability,0.8917550894493618,0.6230788611740992
202,manual topsis equal,0.7787908486463512,0.5498446292097086
202,manual vikor equal,0.7492554865795423,0.5307802133198958
202,manual waspas equal,0.7713082777442625,0.5363231712438062
202,baseline auto mcdm,0.8263625593672947,0.564625850340136
202,pareto auto mcdm,0.8948094097748236,0.6224069874863525
203,raw cri probability,0.8984911734803136,0.6293161247066711
203,manual topsis equal,0.784619558406936,0.5517934964800536
203,manual vikor equal,0.75428656378514,0.5346128059001005
203,manual waspas equal,0.7762437012500569,0.540982232651693
203,baseline auto mcdm,0.8315290607397678,0.5674656386188401
203,pareto auto mcdm,0.9012749334321888,0.6293999329534027
204,raw cri probability,0.8957140735296427,0.6231623036649214
204,manual topsis equal,0.7806318496848086,0.5484397905759163
204,manual vikor equal,0.7517925748715509,0.5317696335078534
204,manual waspas equal,0.7728785798109786,0.5383874345549737
204,baseline auto mcdm,0.8282499235459266,0.5669528795811518
204,pareto auto mcdm,0.8983856145568064,0.6235811518324608
205,raw cri probability,0.8949358132302392,0.624963338500859
205,manual topsis equal,0.7819875350713854,0.5511375539447773
205,manual vikor equal,0.7513125311138159,0.5333724389324171
205,manual waspas equal,0.7744136175664329,0.5389030879456991
205,baseline auto mcdm,0.8282194139734312,0.5663049398751413
205,pareto auto mcdm,0.8978633446223457,0.6245443499392467
206,raw cri probability,0.888798947637485,0.6247678541279756
206,manual topsis equal,0.7704771015086849,0.5474421745736957
206,manual vikor equal,0.7427724556603938,0.5292081715346952
206,manual waspas equal,0.7634414669610509,0.531993921998987
206,baseline auto mcdm,0.8179666838129704,0.5639034273172379
206,pareto auto mcdm,0.8914923166376563,0.6239236873206147
207,raw cri probability,0.8941606474359334,0.625393230149742
207,manual topsis equal,0.7830716501319575,0.5517386015687261
207,manual vikor equal,0.7551370761645592,0.5348768927477875
207,manual waspas equal,0.7746429109797497,0.5389874585797575
207,baseline auto mcdm,0.828210298273463,0.5664191938257623
207,pareto auto mcdm,0.8970942213718004,0.6242187827691792
208,raw cri probability,0.8944180658746576,0.6257565568258239
208,manual topsis equal,0.7805580098822099,0.5524546065904505
208,manual vikor equal,0.7527354411965926,0.535221923335575
208,manual waspas equal,0.7729114864874895,0.5401815736381977
208,baseline auto mcdm,0.8279311447347111,0.566408876933423
208,pareto auto mcdm,0.8972700355159993,0.6258406186953599
209,raw cri probability,0.8951820383387374,0.6270483215288546
209,manual topsis equal,0.7807556729126933,0.5505217719290894
209,manual vikor equal,0.7523454650329654,0.5348476593604626
209,manual waspas equal,0.7730504713790342,0.5404635178743556
209,baseline auto mcdm,0.8285807374076776,0.5672017099031893
209,pareto auto mcdm,0.8981161000605316,0.6267968651774863
210,raw cri probability,0.8916178240250561,0.6287904312668463
210,manual topsis equal,0.7731473658744604,0.5491913746630728
210,manual vikor equal,0.7441456754556752,0.5314184636118597
210,manual waspas equal,0.7658265835351198,0.5365566037735848
210,baseline auto mcdm,0.8225879489651517,0.5641004043126684
210,pareto auto mcdm,0.8946218698186131,0.6281165768194069
211,raw cri probability,0.8976407825023505,0.6284588294482643
211,manual topsis equal,0.7884398579869497,0.550981049807144
211,manual vikor equal,0.7605420356519033,0.5368941807814858
211,manual waspas equal,0.7807872145485758,0.5426798591313098
211,baseline auto mcdm,0.8348476022308081,0.569847392252222
211,pareto auto mcdm,0.9005946119187137,0.6271172228743921
212,raw cri probability,0.8951271134511298,0.6334353221145674
212,manual topsis equal,0.7782706513296991,0.5578786333503315
212,manual vikor equal,0.7495529331586305,0.5366309705932347
212,manual waspas equal,0.7701785967018634,0.5426653068162502
212,baseline auto mcdm,0.8276667139528813,0.5741118476967533
212,pareto auto mcdm,0.8980265007533388,0.6336902940676525
213,raw cri probability,0.8942485028064977,0.6280482659691164
213,manual topsis equal,0.778441608153282,0.5526115939583157
213,manual vikor equal,0.7501927172243564,0.5365791916293984
213,manual waspas equal,0.7712401257258301,0.5418108176525188
213,baseline auto mcdm,0.8267065002676026,0.5684752341574552
213,pareto auto mcdm,0.897241466526756,0.6277951227744494
214,raw cri probability,0.8961069060356814,0.6234645274504889
214,manual topsis equal,0.7844427483376653,0.5510152920531461
214,manual vikor equal,0.756005908940389,0.535639675775048
214,manual waspas equal,0.777039549865558,0.5399849586362496
214,baseline auto mcdm,0.8307710082527623,0.5648032088242667
214,pareto auto mcdm,0.8989270707100276,0.6230467117907579
215,raw cri probability,0.8938922917476165,0.6305880366414792
215,manual topsis equal,0.7755904493723671,0.5492844780277766
215,manual vikor equal,0.7469844666286358,0.5332432774705559
215,manual waspas equal,0.7684034042593125,0.5375490734095995
215,baseline auto mcdm,0.8230520433764503,0.5649879690995822
215,pareto auto mcdm,0.8965500884640322,0.630250327156064
216,raw cri probability,0.8967629011815451,0.6269180917339131
216,manual topsis equal,0.7812858498056858,0.5494836308901618
216,manual vikor equal,0.7521757124693158,0.5348496885060835
216,manual waspas equal,0.773814137768976,0.5393653050131706
216,baseline auto mcdm,0.829678782885224,0.5639503282184221
216,pareto auto mcdm,0.8995453431853485,0.6256637538152778
217,raw cri probability,0.8934267239586309,0.6268342934028508
217,manual topsis equal,0.7750792042871658,0.5473657654627255
217,manual vikor equal,0.7449544655286002,0.5317243409157802
217,manual waspas equal,0.767136355462469,0.5365176806962957
217,baseline auto mcdm,0.8241677446290728,0.5627549089685909
217,pareto auto mcdm,0.8962527594335413,0.6270865744439306
218,raw cri probability,0.8925466291970185,0.6234834809621762
218,manual topsis equal,0.7801862468434977,0.5514462029301876
218,manual vikor equal,0.753200963364984,0.5344863775660131
218,manual waspas equal,0.7729705286719818,0.5387683136728096
218,baseline auto mcdm,0.8261129815629639,0.5658032828176819
218,pareto auto mcdm,0.8953435778432607,0.6228118047101296
219,raw cri probability,0.8945704063112345,0.6266419669922533
219,manual topsis equal,0.780177835510426,0.5521219265746042
219,manual vikor equal,0.7513264705344238,0.5336813742000673
219,manual waspas equal,0.7723766770210573,0.5396598181205793
219,baseline auto mcdm,0.8275639587226016,0.5677837655776355
219,pareto auto mcdm,0.8972343591310898,0.6263051532502525
220,raw cri probability,0.8950347010270748,0.6285039834759515
220,manual topsis equal,0.781171356240622,0.5545672975593307
220,manual vikor equal,0.7526151068307538,0.5380432491674746
220,manual waspas equal,0.7733845227925451,0.5409096657252456
220,baseline auto mcdm,0.8284767428880003,0.5684778485014543
220,pareto auto mcdm,0.897807103660749,0.6285882898452979
221,raw cri probability,0.896612346576549,0.630309650855006
221,manual topsis equal,0.7778442937920028,0.5480441998235368
221,manual vikor equal,0.7493369607326108,0.5303138523591446
221,manual waspas equal,0.7703339329050594,0.5345153564976262
221,baseline auto mcdm,0.8265867810732201,0.5651863367085417
221,pareto auto mcdm,0.8993733318332078,0.6300575606066973
222,raw cri probability,0.8947256645163895,0.6247440772155601
222,manual topsis equal,0.7826354386356851,0.5486148832156437
222,manual vikor equal,0.7534204522296208,0.5336564576108302
222,manual waspas equal,0.7752301144584813,0.5390047215142272
222,baseline auto mcdm,0.8286729692423576,0.563824008690929
222,pareto auto mcdm,0.8974682699991873,0.6256633100739565
223,raw cri probability,0.8971779557275268,0.627824918087877
223,manual topsis equal,0.7855889335911092,0.5506174913887256
223,manual vikor equal,0.7574533874433977,0.535915315466689
223,manual waspas equal,0.7780414674628479,0.5419642107031841
223,baseline auto mcdm,0.83147764234256,0.5686801646643703
223,pareto auto mcdm,0.9001472665111006,0.627824918087877
224,raw cri probability,0.8965126552092243,0.6255532359081419
224,manual topsis equal,0.7821479911596861,0.5462212943632568
224,manual vikor equal,0.7536938285895048,0.5324425887265136
224,manual waspas equal,0.7751426054118842,0.5371189979123172
224,baseline auto mcdm,0.829767549028915,0.5623382045929018
224,pareto auto mcdm,0.8994979543677953,0.6249686847599165
225,raw cri probability,0.8940631298923658,0.6287253746421957
225,manual topsis equal,0.780349144247033,0.5518605825896615
225,manual vikor equal,0.7517846340423816,0.5351069203569625
225,manual waspas equal,0.7723436251842526,0.5400740865465568
225,baseline auto mcdm,0.8264015444806074,0.5680249200202054
225,pareto auto mcdm,0.8972272586396791,0.6283886176123926
226,raw cri probability,0.8912619484790989,0.6225026288117771
226,manual topsis equal,0.7724898719121133,0.5470452155625658
226,manual vikor equal,0.7443432029292316,0.5313985278654049
226,manual waspas equal,0.7648635904010137,0.5366140904311251
226,baseline auto mcdm,0.8209228926338727,0.5615141955835962
226,pareto auto mcdm,0.8938920532473072,0.6219137749737118
227,raw cri probability,0.8980722999909637,0.6285905983981213
227,manual topsis equal,0.7856600934637642,0.5529416698117164
227,manual vikor equal,0.7560947810185106,0.5339875036692247
227,manual waspas equal,0.7771276765098509,0.5400259990774522
227,baseline auto mcdm,0.8323385439590539,0.5680379083322851
227,pareto auto mcdm,0.900870310046659,0.6276680504885311
228,raw cri probability,0.8961609914180905,0.6227529960053262
228,manual topsis equal,0.7860989299492768,0.5481857523302264
228,manual vikor equal,0.7576285614394689,0.5311251664447404
228,manual waspas equal,0.7787976045242158,0.5372836218375499
228,baseline auto mcdm,0.8315306129595035,0.564996671105193
228,pareto auto mcdm,0.8990041892542258,0.6228362183754994
229,raw cri probability,0.8960585315284619,0.6277005526712445
229,manual topsis equal,0.7754031540148831,0.5427901524032825
229,manual vikor equal,0.7457912618042831,0.5272986099480823
229,manual waspas equal,0.7679898679300392,0.5337464411321386
229,baseline auto mcdm,0.8244687919118527,0.5598727181376655
229,pareto auto mcdm,0.8986256223420317,0.6259420532574108
230,raw cri probability,0.8931204940707151,0.6280901242366814
230,manual topsis equal,0.7780699798840729,0.5506001263423879
230,manual vikor equal,0.7507510559133022,0.5356917245735944
230,manual waspas equal,0.7708617392070682,0.5401558222783744
230,baseline auto mcdm,0.8257000976666244,0.5646662455253737
230,pareto auto mcdm,0.8961050291665686,0.6274162981680353
231,raw cri probability,0.896235425927078,0.6255801312873688
231,manual topsis equal,0.7801810947457499,0.5498181210017979
231,manual vikor equal,0.7518261658785358,0.5340970857549023
231,manual waspas equal,0.771894999494947,0.5361876489526279
231,baseline auto mcdm,0.8279280283912889,0.5644520633858762
231,pareto auto mcdm,0.8989634754486366,0.6251620186478237
232,raw cri probability,0.8957873670590653,0.6252617472150096
232,manual topsis equal,0.7829783898059086,0.5491247173130077
232,manual vikor equal,0.7546030206036634,0.5348856688164838
232,manual waspas equal,0.7761007694273448,0.5393249015830471
232,baseline auto mcdm,0.8289976283085085,0.5650389479855934
232,pareto auto mcdm,0.8986108711321289,0.6257643018678282
233,raw cri probability,0.8970384156715411,0.6239059764941236
233,manual topsis equal,0.7860711801869549,0.5492206384929565
233,manual vikor equal,0.758294803123277,0.5332166374927065
233,manual waspas equal,0.7791122012537134,0.5403850962740685
233,baseline auto mcdm,0.8325989279558047,0.565891472868217
233,pareto auto mcdm,0.900040774456791,0.6251562890722681
234,raw cri probability,0.8952246611357416,0.6304329550231189
234,manual topsis equal,0.775400058610102,0.5453551912568306
234,manual vikor equal,0.7461292269244524,0.5279529213955444
234,manual waspas equal,0.7681644492610301,0.5359394703656999
234,baseline auto mcdm,0.8256024151914683,0.5639344262295082
234,pareto auto mcdm,0.8982263555667825,0.6298444724674233
235,raw cri probability,0.8934981360426135,0.6285353003161223
235,manual topsis equal,0.7738017958910122,0.549799789251844
235,manual vikor equal,0.7461510002673823,0.534204425711275
235,manual waspas equal,0.7656677455671408,0.5385036880927292
235,baseline auto mcdm,0.8233051662367971,0.5659009483667018
235,pareto auto mcdm,0.8960566939939849,0.6275237091675449
236,raw cri probability,0.8947474468094829,0.6274723890312014
236,manual topsis equal,0.7811701533033097,0.5530592533490111
236,manual vikor equal,0.7527162594568267,0.5337420736572461
236,manual waspas equal,0.7735099637603495,0.5409650191072103
236,baseline auto mcdm,0.8284737826762553,0.5689329357913745
236,pareto auto mcdm,0.8977480832994293,0.6278083399823625
237,raw cri probability,0.8920789251022806,0.6276784958075717
237,manual topsis equal,0.7765288409672715,0.5550097399847548
237,manual vikor equal,0.7468978058162332,0.536376725671212
237,manual waspas equal,0.7678640917247761,0.5386635047006013
237,baseline auto mcdm,0.8243182717889721,0.5713559752689084
237,pareto auto mcdm,0.8949214287251878,0.6278478868467857
238,raw cri probability,0.8980599583941495,0.6259497369959088
238,manual topsis equal,0.7802829525013313,0.5472154963680388
238,manual vikor equal,0.7530470719148145,0.5311847708107206
238,manual waspas equal,0.772849813800254,0.536862319445604
238,baseline auto mcdm,0.8274049619064325,0.5628287551139685
238,pareto auto mcdm,0.9005585404481022,0.6255322701845204
239,raw cri probability,0.8963985448381561,0.6307724689539045
239,manual topsis equal,0.7814170325309704,0.5539886339717954
239,manual vikor equal,0.7521945677349985,0.535297832035361
239,manual waspas equal,0.7735632545734661,0.538328772889918
239,baseline auto mcdm,0.8286274338357767,0.5700694590612502
239,pareto auto mcdm,0.899429293200436,0.6298463481372342
240,raw cri probability,0.8954574055156326,0.6232131694102937
240,manual topsis equal,0.7842484137398172,0.5482808918524692
240,manual vikor equal,0.7568592525737187,0.5336111689935403
240,manual waspas equal,0.7767191288759188,0.5396957699520734
240,baseline auto mcdm,0.8301902021079866,0.5621171077307772
240,pareto auto mcdm,0.8982320104904764,0.6219629089393625
241,raw cri probability,0.8928790884672352,0.6257503883128331
241,manual topsis equal,0.7793267461940246,0.5496830527685655
241,manual vikor equal,0.7503035118848596,0.5322194702153562
241,manual waspas equal,0.7713351279572375,0.5379287183577516
241,baseline auto mcdm,0.8257103344353873,0.566223080475211
241,pareto auto mcdm,0.8958857589144773,0.6261701859703623
242,raw cri probability,0.892981637273248,0.6246423161083993
242,manual topsis equal,0.7812626282210547,0.553862986029288
242,manual vikor equal,0.7526254240235564,0.5380407338831846
242,manual waspas equal,0.7734315663541513,0.5430903888234304
242,baseline auto mcdm,0.8282903414112297,0.5704426864164281
242,pareto auto mcdm,0.895925260694376,0.6236323851203501
243,raw cri probability,0.8920622316306632,0.6326374745417516
243,manual topsis equal,0.771499862358354,0.5514256619144603
243,manual vikor equal,0.7413600342750627,0.5352172437202987
243,manual waspas equal,0.7642508392321532,0.5408180583842498
243,baseline auto mcdm,0.8207056768163116,0.5678038017651051
243,pareto auto mcdm,0.8950096556394952,0.631704005431093
244,raw cri probability,0.8972656385734263,0.6265030060120241
244,manual topsis equal,0.781794207786322,0.5470941883767535
244,manual vikor equal,0.7536553775779867,0.5298931195724783
244,manual waspas equal,0.7738573379240231,0.5354876419505677
244,baseline auto mcdm,0.8301399664871054,0.5656312625250501
244,pareto auto mcdm,0.900179349932902,0.6263360053440213
245,raw cri probability,0.897909478194677,0.6267620362237001
245,manual topsis equal,0.7819246473336257,0.5483749529426527
245,manual vikor equal,0.7526589379134394,0.5300539590914795
245,manual waspas equal,0.7740904488096199,0.5351570669678337
245,baseline auto mcdm,0.8304312618844717,0.5652737691889405
245,pareto auto mcdm,0.900594720597791,0.6253398586188145
246,raw cri probability,0.8946360565299543,0.6231600016679871
246,manual topsis equal,0.7814518078163831,0.5460155956799132
246,manual vikor equal,0.7533988164199262,0.5288353279679747
246,manual waspas equal,0.7740357148209344,0.5340894875109462
246,baseline auto mcdm,0.8282132145071917,0.5626954672449023
246,pareto auto mcdm,0.8975167030357057,0.6239939952462366
247,raw cri probability,0.8918281521416763,0.6300511995937884
247,manual topsis equal,0.776129417584066,0.5514323192146575
247,manual vikor equal,0.7472982630442708,0.5383996953412602
247,manual waspas equal,0.7684584590750471,0.5407692633182415
247,baseline auto mcdm,0.824827381529179,0.567511530487031
247,pareto auto mcdm,0.8949582706250836,0.629204925316295
248,raw cri probability,0.8935966852380189,0.626757902690903
248,manual topsis equal,0.77804540612914,0.5477519835439317
248,manual vikor equal,0.7475257665837787,0.5307921581797574
248,manual waspas equal,0.7703555584246433,0.5366693253851643
248,baseline auto mcdm,0.824786278699882,0.5637042945300365
248,pareto auto mcdm,0.8963225487809648,0.6253305906553042
249,raw cri probability,0.8912179184206463,0.6272508750474424
249,manual topsis equal,0.7743753393141558,0.5504153839666006
249,manual vikor equal,0.7454954424075964,0.5343904187576436
249,manual waspas equal,0.7666843275435982,0.537005018344368
249,baseline auto mcdm,0.8220130624028817,0.5645004849660524
249,pareto auto mcdm,0.8939718157596726,0.6256483785265468
250,raw cri probability,0.8975546172707283,0.6289249936863373
250,manual topsis equal,0.7906986374452598,0.5563599629598451
250,manual vikor equal,0.7628761029884327,0.5389342537250611
250,manual waspas equal,0.7828981438898008,0.5444060947891237
250,baseline auto mcdm,0.8355020703964572,0.5737014900244128
250,pareto auto mcdm,0.9003285487497936,0.6282515363246065
251,raw cri probability,0.8953238343217284,0.6224302189537022
251,manual topsis equal,0.782244975134383,0.5504763496573625
251,manual vikor equal,0.7539267421822248,0.5348487380912587
251,manual waspas equal,0.7756146806846451,0.5407822162794584
251,baseline auto mcdm,0.8289875756802941,0.5651011198395454
251,pareto auto mcdm,0.897967225576837,0.6220959384923951
252,raw cri probability,0.8988235572665835,0.6319942912311631
252,manual topsis equal,0.7824153036307643,0.5510640977206901
252,manual vikor equal,0.7542708256324121,0.5351970784535953
252,manual waspas equal,0.7737670169016599,0.5393107501154346
252,baseline auto mcdm,0.830379306066177,0.5677706418167318
252,pareto auto mcdm,0.9017074590464257,0.6320782437140577
253,raw cri probability,0.896010919547458,0.6251149569433994
253,manual topsis equal,0.7809056735380285,0.5479474960287601
253,manual vikor equal,0.751382756104757,0.528801939637154
253,manual waspas equal,0.7733749052504343,0.5356575537162445
253,baseline auto mcdm,0.8274934688252336,0.5635816403310759
253,pareto auto mcdm,0.8989314300672672,0.6238608811972244
254,raw cri probability,0.8913577084793287,0.6238339356248425
254,manual topsis equal,0.7769089739665358,0.5462643919657114
254,manual vikor equal,0.7465745207927195,0.5302126229094882
254,manual waspas equal,0.7689370169528128,0.5362635515589544
254,baseline auto mcdm,0.8242798892241716,0.5639129338599882
254,pareto auto mcdm,0.8940843766953271,0.6226573661652239
255,raw cri probability,0.8948669569211368,0.6306983818496767
255,manual topsis equal,0.7758584040920055,0.5504246060247581
255,manual vikor equal,0.7468765566873607,0.5325108792090921
255,manual waspas equal,0.767146682907029,0.5390172799864802
255,baseline auto mcdm,0.826879264849023,0.5673243483036884
255,pareto auto mcdm,0.8977346925070618,0.6309518779838608
256,raw cri probability,0.895269614000262,0.6300109713899906
256,manual topsis equal,0.7790879549041333,0.5527048696092498
256,manual vikor equal,0.7505065754542057,0.5349818550088614
256,manual waspas equal,0.7704759606734186,0.5371761330070047
256,baseline auto mcdm,0.8267692376560724,0.5687399780572201
256,pareto auto mcdm,0.8980906645964382,0.6300953666976116
257,raw cri probability,0.8928422494558337,0.6225602875412714
257,manual topsis equal,0.7803824606183642,0.5479165795962718
257,manual vikor equal,0.7523472067138032,0.5324528775024031
257,manual waspas equal,0.7725169946808376,0.537384544656664
257,baseline auto mcdm,0.8261808996776623,0.5637982195845698
257,pareto auto mcdm,0.895627672089232,0.6221423496468425
258,raw cri probability,0.896647447720712,0.6307148269765092
258,manual topsis equal,0.7781924247330552,0.5530015997305717
258,manual vikor equal,0.7504082873521603,0.53759366843479
258,manual waspas equal,0.7705678841282353,0.5434874126462912
258,baseline auto mcdm,0.826813732356068,0.5694198871768965
258,pareto auto mcdm,0.8992718929148225,0.6304622379388735
259,raw cri probability,0.8928709061897091,0.6246536233101017
259,manual topsis equal,0.7839421440685308,0.5556301956503485
259,manual vikor equal,0.7563714397034469,0.5376605928289528
259,manual waspas equal,0.7763677438366622,0.542530859014191
259,baseline auto mcdm,0.8295512669504328,0.5692333529263582
259,pareto auto mcdm,0.8957461964213645,0.6236459820303972
260,raw cri probability,0.8958610599869197,0.6259311961161799
260,manual topsis equal,0.7850128640172589,0.5512681007784381
260,manual vikor equal,0.7563152191176346,0.5356156357244497
260,manual waspas equal,0.7772801611286868,0.5399681928517619
260,baseline auto mcdm,0.8318120958379513,0.5665020507240311
260,pareto auto mcdm,0.8985409199402455,0.6254289779861053
261,raw cri probability,0.8928414364219058,0.6267242108826266
261,manual topsis equal,0.778094297156414,0.5542861978505542
261,manual vikor equal,0.7504557216599209,0.5382922907675384
261,manual waspas equal,0.7705359698339252,0.542861978505543
261,baseline auto mcdm,0.8254956922107606,0.5696031141575697
261,pareto auto mcdm,0.8955547401894268,0.6257933485656257
262,raw cri probability,0.8961578925682485,0.6277789451565455
262,manual topsis equal,0.7806143740751221,0.5507879806682076
262,manual vikor equal,0.7498747447569243,0.5322967009876025
262,manual waspas equal,0.7726052346398133,0.5395251103172934
262,baseline auto mcdm,0.8290502211009315,0.5675141836520278
262,pareto auto mcdm,0.8990555730827305,0.6272746375288926
263,raw cri probability,0.8968769721620868,0.628166415031035
263,manual topsis equal,0.7791245245632741,0.5490689481630598
263,manual vikor equal,0.7507228605185237,0.5321254823016273
263,manual waspas equal,0.7723983991704382,0.5388357658111056
263,baseline auto mcdm,0.8277391561823363,0.5665995638315718
263,pareto auto mcdm,0.8998862899702579,0.6267404797852709
264,raw cri probability,0.8971324458260442,0.6248899694010144
264,manual topsis equal,0.7845429259365333,0.5525422307918012
264,manual vikor equal,0.7554279568175826,0.5344343379301673
264,manual waspas equal,0.77574961741275,0.5401349708680889
264,baseline auto mcdm,0.831542158691509,0.5697279624428888
264,pareto auto mcdm,0.899930304003141,0.6248899694010144
265,raw cri probability,0.8950632199552899,0.6295377108484415
265,manual topsis equal,0.7774033897159995,0.5478483994447482
265,manual vikor equal,0.7495710044796844,0.5327892987843351
265,manual waspas equal,0.7701906437907584,0.5371640095907121
265,baseline auto mcdm,0.8267417232445134,0.563832919698818
265,pareto auto mcdm,0.8978894893182853,0.6296218399024103
266,raw cri probability,0.8988479509685404,0.6310272536687631
266,manual topsis equal,0.7849578545902285,0.5512788259958072
266,manual vikor equal,0.7550931163212867,0.5345911949685535
266,manual waspas equal,0.7770971290115608,0.5399580712788261
266,baseline auto mcdm,0.8315464617354271,0.5683857442348008
266,pareto auto mcdm,0.9016806801855475,0.6310272536687631
267,raw cri probability,0.8934398607025626,0.6262949549397794
267,manual topsis equal,0.7769923025588412,0.5510822875431651
267,manual vikor equal,0.7478470274233029,0.5352480417754569
267,manual waspas equal,0.7698349006093931,0.540385749178809
267,baseline auto mcdm,0.824932931548946,0.5669165333108733
267,pareto auto mcdm,0.8962695582122967,0.6256211572475365
268,raw cri probability,0.8888632416824342,0.623199393479909
268,manual topsis equal,0.7748941403199617,0.5467104708954594
268,manual vikor equal,0.7465872032550462,0.5309577963103361
268,manual waspas equal,0.7675980332192494,0.5356751747957206
268,baseline auto mcdm,0.8220781244177319,0.5641479235110775
268,pareto auto mcdm,0.8917250830335385,0.6228624378738101
269,raw cri probability,0.8957622888486784,0.629514006074924
269,manual topsis equal,0.7778510672517249,0.5525649679379008
269,manual vikor equal,0.750735531610617,0.5363651704353696
269,manual waspas equal,0.7709425748950418,0.5408369895376308
269,baseline auto mcdm,0.8267531349139271,0.5693553830577117
269,pareto auto mcdm,0.8985074509113407,0.6289233884576443
270,raw cri probability,0.8940118201512327,0.6251891710105935
270,manual topsis equal,0.7810426906827092,0.5502774508155373
270,manual vikor equal,0.7541477147593753,0.534807465949218
270,manual waspas equal,0.7744718521927458,0.5401042542458382
270,baseline auto mcdm,0.8280858182735629,0.5658315116865646
270,pareto auto mcdm,0.8966827573886831,0.6247687909870523
271,raw cri probability,0.8970752659276122,0.627878686186501
271,manual topsis equal,0.7841183526407022,0.5538822937203742
271,manual vikor equal,0.7551810564286202,0.5405428080036915
271,manual waspas equal,0.7765322310060816,0.5440664457401737
271,baseline auto mcdm,0.831808511502232,0.568983598305298
271,pareto auto mcdm,0.8999354680257201,0.6286337514157473
272,raw cri probability,0.8919387165943599,0.6253260412284393
272,manual topsis equal,0.7745353379198167,0.5471602860748842
272,manual vikor equal,0.743735570750891,0.5297433740008415
272,manual waspas equal,0.7665560146857174,0.5348758939840135
272,baseline auto mcdm,0.8235705706159935,0.5612957509465714
272,pareto auto mcdm,0.894921635003622,0.6263357172907026
273,raw cri probability,0.8909221242032068,0.6219164289310287
273,manual topsis equal,0.7796107988564555,0.5505118308441013
273,manual vikor equal,0.7512048283878133,0.532387984561168
273,manual waspas equal,0.7717348801376241,0.5371706662191643
273,baseline auto mcdm,0.8258416374902082,0.5671253566034569
273,pareto auto mcdm,0.8938424707268854,0.6212451753649941
274,raw cri probability,0.8934837465139032,0.6251471825063079
274,manual topsis equal,0.7785735660446373,0.5510513036164844
274,manual vikor equal,0.7496101601178897,0.5324642556770396
274,manual waspas equal,0.7705678427523516,0.5377628259041211
274,baseline auto mcdm,0.8260170393244598,0.567703952901598
274,pareto auto mcdm,0.8965372532064702,0.6245584524810766
275,raw cri probability,0.8933046106014237,0.6236242963958666
275,manual topsis equal,0.7821250519860634,0.5533899017054523
275,manual vikor equal,0.75462494732907,0.5364193900697304
275,manual waspas equal,0.7738051023554112,0.5400319247248593
275,baseline auto mcdm,0.8280028505130799,0.5690162143997312
275,pareto auto mcdm,0.8962106500456946,0.6228681844913048
276,raw cri probability,0.8952605097418447,0.6263186651536166
276,manual topsis equal,0.7809532912011531,0.5532719707476988
276,manual vikor equal,0.7537015932276199,0.5360400117681672
276,manual waspas equal,0.7727983092585369,0.5388139368721893
276,baseline auto mcdm,0.8274339781530705,0.56957928802589
276,pareto auto mcdm,0.8980659949858695,0.6251418484428193
277,raw cri probability,0.8964091653294645,0.6281949049397743
277,manual topsis equal,0.7833956663635053,0.5520627859151382
277,manual vikor equal,0.7546483381528504,0.5370378142443446
277,manual waspas equal,0.7750960661683939,0.5412347337054602
277,baseline auto mcdm,0.8298182017438654,0.5701934779871575
277,pareto auto mcdm,0.8993059387023524,0.6266000755445503
278,raw cri probability,0.8959055182766885,0.6224468485025688
278,manual topsis equal,0.7844092072635538,0.5496846414101332
278,manual vikor equal,0.7567471220393822,0.5348982916335993
278,manual waspas equal,0.7765377107169995,0.5384904557036047
278,baseline auto mcdm,0.8317829200373389,0.5666429973685311
278,pareto auto mcdm,0.898762773680278,0.6226974646004761
279,raw cri probability,0.8958678628296051,0.6271172228743921
279,manual topsis equal,0.7848247320481265,0.5500586952876069
279,manual vikor equal,0.7573173822170368,0.5343786684554754
279,manual waspas equal,0.7776184427889327,0.5398289451618313
279,baseline auto mcdm,0.8313900061922759,0.5680026832131476
279,pareto auto mcdm,0.8989030610498169,0.6271172228743921
280,raw cri probability,0.8952209516928407,0.6268179907524171
280,manual topsis equal,0.7783388372727911,0.5489701555275326
280,manual vikor equal,0.7492845268445272,0.5318200924758302
280,manual waspas equal,0.771076247160471,0.5377889869693148
280,baseline auto mcdm,0.826418472973982,0.5648591845313158
280,pareto auto mcdm,0.8980495817042283,0.6261454392601934
281,raw cri probability,0.895783134412467,0.6228457247523104
281,manual topsis equal,0.782625205044167,0.5463325285155274
281,manual vikor equal,0.7533466543862642,0.5325118641245525
281,manual waspas equal,0.7756009083615004,0.5385063691616019
281,baseline auto mcdm,0.8290934226369999,0.5614020481225543
281,pareto auto mcdm,0.8987578601329511,0.6220964116226791
282,raw cri probability,0.897564251533481,0.6251985619931443
282,manual topsis equal,0.7839634700968521,0.5507900677200903
282,manual vikor equal,0.7581740907025243,0.5361591840147145
282,manual waspas equal,0.7762438811237131,0.5404230415517098
282,baseline auto mcdm,0.8301747333184364,0.5655881615249561
282,pareto auto mcdm,0.9002946947411639,0.6251149569433994
283,raw cri probability,0.8986030030264435,0.6317341308285245
283,manual topsis equal,0.7800190420752626,0.5517038035466071
283,manual vikor equal,0.7513842514340181,0.535360768291142
283,manual waspas equal,0.7723151643704034,0.5399941030285161
283,baseline auto mcdm,0.8287648097172587,0.5691419906490881
283,pareto auto mcdm,0.9012548741398031,0.6313129185796723
284,raw cri probability,0.8949510205813856,0.6272253946926436
284,manual topsis equal,0.7820134867743389,0.5542492442055761
284,manual vikor equal,0.753994523342008,0.5358582465569365
284,manual waspas equal,0.7743479598286253,0.5409808532079275
284,baseline auto mcdm,0.8293868318223053,0.5705408128988915
284,pareto auto mcdm,0.8976679016057925,0.6269734632180047
285,raw cri probability,0.8918268629452619,0.6263324204760903
285,manual topsis equal,0.7792262558684601,0.5516747419422793
285,manual vikor equal,0.7504387653852885,0.5354961028017695
285,manual waspas equal,0.7723366208834461,0.5414788287339372
285,baseline auto mcdm,0.8270070492296152,0.5668422161365073
285,pareto auto mcdm,0.8946204819613659,0.6251527280387612
286,raw cri probability,0.8954210472005241,0.6288646784166911
286,manual topsis equal,0.7777829416432243,0.5507087872796871
286,manual vikor equal,0.7492684609409347,0.53245278256846
286,manual waspas equal,0.7699418570117195,0.536827493374837
286,baseline auto mcdm,0.8248813868031406,0.5651789845623185
286,pareto auto mcdm,0.8980608951894256,0.6280233878770033
287,raw cri probability,0.89332558072772,0.6292950612072604
287,manual topsis equal,0.7750543449568413,0.5509497678345293
287,manual vikor equal,0.7462218504217968,0.5336428872942169
287,manual waspas equal,0.7674841675553069,0.5389615871675814
287,baseline auto mcdm,0.8244210340047188,0.5646264246517518
287,pareto auto mcdm,0.8960227659426454,0.6294639088222879
288,raw cri probability,0.8931587546867923,0.62855457724228
288,manual topsis equal,0.7782018882144337,0.5474996840375785
288,manual vikor equal,0.7482574042341913,0.5314066647006782
288,manual waspas equal,0.7704508775985905,0.5363778067995113
288,baseline auto mcdm,0.8258682474068935,0.5647722964148797
288,pareto auto mcdm,0.8961616182287472,0.6287230905337658
289,raw cri probability,0.8922283359651977,0.6237963660721761
289,manual topsis equal,0.7770277154386589,0.5481034915850289
289,manual vikor equal,0.7491096331647824,0.5309386251360629
289,manual waspas equal,0.7693684493257378,0.5356275642635854
289,baseline auto mcdm,0.8246241850142606,0.5634262748053254
289,pareto auto mcdm,0.8950315321801745,0.6235451729046304
290,raw cri probability,0.8920929227771325,0.6222707423580786
290,manual topsis equal,0.7802243542955497,0.5525697010413168
290,manual vikor equal,0.7532674076113403,0.5351024521330198
290,manual waspas equal,0.7723291370186959,0.5399731273093719
290,baseline auto mcdm,0.8256832870401599,0.5688612697346322
290,pareto auto mcdm,0.894926201838848,0.6199193819281156
291,raw cri probability,0.8936770943642177,0.6252823558939179
291,manual topsis equal,0.774706243542634,0.5440475194511838
291,manual vikor equal,0.7447028038738083,0.5279846063749686
291,manual waspas equal,0.7679820272974908,0.5334225717393124
291,baseline auto mcdm,0.8243085224799142,0.5611980256002677
291,pareto auto mcdm,0.8965909907371092,0.6248640508658914
292,raw cri probability,0.8945234996570967,0.6266403924363758
292,manual topsis equal,0.774542049265889,0.5479015554903359
292,manual vikor equal,0.7455710711603496,0.5312984780512346
292,manual waspas equal,0.7666964275988002,0.5340656576244183
292,baseline auto mcdm,0.8234309709521875,0.5625759926208544
292,pareto auto mcdm,0.8970778768819127,0.6272273699215966
293,raw cri probability,0.8926851914322987,0.6288951841359773
293,manual topsis equal,0.7774103758808304,0.5547334150775867
293,manual vikor equal,0.7479495497876304,0.5357912984651813
293,manual waspas equal,0.7693204303237123,0.5384127521035051
293,baseline auto mcdm,0.8251223145847479,0.568348061392753
293,pareto auto mcdm,0.8955982477883279,0.6272884867447466
294,raw cri probability,0.8949381254515834,0.6264495332189057
294,manual topsis equal,0.7796046149233751,0.5489178214091347
294,manual vikor equal,0.7520807776647048,0.5322560388495835
294,manual waspas equal,0.7715203251025459,0.536777326579311
294,baseline auto mcdm,0.827087513805483,0.5637375978565747
294,pareto auto mcdm,0.8976536723048428,0.6259471679156026
295,raw cri probability,0.8928282264560996,0.6237336584135524
295,manual topsis equal,0.7805235520985866,0.5519357686325613
295,manual vikor equal,0.7530267638202603,0.5358779267728783
295,manual waspas equal,0.7725443778564163,0.5394930430030686
295,baseline auto mcdm,0.8263834867641132,0.5675732481398965
295,pareto auto mcdm,0.8957397545859598,0.6239018033544916
296,raw cri probability,0.8941872582926298,0.6231113715314108
296,manual topsis equal,0.7782055103041494,0.5466036077512243
296,manual vikor equal,0.7516543350644027,0.5301134223412715
296,manual waspas equal,0.7703785112890743,0.5342150420625287
296,baseline auto mcdm,0.8271195341092643,0.5630100866362533
296,pareto auto mcdm,0.8971759158443683,0.6229439584815636
297,raw cri probability,0.8938692211899119,0.6236117513934873
297,manual topsis equal,0.7776842812507666,0.5473366581450902
297,manual vikor equal,0.748350462687975,0.5317463643602532
297,manual waspas equal,0.7703221657805029,0.5370269477389884
297,baseline auto mcdm,0.8254693837179169,0.5650224215246636
297,pareto auto mcdm,0.896588399433808,0.624114664096224
298,raw cri probability,0.89540351449019,0.6253455063238127
298,manual topsis equal,0.7807069307103645,0.5467794622665215
298,manual vikor equal,0.7525120181432381,0.5323728955523914
298,manual waspas equal,0.7738207302986263,0.5369796465365609
298,baseline auto mcdm,0.827546291609731,0.5639500795711534
298,pareto auto mcdm,0.8982965428854702,0.6261830974118435
299,raw cri probability,0.8964738774208696,0.6281234278047962
299,manual topsis equal,0.7810589777840473,0.550226396109341
299,manual vikor equal,0.7514261395121989,0.5334563139359383
299,manual waspas equal,0.7743696189726309,0.53790038571189
299,baseline auto mcdm,0.8299231987644093,0.5664095254066746
299,pareto auto mcdm,0.8993152041314397,0.6280395773939292
300,raw cri probability,0.892451044526456,0.6292466765140325
300,manual topsis equal,0.7731673294868212,0.5499050432580712
300,manual vikor equal,0.7443143912428289,0.5329394387001477
300,manual waspas equal,0.7647572202737529,0.5382570162481536
300,baseline auto mcdm,0.821299875646725,0.5643384680312302
300,pareto auto mcdm,0.8953235737080013,0.629499894492509
301,raw cri probability,0.8943492300067748,0.629604653123156
301,manual topsis equal,0.7741620393036246,0.547922110764562
301,manual vikor equal,0.7461914222218278,0.5322431088257608
301,manual waspas equal,0.7659711756813675,0.5351934586529546
301,baseline auto mcdm,0.8236210772785035,0.5649498440529377
301,pareto auto mcdm,0.8971658305065021,0.6290145831577173
302,raw cri probability,0.8927013472739947,0.6249263653959437
302,manual topsis equal,0.7769478749490492,0.5515442228393503
302,manual vikor equal,0.7486914337416756,0.5333669948666162
302,manual waspas equal,0.7691761605188733,0.5386686863586636
302,baseline auto mcdm,0.8239433658471689,0.5658503744845577
302,pareto auto mcdm,0.8953048462536062,0.6241689808970798
303,raw cri probability,0.8943100992383889,0.6288187586670588
303,manual topsis equal,0.7784872327358813,0.5489767617766945
303,manual vikor equal,0.7495169727806519,0.5325040971551036
303,manual waspas equal,0.7706998335486405,0.5377988822120435
303,baseline auto mcdm,0.825887285837018,0.5645249401185023
303,pareto auto mcdm,0.897165829200379,0.6287347144598059
304,raw cri probability,0.8961099955213747,0.6258229546693503
304,manual topsis equal,0.785421224224075,0.5524384618610307
304,manual vikor equal,0.7578023587062735,0.5374260913322431
304,manual waspas equal,0.777579209313346,0.541535622929509
304,baseline auto mcdm,0.8319719730221502,0.5695475321843418
304,pareto auto mcdm,0.899101621772232,0.6258229546693503
305,raw cri probability,0.8938662947408935,0.6244492005539468
305,manual topsis equal,0.7818297282279731,0.5510092744135298
305,manual vikor equal,0.7544550241767393,0.5343908682697553
305,manual waspas equal,0.7739067802888896,0.5399303369843468
305,baseline auto mcdm,0.8279898035555102,0.5661169163624156
305,pareto auto mcdm,0.8969964184449921,0.6241974065214655
306,raw cri probability,0.8924061404307683,0.6260913577122612
306,manual topsis equal,0.7787143711540796,0.5493272596904129
306,manual vikor equal,0.7487173041049155,0.5323716732042684
306,manual waspas equal,0.771331245968095,0.5391201653380573
306,baseline auto mcdm,0.8264348652519174,0.5670420515416087
306,pareto auto mcdm,0.8954043080161166,0.625585220802227
307,raw cri probability,0.8967597466136488,0.6266588765545447
307,manual topsis equal,0.7813209981474297,0.5494533010600117
307,manual vikor equal,0.7526358982137245,0.5308404974543026
307,manual waspas equal,0.7740378738416819,0.5361822886236541
307,baseline auto mcdm,0.8293974957867285,0.5644770887238126
307,pareto auto mcdm,0.8995446013402056,0.626158083632418
308,raw cri probability,0.8954216970700033,0.6267777497265
308,manual topsis equal,0.786161663984337,0.5515442228393503
308,manual vikor equal,0.7552408540744453,0.5370697635277287
308,manual waspas equal,0.7779747720895169,0.5420348396869477
308,baseline auto mcdm,0.8317204162959807,0.5690482201464276
308,pareto auto mcdm,0.8982853507151697,0.6264411343936717
309,raw cri probability,0.8945065703138814,0.6256715916722632
309,manual topsis equal,0.7789536193621136,0.5475151108126259
309,manual vikor equal,0.7500617348024731,0.5303895231699127
309,manual waspas equal,0.7710198225171266,0.5372733378106112
309,baseline auto mcdm,0.8270708442353106,0.5641370047011418
309,pareto auto mcdm,0.8972249123663122,0.6256715916722632
310,raw cri probability,0.8940248690516688,0.6248587097584459
310,manual topsis equal,0.7770433834515896,0.547996818353079
310,manual vikor equal,0.7483188369828595,0.5310838531418762
310,manual waspas equal,0.7693164690560107,0.5354376857705028
310,baseline auto mcdm,0.8254684573423747,0.5635701427554738
310,pareto auto mcdm,0.8967747033086221,0.6248587097584459
311,raw cri probability,0.8979827545009734,0.6262904911180773
311,manual topsis equal,0.7830036419702684,0.5504702194357368
311,manual vikor equal,0.7538893477266899,0.5356739811912227
311,manual waspas equal,0.7750479382339156,0.5413584117032393
311,baseline auto mcdm,0.8298223535745635,0.5665203761755486
311,pareto auto mcdm,0.900664744591808,0.6262068965517241
312,raw cri probability,0.8959769091963692,0.6283812252464818
312,manual topsis equal,0.7842088126141721,0.5557428162130278
312,manual vikor equal,0.7559842680123605,0.539310693519845
312,manual waspas equal,0.7753909078601078,0.5419229796915818
312,baseline auto mcdm,0.828955090449646,0.5734389483441477
312,pareto auto mcdm,0.8988027132125602,0.6285497598382067
313,raw cri probability,0.8937571693885477,0.6256401645537738
313,manual topsis equal,0.7727503982524644,0.5459659138611368
313,manual vikor equal,0.7434180410910924,0.5302661405423558
313,manual waspas equal,0.7649776877803958,0.5346318529090757
313,baseline auto mcdm,0.8208309894313459,0.5623373352363361
313,pareto auto mcdm,0.8964620155599673,0.6246326924691461
314,raw cri probability,0.8966842272572119,0.6317831091622044
314,manual topsis equal,0.7731589335712676,0.5467807901505249
314,manual vikor equal,0.7445762670648952,0.5309271830332674
314,manual waspas equal,0.766070421623875,0.535396550997175
314,baseline auto mcdm,0.8240138437400698,0.5617067925960281
314,pareto auto mcdm,0.8995069895698588,0.6306868490955855
315,raw cri probability,0.8949901385497914,0.6297487097047128
315,manual topsis equal,0.7806335107445332,0.5560538116591929
315,manual vikor equal,0.7513060182844145,0.5376935442930875
315,manual waspas equal,0.7721994838167175,0.5405702682122007
315,baseline auto mcdm,0.8278412607872743,0.5719604027413487
315,pareto auto mcdm,0.8976814009229915,0.6292410525425164
316,raw cri probability,0.8955512378900139,0.6268193448261399
316,manual topsis equal,0.7837012224821686,0.5498930413992702
316,manual vikor equal,0.7552188130455263,0.5328635543811082
316,manual waspas equal,0.7756537952328602,0.5391552367769809
316,baseline auto mcdm,0.8298622944880074,0.5678453085021601
316,pareto auto mcdm,0.8986565240265442,0.6275743467136445
317,raw cri probability,0.8983471423421826,0.6292644035080357
317,manual topsis equal,0.7814934054343371,0.5507112584448829
317,manual vikor equal,0.7517946323873987,0.5350174142923083
317,manual waspas equal,0.773958881549626,0.5406403424111451
317,baseline auto mcdm,0.8293903141293566,0.5672443456002685
317,pareto auto mcdm,0.9011274873445758,0.6298518736100038
318,raw cri probability,0.8963737480498396,0.629303845187233
318,manual topsis equal,0.7771163000754688,0.5472061657032755
318,manual vikor equal,0.7483428014877176,0.5302839909525006
318,manual waspas equal,0.7697157290848937,0.5351428332076735
318,baseline auto mcdm,0.8261591548852905,0.5620340118957863
318,pareto auto mcdm,0.8991043095172194,0.6293876183295636
319,raw cri probability,0.8929075515788321,0.629402042632538
319,manual topsis equal,0.7792804563731568,0.5558333686485569
319,manual vikor equal,0.7518115391229346,0.5391363308895198
319,manual waspas equal,0.7721338719325559,0.5447302623214815
319,baseline auto mcdm,0.8271146698007742,0.5737169979234648
319,pareto auto mcdm,0.8959479193104524,0.6282154511166673
320,raw cri probability,0.8976744278377682,0.6297915265635508
320,manual topsis equal,0.7808430101115512,0.5536314727639542
320,manual vikor equal,0.7521516652972796,0.5366509751176866
320,manual waspas equal,0.7730038188591722,0.5406859448554137
320,baseline auto mcdm,0.8287494862263288,0.5698554135843982
320,pareto auto mcdm,0.9003089233462387,0.628782784129119
321,raw cri probability,0.8947317112702264,0.6264068536872165
321,manual topsis equal,0.7824647136664492,0.552326558037964
321,manual vikor equal,0.7552037346036841,0.5369561565597177
321,manual waspas equal,0.7754720302340239,0.5420796237191332
321,baseline auto mcdm,0.8290735429392684,0.5676969595162104
321,pareto auto mcdm,0.8976000034514671,0.6258189148328573
322,raw cri probability,0.894092179104807,0.6267664872139974
322,manual topsis equal,0.7768547680182816,0.5488728129205922
322,manual vikor equal,0.7472280596271326,0.5321332436069987
322,manual waspas equal,0.7693915925465298,0.5377691790040378
322,baseline auto mcdm,0.8254735616394866,0.5634253028263796
322,pareto auto mcdm,0.896801853881295,0.6263458950201884
323,raw cri probability,0.8911850347492273,0.6273000296095766
323,manual topsis equal,0.7771885161301477,0.5526838966202784
323,manual vikor equal,0.7484954291540395,0.5356795397825811
323,manual waspas equal,0.7694286581478622,0.537879108328751
323,baseline auto mcdm,0.8236499857801893,0.5687576667653652
323,pareto auto mcdm,0.8940051981020705,0.6275538259802885
324,raw cri probability,0.8959398445320786,0.6258583151900854
324,manual topsis equal,0.7818032529815252,0.5471445319042036
324,manual vikor equal,0.7537596963782286,0.5323228939876068
324,manual waspas equal,0.7750126911333247,0.5382682967677107
324,baseline auto mcdm,0.8287071142819452,0.5649807402445152
324,pareto auto mcdm,0.8987117903127239,0.6258583151900854
325,raw cri probability,0.8961059364472581,0.6244045131633933
325,manual topsis equal,0.7817153222197601,0.5501044713748433
325,manual vikor equal,0.7523003055872287,0.5322189720016716
325,manual waspas equal,0.7735913204149331,0.5369828666945257
325,baseline auto mcdm,0.8274453633510993,0.5653990806519014
325,pareto auto mcdm,0.8986595915103067,0.6244880902632679
326,raw cri probability,0.8934803715160695,0.6258337878088686
326,manual topsis equal,0.7814679290018003,0.5503209296471872
326,manual vikor equal,0.7537659040111568,0.5334563913244116
326,manual waspas equal,0.7733385589915052,0.539413516801611
326,baseline auto mcdm,0.8281681654175104,0.5660108235096699
326,pareto auto mcdm,0.8961419357866184,0.6261694005118095
327,raw cri probability,0.8936488090675392,0.6283129729044258
327,manual topsis equal,0.7861990907785138,0.5604260895295261
327,manual vikor equal,0.7594931306567257,0.5456313141987573
327,manual waspas equal,0.7785736952197129,0.5489284355581857
327,baseline auto mcdm,0.8318778868239818,0.5742063659804709
327,pareto auto mcdm,0.8967505741023039,0.6278057234645137
328,raw cri probability,0.8926557510023659,0.624166981013454
328,manual topsis equal,0.7783251561370121,0.5466281067940819
328,manual vikor equal,0.7498219977681626,0.5326291965296114
328,manual waspas equal,0.7701209181288998,0.5369043128379228
328,baseline auto mcdm,0.8252191103315845,0.5628903139276582
328,pareto auto mcdm,0.895513876453722,0.6236640261536528
329,raw cri probability,0.8931474180661322,0.6268091551666106
329,manual topsis equal,0.775002126583887,0.5492258498821946
329,manual vikor equal,0.7439393813634366,0.5322282059912488
329,manual waspas equal,0.7666493832932199,0.5371928643554358
329,baseline auto mcdm,0.8238341398408124,0.566812521036688
329,pareto auto mcdm,0.8958968307143453,0.6266408616627398
330,raw cri probability,0.8900060199989812,0.6268681921810352
330,manual topsis equal,0.7762300766387165,0.5491007346111627
330,manual vikor equal,0.7472835721828276,0.5311154268344169
330,manual waspas equal,0.7680609422100764,0.5374482816853837
330,baseline auto mcdm,0.822122706548131,0.5653128430296378
330,pareto auto mcdm,0.893001171675779,0.6258549354048805
331,raw cri probability,0.8980858711854821,0.6271406439727002
331,manual topsis equal,0.7830538439495498,0.5464137671146841
331,manual vikor equal,0.7529505766341293,0.5307540928694049
331,manual waspas equal,0.7751588638846961,0.5373696771762342
331,baseline auto mcdm,0.8312728434666246,0.563999497550559
331,pareto auto mcdm,0.9006938201418582,0.6270569023991961
332,raw cri probability,0.8974567270745555,0.6277868749212747
332,manual topsis equal,0.7843983817485789,0.5512868959146829
332,manual vikor equal,0.7570994080685973,0.53449216945879
332,manual waspas equal,0.7770062655679236,0.540118402821514
332,baseline auto mcdm,0.8304327768387768,0.5663181760927068
332,pareto auto mcdm,0.9002600387818885,0.627450980392157
333,raw cri probability,0.8966121424087155,0.62730658186535
333,manual topsis equal,0.7835092250953508,0.549311686681451
333,manual vikor equal,0.7561952924382742,0.5350014644964225
333,manual waspas equal,0.7757487951490689,0.5399389095778067
333,baseline auto mcdm,0.8305918831037857,0.5664672162015147
333,pareto auto mcdm,0.8993971741188154,0.6258839281978326
334,raw cri probability,0.8941527414953041,0.6279030629417705
334,manual topsis equal,0.7799307391915266,0.5509087849209021
334,manual vikor equal,0.7495196381750375,0.5334904072702794
334,manual waspas equal,0.7721595677281411,0.5392965331538203
334,baseline auto mcdm,0.8285805167305605,0.5657186132615281
334,pareto auto mcdm,0.8971036126039197,0.6269774486704812
335,raw cri probability,0.8971370387837736,0.6286169588190892
335,manual topsis equal,0.7814525848531005,0.5509519416254297
335,manual vikor equal,0.7533781175665302,0.5325840811876206
335,manual waspas equal,0.7724304781991499,0.5385389583158601
335,baseline auto mcdm,0.8290797480633358,0.5671391428331796
335,pareto auto mcdm,0.9001148164342764,0.6276943722217563
336,raw cri probability,0.8943596099530989,0.630890604564823
336,manual topsis equal,0.7755943752508809,0.5500569548158462
336,manual vikor equal,0.7455965882020854,0.5323376787748386
336,manual waspas equal,0.7681376668921748,0.5385816141416698
336,baseline auto mcdm,0.82474199838165,0.5674387208370248
336,pareto auto mcdm,0.8969961676294709,0.6302999620301227
337,raw cri probability,0.8965828819170707,0.6257273221985015
337,manual topsis equal,0.7834333529818861,0.551718364100632
337,manual vikor equal,0.755044430611946,0.5326300807903219
337,manual waspas equal,0.7752562524335828,0.5397463267612709
337,baseline auto mcdm,0.8304999688266115,0.5653648122566872
337,pareto auto mcdm,0.8993757817516334,0.6251412784126585
338,raw cri probability,0.8928315964220934,0.6247539267015706
338,manual topsis equal,0.7763210727769723,0.5471832460732984
338,manual vikor equal,0.7475325959680355,0.531434554973822
338,manual waspas equal,0.7693787028131517,0.5362094240837696
338,baseline auto mcdm,0.8247545798518406,0.563434554973822
338,pareto auto mcdm,0.8959612938785907,0.6255916230366493
339,raw cri probability,0.8910561312991003,0.6320265328684412
339,manual topsis equal,0.7694270142733797,0.5499617314397482
339,manual vikor equal,0.7409197577810613,0.5320180287439408
339,manual waspas equal,0.7620899087991901,0.5377157921591973
339,baseline auto mcdm,0.818869638287875,0.5662896504804831
339,pareto auto mcdm,0.8937341140451109,0.631176120418403
340,raw cri probability,0.8941448502521949,0.6255924170616114
340,manual topsis equal,0.7788406223687747,0.5489242125571447
340,manual vikor equal,0.7494117364338843,0.531392861636539
340,manual waspas equal,0.7716822574665083,0.536593549469446
340,baseline auto mcdm,0.8264180894859318,0.5633519271903703
340,pareto auto mcdm,0.8969443507180583,0.6256762991234325
341,raw cri probability,0.8955147160061095,0.6266213323259034
341,manual topsis equal,0.7830641434524562,0.5524912899298997
341,manual vikor equal,0.7540366078578986,0.5354489359022793
341,manual waspas equal,0.775557850152462,0.5397305125299081
341,baseline auto mcdm,0.8287424519399955,0.567434831885153
341,pareto auto mcdm,0.8983919191893196,0.6269571422574822
342,raw cri probability,0.8950748826941348,0.6268519293546496
342,manual topsis equal,0.7802008874749813,0.546999246672805
342,manual vikor equal,0.7507176297442842,0.5305097514020256
342,manual waspas equal,0.7727021141235632,0.5365363689629197
342,baseline auto mcdm,0.8280141327887377,0.5640746630953377
342,pareto auto mcdm,0.8978551858946204,0.626098602159538
343,raw cri probability,0.8973645585383315,0.6303698405351958
343,manual topsis equal,0.7816853753165286,0.5523625194597551
343,manual vikor equal,0.7515836495619052,0.5351958598056128
343,manual waspas equal,0.7730999438388929,0.5382252703328144
343,baseline auto mcdm,0.829328848239578,0.5683510750199856
343,pareto auto mcdm,0.9001997837845039,0.6305381411200405
344,raw cri probability,0.8956745352957024,0.6295281069455573
344,manual topsis equal,0.7786072423811894,0.5543794543077637
344,manual vikor equal,0.7504967445872175,0.5376797537215874
344,manual waspas equal,0.7721825992467126,0.5430776367393413
344,baseline auto mcdm,0.8270858402366782,0.5695610002951966
344,pareto auto mcdm,0.8982928942618476,0.6279256104246617
345,raw cri probability,0.8945295002931202,0.6289233884576443
345,manual topsis equal,0.7759755488979176,0.5507087411407358
345,manual vikor equal,0.7466952240900765,0.5318933513331083
345,manual waspas equal,0.7683400792330162,0.5377151535605805
345,baseline auto mcdm,0.8248616783572971,0.5667397907526156
345,pareto auto mcdm,0.8974268774340675,0.6283327708403644
346,raw cri probability,0.8945407093374331,0.6275484414490312
346,manual topsis equal,0.7805172181297053,0.5534119629317606
346,manual vikor equal,0.7528099031104614,0.5364785172704297
346,manual waspas equal,0.7728732229605584,0.5420387531592249
346,baseline auto mcdm,0.8273455692065709,0.5687447346251053
346,pareto auto mcdm,0.897340513540155,0.6269587194608257
347,raw cri probability,0.8944886066332032,0.6254716190156786
347,manual topsis equal,0.7801366734224533,0.5505156367904753
347,manual vikor equal,0.7508518554959283,0.5329923702523686
347,manual waspas equal,0.772164905639937,0.5382745032279701
347,baseline auto mcdm,0.8268452268626827,0.5651882283893687
347,pareto auto mcdm,0.8973997504425689,0.625723149157374
348,raw cri probability,0.8941126807044872,0.6240856079923086
348,manual topsis equal,0.7865874407514943,0.5523554738118129
348,manual vikor equal,0.7587701291108827,0.5353007565940726
348,manual waspas equal,0.779044327023546,0.5423232872131422
348,baseline auto mcdm,0.831122658182659,0.5680725661497303
348,pareto auto mcdm,0.8971470344897758,0.6238348033273419
349,raw cri probability,0.8970714825865606,0.629808702964053
349,manual topsis equal,0.7807506292756761,0.5503468572629808
349,manual vikor equal,0.7519584818114777,0.5334454488122767
349,manual waspas equal,0.7725689914051277,0.5379020391002732
349,baseline auto mcdm,0.8292692502709343,0.5676686987597225
349,pareto auto mcdm,0.9000542208785575,0.6298927895732604
350,raw cri probability,0.8949280425729195,0.6304329479280952
350,manual topsis equal,0.7810698443338866,0.5527892649168705
350,manual vikor equal,0.750327046868541,0.5354882268545869
350,manual waspas equal,0.7728705832981868,0.5408051312347034
350,baseline auto mcdm,0.8284464016632875,0.569499535825808
350,pareto auto mcdm,0.8979547738901806,0.6307705291585788
351,raw cri probability,0.8925616150984145,0.6263477088948787
351,manual topsis equal,0.7836769438212708,0.553150269541779
351,manual vikor equal,0.7534456827485522,0.5339454177897575
351,manual waspas equal,0.7753500870444971,0.5401785714285715
351,baseline auto mcdm,0.8300858302674982,0.5699123989218329
351,pareto auto mcdm,0.895397520819627,0.6260107816711591
352,raw cri probability,0.8932263646708573,0.6267238479650186
352,manual topsis equal,0.777014515671057,0.5480154725866129
352,manual vikor equal,0.747232790559746,0.5315338042381432
352,manual waspas equal,0.7696178485121682,0.5372519340733266
352,baseline auto mcdm,0.8244992919983642,0.5646653212243525
352,pareto auto mcdm,0.8961167581783986,0.625798856374033
353,raw cri probability,0.8950678623982968,0.6249895107829152
353,manual topsis equal,0.7829641932193544,0.5492154065620543
353,manual vikor equal,0.7522786748105543,0.5324326592263153
353,manual waspas equal,0.7741128743008164,0.537215742217001
353,baseline auto mcdm,0.829217527897995,0.5645716203742552
353,pareto auto mcdm,0.8981129996142505,0.6249895107829152
354,raw cri probability,0.8957427805720326,0.6270184121125696
354,manual topsis equal,0.7829300404955722,0.5532021977100197
354,manual vikor equal,0.7548601596262926,0.5344964979239191
354,manual waspas equal,0.7747428187317619,0.5402004781277524
354,baseline auto mcdm,0.8300794232478663,0.5707335486306253
354,pareto auto mcdm,0.898531671224305,0.6271022941743908
355,raw cri probability,0.8942180258666573,0.6240986080831796
355,manual topsis equal,0.7810697183945638,0.5479624350159316
355,manual vikor equal,0.7525300795033355,0.5347140700989435
355,manual waspas equal,0.7739232016373511,0.5385711889988262
355,baseline auto mcdm,0.8285608531502464,0.5664933758175414
355,pareto auto mcdm,0.896934523543969,0.6229247023310414
356,raw cri probability,0.891184922770705,0.6231653107439403
356,manual topsis equal,0.7749388620534281,0.5469261092007045
356,manual vikor equal,0.7465993503373407,0.5299840644133188
356,manual waspas equal,0.7669553883242545,0.5353518409796192
356,baseline auto mcdm,0.8234190178669739,0.5638681539880902
356,pareto auto mcdm,0.8939908065008084,0.623081439235092
357,raw cri probability,0.8930345583977796,0.6293179992389328
357,manual topsis equal,0.7731652885260876,0.5492368187391654
357,manual vikor equal,0.7437664185395105,0.5327470297239018
357,manual waspas equal,0.7657016313052514,0.5380745000211408
357,baseline auto mcdm,0.8238983618784728,0.5667413640015221
357,pareto auto mcdm,0.8958796471431674,0.6280495539300663
358,raw cri probability,0.8963705419025995,0.6265452723020382
358,manual topsis equal,0.7836381030099187,0.5480287337119947
358,manual vikor equal,0.7559363650330778,0.5295689943200802
358,manual waspas equal,0.7763765254067043,0.5374206481790845
358,baseline auto mcdm,0.8301811144494433,0.5649849649181423
358,pareto auto mcdm,0.8992881215238377,0.6268793852322084
359,raw cri probability,0.8959357513800904,0.6259113383055392
359,manual topsis equal,0.7845276808972138,0.5509092432749518
359,manual vikor equal,0.7589226329099206,0.5365792340568172
359,manual waspas equal,0.7768965458562573,0.5414397050196933
359,baseline auto mcdm,0.8305978897158423,0.5669152769630437
359,pareto auto mcdm,0.8987641245766165,0.626078940752535
360,raw cri probability,0.8920905987856862,0.6276168323112709
360,manual topsis equal,0.7743197716625444,0.5515753859166843
360,manual vikor equal,0.7450687927074123,0.5336434764220765
360,manual waspas equal,0.766631452652639,0.5390568830619582
360,baseline auto mcdm,0.8218573616351836,0.5663776696976104
360,pareto auto mcdm,0.8947830884818226,0.6266018185662932
361,raw cri probability,0.8927937913313256,0.6259426847662142
361,manual topsis equal,0.7777394469082599,0.547008547008547
361,manual vikor equal,0.7483817842698671,0.530920060331825
361,manual waspas equal,0.7701321157099273,0.5362828892240658
361,baseline auto mcdm,0.8247696745166002,0.5622590916708564
361,pareto auto mcdm,0.8956006938574345,0.6261940673705381
362,raw cri probability,0.892021411208711,0.623634224239368
362,manual topsis equal,0.781817106340859,0.5506807866868381
362,manual vikor equal,0.7532795792275397,0.5351319549504119
362,manual waspas equal,0.7751163753243483,0.5403429147755925
362,baseline auto mcdm,0.8273613112283181,0.5630358043368633
362,pareto auto mcdm,0.8947479398500665,0.6227096991090939
363,raw cri probability,0.895007606629035,0.6275467250378851
363,manual topsis equal,0.7823166176435814,0.5493349048661391
363,manual vikor equal,0.7539818140278813,0.5329179996632429
363,manual waspas equal,0.7749215187306834,0.5388112476847955
363,baseline auto mcdm,0.8290102064419829,0.5665095133860919
363,pareto auto mcdm,0.8977967733752704,0.6258629398888702
364,raw cri probability,0.8962909924160708,0.6267180690579953
364,manual topsis equal,0.7840768265582071,0.5511230305062018
364,manual vikor equal,0.7545594712451226,0.5334394904458598
364,manual waspas equal,0.7762270573866505,0.5392222594703319
364,baseline auto mcdm,0.8305621122966995,0.5665437479047938
364,pareto auto mcdm,0.8991632100795405,0.6264666443178009
365,raw cri probability,0.8931741399525478,0.6235308879501443
365,manual topsis equal,0.7770219208447934,0.5443975072148564
365,manual vikor equal,0.7487919989805688,0.5269982015140743
365,manual waspas equal,0.7691656441153751,0.5331883391191601
365,baseline auto mcdm,0.8254640942207608,0.5618804634238153
365,pareto auto mcdm,0.8960424815143304,0.6225270818520223
366,raw cri probability,0.8951764564492697,0.6258326699903641
366,manual topsis equal,0.7811220722144976,0.5500020947672714
366,manual vikor equal,0.7527153184639712,0.5320708869244626
366,manual waspas equal,0.7734871386767851,0.5373497004482803
366,baseline auto mcdm,0.8284008737792677,0.5650844191210356
366,pareto auto mcdm,0.89789329369209,0.6252461351543843
367,raw cri probability,0.9024492398617954,0.6323443376514835
367,manual topsis equal,0.7885135708347478,0.5521103217718345
367,manual vikor equal,0.7587315543039569,0.5347262849979105
367,manual waspas equal,0.7802512383735288,0.5397409109903886
367,baseline auto mcdm,0.8368597038951132,0.5702465524446302
367,pareto auto mcdm,0.9054976763105261,0.6320936063518595
368,raw cri probability,0.8978175328939462,0.628911821461532
368,manual topsis equal,0.7814903001663082,0.5506334424028861
368,manual vikor equal,0.7542454390804502,0.5336857118885813
368,manual waspas equal,0.7747239430393086,0.5392230891853343
368,baseline auto mcdm,0.8281239430855495,0.5653997818608943
368,pareto auto mcdm,0.9004419996424028,0.6286601224934978
369,raw cri probability,0.891415088870798,0.6267300492196374
369,manual topsis equal,0.7770876968131335,0.5469689958352615
369,manual vikor equal,0.7487217435565799,0.5328341256152455
369,manual waspas equal,0.7693629811008711,0.5377981574187034
369,baseline auto mcdm,0.8262689230859859,0.5658154894619495
369,pareto auto mcdm,0.8945426159692499,0.6263093685583274
370,raw cri probability,0.8924268925027533,0.6288253968253968
370,manual topsis equal,0.779652550288567,0.5538201058201059
370,manual vikor equal,0.749936797827812,0.537142857142857
370,manual waspas equal,0.7711610849665925,0.5412063492063492
370,baseline auto mcdm,0.8262758552255964,0.5722751322751323
370,pareto auto mcdm,0.895178287385564,0.6296719576719577
371,raw cri probability,0.895803070739789,0.6273835966640124
371,manual topsis equal,0.7781485650772517,0.5466661078747748
371,manual vikor equal,0.7494379663848644,0.529483257197938
371,manual waspas equal,0.7702972700757698,0.5344285654415155
371,baseline auto mcdm,0.8253570650551572,0.5622564016596119
371,pareto auto mcdm,0.8986291518891825,0.6264615900423286
372,raw cri probability,0.895091196061313,0.624655013799448
372,manual topsis equal,0.7764991200750255,0.5458727105461236
372,manual vikor equal,0.7482383908733637,0.5274734465166848
372,manual waspas equal,0.7670509844543104,0.5334950238354103
372,baseline auto mcdm,0.8256991615797878,0.5637701764656687
372,pareto auto mcdm,0.8978969355221238,0.6251568119093418
373,raw cri probability,0.8971002089273039,0.626639292747308
373,manual topsis equal,0.7807352782589239,0.5478694431642016
373,manual vikor equal,0.7517733207018156,0.5305233167134538
373,manual waspas equal,0.7728432570678746,0.5368081451376377
373,baseline auto mcdm,0.8278693161096732,0.5656345581765618
373,pareto auto mcdm,0.8999381728367832,0.626639292747308
374,raw cri probability,0.8922749349110971,0.6251523173242574
374,manual topsis equal,0.7765811080254753,0.5493508130593723
374,manual vikor equal,0.747257407988612,0.5325433841758057
374,manual waspas equal,0.7679351524091929,0.5367452413966973
374,baseline auto mcdm,0.8244187723946294,0.5639732761880751
374,pareto auto mcdm,0.8950771940581969,0.6238077230135719
375,raw cri probability,0.8931455596066729,0.6281910860224112
375,manual topsis equal,0.776672690441713,0.5477293790546802
375,manual vikor equal,0.748270230058306,0.5321425562389418
375,manual waspas equal,0.7690893364666621,0.535681186283596
375,baseline auto mcdm,0.8253318521231205,0.5640744797371304
375,pareto auto mcdm,0.8959764035813681,0.626927289577892
376,raw cri probability,0.8934751957210321,0.6256091413207865
376,manual topsis equal,0.7804087853363968,0.549739539573181
376,manual vikor equal,0.7514657426328618,0.5344479919341287
376,manual waspas equal,0.7727441461064691,0.5367165182322299
376,baseline auto mcdm,0.8261864832206082,0.5654511846748445
376,pareto auto mcdm,0.8963550334873578,0.6251890438581751
377,raw cri probability,0.8920110299573222,0.6259554879851346
377,manual topsis equal,0.77767003951862,0.5496853752269943
377,manual vikor equal,0.7483856616748349,0.5339752523332911
377,manual waspas equal,0.7702062774696398,0.539043033911905
377,baseline auto mcdm,0.8242035696155833,0.5656488871996284
377,pareto auto mcdm,0.8947571130150098,0.6258710249588243
378,raw cri probability,0.892291206981766,0.627911874973672
378,manual topsis equal,0.7721767412437341,0.5456843169467964
378,manual vikor equal,0.7437755578984511,0.5317831416656136
378,manual waspas equal,0.7648059958639504,0.5362483676650237
378,baseline auto mcdm,0.8223452383730414,0.5633767218501201
378,pareto auto mcdm,0.8954632674249726,0.6280803740679894
379,raw cri probability,0.8946871136523005,0.626507036336904
379,manual topsis equal,0.7823041851410684,0.5524049569418189
379,manual vikor equal,0.7563902135572222,0.5371140516698173
379,manual waspas equal,0.7756224412187978,0.5412308338584331
379,baseline auto mcdm,0.8286330717907587,0.5672757823986557
379,pareto auto mcdm,0.8974609226990701,0.6259189245956732
380,raw cri probability,0.8985070591522075,0.6271768251841928
380,manual topsis equal,0.7835552173568449,0.5490622906898862
380,manual vikor equal,0.7538282516868849,0.5335733422638982
380,manual waspas equal,0.7760673240193103,0.5390154052243804
380,baseline auto mcdm,0.8318745004745876,0.5672304085733423
380,pareto auto mcdm,0.9010962771200347,0.627093101138647
381,raw cri probability,0.8953766726768226,0.6281144781144782
381,manual topsis equal,0.7793556920750004,0.5516835016835016
381,manual vikor equal,0.7506493924903417,0.5351010101010101
381,manual waspas equal,0.7718867911268272,0.5409090909090909
381,baseline auto mcdm,0.8277711085038325,0.5664141414141414
381,pareto auto mcdm,0.8983044059378653,0.6276094276094276
382,raw cri probability,0.8931596009298847,0.6245012809205829
382,manual topsis equal,0.7804082796259001,0.5499139053378691
382,manual vikor equal,0.7530644195284215,0.5341228843811684
382,manual waspas equal,0.7726557729514933,0.5379026500356978
382,baseline auto mcdm,0.8257706727489079,0.5659569106715383
382,pareto auto mcdm,0.8959099414685473,0.6235773382050313
383,raw cri probability,0.8919318097188677,0.6247635064116038
383,manual topsis equal,0.7762233029154971,0.5495900777801135
383,manual vikor equal,0.7496295919075184,0.5323523228925793
383,manual waspas equal,0.7680829617496698,0.5347067479503889
383,baseline auto mcdm,0.8236376245178073,0.5634643682993483
383,pareto auto mcdm,0.8945829969742773,0.6243430733655666
384,raw cri probability,0.895450810014101,0.6277078085642318
384,manual topsis equal,0.7813004830814169,0.5497900923593618
384,manual vikor equal,0.7533651715800067,0.5365239294710328
384,manual waspas equal,0.7752184722489699,0.5408900083963056
384,baseline auto mcdm,0.8280499334808193,0.5661628883291352
384,pareto auto mcdm,0.898093607189853,0.6278757346767422
385,raw cri probability,0.8949666316417677,0.6297059689563791
385,manual topsis equal,0.7769433272945908,0.5494468514701552
385,manual vikor equal,0.7466426062405492,0.5306860724351155
385,manual waspas equal,0.7686833385020685,0.5366592352668994
385,baseline auto mcdm,0.8260825980707311,0.565431371724225
385,pareto auto mcdm,0.8977991721805839,0.6291170655785976
386,raw cri probability,0.8923983773151141,0.6298221151814763
386,manual topsis equal,0.7707731480782506,0.5464148392276165
386,manual vikor equal,0.7411874575166826,0.5307812566020197
386,manual waspas equal,0.7632330984239403,0.5355980901677442
386,baseline auto mcdm,0.820606409792774,0.5637385388938184
386,pareto auto mcdm,0.8951868662922281,0.6298221151814763
387,raw cri probability,0.8949412819648298,0.6245938515371157
387,manual topsis equal,0.7787082358898225,0.5431142214446388
387,manual vikor equal,0.749127127573627,0.5275347829709239
387,manual waspas equal,0.7703516957660711,0.5326168457885528
387,baseline auto mcdm,0.82651174566676,0.5620261601266351
387,pareto auto mcdm,0.8978480724311015,0.6239273514954594
388,raw cri probability,0.8956859321302052,0.6272815004405656
388,manual topsis equal,0.7875379304660105,0.5520916376452817
388,manual vikor equal,0.7580198360000772,0.537406117568078
388,manual waspas equal,0.780720446780027,0.5416858977048631
388,baseline auto mcdm,0.8311834380078715,0.5677002475559099
388,pareto auto mcdm,0.8985933374961655,0.6279528385012378
389,raw cri probability,0.8955494495919579,0.6242716411653741
389,manual topsis equal,0.7785845031818552,0.5501571997484804
389,manual vikor equal,0.7500556582702338,0.5313770697966883
389,manual waspas equal,0.769904317326381,0.5368266610773423
389,baseline auto mcdm,0.8265518534550355,0.5670928526514358
389,pareto auto mcdm,0.8984108524430677,0.6241878012995179
390,raw cri probability,0.8959751094759045,0.6290853813022548
390,manual topsis equal,0.7822564862907283,0.5538383582467696
390,manual vikor equal,0.753580153687125,0.5376235115277426
390,manual waspas equal,0.7745441712250423,0.541761675534161
390,baseline auto mcdm,0.8298613141242794,0.5705599189257664
390,pareto auto mcdm,0.8987719845926119,0.628663119668947
391,raw cri probability,0.8942840455511741,0.6271870794078062
391,manual topsis equal,0.7792145071691998,0.5522375504710633
391,manual vikor equal,0.7511980839788764,0.5343203230148048
391,manual waspas equal,0.7707629766648839,0.5381897711978465
391,baseline auto mcdm,0.8259712078553229,0.5680518169582773
391,pareto auto mcdm,0.8970565133129882,0.6265982503364737
392,raw cri probability,0.8922305682474945,0.6244739942770577
392,manual topsis equal,0.7797869969920833,0.5504965494024575
392,manual vikor equal,0.7523773698331835,0.5355159064130618
392,manual waspas equal,0.7722080722006295,0.5391348257869046
392,baseline auto mcdm,0.8254223373414097,0.5662346406328901
392,pareto auto mcdm,0.8951159037225079,0.6252314425180946
393,raw cri probability,0.8964498261937945,0.6270965572323343
393,manual topsis equal,0.7803563839233667,0.5511791163983354
393,manual vikor equal,0.7513846491869404,0.5313380133675228
393,manual waspas equal,0.7721435662989045,0.5378115935936778
393,baseline auto mcdm,0.8285378724441376,0.5676573206103661
393,pareto auto mcdm,0.8992905928578054,0.6270965572323343
394,raw cri probability,0.8935319781803586,0.6268292682926829
394,manual topsis equal,0.7827542131262902,0.5513877207737594
394,manual vikor equal,0.7555322010240499,0.5349873843566021
394,manual waspas equal,0.7751549455188013,0.5382674516400336
394,baseline auto mcdm,0.8290392473737762,0.5675357443229605
394,pareto auto mcdm,0.8966292854836725,0.6267451640033641
395,raw cri probability,0.8960728894103737,0.6224277264017328
395,manual topsis equal,0.7838429722743095,0.5459468466216779
395,manual vikor equal,0.7571122961450156,0.5319503457468966
395,manual waspas equal,0.7770770622191345,0.5358660334916271
395,baseline auto mcdm,0.8295839207373075,0.5616929101058069
395,pareto auto mcdm,0.898823302019625,0.622344413896526
396,raw cri probability,0.8937512773680298,0.6260613703236654
396,manual topsis equal,0.7779997902110856,0.5477931904161413
396,manual vikor equal,0.7486871489826041,0.5313997477931904
396,manual waspas equal,0.7701201939915411,0.5355191256830601
396,baseline auto mcdm,0.8257650597535104,0.5625893232450608
396,pareto auto mcdm,0.8966114909543802,0.6258932324506096
397,raw cri probability,0.8958149807529425,0.6253083065089252
397,manual topsis equal,0.7778371391345206,0.5455457547761382
397,manual vikor equal,0.7477060554309302,0.5287404372726893
397,manual waspas equal,0.7704913223686543,0.5350110781321851
397,baseline auto mcdm,0.826730730080347,0.5631035491827264
397,pareto auto mcdm,0.8985033584913641,0.6245558296057857
398,raw cri probability,0.8960451858698039,0.6271698113207547
398,manual topsis equal,0.7808136642460194,0.550272536687631
398,manual vikor equal,0.7527800113628269,0.5331656184486373
398,manual waspas equal,0.7735146770466945,0.5389517819706499
398,baseline auto mcdm,0.8281759906424222,0.5673794549266248
398,pareto auto mcdm,0.8989078543543906,0.6270859538784067
399,raw cri probability,0.892485574039783,0.6264534273601141
399,manual topsis equal,0.778960501728558,0.5503085253746379
399,manual vikor equal,0.748641625468364,0.5338538387272803
399,manual waspas equal,0.7720564866740505,0.5401502749443814
399,baseline auto mcdm,0.8260641602981257,0.565839734710154
399,pareto auto mcdm,0.8955822341375586,0.6255299500482726
400,raw cri probability,0.8954468717196236,0.6282784129119032
400,manual topsis equal,0.7833714540388225,0.550605245460659
400,manual vikor equal,0.7530989321500607,0.535305985205111
400,manual waspas equal,0.7759265435337008,0.5409381304640215
400,baseline auto mcdm,0.829777770615563,0.566324815063887
400,pareto auto mcdm,0.8983719310283012,0.6271856086079355
401,raw cri probability,0.8916646053516489,0.6237598789305532
401,manual topsis equal,0.7771749406935353,0.5485959307213721
401,manual vikor equal,0.748124842704503,0.5333781738691777
401,manual waspas equal,0.7701946878801478,0.5385068101563815
401,baseline auto mcdm,0.8249665452481961,0.5639818395829831
401,pareto auto mcdm,0.8945307361380074,0.623003194888179
402,raw cri probability,0.8963704405417193,0.6302177667326565
402,manual topsis equal,0.7792943437117974,0.5522935006950002
402,manual vikor equal,0.7508315681647265,0.535781980539994
402,manual waspas equal,0.7708156511302567,0.5405838001769091
402,baseline auto mcdm,0.8262723219207068,0.5682995661513837
402,pareto auto mcdm,0.899210362975616,0.6287014026367886
403,raw cri probability,0.8945871587145782,0.6259541984732825
403,manual topsis equal,0.7808708308113708,0.5466823253082795
403,manual vikor equal,0.7513672585391399,0.5307440650952101
403,manual waspas equal,0.7735664739455774,0.5352738864189246
403,baseline auto mcdm,0.8265996287220101,0.5630400134216927
403,pareto auto mcdm,0.8972261907115898,0.6249475715124571
404,raw cri probability,0.8975793422927918,0.6230962343096234
404,manual topsis equal,0.7875196629790249,0.5506276150627616
404,manual vikor equal,0.7585628120349973,0.5350627615062761
404,manual waspas equal,0.7793802331215816,0.5401673640167365
404,baseline auto mcdm,0.833619241343472,0.5688702928870293
404,pareto auto mcdm,0.900375142533104,0.6227615062761507
405,raw cri probability,0.8989006332532833,0.629085582757899
405,manual topsis equal,0.7847341379881325,0.550742833228709
405,manual vikor equal,0.7547787135522027,0.5340029294831554
405,manual waspas equal,0.7766463568013994,0.5393596986817325
405,baseline auto mcdm,0.8312779151756885,0.566562042268257
405,pareto auto mcdm,0.9018118939043398,0.6295877798702657
406,raw cri probability,0.8976929568552152,0.6303991940561642
406,manual topsis equal,0.7835132514655974,0.5530789573101624
406,manual vikor equal,0.7557567259446097,0.5357007933509633
406,manual waspas equal,0.7760056679158412,0.5412416572220123
406,baseline auto mcdm,0.8304880230453415,0.5690299290601519
406,pareto auto mcdm,0.9005373024943789,0.6303152415732696
407,raw cri probability,0.8946386511905504,0.6304467035052939
407,manual topsis equal,0.7836602253285592,0.5550259417049817
407,manual vikor equal,0.7527126515384759,0.5346943940608259
407,manual waspas equal,0.7760576952739843,0.5400936432277387
407,baseline auto mcdm,0.8289200539568458,0.5691146074998945
407,pareto auto mcdm,0.8975799489842895,0.6297717973594297
408,raw cri probability,0.8960918438102786,0.6210953682989477
408,manual topsis equal,0.7813028105104839,0.5415527384207474
408,manual vikor equal,0.7523918523879852,0.5282127765349242
408,manual waspas equal,0.775027314539776,0.5354213273676361
408,baseline auto mcdm,0.8290921799329134,0.557875548927003
408,pareto auto mcdm,0.8989196552122957,0.6213439390173171
409,raw cri probability,0.891728521778675,0.6246995825778977
409,manual topsis equal,0.7756734674661515,0.5482143610068727
409,manual vikor equal,0.746398842330103,0.5336256693510983
409,manual waspas equal,0.7678388236400254,0.5360711725766327
409,baseline auto mcdm,0.8229356163916611,0.564320951216427
409,pareto auto mcdm,0.8944065836885381,0.6241936163933044
410,raw cri probability,0.8930498908809785,0.6247368864191295
410,manual topsis equal,0.7811630046702108,0.5533383851140861
410,manual vikor equal,0.7529661898774693,0.5386882209312115
410,manual waspas equal,0.7738538731033557,0.542898038225141
410,baseline auto mcdm,0.8265795958975697,0.5685779237181107
410,pareto auto mcdm,0.8958843961369775,0.6251578681485223
411,raw cri probability,0.8955153042065809,0.6305948049750403
411,manual topsis equal,0.7776079392533124,0.5478466875370167
411,manual vikor equal,0.7476293049240975,0.5324477536170572
411,manual waspas equal,0.769173938074767,0.5382858109823166
411,baseline auto mcdm,0.8253268872296425,0.5664607834842204
411,pareto auto mcdm,0.8981724905530876,0.6309332430831711
412,raw cri probability,0.8949081629939876,0.6281782327767055
412,manual topsis equal,0.7799198817467007,0.5490475790886968
412,manual vikor equal,0.7517314478414824,0.5320130905429218
412,manual waspas equal,0.7717540856369212,0.53662834606025
412,baseline auto mcdm,0.8262755959368847,0.5633968280607536
412,pareto auto mcdm,0.897794691450172,0.6275069228832759
413,raw cri probability,0.8974910312754303,0.6305783385909569
413,manual topsis equal,0.7814164416163465,0.5507465825446898
413,manual vikor equal,0.7518177288457623,0.5331650893796004
413,manual waspas equal,0.7729069268313044,0.5372870662460567
413,baseline auto mcdm,0.8295793781554803,0.5671503680336488
413,pareto auto mcdm,0.9003880930098712,0.6306624605678234
414,raw cri probability,0.8959957055583309,0.6262312947981724
414,manual topsis equal,0.777449725306537,0.5473445948778136
414,manual vikor equal,0.7484681902923414,0.527727710944377
414,manual waspas equal,0.7694475957149027,0.5342666722555225
414,baseline auto mcdm,0.8264417070477924,0.5624345055958418
414,pareto auto mcdm,0.8987669736724205,0.6258121306115606
415,raw cri probability,0.8955366709540812,0.627302866255403
415,manual topsis equal,0.7815495948692351,0.5494145788744806
415,manual vikor equal,0.7532689013595321,0.533635486172311
415,manual waspas equal,0.7744355628203439,0.5390910235427421
415,baseline auto mcdm,0.8277668055227257,0.5665365730832179
415,pareto auto mcdm,0.8982033792471918,0.6255403080280332
416,raw cri probability,0.8959267861419518,0.6280574934857527
416,manual topsis equal,0.783642493510574,0.5560225266874002
416,manual vikor equal,0.7548273180185563,0.5366899218290325
416,manual waspas equal,0.7751758656554886,0.5425737580902747
416,baseline auto mcdm,0.8297321833704396,0.5703958981255779
416,pareto auto mcdm,0.8987384165011773,0.6275531646633605
417,raw cri probability,0.8949961206767902,0.6222704688739511
417,manual topsis equal,0.7793373814784832,0.546783015322951
417,manual vikor equal,0.7517873001312562,0.5319193353095903
417,manual waspas equal,0.771212982653706,0.5386831447538725
417,baseline auto mcdm,0.8259308741784432,0.5623147258987099
417,pareto auto mcdm,0.8978270124802851,0.6220199574130517
418,raw cri probability,0.8934449632216159,0.6302830308414773
418,manual topsis equal,0.7751758908809191,0.5535389431822989
418,manual vikor equal,0.744898776689854,0.536870161187968
418,manual waspas equal,0.7677936571363772,0.5432161441807335
418,baseline auto mcdm,0.8254610429232678,0.5685154630452257
418,pareto auto mcdm,0.8962491318838554,0.6300291915217667
419,raw cri probability,0.8983862631601435,0.6272609549271064
419,manual topsis equal,0.7808368339273082,0.5493963824721166
419,manual vikor equal,0.7517584896035117,0.5324366097163624
419,manual waspas equal,0.7731801245423091,0.5360290738961527
419,baseline auto mcdm,0.8310780632296715,0.5657713354776724
419,pareto auto mcdm,0.901295757158888,0.627762228998705
420,raw cri probability,0.8952321687237642,0.6292201215395004
420,manual topsis equal,0.7803367726221626,0.5550303848750844
420,manual vikor equal,0.7511304135436424,0.536208642808913
420,manual waspas equal,0.7728946748010816,0.5432140445644835
420,baseline auto mcdm,0.8287445120223694,0.5727548953409858
420,pareto auto mcdm,0.8981776509156577,0.6294733288318705
421,raw cri probability,0.8903621701218711,0.6228243090215156
421,manual topsis equal,0.7761392361276559,0.5452334018370172
421,manual vikor equal,0.7470764440198987,0.529295810091012
421,manual waspas equal,0.7683427000520242,0.5360063750366983
421,baseline auto mcdm,0.8223396877745193,0.5612548756448434
421,pareto auto mcdm,0.8934330571571835,0.622069370465126
422,raw cri probability,0.8956287949248214,0.6297793498399865
422,manual topsis equal,0.7772985879989918,0.5484251305373083
422,manual vikor equal,0.7471010924383221,0.5304867778339228
422,manual waspas equal,0.7690822885485495,0.5358767054067711
422,baseline auto mcdm,0.8260223933515517,0.5664477008590196
422,pareto auto mcdm,0.8984636215900675,0.6284318679467745
423,raw cri probability,0.8990100597674825,0.6264748801334167
423,manual topsis equal,0.7917733792589103,0.5518449030644152
423,manual vikor equal,0.761355941544116,0.5357515113612674
423,manual waspas equal,0.7829370649919423,0.5410047946633312
423,baseline auto mcdm,0.8352927082931689,0.5678549093183239
423,pareto auto mcdm,0.9015820444593374,0.6255576401917865
424,raw cri probability,0.8939228492994555,0.6240147576723125
424,manual topsis equal,0.7815452053182503,0.5499748448767399
424,manual vikor equal,0.7515496803284833,0.5332886131142043
424,manual waspas equal,0.7735456482275339,0.5389904410531611
424,baseline auto mcdm,0.8286804565373064,0.5660741237632065
424,pareto auto mcdm,0.8969964633240892,0.6238470568505785
425,raw cri probability,0.8975949855994172,0.6252033537729945
425,manual topsis equal,0.7843833704714301,0.5495348934217662
425,manual vikor equal,0.7570503370018019,0.5342677178492471
425,manual waspas equal,0.7773678922146959,0.5383556501063697
425,baseline auto mcdm,0.8313250167371764,0.5645517874275227
425,pareto auto mcdm,0.9003363985192621,0.624953072206232
426,raw cri probability,0.8938410618491424,0.6216080821574684
426,manual topsis equal,0.7752857910754016,0.5469650162812056
426,manual vikor equal,0.7477683872489276,0.5294314102028889
426,manual waspas equal,0.7684615088268753,0.5347749853886616
426,baseline auto mcdm,0.8235444241601789,0.5622443015780245
426,pareto auto mcdm,0.8967539173751397,0.621441095432913
427,raw cri probability,0.8951110853369677,0.6305493486234665
427,manual topsis equal,0.7819006243125166,0.5544921792655677
427,manual vikor equal,0.7524346235108718,0.5369534971963404
427,manual waspas equal,0.7742351661326917,0.5436991441460433
427,baseline auto mcdm,0.8294641890926164,0.5708503731185969
427,pareto auto mcdm,0.8981291903038434,0.6305493486234665
428,raw cri probability,0.8971817773496817,0.6237087637454182
428,manual topsis equal,0.7889601123731946,0.5528990336554481
428,manual vikor equal,0.7610978977929893,0.5368210596467844
428,manual waspas equal,0.780635180567721,0.5431522825724758
428,baseline auto mcdm,0.8342528797745272,0.5673942019326891
428,pareto auto mcdm,0.9001608125326007,0.6239586804398534
429,raw cri probability,0.8985341965269398,0.6286385370354836
429,manual topsis equal,0.785988600384764,0.5509604898917875
429,manual vikor equal,0.7570023919403422,0.535106115258787
429,manual waspas equal,0.778123604539339,0.540223135642983
429,baseline auto mcdm,0.8331527471469748,0.5684086905460951
429,pareto auto mcdm,0.9012005342992572,0.6280513379750021
430,raw cri probability,0.8967042135117326,0.6256805427590251
430,manual topsis equal,0.7843373705469343,0.5520562861211157
430,manual vikor equal,0.7558150499322142,0.5369796465365609
430,manual waspas equal,0.7765111784837543,0.542256470391155
430,baseline auto mcdm,0.8303164133255521,0.5683893123377167
430,pareto auto mcdm,0.899641010746706,0.6262668565206466
431,raw cri probability,0.8960361807178584,0.6287422628321193
431,manual topsis equal,0.7872131122820507,0.5583392984967788
431,manual vikor equal,0.7583854025458617,0.5409911996294581
431,manual waspas equal,0.7791303006008317,0.5421701966398585
431,baseline auto mcdm,0.8312474148954805,0.5719819781885552
431,pareto auto mcdm,0.8988242788249332,0.6277316939660618
432,raw cri probability,0.8945210483422164,0.623868588669125
432,manual topsis equal,0.780258178196012,0.5501173315454241
432,manual vikor equal,0.7524950868403254,0.5362051625879987
432,manual waspas equal,0.7729720890979594,0.5395574924572578
432,baseline auto mcdm,0.828055899449096,0.5667113643982568
432,pareto auto mcdm,0.8975065458618052,0.6229466979550787
433,raw cri probability,0.8962123111584199,0.6273636440036978
433,manual topsis equal,0.7829483830398843,0.5515589545339945
433,manual vikor equal,0.7533462804503784,0.5379443650726953
433,manual waspas equal,0.7752455769161362,0.5418942768299858
433,baseline auto mcdm,0.8306640435133004,0.5676947642659047
433,pareto auto mcdm,0.8990797376084019,0.6271115219766367
434,raw cri probability,0.8953845360052315,0.6257488792995098
434,manual topsis equal,0.7799007594760516,0.5470694205873727
434,manual vikor equal,0.7506217105234747,0.5293895848171268
434,manual waspas equal,0.7721957176340077,0.536595584230592
434,baseline auto mcdm,0.827339153865911,0.5644140935942017
434,pareto auto mcdm,0.8982287567755476,0.6249947630818216
435,raw cri probability,0.8933760032576102,0.6273850550558965
435,manual topsis equal,0.7751270234950964,0.5491300327813734
435,manual vikor equal,0.7466003257660505,0.5307220307640581
435,manual waspas equal,0.7676879712003083,0.5359334285954442
435,baseline auto mcdm,0.8232893459158281,0.5661931579389763
435,pareto auto mcdm,0.8959796244264937,0.6269647810372362
436,raw cri probability,0.8910490949647591,0.6275356794985812
436,manual topsis equal,0.775356600041517,0.5514758819294456
436,manual vikor equal,0.7465756420484819,0.5354677508152289
436,manual waspas equal,0.7677961910962919,0.5387710159657816
436,baseline auto mcdm,0.8228170361079951,0.5665523228729937
436,pareto auto mcdm,0.8940401352827124,0.627281582179308
437,raw cri probability,0.8952690415570972,0.6289467037130589
437,manual topsis equal,0.7801110063728273,0.5505599057000926
437,manual vikor equal,0.7525932181812173,0.5354887597878252
437,manual waspas equal,0.7711528810258331,0.5399511661193904
437,baseline auto mcdm,0.8281184365960395,0.5683253346804749
437,pareto auto mcdm,0.8983121045480309,0.62827313294603
438,raw cri probability,0.8920306133132616,0.62339514978602
438,manual topsis equal,0.7792626728642752,0.5474532180918017
438,manual vikor equal,0.7499154358009869,0.5331878828564237
438,manual waspas equal,0.7716534350213438,0.5377192246370731
438,baseline auto mcdm,0.8258420500387561,0.5664177225811865
438,pareto auto mcdm,0.8949400132230706,0.6224720986825544
439,raw cri probability,0.8933412703374731,0.6291754756871036
439,manual topsis equal,0.7790851148091661,0.5506131078224101
439,manual vikor equal,0.7494091977994459,0.535644820295983
439,manual waspas equal,0.7719342078936834,0.5402959830866808
439,baseline auto mcdm,0.8260556602496225,0.5683720930232558
439,pareto auto mcdm,0.8963783587931476,0.6291754756871036
440,raw cri probability,0.89790952750014,0.6272487105296264
440,manual topsis equal,0.784683686161578,0.55596091751583
440,manual vikor equal,0.7573664926985766,0.5394389231349855
440,manual waspas equal,0.7767918335436763,0.544051662682937
440,baseline auto mcdm,0.8316459677398684,0.570553948085713
440,pareto auto mcdm,0.9009036564374157,0.6278357864720929
441,raw cri probability,0.8925724008431676,0.6226486237379028
441,manual topsis equal,0.7855281538477827,0.5533537224014411
441,manual vikor equal,0.7584494860554553,0.535925258703758
441,manual waspas equal,0.778121045909764,0.5413716536092841
441,baseline auto mcdm,0.8303561202893127,0.5693577443546022
441,pareto auto mcdm,0.8954808660002411,0.623067577192174
442,raw cri probability,0.8973555866745898,0.6276600209863589
442,manual topsis equal,0.7837969313822142,0.555299055613851
442,manual vikor equal,0.7554576702406586,0.5375026232948583
442,manual waspas equal,0.7761568285019286,0.5422875131164742
442,baseline auto mcdm,0.830978744490804,0.5690661070304301
442,pareto auto mcdm,0.9003295054937435,0.627492130115425
443,raw cri probability,0.8971950111570588,0.6282889224065694
443,manual topsis equal,0.7825391410809895,0.546673370202782
443,manual vikor equal,0.7533028810143212,0.5314228255404726
443,manual waspas equal,0.7754465516684528,0.5364504776269482
443,baseline auto mcdm,0.8297893675574691,0.5644377409083292
443,pareto auto mcdm,0.8997913487339212,0.6275347745935982
444,raw cri probability,0.8960302120752782,0.6280306519827478
444,manual topsis equal,0.7836645621647577,0.5508982035928144
444,manual vikor equal,0.7551168685323442,0.535320966458691
444,manual waspas equal,0.7752946278084882,0.5403458816632469
444,baseline auto mcdm,0.830243075150886,0.5660566977932248
444,pareto auto mcdm,0.8990311781943703,0.6282818977429755
445,raw cri probability,0.89468908265191,0.6272393879357586
445,manual topsis equal,0.7760517473729229,0.5494246090292122
445,manual vikor equal,0.7477744139182113,0.5351768326097036
445,manual waspas equal,0.7671406127394769,0.5398136829237449
445,baseline auto mcdm,0.8249477383265358,0.5662015765291069
445,pareto auto mcdm,0.8974361315638594,0.627829532521182
446,raw cri probability,0.8943812312301757,0.6246853498909213
446,manual topsis equal,0.7805369857557091,0.5507635509313643
446,manual vikor equal,0.7523173254145353,0.5329753314314483
446,manual waspas equal,0.7735417159355756,0.5397717737875483
446,baseline auto mcdm,0.8278555874467682,0.5649437825138446
446,pareto auto mcdm,0.8973733415181698,0.6242658164121496
447,raw cri probability,0.8923861291651515,0.6313019860804617
447,manual topsis equal,0.7729977406484636,0.5505007638771007
447,manual vikor equal,0.7446051014149389,0.534459344763198
447,manual waspas equal,0.765750998801066,0.5398064844678323
447,baseline auto mcdm,0.8213933347002541,0.5653539297233067
447,pareto auto mcdm,0.8949874032854005,0.6307927346800204
448,raw cri probability,0.8981744923259632,0.6301139469368877
448,manual topsis equal,0.7816052261836257,0.5506454189967624
448,manual vikor equal,0.7524673548521938,0.5352562754908969
448,manual waspas equal,0.7744340437521572,0.539460959508893
448,baseline auto mcdm,0.8297030932235647,0.5660345625026278
448,pareto auto mcdm,0.9008635712528777,0.6296934785350881
449,raw cri probability,0.8946095524593894,0.6194054776219104
449,manual topsis equal,0.7874725169719611,0.5525217100868403
449,manual vikor equal,0.7612172502785837,0.5347361389445557
449,manual waspas equal,0.7803062304422548,0.5399131596526386
449,baseline auto mcdm,0.8321403114080901,0.5674682698730795
449,pareto auto mcdm,0.897432453033736,0.6189044756179024
450,raw cri probability,0.8923499259469159,0.6244131455399061
450,manual topsis equal,0.7783262136631164,0.5421696847753185
450,manual vikor equal,0.7483010683594258,0.5264084507042255
450,manual waspas equal,0.7714069229733094,0.534037558685446
450,baseline auto mcdm,0.8254910438144349,0.5606136820925554
450,pareto auto mcdm,0.8949889454892543,0.6236586183769283
451,raw cri probability,0.8963475618127587,0.6247908999665439
451,manual topsis equal,0.7809822828912277,0.5464202074272332
451,manual vikor equal,0.7513600701079043,0.5287721646035463
451,manual waspas equal,0.7732602184241328,0.5329541652726665
451,baseline auto mcdm,0.8274234201551206,0.5613917698226831
451,pareto auto mcdm,0.8990085401446621,0.6245399799263968
452,raw cri probability,0.8956115669329675,0.6271627750713925
452,manual topsis equal,0.782920337743939,0.5518226104485133
452,manual vikor equal,0.7535840160210218,0.5346883924071897
452,manual waspas equal,0.7743631133402953,0.5388879556526122
452,baseline auto mcdm,0.8290805880230045,0.566521081807492
452,pareto auto mcdm,0.8984237866268868,0.6257349235679489
453,raw cri probability,0.8975045729452465,0.6291917364412842
453,manual topsis equal,0.7846309073958546,0.555476080279379
453,manual vikor equal,0.756098480704726,0.5386460217949257
453,manual waspas equal,0.7766195959609908,0.5427693861236168
453,baseline auto mcdm,0.8317840707874729,0.5699499305760087
453,pareto auto mcdm,0.9004070358000136,0.62792948205495
454,raw cri probability,0.8974143475426704,0.6258196550139916
454,manual topsis equal,0.7804200065941523,0.5462974564590903
454,manual vikor equal,0.7519446943517697,0.5285887315708141
454,manual waspas equal,0.7727560037647982,0.5348536106586476
454,baseline auto mcdm,0.8280221107211743,0.562836737250971
454,pareto auto mcdm,0.9000249794533678,0.625318464686965
455,raw cri probability,0.8959136775583398,0.6283505587765734
455,manual topsis equal,0.7799194575108016,0.5500378119485758
455,manual vikor equal,0.7508002208338609,0.5323922359465592
455,manual waspas equal,0.7722517828494312,0.5374338290899925
455,baseline auto mcdm,0.8279963422419694,0.5658348037980002
455,pareto auto mcdm,0.8987020751107748,0.6288547180909168
456,raw cri probability,0.8967997264185302,0.6288136304502917
456,manual topsis equal,0.7766838306688415,0.5480716773679131
456,manual vikor equal,0.7468852405898339,0.532208653321583
456,manual waspas equal,0.7692288258134138,0.5369088085945697
456,baseline auto mcdm,0.8266176153750279,0.5613328297452683
456,pareto auto mcdm,0.8996655729000774,0.6277225229762055
457,raw cri probability,0.8943461353717959,0.629115096404816
457,manual topsis equal,0.780997745340296,0.5548539193399007
457,manual vikor equal,0.75131190962227,0.5365833122842469
457,manual waspas equal,0.772740952647797,0.5424770564957481
457,baseline auto mcdm,0.8288594337775828,0.5709354214027111
457,pareto auto mcdm,0.8975503980347572,0.6287783110213017
458,raw cri probability,0.8964253699673441,0.6267478479949611
458,manual topsis equal,0.7806730338860447,0.5460424102456436
458,manual vikor equal,0.7516172228076854,0.5291622926726853
458,manual waspas equal,0.7737366343948082,0.5347050178458954
458,baseline auto mcdm,0.8277979857087937,0.5643501994541256
458,pareto auto mcdm,0.8991795048456465,0.6254881377283226
459,raw cri probability,0.8957903154918077,0.6293776769967246
459,manual topsis equal,0.7815800619624554,0.5482489292013102
459,manual vikor equal,0.7520391539464573,0.5309481817418326
459,manual waspas equal,0.7737332076165161,0.5395145712606031
459,baseline auto mcdm,0.82944880682494,0.5669774082472496
459,pareto auto mcdm,0.8987737042745705,0.6291257243638196
460,raw cri probability,0.896847726951039,0.6294814003454523
460,manual topsis equal,0.7844698120313038,0.5538189324682984
460,manual vikor equal,0.7549629203602078,0.5377259131313982
460,manual waspas equal,0.7772466478445419,0.5420230020642878
460,baseline auto mcdm,0.8313144741808309,0.5699119518051986
460,pareto auto mcdm,0.8998219607028687,0.6286388338880229
461,raw cri probability,0.8969130041215488,0.6281158203944607
461,manual topsis equal,0.7814670858968684,0.5524129248845993
461,manual vikor equal,0.751374499069125,0.5357112882920687
461,manual waspas equal,0.7740664910371727,0.5392362568191355
461,baseline auto mcdm,0.828777814475036,0.5683592110784725
461,pareto auto mcdm,0.8996907730971861,0.6266051195971465
462,raw cri probability,0.8936822092865095,0.6312938986206313
462,manual topsis equal,0.775252057062582,0.5503088770415503
462,manual vikor equal,0.7467344562569289,0.5347380891935347
462,manual waspas equal,0.7680523478452728,0.5393924007785394
462,baseline auto mcdm,0.8231487272196505,0.5654565456545655
462,pareto auto mcdm,0.8964721986502302,0.6304476601506305
463,raw cri probability,0.8942509692805777,0.6256762991234325
463,manual topsis equal,0.7795607946201509,0.5495113869898922
463,manual vikor equal,0.750112483841095,0.5318122719456444
463,manual waspas equal,0.7720071895321066,0.5382711907058675
463,baseline auto mcdm,0.8275565755087864,0.5655328607977184
463,pareto auto mcdm,0.8970586137425599,0.6250052426288638
464,raw cri probability,0.8944257860058865,0.6295266969850092
464,manual topsis equal,0.7745351150833426,0.5449722081859525
464,manual vikor equal,0.7438007510595784,0.5276233788108472
464,manual waspas equal,0.7661634678018847,0.5327606535287183
464,baseline auto mcdm,0.8225276135770367,0.5644264780192016
464,pareto auto mcdm,0.8971497487036727,0.628263432710123
465,raw cri probability,0.8969560345298417,0.6280201342281879
465,manual topsis equal,0.7828889823066103,0.5507550335570471
465,manual vikor equal,0.7538576036091905,0.5348993288590603
465,manual waspas equal,0.7753374165673056,0.5401006711409396
465,baseline auto mcdm,0.8296978919120122,0.5667785234899329
465,pareto auto mcdm,0.899732666320186,0.6281879194630873
466,raw cri probability,0.8976600182272716,0.624576943968579
466,manual topsis equal,0.7859340404038604,0.5491998495800777
466,manual vikor equal,0.7562560746412909,0.5326536581289433
466,manual waspas equal,0.7775246491404335,0.5380019220323402
466,baseline auto mcdm,0.8333641341199034,0.5673338068775331
466,pareto auto mcdm,0.9004246740794271,0.6255797434504659
467,raw cri probability,0.897098212627977,0.6280991735537189
467,manual topsis equal,0.7784320494688153,0.5493979947140999
467,manual vikor equal,0.7505212929369768,0.5334563913244116
467,manual waspas equal,0.7706789106943731,0.5385744850442589
467,baseline auto mcdm,0.8264202548723818,0.5649200822251121
467,pareto auto mcdm,0.8997025992691544,0.626840625917691
468,raw cri probability,0.8959369303000199,0.6274411197720224
468,manual topsis equal,0.7794789469679911,0.5499119939653004
468,manual vikor equal,0.7519283710390299,0.5319755259408264
468,manual waspas equal,0.7716201241617294,0.5381778560053642
468,baseline auto mcdm,0.8254169501506667,0.5655854496689297
468,pareto auto mcdm,0.8986969787817699,0.626519151789456
469,raw cri probability,0.8937473064510085,0.6259477674810446
469,manual topsis equal,0.7763066735167572,0.5507160909856782
469,manual vikor equal,0.7495584377887308,0.5336141533277169
469,manual waspas equal,0.7685442111864633,0.5384161752316764
469,baseline auto mcdm,0.8254614253148521,0.5660488626790228
469,pareto auto mcdm,0.896345323999809,0.6264532434709351
470,raw cri probability,0.8959555066760421,0.6237549175525237
470,manual topsis equal,0.7840906217583601,0.5490081191931029
470,manual vikor equal,0.7553201114898122,0.5338578722691889
470,manual waspas equal,0.7772474903077224,0.5401355988951201
470,baseline auto mcdm,0.830430549818273,0.5654139114422031
470,pareto auto mcdm,0.898795256059423,0.6229178873357327
471,raw cri probability,0.894518459201139,0.6257953061138499
471,manual topsis equal,0.7798702168415363,0.5545864408207981
471,manual vikor equal,0.7501464684523427,0.5373951881346648
471,manual waspas equal,0.7721031049544267,0.5420300846922008
471,baseline auto mcdm,0.8273211856043123,0.5695023806514137
471,pareto auto mcdm,0.8975081947932567,0.6264694728858552
472,raw cri probability,0.897341312307321,0.6245827770360481
472,manual topsis equal,0.7836512939967051,0.5476468624833111
472,manual vikor equal,0.755871422901127,0.531041388518024
472,manual waspas equal,0.7760783539090017,0.5362149532710281
472,baseline auto mcdm,0.8306976603455842,0.5624165554072096
472,pareto auto mcdm,0.9000735385391261,0.6245827770360481
473,raw cri probability,0.8984476069498442,0.6278884462151395
473,manual topsis equal,0.7786870565166745,0.5457747955546236
473,manual vikor equal,0.7484463139826898,0.5291675403648564
473,manual waspas equal,0.7706913605739937,0.5354581673306773
473,baseline auto mcdm,0.8270204668455244,0.5631369259802894
473,pareto auto mcdm,0.9008018932268997,0.6275529461102957
474,raw cri probability,0.8928177235598571,0.6277390753641545
474,manual topsis equal,0.7770389355689349,0.550221659278024
474,manual vikor equal,0.746615398966488,0.5335866582225037
474,manual waspas equal,0.77063237689056,0.539413130673422
474,baseline auto mcdm,0.8250949151623386,0.5664344521849272
474,pareto auto mcdm,0.8956779346133323,0.6282457251424952
475,raw cri probability,0.8957851828397525,0.6294642857142857
475,manual topsis equal,0.777579600953959,0.5487702156334232
475,manual vikor equal,0.7464944394094829,0.5317553908355795
475,manual waspas equal,0.7697769788748465,0.5379043126684636
475,baseline auto mcdm,0.825783747232795,0.5640161725067385
475,pareto auto mcdm,0.8986446660331573,0.6295485175202157
476,raw cri probability,0.8966878048908589,0.629623374429995
476,manual topsis equal,0.7836823570037494,0.5558182739402129
476,manual vikor equal,0.7552004336211258,0.5392670157068062
476,manual waspas equal,0.7743837271511796,0.54171592636379
476,baseline auto mcdm,0.8293377832590193,0.5728762033440298
476,pareto auto mcdm,0.8993287162405202,0.6292011484546528
477,raw cri probability,0.8934801553627647,0.6283544303797468
477,manual topsis equal,0.7762913308188718,0.5467510548523207
477,manual vikor equal,0.745492254505164,0.529367088607595
477,manual waspas equal,0.768646788305532,0.5365400843881857
477,baseline auto mcdm,0.8249628173089133,0.5653164556962025
477,pareto auto mcdm,0.896168835442623,0.6274261603375527
478,raw cri probability,0.8943625990726124,0.6261548798924912
478,manual topsis equal,0.7802147202555217,0.5481269947925416
478,manual vikor equal,0.7505287314204232,0.5332605409037461
478,manual waspas equal,0.772005760063303,0.5376280866789854
478,baseline auto mcdm,0.8266537599134365,0.5648412565093229
478,pareto auto mcdm,0.8971378091340259,0.625566941038132
479,raw cri probability,0.8926706382122854,0.6275434974933648
479,manual topsis equal,0.7765027481460471,0.5515440030332391
479,manual vikor equal,0.7470337767302422,0.5332603109070226
479,manual waspas equal,0.7690791054576185,0.535535240342082
479,baseline auto mcdm,0.8236287240184945,0.5666259426212241
479,pareto auto mcdm,0.8956276518944044,0.6265324177444496
480,raw cri probability,0.8946421749494613,0.6265830773761939
480,manual topsis equal,0.7814701519410715,0.5524466697521774
480,manual vikor equal,0.7525982144374482,0.5361215130222577
480,manual waspas equal,0.7737181470357165,0.5414229814448606
480,baseline auto mcdm,0.829265406546422,0.5670046703412295
480,pareto auto mcdm,0.8973498473597774,0.6262464762065049
481,raw cri probability,0.8973628926761766,0.622946729321745
481,manual topsis equal,0.7851546989611289,0.5475111240487379
481,manual vikor equal,0.755747877985516,0.5293799642367031
481,manual waspas equal,0.7766195616468986,0.5371148168170665
481,baseline auto mcdm,0.8300108518938522,0.5642283860772653
481,pareto auto mcdm,0.9001099635792575,0.6230298997795982
482,raw cri probability,0.8935961912587466,0.6281235514727571
482,manual topsis equal,0.7770630763710299,0.551599174076103
482,manual vikor equal,0.7473888178838857,0.5314567443428427
482,manual waspas equal,0.7682424306300131,0.5371033669040496
482,baseline auto mcdm,0.8253460195802493,0.5682862079136993
482,pareto auto mcdm,0.8963753600650107,0.6279549955754077
483,raw cri probability,0.892844800418322,0.6266173752310537
483,manual topsis equal,0.7769053652320749,0.5458746429171568
483,manual vikor equal,0.7490320044771958,0.5290707444127037
483,manual waspas equal,0.7697670194668719,0.5346160309191733
483,baseline auto mcdm,0.8231175898381107,0.5630986388842212
483,pareto auto mcdm,0.8956802537238137,0.6267013947235758
484,raw cri probability,0.8950427365960693,0.6265272704370828
484,manual topsis equal,0.7802172694171493,0.5521266322374776
484,manual vikor equal,0.7510040035904864,0.5358357475752613
484,manual waspas equal,0.7726787947361292,0.5394466137632783
484,baseline auto mcdm,0.8256287461057451,0.5665700969895453
484,pareto auto mcdm,0.8978439513621015,0.6264432968048033
485,raw cri probability,0.8979295216847668,0.6263860412569564
485,manual topsis equal,0.7804903305823022,0.5504832838194066
485,manual vikor equal,0.7516304404280869,0.5332440687894892
485,manual waspas equal,0.7725490259909883,0.5379304573413113
485,baseline auto mcdm,0.8294940515897888,0.5657977321226829
485,pareto auto mcdm,0.9008162954500686,0.627222896355496
486,raw cri probability,0.8957716485433352,0.6301726673108432
486,manual topsis equal,0.7778016225434489,0.5524513716758391
486,manual vikor equal,0.7496171077099572,0.5335461916565138
486,manual waspas equal,0.7703292503850789,0.5393437801957736
486,baseline auto mcdm,0.8255649946055861,0.5658950552451372
486,pareto auto mcdm,0.8987153997813407,0.6295004831323783
487,raw cri probability,0.8969768865566777,0.6310736842105263
487,manual topsis equal,0.7786276559880712,0.5519157894736841
487,manual vikor equal,0.7503397647618881,0.5328
487,manual waspas equal,0.7699449603675524,0.5379368421052632
487,baseline auto mcdm,0.8276834274470664,0.5665684210526315
487,pareto auto mcdm,0.89988878079457,0.6304
488,raw cri probability,0.8967002944734196,0.6278544542032622
488,manual topsis equal,0.7843874269735879,0.5524884985361773
488,manual vikor equal,0.7546052777002212,0.5341698034295274
488,manual waspas equal,0.7763872335529901,0.5412797992471768
488,baseline auto mcdm,0.8324229240017488,0.5688833124215809
488,pareto auto mcdm,0.8997159046470184,0.6274362191551652
489,raw cri probability,0.8943925003547868,0.623266725315236
489,manual topsis equal,0.781154082911134,0.5480289891500146
489,manual vikor equal,0.7524374900879446,0.5318587407314315
489,manual waspas equal,0.7733510214422392,0.5362992752712495
489,baseline auto mcdm,0.828358690334168,0.5626073478279083
489,pareto auto mcdm,0.8973411185413322,0.6229315906329856
490,raw cri probability,0.8933409060260753,0.6289961569323028
490,manual topsis equal,0.7770080985489428,0.5511212466742683
490,manual vikor equal,0.7486528564847554,0.5354111237805651
490,manual waspas equal,0.7684243847352348,0.5373537733857005
490,baseline auto mcdm,0.8249118641556258,0.5688584821994171
490,pareto auto mcdm,0.8964013151471029,0.6285738418007517
491,raw cri probability,0.8949513222698637,0.6277850039860697
491,manual topsis equal,0.775919906687208,0.5438677464020476
491,manual vikor equal,0.746004102349512,0.5295178953551798
491,manual waspas equal,0.768723045185582,0.5343011790374691
491,baseline auto mcdm,0.8245043916375419,0.5610707842067721
491,pareto auto mcdm,0.8976426683204182,0.6274493349557336
492,raw cri probability,0.8946703821384288,0.6259273230227587
492,manual topsis equal,0.7813664679835142,0.5524120876817973
492,manual vikor equal,0.7550436222137892,0.5353954482585187
492,manual waspas equal,0.7734184938858779,0.5399220419967308
492,baseline auto mcdm,0.8280652098048499,0.5678360367157047
492,pareto auto mcdm,0.8974150476254781,0.6253405423529904
493,raw cri probability,0.8954710164681332,0.6272219187292517
493,manual topsis equal,0.7827706610042424,0.5481363197041644
493,manual vikor equal,0.7549495951908212,0.5325881413623567
493,manual waspas equal,0.7756349238664786,0.5397318989788629
493,baseline auto mcdm,0.829903345284372,0.5676345757868639
493,pareto auto mcdm,0.8984757232335971,0.6268857419002396
494,raw cri probability,0.8974247803439884,0.6325608881009667
494,manual topsis equal,0.7827545147625292,0.5543033219366004
494,manual vikor equal,0.7537908316331279,0.5368283314338778
494,manual waspas equal,0.7738381648073874,0.5402051411928581
494,baseline auto mcdm,0.8290918783419461,0.5711873707315014
494,pareto auto mcdm,0.9003229821323292,0.6323076273690431
495,raw cri probability,0.894259417524624,0.6267381470933155
495,manual topsis equal,0.7761457056507381,0.5435583849891105
495,manual vikor equal,0.7473329484361855,0.5288155469927961
495,manual waspas equal,0.768698382734586,0.5347629418663092
495,baseline auto mcdm,0.8239136488080027,0.5601440777349639
495,pareto auto mcdm,0.8968936498699052,0.6262355503434411
496,raw cri probability,0.8951438288053304,0.6277018269994565
496,manual topsis equal,0.7801889033413992,0.5484342990927714
496,manual vikor equal,0.7507899139960673,0.5321292696182951
496,manual waspas equal,0.7725855999046415,0.5381495881934864
496,baseline auto mcdm,0.8277349995468942,0.5637359421380492
496,pareto auto mcdm,0.897888320109704,0.6271165182490906
497,raw cri probability,0.8935515679545777,0.6303770802612176
497,manual topsis equal,0.7732264371922986,0.5471244996840111
497,manual vikor equal,0.7434807671461487,0.5303560143248367
497,manual waspas equal,0.7660806083317301,0.5358331577838635
497,baseline auto mcdm,0.8233395985581672,0.5633031388245208
497,pareto auto mcdm,0.8965701661318713,0.6295344428059827
498,raw cri probability,0.8907850998394184,0.6275454161385721
498,manual topsis equal,0.7790256808746433,0.5522602450359104
498,manual vikor equal,0.74960282151312,0.5356991972961553
498,manual waspas equal,0.7710930832635532,0.5402619349387411
498,baseline auto mcdm,0.8258030291735716,0.567553865652725
498,pareto auto mcdm,0.893860525150926,0.626615969581749
499,raw cri probability,0.8950904998556177,0.626473560121253
499,manual topsis equal,0.7796832505078143,0.5506062647356011
499,manual vikor equal,0.7507486363757137,0.5326709329740653
499,manual waspas equal,0.7716807608349792,0.5376389356685752
499,baseline auto mcdm,0.8263160631372396,0.5660154934321321
499,pareto auto mcdm,0.8977732550309451,0.6252947120242507
500,raw cri probability,0.8969189362228056,0.6235560020090407
500,manual topsis equal,0.7886392452065715,0.5544115184999162
500,manual vikor equal,0.7617605461722907,0.5389251632345554
500,manual waspas equal,0.7804105978560371,0.5431943746860873
500,baseline auto mcdm,0.8340235200208407,0.571320944249121
500,pareto auto mcdm,0.8998777000948028,0.6235560020090407
501,raw cri probability,0.8942313859584721,0.6244184584433546
501,manual topsis equal,0.7824391696366048,0.5493105327130223
501,manual vikor equal,0.7539602642023051,0.5347248417787838
501,manual waspas equal,0.775827377857639,0.5395029129468963
501,baseline auto mcdm,0.8286106504527945,0.5643991785070623
501,pareto auto mcdm,0.8969799119462181,0.6239155035835534
502,raw cri probability,0.8951810742362599,0.6279578947368422
502,manual topsis equal,0.7804037152340708,0.5524210526315789
502,manual vikor equal,0.7525594978088,0.5363368421052631
502,manual waspas equal,0.7727962306067857,0.5412210526315789
502,baseline auto mcdm,0.828521320766017,0.5667368421052632
502,pareto auto mcdm,0.8982034909527628,0.6274526315789474
503,raw cri probability,0.8981694779347599,0.6237006237006236
503,manual topsis equal,0.786430943732075,0.5476923076923077
503,manual vikor equal,0.7570036740129243,0.5318087318087318
503,manual waspas equal,0.7787529324366953,0.536964656964657
503,baseline auto mcdm,0.8332446430596819,0.5641580041580041
503,pareto auto mcdm,0.9008255465708817,0.6238669438669439
504,raw cri probability,0.8939038012459514,0.6251782269563029
504,manual topsis equal,0.7805736016651146,0.5509519416254297
504,manual vikor equal,0.7519523927002044,0.5345969973999831
504,manual waspas equal,0.7726789232643434,0.5388744443512539
504,baseline auto mcdm,0.8286378250441027,0.5647907405854231
504,pareto auto mcdm,0.8967433196941256,0.6253459699739999
505,raw cri probability,0.8901600896479835,0.6292736860010205
505,manual topsis equal,0.770821582673869,0.5507739411464535
505,manual vikor equal,0.7417312022300406,0.5335091001871066
505,manual waspas equal,0.7628504920586192,0.5382718149345127
505,baseline auto mcdm,0.8196539193877074,0.5675284912400068
505,pareto auto mcdm,0.8929924648089355,0.6285082497023303
506,raw cri probability,0.8930678106564094,0.6256143151174024
506,manual topsis equal,0.775414729903213,0.5476540513294409
506,manual vikor equal,0.7465458574105127,0.531020288150544
506,manual waspas equal,0.7666293892238164,0.5334565463939178
506,baseline auto mcdm,0.8233854870822971,0.5637837610786743
506,pareto auto mcdm,0.8959288403406135,0.624942243877851
507,raw cri probability,0.8948349649785974,0.6261905760919733
507,manual topsis equal,0.7835215875697569,0.5509167960391055
507,manual vikor equal,0.7557933668718474,0.5352242688708934
507,manual waspas equal,0.7756701634100882,0.5398397180380146
507,baseline auto mcdm,0.8291224802850132,0.5666932404649017
507,pareto auto mcdm,0.8978424615348415,0.6265262451223094
508,raw cri probability,0.8962410544606979,0.626116118214211
508,manual topsis equal,0.7829284897994171,0.5509955984070425
508,manual vikor equal,0.7554020013904146,0.535149863760218
508,manual waspas equal,0.775644823625259,0.5396772165164535
508,baseline auto mcdm,0.8300744814390209,0.5660867742611613
508,pareto auto mcdm,0.8990794820507502,0.625361559421505
509,raw cri probability,0.8967629292267949,0.6250785537726757
509,manual topsis equal,0.7845835730152203,0.5511751644392309
509,manual vikor equal,0.7553409991544436,0.5336629100506933
509,manual waspas equal,0.7762083611743535,0.539025514265365
509,baseline auto mcdm,0.8297696679109479,0.5681846746826428
509,pareto auto mcdm,0.899466547791519,0.6242406468641334
510,raw cri probability,0.8947190352906197,0.6272784412319297
510,manual topsis equal,0.7792085845075317,0.5493400377121307
510,manual vikor equal,0.7502441288991714,0.5329143096584957
510,manual waspas equal,0.7718044231940139,0.5370207416719045
510,baseline auto mcdm,0.8275459734196461,0.5641734758013828
510,pareto auto mcdm,0.8974749670774723,0.626859417557092
511,raw cri probability,0.8933909952779479,0.6290071190867349
511,manual topsis equal,0.7765274729980794,0.550823539323476
511,manual vikor equal,0.7486700137974656,0.5345633767218502
511,manual waspas equal,0.7691288570535109,0.5400395972871646
511,baseline auto mcdm,0.825208654303227,0.5666624541893087
511,pareto auto mcdm,0.89626063088493,0.6288386199924176
512,raw cri probability,0.898213776539227,0.6286628494442573
512,manual topsis equal,0.7864137562952933,0.5530481643651061
512,manual vikor equal,0.7559277659667873,0.5361232738295723
512,manual waspas equal,0.7771351033919487,0.5404176490400808
512,baseline auto mcdm,0.8321957104699609,0.5708992926911418
512,pareto auto mcdm,0.9009967860267899,0.6290838666217582
513,raw cri probability,0.8940994285798625,0.6235811518324608
513,manual topsis equal,0.7768820001514536,0.5477696335078535
513,manual vikor equal,0.7478650054264198,0.5313507853403141
513,manual waspas equal,0.7701740730150982,0.5373821989528795
513,baseline auto mcdm,0.8241019885623695,0.5635183246073299
513,pareto auto mcdm,0.8966781342802924,0.6237486910994764
514,raw cri probability,0.8954781223073003,0.6283815053220582
514,manual topsis equal,0.7799933785909298,0.552400185115066
514,manual vikor equal,0.7510882297396335,0.5340569649543523
514,manual waspas equal,0.7715851477850896,0.5379275526946864
514,baseline auto mcdm,0.827200773287802,0.5679666792881485
514,pareto auto mcdm,0.8983215820033427,0.627708359628087
515,raw cri probability,0.8943044240512128,0.6254448026122996
515,manual topsis equal,0.7818910677407935,0.5483317285552812
515,manual vikor equal,0.753505725530132,0.5330933143550886
515,manual waspas equal,0.7737890926241244,0.5389542428936241
515,baseline auto mcdm,0.8288839854002189,0.5666680621258425
515,pareto auto mcdm,0.8970532278475186,0.62552853016285
516,raw cri probability,0.8931907310502222,0.6237694273386117
516,manual topsis equal,0.7801761281629902,0.5482803401617025
516,manual vikor equal,0.7514045973741239,0.5329479284487454
516,manual waspas equal,0.7731786623374943,0.5377235976708139
516,baseline auto mcdm,0.8276146228712893,0.5644505885802856
516,pareto auto mcdm,0.8961207141781706,0.6241883456914247
517,raw cri probability,0.8952583948633897,0.6237035797925727
517,manual topsis equal,0.7866490056976726,0.5522750083640013
517,manual vikor equal,0.7599367786204226,0.5353797256607562
517,manual waspas equal,0.7792355100679321,0.5423218467714954
517,baseline auto mcdm,0.8331545834028158,0.5667447306791569
517,pareto auto mcdm,0.8980853688855256,0.6232017397122783
518,raw cri probability,0.8950780769007027,0.6231298187122317
518,manual topsis equal,0.7853578222077047,0.5473640341737862
518,manual vikor equal,0.7574180158148015,0.5308605959574911
518,manual waspas equal,0.7763861466383812,0.5340279224838508
518,baseline auto mcdm,0.8313468524095841,0.5643675765784539
518,pareto auto mcdm,0.8980543620655311,0.6229631173161075
519,raw cri probability,0.895594826071342,0.624367816091954
519,manual topsis equal,0.7791990247526565,0.5509717868338558
519,manual vikor equal,0.7489845413047668,0.530909090909091
519,manual waspas equal,0.7705104480033956,0.5375966562173459
519,baseline auto mcdm,0.8278210458329661,0.5650156739811912
519,pareto auto mcdm,0.8981758053270392,0.6242006269592476
520,raw cri probability,0.8943490689626574,0.6280482659691164
520,manual topsis equal,0.7779987133340298,0.5480550164543078
520,manual vikor equal,0.7491094647129445,0.5319382330605013
520,manual waspas equal,0.7704733572056321,0.5370854780187326
520,baseline auto mcdm,0.8248538859761536,0.5656906590161168
520,pareto auto mcdm,0.8972712238266968,0.626782549995781
521,raw cri probability,0.8943325008300689,0.6316011650977247
521,manual topsis equal,0.7781637979861133,0.5524927181392206
521,manual vikor equal,0.7488845486109357,0.5368736544387691
521,manual waspas equal,0.7704139107601248,0.5421081514627042
521,baseline auto mcdm,0.8267502904313233,0.5672675081261345
521,pareto auto mcdm,0.8974367093284819,0.6310946008696019
522,raw cri probability,0.8927824159715111,0.6269621421975993
522,manual topsis equal,0.7761820371515079,0.5482246285570386
522,manual vikor equal,0.7485864392454594,0.5308486527323092
522,manual waspas equal,0.7684277513597156,0.5342063292201796
522,baseline auto mcdm,0.8240072451484507,0.5639217661378326
522,pareto auto mcdm,0.8956248657472684,0.6253672458658608
523,raw cri probability,0.8902572669839588,0.6274642524748286
523,manual topsis equal,0.7752477506696936,0.551061849564261
523,manual vikor equal,0.7464105276482873,0.5341399441577122
523,manual waspas equal,0.7669614967927163,0.5362551823335308
523,baseline auto mcdm,0.8215035084191543,0.5677299263897115
523,pareto auto mcdm,0.89312247964619,0.6259412809882393
524,raw cri probability,0.8966464872891795,0.6305456077522645
524,manual topsis equal,0.7854901973615854,0.5531072256161786
524,manual vikor equal,0.7549674305289518,0.535411839056246
524,manual waspas equal,0.7774330092634,0.5418158837160312
524,baseline auto mcdm,0.8318384512083552,0.5692016010111649
524,pareto auto mcdm,0.8996657785585598,0.6296187065515063
525,raw cri probability,0.8971585466643163,0.6294159754094909
525,manual topsis equal,0.7811027524058296,0.5528653838056339
525,manual vikor equal,0.751616304606632,0.5356014990104847
525,manual waspas equal,0.7724144102633336,0.5416649122068298
525,baseline auto mcdm,0.8279116973896468,0.5673502042191251
525,pareto auto mcdm,0.90006000323754,0.6293317613373195
526,raw cri probability,0.8964327225551942,0.6276364245061935
526,manual topsis equal,0.7820558187235078,0.5506360897221292
526,manual vikor equal,0.7527738394086215,0.5323066622028791
526,manual waspas equal,0.7739895971908608,0.5382490793438234
526,baseline auto mcdm,0.8301538323935942,0.5662872447271509
526,pareto auto mcdm,0.8993438805044085,0.6272179444258453
527,raw cri probability,0.8927703523014445,0.6277169334456614
527,manual topsis equal,0.7756011048797309,0.5459983150800336
527,manual vikor equal,0.7464377148335861,0.5309182813816343
527,manual waspas equal,0.7693825728754551,0.535720303285594
527,baseline auto mcdm,0.8236918893865975,0.5641112047177759
527,pareto auto mcdm,0.89537138506073,0.6267059814658804
528,raw cri probability,0.8912546912219352,0.6213559747375466
528,manual topsis equal,0.7800695822261532,0.5486636831318751
528,manual vikor equal,0.7498999394014552,0.5306788238738551
528,manual waspas equal,0.7723064476796901,0.5371199130034715
528,baseline auto mcdm,0.8259848424182098,0.5643899786691204
528,pareto auto mcdm,0.8942652348378964,0.6203521686394246
529,raw cri probability,0.8908055416928171,0.6264010489362603
529,manual topsis equal,0.7765808315380135,0.5496764370003806
529,manual vikor equal,0.7465788262330517,0.5325889269551242
529,manual waspas equal,0.7694885136407092,0.5378336082561435
529,baseline auto mcdm,0.823623093178865,0.5676944550183987
529,pareto auto mcdm,0.8937763736342474,0.6262318656684853
530,raw cri probability,0.8975313072422271,0.634028688698007
530,manual topsis equal,0.7814208902506402,0.5549866711801296
530,manual vikor equal,0.7523174247396893,0.5385689501967588
530,manual waspas equal,0.7740551516037786,0.5433927135784707
530,baseline auto mcdm,0.8299486438832766,0.5706427453137562
530,pareto auto mcdm,0.9003282394574906,0.631997630432023
531,raw cri probability,0.8930608236050981,0.6261607630572713
531,manual topsis equal,0.7784939241100121,0.550023110214715
531,manual vikor equal,0.7503063207931003,0.5302743812765242
531,manual waspas equal,0.7705751376026965,0.536409092819026
531,baseline auto mcdm,0.8264643226317175,0.5658220933652673
531,pareto auto mcdm,0.8960246342513396,0.6254044287575109
532,raw cri probability,0.8924840530831685,0.628368973807415
532,manual topsis equal,0.7783600229544241,0.5511830950272049
532,manual vikor equal,0.7482572483253661,0.5334683031760091
532,manual waspas equal,0.7702880610179725,0.5382766038213337
532,baseline auto mcdm,0.8257649519776044,0.5683917499683665
532,pareto auto mcdm,0.8954127822912933,0.627694124594036
533,raw cri probability,0.8991709618548593,0.6288491348611169
533,manual topsis equal,0.7845401718467758,0.5496669320038543
533,manual vikor equal,0.7548383391955117,0.5334953286689849
533,manual waspas equal,0.7768054347548847,0.5395282584104907
533,baseline auto mcdm,0.8323628821106116,0.5652520005027442
533,pareto auto mcdm,0.9018804534570943,0.6291005069336797
534,raw cri probability,0.8948614698791083,0.6320642978003383
534,manual topsis equal,0.7786441362932078,0.5531302876480543
534,manual vikor equal,0.7484280759815739,0.5347715736040609
534,manual waspas equal,0.7705445142642828,0.541455160744501
534,baseline auto mcdm,0.8276180565534219,0.5703045685279187
534,pareto auto mcdm,0.8975024515657599,0.6309644670050761
535,raw cri probability,0.8931968625125217,0.626193781816652
535,manual topsis equal,0.7727813298286885,0.5475198788337751
535,manual vikor equal,0.7437339280610111,0.530354663637511
535,manual waspas equal,0.7656509997140335,0.5347301106483235
535,baseline auto mcdm,0.821456438755749,0.5653582397240103
535,pareto auto mcdm,0.8957407956660015,0.6265303546636375
536,raw cri probability,0.8938528315395662,0.6218130311614731
536,manual topsis equal,0.7752384631895217,0.5399100149975005
536,manual vikor equal,0.7452801768867782,0.5258290284952508
536,manual waspas equal,0.7683921851283891,0.5308281953007832
536,baseline auto mcdm,0.8240290726255487,0.559240126645559
536,pareto auto mcdm,0.8968603794674587,0.6217297117147141
537,raw cri probability,0.8950659714305825,0.6267966714297722
537,manual topsis equal,0.7823021231955112,0.5516516768933345
537,manual vikor equal,0.7524435081192774,0.5340001681096075
537,manual waspas equal,0.7745049866520954,0.5404723879969741
537,baseline auto mcdm,0.8288522589141742,0.5692191308733293
537,pareto auto mcdm,0.897969347998272,0.6274691098596284
538,raw cri probability,0.8929898060864229,0.6264999368447645
538,manual topsis equal,0.7781740644594686,0.5505452402004126
538,manual vikor equal,0.7500979209285307,0.5355563976253631
538,manual waspas equal,0.7704064797333294,0.5403561955286094
538,baseline auto mcdm,0.8256650678726813,0.5651972548524272
538,pareto auto mcdm,0.8958107402868887,0.6265841438255232
539,raw cri probability,0.8956494119472965,0.6281026503996635
539,manual topsis equal,0.7820973415234644,0.5532183424484645
539,manual vikor equal,0.753350380616691,0.5366428270929743
539,manual waspas equal,0.774009435731242,0.54135464871687
539,baseline auto mcdm,0.8293724862515545,0.5697097181320993
539,pareto auto mcdm,0.8984930083316542,0.6275978123685316
540,raw cri probability,0.8943882665502357,0.6317397022016714
540,manual topsis equal,0.7756349764843139,0.5524965002333178
540,manual vikor equal,0.7459523052120384,0.5356976201586561
540,manual waspas equal,0.7680799338102937,0.5384974335044331
540,baseline auto mcdm,0.8250395855675081,0.5695499087939592
540,pareto auto mcdm,0.897442034698221,0.6310609595723922
541,raw cri probability,0.8921071776154874,0.6257457356524663
541,manual topsis equal,0.7776267814237827,0.547348962272078
541,manual vikor equal,0.750155225832016,0.5316359969750442
541,manual waspas equal,0.7703315175054953,0.5388622804806319
541,baseline auto mcdm,0.825431331669224,0.5646584320645324
541,pareto auto mcdm,0.8949801587945604,0.6249894966809512
542,raw cri probability,0.8955674543152234,0.6271721294231497
542,manual topsis equal,0.7770088508763595,0.5492489586401313
542,manual vikor equal,0.7474917870668996,0.5330921024950561
542,manual waspas equal,0.7695435108734153,0.5378886691631254
542,baseline auto mcdm,0.826578508608874,0.5646484621534059
542,pareto auto mcdm,0.8983757196118812,0.6265830773761939
543,raw cri probability,0.9000113152792202,0.6294339622641509
543,manual topsis equal,0.7821014578392149,0.5501048218029351
543,manual vikor equal,0.7533049398536245,0.5363522012578616
543,manual waspas equal,0.7752162836003453,0.539706498951782
543,baseline auto mcdm,0.830671249340748,0.5655345911949685
543,pareto auto mcdm,0.9026168481104306,0.629350104821803
544,raw cri probability,0.8925179629204546,0.6215911463771142
544,manual topsis equal,0.7815190756439957,0.5483399457089163
544,manual vikor equal,0.7536583339777505,0.5324702443098768
544,manual waspas equal,0.7757823900677057,0.5383169764042598
544,baseline auto mcdm,0.8275172307658906,0.5638755481311338
544,pareto auto mcdm,0.8953267930597281,0.6210899979118814
545,raw cri probability,0.8940095158736935,0.6285641763262543
545,manual topsis equal,0.7748121810255152,0.5508926305101954
545,manual vikor equal,0.746721935974453,0.5348168203739742
545,manual waspas equal,0.7670362361390896,0.5387088586174803
545,baseline auto mcdm,0.8226304072700016,0.5684914121330062
545,pareto auto mcdm,0.8966555055980348,0.6284795667992216
546,raw cri probability,0.8960196099007716,0.6293842063056598
546,manual topsis equal,0.7774348587915115,0.5543409445827882
546,manual vikor equal,0.7480383433008094,0.5333220782509602
546,manual waspas equal,0.7691935423219076,0.5386401046722661
546,baseline auto mcdm,0.8263212826498538,0.5690288270797282
546,pareto auto mcdm,0.8987331459089232,0.6298062718946524
547,raw cri probability,0.8931257108532937,0.6260336649456407
547,manual topsis equal,0.781867290085879,0.5523233849641103
547,manual vikor equal,0.7532504074872275,0.5354489359022793
547,manual waspas equal,0.773662338625545,0.5385551777693826
547,baseline auto mcdm,0.8273655999864513,0.5657557822272594
547,pareto auto mcdm,0.895870024712215,0.6251101876337992
548,raw cri probability,0.8973351353512397,0.6270795792649709
548,manual topsis equal,0.7824085756258298,0.5491346435904958
548,manual vikor equal,0.7540471193195066,0.5308636801743284
548,manual waspas equal,0.7753315723670497,0.5381553031890375
548,baseline auto mcdm,0.8300345537165984,0.5665674894187653
548,pareto auto mcdm,0.899959856993725,0.6265767087122323
549,raw cri probability,0.8913824940025856,0.6277681331244442
549,manual topsis equal,0.7785167358965421,0.5539230215522717
549,manual vikor equal,0.7505049907983051,0.5382563407714782
549,manual waspas equal,0.7711117007990202,0.5430833721471822
549,baseline auto mcdm,0.8273671460026989,0.5686581699623152
549,pareto auto mcdm,0.894394502989118,0.6275140788415124
550,raw cri probability,0.8939145170972554,0.6258218518363416
550,manual topsis equal,0.7802000752366333,0.5468403199463964
550,manual vikor equal,0.7524983037426769,0.5323506009464383
550,manual waspas equal,0.7732958130328759,0.5367058922065413
550,baseline auto mcdm,0.8269237099160689,0.5639264625821852
550,pareto auto mcdm,0.8968078266568381,0.6253193182294066
551,raw cri probability,0.897767932508566,0.6267806267806268
551,manual topsis equal,0.7918927350139168,0.5559745265627618
551,manual vikor equal,0.7649505603135417,0.5409753645047762
551,manual waspas equal,0.7849911055393793,0.547008547008547
551,baseline auto mcdm,0.8370374496071326,0.5702195408077761
551,pareto auto mcdm,0.9006302821353674,0.6273671861907156
552,raw cri probability,0.8953732940267763,0.6275070428457301
552,manual topsis equal,0.7789377571984888,0.5470293907412858
552,manual vikor equal,0.7499959704706827,0.5323129966782997
552,manual waspas equal,0.7710763417520216,0.5366858680570156
552,baseline auto mcdm,0.8272447881333052,0.5639322204936299
552,pareto auto mcdm,0.8980436239026321,0.6283479796493294
553,raw cri probability,0.8969053781516011,0.6235269623152198
553,manual topsis equal,0.786058583764548,0.5484072454715803
553,manual vikor equal,0.7593052440191888,0.5318342702477618
553,manual waspas equal,0.778953894790699,0.5377472413075162
553,baseline auto mcdm,0.832901477224679,0.5658130335207162
553,pareto auto mcdm,0.8995943119834315,0.6229439933374974
554,raw cri probability,0.8966741670127352,0.627166296001007
554,manual topsis equal,0.782443961463608,0.5502077126431958
554,manual vikor equal,0.7531435486658059,0.5332550039864041
554,manual waspas equal,0.7741635918585229,0.538290462003273
554,baseline auto mcdm,0.8285893381023571,0.5665729511980194
554,pareto auto mcdm,0.8994505730229303,0.627166296001007
555,raw cri probability,0.8933350913063671,0.6303584274893149
555,manual topsis equal,0.7801991639848757,0.5547797384791164
555,manual vikor equal,0.751407148609948,0.537429647496932
555,manual waspas equal,0.7713030266417986,0.5394608776607
555,baseline auto mcdm,0.8265704804834704,0.570437137658161
555,pareto auto mcdm,0.8962094543545118,0.628665735686175
556,raw cri probability,0.8948919297965989,0.6293647454774927
556,manual topsis equal,0.7795488304253947,0.5472444257467396
556,manual vikor equal,0.7508825342438812,0.5309213294068152
556,manual waspas equal,0.7719332636832409,0.5360538493899875
556,baseline auto mcdm,0.8268525233641564,0.5637358014303744
556,pareto auto mcdm,0.8978510303361559,0.6300378628523349
557,raw cri probability,0.8924477794339103,0.6234378287397434
557,manual topsis equal,0.7797316272446116,0.5516515884704397
557,manual vikor equal,0.7514369496974779,0.5354092152324847
557,manual waspas equal,0.7731811901723936,0.5398695560698507
557,baseline auto mcdm,0.8264031827453547,0.5673048600883652
557,pareto auto mcdm,0.8954368009675859,0.6231853566168736
558,raw cri probability,0.8975024057951838,0.6282169502892112
558,manual topsis equal,0.7830382432801262,0.551680777936122
558,manual vikor equal,0.755278061697075,0.5358370357951212
558,manual waspas equal,0.7757114691005784,0.5401123312934865
558,baseline auto mcdm,0.8303946839728007,0.5671892027831335
558,pareto auto mcdm,0.900336155889023,0.6277139743482271
559,raw cri probability,0.8952421712215477,0.6283505587765734
559,manual topsis equal,0.7776184929019292,0.548861440215108
559,manual vikor equal,0.7493667362304159,0.5314679438702631
559,manual waspas equal,0.7699420177805466,0.5366775901184774
559,baseline auto mcdm,0.8252281941977071,0.564742458616923
559,pareto auto mcdm,0.8978230510167048,0.627678346357449
560,raw cri probability,0.8964740746728062,0.6285954230526979
560,manual topsis equal,0.781468207144696,0.5464623136678564
560,manual vikor equal,0.7505712336787003,0.5291622926726853
560,manual waspas equal,0.7731909206270193,0.5345370564770102
560,baseline auto mcdm,0.829035276178577,0.5647701028763384
560,pareto auto mcdm,0.8994348815845441,0.6282595003149276
561,raw cri probability,0.8958305511285533,0.6243346326333878
561,manual topsis equal,0.7841313891298134,0.5507355714824596
561,manual vikor equal,0.7553712014256094,0.5337189320591811
561,manual waspas equal,0.7769105088056741,0.5394190871369294
561,baseline auto mcdm,0.8304687309039467,0.5670816044260027
561,pareto auto mcdm,0.8984605014281901,0.6231610712938513
562,raw cri probability,0.8953249334164323,0.6281381634372367
562,manual topsis equal,0.7799757712871636,0.5517270429654592
562,manual vikor equal,0.7496837346471901,0.5335299073294019
562,manual waspas equal,0.7721635080539212,0.5383319292333615
562,baseline auto mcdm,0.8278751791850361,0.5677337826453244
562,pareto auto mcdm,0.898191709269095,0.6277169334456614
563,raw cri probability,0.8958640380344995,0.6268681780016793
563,manual topsis equal,0.7891202406787716,0.5555835432409739
563,manual vikor equal,0.7610266455664122,0.5376994122586062
563,manual waspas equal,0.7803149306421293,0.5430730478589421
563,baseline auto mcdm,0.8338007508626978,0.5717044500419816
563,pareto auto mcdm,0.8988770699342582,0.6267002518891688
564,raw cri probability,0.8977857839015029,0.629009938357026
564,manual topsis equal,0.7826569629573291,0.553444877762402
564,manual vikor equal,0.7523038308977279,0.5373422233404621
564,manual waspas equal,0.774513923294966,0.5437161907158132
564,baseline auto mcdm,0.8287050572339744,0.5675347003815994
564,pareto auto mcdm,0.9005742466016089,0.6275003145049691
565,raw cri probability,0.8940545295215686,0.6267273340074149
565,manual topsis equal,0.78277316667507,0.5527468823727671
565,manual vikor equal,0.7529787997014544,0.5369902258173239
565,manual waspas equal,0.7745138565459887,0.5433940006740816
565,baseline auto mcdm,0.828981987438387,0.5699359622514325
565,pareto auto mcdm,0.8970755783046229,0.6271486349848331
566,raw cri probability,0.8964248756230543,0.6292446875657479
566,manual topsis equal,0.7797067284459854,0.5516515884704397
566,manual vikor equal,0.7504447935597867,0.5340626972438459
566,manual waspas equal,0.7718940702851065,0.5390279823269514
566,baseline auto mcdm,0.8278422032109979,0.5678098043341048
566,pareto auto mcdm,0.8992022845741449,0.6283189564485587
567,raw cri probability,0.8976828191785658,0.629238091226888
567,manual topsis equal,0.782734698762858,0.5528366255317357
567,manual vikor equal,0.7542683504840808,0.534726024512488
567,manual waspas equal,0.774948655782703,0.5407909699700963
567,baseline auto mcdm,0.8305783674755918,0.5678305184686013
567,pareto auto mcdm,0.9003922881538413,0.6296592679947773
568,raw cri probability,0.8954761654889463,0.630732303027751
568,manual topsis equal,0.7802509860025475,0.5520697351244367
568,manual vikor equal,0.7507364949260429,0.5345517328504653
568,manual waspas equal,0.7732262398602132,0.5408683202088684
568,baseline auto mcdm,0.827773880279441,0.5667242177959322
568,pareto auto mcdm,0.8984415179537345,0.630732303027751
569,raw cri probability,0.8957280789840076,0.6279450674058208
569,manual topsis equal,0.7772964402488218,0.5468060980219227
569,manual vikor equal,0.7494350186349162,0.5308470874805762
569,manual waspas equal,0.769639080964694,0.5351308218890429
569,baseline auto mcdm,0.8260478278377746,0.5646969887866953
569,pareto auto mcdm,0.8985063941640699,0.6273571038595607
570,raw cri probability,0.896133538851046,0.6239137700534759
570,manual topsis equal,0.7796069669982998,0.5452874331550802
570,manual vikor equal,0.7525795229019067,0.5297459893048129
570,manual waspas equal,0.772329693110377,0.5340909090909092
570,baseline auto mcdm,0.8268585251249577,0.5629177807486632
570,pareto auto mcdm,0.8989296419157385,0.6242479946524063
571,raw cri probability,0.8944431264071002,0.6292011484546528
571,manual topsis equal,0.7813749842963882,0.5532849180881608
571,manual vikor equal,0.7536992502322377,0.5372403310251647
571,manual waspas equal,0.7737829824142052,0.5407025840229691
571,baseline auto mcdm,0.8268733912719652,0.5683161628103361
571,pareto auto mcdm,0.8970766852612115,0.6292855936497214
572,raw cri probability,0.8937376432681466,0.6258034701508213
572,manual topsis equal,0.7765565263403761,0.5490904507835147
572,manual vikor equal,0.74737649407133,0.5327059614334329
572,manual waspas equal,0.7696256046549572,0.5376633197496115
572,baseline auto mcdm,0.8247817108407764,0.5654749401335966
572,pareto auto mcdm,0.89667792395566,0.6263916313069782
573,raw cri probability,0.8953987192683374,0.6272244243906554
573,manual topsis equal,0.7816269005741903,0.5534283545584887
573,manual vikor equal,0.7530681236413701,0.5349582525090664
573,manual waspas equal,0.7750114040605308,0.5423800286750442
573,baseline auto mcdm,0.8280151209613118,0.5687779370835794
573,pareto auto mcdm,0.8981752518617546,0.6274774394872228
574,raw cri probability,0.8975121756173671,0.6296374101928491
574,manual topsis equal,0.7814439171212338,0.5503970421410865
574,manual vikor equal,0.7521294995951877,0.5349355069114743
574,manual waspas equal,0.7740146121195706,0.5396411915465736
574,baseline auto mcdm,0.8288152815497065,0.5669509684467039
574,pareto auto mcdm,0.9001068470498088,0.628965169530692
575,raw cri probability,0.8944079002437556,0.629784360889564
575,manual topsis equal,0.7793484256853256,0.5535721821327595
575,manual vikor equal,0.7515994197114422,0.5366924083217285
575,manual waspas equal,0.7713801604762038,0.5389711777862176
575,baseline auto mcdm,0.8259331054988983,0.5694391695151285
575,pareto auto mcdm,0.8972408888210852,0.6293623665442883
576,raw cri probability,0.8940455101687552,0.6282347990742688
576,manual topsis equal,0.7771801764590356,0.5499684409846413
576,manual vikor equal,0.7508332204158426,0.5340626972438459
576,manual waspas equal,0.7702463220456562,0.5402061855670103
576,baseline auto mcdm,0.8258665814793769,0.5657058699768567
576,pareto auto mcdm,0.8969174945400772,0.6283189564485587
577,raw cri probability,0.8968744704094873,0.6302397101571386
577,manual topsis equal,0.7793651492618335,0.5510384631587817
577,manual vikor equal,0.7498155974446794,0.532923284324051
577,manual waspas equal,0.7714938648428752,0.5375573998399122
577,baseline auto mcdm,0.8279232966916185,0.5685638454733117
577,pareto auto mcdm,0.8996038765610911,0.6289758604709947
578,raw cri probability,0.8923321229809134,0.6293187091330944
578,manual topsis equal,0.776962172866194,0.5507698797721999
578,manual vikor equal,0.7467569618254384,0.5369331364690993
578,manual waspas equal,0.7701852218881255,0.5402235815228855
578,baseline auto mcdm,0.824084944727606,0.5654503269352458
578,pareto auto mcdm,0.8951862203585025,0.6280531533431766
579,raw cri probability,0.8934394196157661,0.6264999368447645
579,manual topsis equal,0.7738366739359113,0.5435560607974401
579,manual vikor equal,0.7430833716831274,0.5281461833185972
579,manual waspas equal,0.7678605711866521,0.5326091532988085
579,baseline auto mcdm,0.8248036818824485,0.5623342175066314
579,pareto auto mcdm,0.896320188996305,0.6270893857100753
580,raw cri probability,0.8957145381800758,0.6295735553873328
580,manual topsis equal,0.7794820963494968,0.5523593237446378
580,manual vikor equal,0.7528369350406033,0.53444360333081
580,manual waspas equal,0.7725268535309117,0.5402472874085289
580,baseline auto mcdm,0.8287139112308486,0.568676928253007
580,pareto auto mcdm,0.8983397571881933,0.6289006644797712
581,raw cri probability,0.8931490961970197,0.6255247691015953
581,manual topsis equal,0.7796729860178868,0.5492863140218304
581,manual vikor equal,0.7515350674307961,0.5326616288832914
581,manual waspas equal,0.7717771153648715,0.5370277078085642
581,baseline auto mcdm,0.8259030621719814,0.5645675902602856
581,pareto auto mcdm,0.895969672942991,0.625104953820319
582,raw cri probability,0.8933816254095805,0.6274625357804344
582,manual topsis equal,0.7780088233717275,0.55169220407476
582,manual vikor equal,0.7486779442642979,0.5356120559016669
582,manual waspas equal,0.7703355135037269,0.5408317898636134
582,baseline auto mcdm,0.8256682270828528,0.5668462704158949
582,pareto auto mcdm,0.8964169203641493,0.6270415894931807
583,raw cri probability,0.8964560507339132,0.6268256957522494
583,manual topsis equal,0.7814984477087321,0.5485666457417869
583,manual vikor equal,0.7533701412962225,0.5350073237078886
583,manual waspas equal,0.7743553391205371,0.5404477924251936
583,baseline auto mcdm,0.8278427290538799,0.5650554509311572
583,pareto auto mcdm,0.8991931276370245,0.625905001046244
584,raw cri probability,0.8925450496238094,0.6315834038950042
584,manual topsis equal,0.7760142033255133,0.5530059271803556
584,manual vikor equal,0.7472790609270767,0.5370025402201524
584,manual waspas equal,0.7682878654487302,0.5410668924640136
584,baseline auto mcdm,0.8240681325074644,0.5695173581710415
584,pareto auto mcdm,0.8954265729353428,0.6302286198137171
585,raw cri probability,0.8977720283959567,0.6248172743599382
585,manual topsis equal,0.7830611569022808,0.5493881301424215
585,manual vikor equal,0.7538637565231271,0.5324311907446853
585,manual waspas equal,0.7755662462069087,0.5386125381113478
585,baseline auto mcdm,0.8312366517143885,0.5661780060978157
585,pareto auto mcdm,0.900472406068698,0.6249008060811093
586,raw cri probability,0.8922237596947193,0.6286365747582654
586,manual topsis equal,0.777728348383896,0.5522948950724148
586,manual vikor equal,0.7503510972711827,0.5343073090402398
586,manual waspas equal,0.7703496067499318,0.5370941181438162
586,baseline auto mcdm,0.8255563489319248,0.5673267744795845
586,pareto auto mcdm,0.8951392038415222,0.6289743698011231
587,raw cri probability,0.8932581529272292,0.6237623762376238
587,manual topsis equal,0.7811358208554511,0.5537002852827656
587,manual vikor equal,0.7541783570019147,0.5370028528276557
587,manual waspas equal,0.7731341116545646,0.541785534485652
587,baseline auto mcdm,0.8273660294595021,0.5667058231246853
587,pareto auto mcdm,0.896204283928828,0.6232589360630979
588,raw cri probability,0.8978484177451304,0.6228771228771229
588,manual topsis equal,0.7863927236131193,0.549034299034299
588,manual vikor equal,0.7586765862774689,0.5333000333000333
588,manual waspas equal,0.7780776666303103,0.5382117882117882
588,baseline auto mcdm,0.832723325782069,0.5656010656010655
588,pareto auto mcdm,0.9006875131004546,0.6223776223776224
589,raw cri probability,0.8950406843122003,0.6283263967713457
589,manual topsis equal,0.7817552304684983,0.5508050615882625
589,manual vikor equal,0.7519909932092488,0.5324757220330433
589,manual waspas equal,0.7735213261526078,0.5386135283978645
589,baseline auto mcdm,0.8289877004009627,0.5668642535838904
589,pareto auto mcdm,0.8980357189484769,0.6282423172321016
590,raw cri probability,0.8931825465780939,0.6248214435761701
590,manual topsis equal,0.7812319962540444,0.5498697588437946
590,manual vikor equal,0.7519913868868251,0.5325602890513402
590,manual waspas equal,0.7732264858688137,0.5363414839089152
590,baseline auto mcdm,0.8271255404756598,0.5657507772456096
590,pareto auto mcdm,0.8956815554477582,0.6244853373666079
591,raw cri probability,0.8927759553485984,0.6293249660786974
591,manual topsis equal,0.7738320748286698,0.551814789687924
591,manual vikor equal,0.7429556053415132,0.5362957937584804
591,manual waspas equal,0.7657576617763912,0.5376526458616011
591,baseline auto mcdm,0.823270921051525,0.5667401628222524
591,pareto auto mcdm,0.8953899599677744,0.6289857530529173
592,raw cri probability,0.8964590222977264,0.6314368858335794
592,manual topsis equal,0.7801871540100189,0.5509679051916831
592,manual vikor equal,0.7505798639596297,0.5340980979292311
592,manual waspas equal,0.773480249365445,0.5392433891442792
592,baseline auto mcdm,0.8282227503421452,0.5669942220910126
592,pareto auto mcdm,0.8991327546452542,0.6306777445067691
593,raw cri probability,0.8917662094592949,0.6228874127638107
593,manual topsis equal,0.7771878365624858,0.5478012276128815
593,manual vikor equal,0.7487500586227096,0.5311527789455983
593,manual waspas equal,0.7689757949445793,0.538215757168082
593,baseline auto mcdm,0.8247829166570813,0.5649541747246279
593,pareto auto mcdm,0.8946232611010646,0.6223829143193476
594,raw cri probability,0.8980752031472996,0.629048498070146
594,manual topsis equal,0.7878875394225262,0.5534485651955027
594,manual vikor equal,0.760490038942694,0.5363315992616211
594,manual waspas equal,0.7801079250867605,0.5423728813559322
594,baseline auto mcdm,0.8339116186812434,0.5707333445208927
594,pareto auto mcdm,0.9011127243357935,0.6298036583319349
595,raw cri probability,0.8957897009664516,0.6303916184360611
595,manual topsis equal,0.775610217821001,0.546322504330193
595,manual vikor equal,0.7449733106293397,0.5293396983650881
595,manual waspas equal,0.7677424864288707,0.5343247011110641
595,baseline auto mcdm,0.8231488482242731,0.563051835579401
595,pareto auto mcdm,0.898349972459113,0.6295467027164041
596,raw cri probability,0.892623155042603,0.6247628683445049
596,manual topsis equal,0.778619561269644,0.5509042620462882
596,manual vikor equal,0.7514306019237122,0.5361494034821467
596,manual waspas equal,0.771171786276021,0.5417140929977657
596,baseline auto mcdm,0.8250919790265523,0.5665022553855233
596,pareto auto mcdm,0.8954836967030101,0.623919733569411
597,raw cri probability,0.8934351421022733,0.6261744966442953
597,manual topsis equal,0.778270875517105,0.5473993288590604
597,manual vikor equal,0.7505563467552882,0.5311241610738255
597,manual waspas equal,0.7711465083594852,0.5363255033557047
597,baseline auto mcdm,0.8258643631300179,0.5633389261744967
597,pareto auto mcdm,0.8961601742210139,0.6264261744966443
598,raw cri probability,0.8929638918909844,0.6302357130744446
598,manual topsis equal,0.7773572269265182,0.5559606579616754
598,manual vikor equal,0.7472988893582111,0.5390876716974733
598,manual waspas equal,0.7690423953266003,0.5433271154824487
598,baseline auto mcdm,0.82545878299947,0.571392233338986
598,pareto auto mcdm,0.8957880853863602,0.6296421909445481
599,raw cri probability,0.8946918011558046,0.6285329177372477
599,manual topsis equal,0.7838605020551984,0.5537256223410977
599,manual vikor equal,0.7565746362030025,0.5364559201381577
599,manual waspas equal,0.7762533182698582,0.5402468303778273
599,baseline auto mcdm,0.8290181409680004,0.5686365359504655
599,pareto auto mcdm,0.8975692538288911,0.6288698875363296
600,raw cri probability,0.8962830931640926,0.6243082428327716
600,manual topsis equal,0.7763304977450562,0.5419215245703825
600,manual vikor equal,0.7478728321803951,0.5268589023426122
600,manual waspas equal,0.7690000565673427,0.5329338825781217
600,baseline auto mcdm,0.8254721207150046,0.5585653060375316
600,pareto auto mcdm,0.8989211015738747,0.6241418050181001
601,raw cri probability,0.8993039883686179,0.6264166666666666
601,manual topsis equal,0.7859303289937141,0.5488333333333333
601,manual vikor equal,0.7579008284525426,0.53325
601,manual waspas equal,0.7786480720763879,0.5400833333333334
601,baseline auto mcdm,0.8320851200270826,0.56625
601,pareto auto mcdm,0.9021146912107209,0.6263333333333333
602,raw cri probability,0.895351849121633,0.6293688604072685
602,manual topsis equal,0.7802716163274314,0.5535646528099835
602,manual vikor equal,0.7506468380751199,0.5360259707407563
602,manual waspas equal,0.771381906219672,0.5398203971499642
602,baseline auto mcdm,0.8275652266185161,0.5699228466630128
602,pareto auto mcdm,0.8981244791509109,0.6285256545385556
603,raw cri probability,0.8937743978158199,0.6277958648682931
603,manual topsis equal,0.7812001952509203,0.5583696249630036
603,manual vikor equal,0.752841231899574,0.5400194494947359
603,manual waspas equal,0.7724069952285884,0.5430637182360154
603,baseline auto mcdm,0.8274705192312518,0.5729144645046722
603,pareto auto mcdm,0.8966400154477645,0.6282186799712486
604,raw cri probability,0.8990520708840549,0.6312968468657092
604,manual topsis equal,0.7776737792105104,0.5448683053473472
604,manual vikor equal,0.7483644507758186,0.5276998450651146
604,manual waspas equal,0.7698436986894056,0.5335622461370965
604,baseline auto mcdm,0.8265586544568047,0.5629580000837486
604,pareto auto mcdm,0.9017189364436368,0.6311293496922239
605,raw cri probability,0.8958660285515445,0.6263339215192001
605,manual topsis equal,0.7808366104945492,0.551130157129653
605,manual vikor equal,0.7524556542552131,0.5360894042517435
605,manual waspas equal,0.772574702468291,0.539954625661709
605,baseline auto mcdm,0.8275269366965902,0.5657507772456096
605,pareto auto mcdm,0.8986211607300388,0.6259978153096379
606,raw cri probability,0.8955112912336514,0.6251783466219051
606,manual topsis equal,0.7798615056180657,0.5504825849769198
606,manual vikor equal,0.7506150994625387,0.5335291649181704
606,manual waspas equal,0.7718393915157185,0.5378934116659672
606,baseline auto mcdm,0.82848315976214,0.5664288711707931
606,pareto auto mcdm,0.8983380051823625,0.6237515736466639
607,raw cri probability,0.8951765846344083,0.6284656485338045
607,manual topsis equal,0.7779467527111434,0.5529891875972905
607,manual vikor equal,0.7492985010068176,0.5343935378013378
607,manual waspas equal,0.7699622945356281,0.5390214144473895
607,baseline auto mcdm,0.8262062560764879,0.5683873953468804
607,pareto auto mcdm,0.8979488121276492,0.627708359628087
608,raw cri probability,0.8962361623713908,0.6241899744972617
608,manual topsis equal,0.7824646229017372,0.5470128349847401
608,manual vikor equal,0.7534451392496939,0.5307914210460303
608,manual waspas equal,0.774248534028939,0.5350558133701241
608,baseline auto mcdm,0.8304666775869419,0.5644884819599482
608,pareto auto mcdm,0.8989872547699476,0.6244408211045612
609,raw cri probability,0.8958255473826172,0.6253771371102916
609,manual topsis equal,0.782805776801636,0.5499497150519611
609,manual vikor equal,0.7537210771250821,0.5324337914850822
609,manual waspas equal,0.7759283503989118,0.5384679852497486
609,baseline auto mcdm,0.8290284652267067,0.5681361045926919
609,pareto auto mcdm,0.8985287190249625,0.6247066711364397
610,raw cri probability,0.8962765280419654,0.6231273212869841
610,manual topsis equal,0.7790335063299301,0.5442557275800193
610,manual vikor equal,0.7495900291222453,0.5263113967366357
610,manual waspas equal,0.7716568412342846,0.5334891290739892
610,baseline auto mcdm,0.8269785667775854,0.5614489003880984
610,pareto auto mcdm,0.8989440049150432,0.6235446313065977
611,raw cri probability,0.8932898482774412,0.6241861637333558
611,manual topsis equal,0.7789015939508984,0.5481581047591044
611,manual vikor equal,0.7503104430035079,0.5306842525307682
611,manual waspas equal,0.7709333845366719,0.5353047423026841
611,baseline auto mcdm,0.8257165277346773,0.5643718234132818
611,pareto auto mcdm,0.8959731541128187,0.6232620657789725
612,raw cri probability,0.8937026535077355,0.6272234136495521
612,manual topsis equal,0.7787774176840596,0.5490097136369371
612,manual vikor equal,0.7509004008746435,0.5352171901938522
612,manual waspas equal,0.7712276629736126,0.5406837391194652
612,baseline auto mcdm,0.825911485488449,0.5654093604137758
612,pareto auto mcdm,0.8965049481257954,0.6264665068752366
613,raw cri probability,0.8974539455350883,0.6286603837091888
613,manual topsis equal,0.7864673011863792,0.5538539212386402
613,manual vikor equal,0.7573770832790131,0.5369404240996298
613,manual waspas equal,0.7773670981143507,0.5413160552002693
613,baseline auto mcdm,0.8313274335325419,0.5712722988892629
613,pareto auto mcdm,0.9001513728777242,0.6273140356782229
614,raw cri probability,0.8951329078355985,0.6248899694010144
614,manual topsis equal,0.783130676903723,0.5517877352558999
614,manual vikor equal,0.7562558354371306,0.5341828394182001
614,manual waspas equal,0.7749643937354681,0.5395481410068325
614,baseline auto mcdm,0.8280034040897778,0.5667099802992832
614,pareto auto mcdm,0.8978405952977913,0.6247223037263696
615,raw cri probability,0.8945185077355926,0.629998312805804
615,manual topsis equal,0.776639156651675,0.5491817108149148
615,manual vikor equal,0.7480928241373479,0.5301164163995277
615,manual waspas equal,0.7683063064841757,0.5353467184072886
615,baseline auto mcdm,0.824871033866871,0.5669816095832629
615,pareto auto mcdm,0.8973871362281346,0.6299139530960013
616,raw cri probability,0.8951202872495501,0.6226391494684178
616,manual topsis equal,0.7810806695291547,0.5475922451532208
616,manual vikor equal,0.7516106682525634,0.5296643735668126
616,manual waspas equal,0.7726345740835519,0.5350844277673545
616,baseline auto mcdm,0.82745461256097,0.564019178653325
616,pareto auto mcdm,0.8979285100848536,0.622889305816135
617,raw cri probability,0.895171974565425,0.6289785422199738
617,manual topsis equal,0.7814360912041045,0.5530120989840226
617,manual vikor equal,0.7519009425775336,0.5384258673748998
617,manual waspas equal,0.7739403367328582,0.5403650773576155
617,baseline auto mcdm,0.8280343800526407,0.5683571518907298
617,pareto auto mcdm,0.898069908210939,0.6283883478774082
618,raw cri probability,0.8970950242090887,0.6267481785445105
618,manual topsis equal,0.7858186171615831,0.5501214303659661
618,manual vikor equal,0.7574849647285278,0.5354660413700696
618,manual waspas equal,0.7773354754303581,0.5396532953688971
618,baseline auto mcdm,0.832053168679538,0.5673729168411356
618,pareto auto mcdm,0.8998190338967296,0.6275018842642994
619,raw cri probability,0.8921223636915432,0.6229659453111893
619,manual topsis equal,0.7742239187230259,0.5439523569870828
619,manual vikor equal,0.7449194158542063,0.5284348263714141
619,manual waspas equal,0.7671403851740738,0.5330481462841805
619,baseline auto mcdm,0.8232835416494395,0.5593021305150143
619,pareto auto mcdm,0.8947436910208313,0.6230498238550578
620,raw cri probability,0.8960389270720623,0.627492042218127
620,manual topsis equal,0.7786324294600927,0.547076562238231
620,manual vikor equal,0.7500669506850597,0.5308259339922935
620,manual waspas equal,0.7711744236552484,0.5360194337409953
620,baseline auto mcdm,0.8264205855297867,0.5650862791087284
620,pareto auto mcdm,0.898739181715285,0.6269056793432737
621,raw cri probability,0.8924885012123845,0.625936211394429
621,manual topsis equal,0.7809900744122394,0.5485988386771017
621,manual vikor equal,0.7530018626287837,0.5346293023647227
621,manual waspas equal,0.7732975329095656,0.5392577631911133
621,baseline auto mcdm,0.8270045108455895,0.5648405284860725
621,pareto auto mcdm,0.8953140451101717,0.6264411343936717
622,raw cri probability,0.9000622873667902,0.6283489618218352
622,manual topsis equal,0.7887966677421145,0.5549229738780979
622,manual vikor equal,0.7623223419762468,0.5402712659075687
622,manual waspas equal,0.7806901445982203,0.5434527796383122
622,baseline auto mcdm,0.8343056577686996,0.5707468184862693
622,pareto auto mcdm,0.9028668074398724,0.6280140656396517
623,raw cri probability,0.8944192965734713,0.626655490360436
623,manual topsis equal,0.7731663798178021,0.5424140821458509
623,manual vikor equal,0.7442702759660552,0.5262363788767812
623,manual waspas equal,0.7657367746650514,0.5314333612740989
623,baseline auto mcdm,0.8224707251187613,0.5595976529756915
623,pareto auto mcdm,0.897179414994461,0.6274937133277452
624,raw cri probability,0.8959389958524332,0.6296467814591841
624,manual topsis equal,0.7826832990947625,0.5520986822717131
624,manual vikor equal,0.7529323667119309,0.5377005009893487
624,manual waspas equal,0.775214918513905,0.5406474971582537
624,baseline auto mcdm,0.8291813206219324,0.5682650612554203
624,pareto auto mcdm,0.8987972015199978,0.6290573822254031
625,raw cri probability,0.897212575741729,0.6247290311822578
625,manual topsis equal,0.7876938275886137,0.5501917625479407
625,manual vikor equal,0.7593799942396537,0.5340170085042522
625,manual waspas equal,0.7796396987850925,0.5400200100050024
625,baseline auto mcdm,0.832405882639306,0.5672002668000666
625,pareto auto mcdm,0.900167222690316,0.6248124062031015
626,raw cri probability,0.8948064955713565,0.6260818418620284
626,manual topsis equal,0.7806363549364991,0.5495336526342324
626,manual vikor equal,0.751630723719438,0.532224182841778
626,manual waspas equal,0.7737229194000376,0.536929669775649
626,baseline auto mcdm,0.8270965682196881,0.5672632551886396
626,pareto auto mcdm,0.8975984886890148,0.6266700277287622
627,raw cri probability,0.8948268418092491,0.6257961783439491
627,manual topsis equal,0.779078614643857,0.547854508883674
627,manual vikor equal,0.7502665470881178,0.533271873952397
627,manual waspas equal,0.7720935084523552,0.5383003687562856
627,baseline auto mcdm,0.8276603045504196,0.5644485417365069
627,pareto auto mcdm,0.8977962906930695,0.6252933288635601
628,raw cri probability,0.8931570198991334,0.6256738544474393
628,manual topsis equal,0.7780051922562193,0.550033692722372
628,manual vikor equal,0.748786299446259,0.534366576819407
628,manual waspas equal,0.7708397919891997,0.5391677897574124
628,baseline auto mcdm,0.8253299378182204,0.5662061994609164
628,pareto auto mcdm,0.8958535246599135,0.6261792452830188
629,raw cri probability,0.8956032581674715,0.6280998694791797
629,manual topsis equal,0.778069005779689,0.5485242726622037
629,manual vikor equal,0.7497193481213192,0.5320197044334976
629,manual waspas equal,0.7710711709488588,0.5368195023367437
629,baseline auto mcdm,0.82629296347416,0.5659551176792557
629,pareto auto mcdm,0.8982432546511634,0.6276788345753863
630,raw cri probability,0.8936465103438535,0.6259663865546219
630,manual topsis equal,0.7788048938853582,0.546890756302521
630,manual vikor equal,0.7509485397434479,0.5291596638655461
630,manual waspas equal,0.7711520911240496,0.5341176470588235
630,baseline auto mcdm,0.8257148227305221,0.564201680672269
630,pareto auto mcdm,0.8963212198452409,0.6251260504201681
631,raw cri probability,0.8910780524789146,0.6309266097881914
631,manual topsis equal,0.7661189271914952,0.5503629186298229
631,manual vikor equal,0.738461043788712,0.5327051233074409
631,manual waspas equal,0.7584319189520201,0.5358461734369031
631,baseline auto mcdm,0.8173361292818021,0.5666624220043295
631,pareto auto mcdm,0.8938941914950079,0.6300776773207691
632,raw cri probability,0.8952234944967892,0.6286893183444908
632,manual topsis equal,0.7763032408023653,0.5501242052966191
632,manual vikor equal,0.748740386425855,0.5348827417792935
632,manual waspas equal,0.7690323545625605,0.5413666792977139
632,baseline auto mcdm,0.8242271162919875,0.564439392025599
632,pareto auto mcdm,0.8979872343844234,0.6292787672098017
633,raw cri probability,0.8942622957370799,0.6266997852902791
633,manual topsis equal,0.7844360841641435,0.5520986822717131
633,manual vikor equal,0.7564741687604817,0.5371111017555678
633,manual waspas equal,0.7757568257295195,0.5410684966109544
633,baseline auto mcdm,0.8297109598723555,0.5685176609270408
633,pareto auto mcdm,0.8970515650846452,0.6270365848524397
634,raw cri probability,0.896631420367258,0.627720021886443
634,manual topsis equal,0.7817248108080046,0.5517909002904163
634,manual vikor equal,0.7529165616266298,0.5333557809672124
634,manual waspas equal,0.7730089611402369,0.5386590344711477
634,baseline auto mcdm,0.8294991154424561,0.5687108043267814
634,pareto auto mcdm,0.8994250231708714,0.6274674860053032
635,raw cri probability,0.8934305157299969,0.6272685359822289
635,manual topsis equal,0.7765483541256931,0.5445324615449096
635,manual vikor equal,0.7475729321426555,0.527683473741565
635,manual waspas equal,0.7691012223738573,0.533132151389413
635,baseline auto mcdm,0.8243132494927902,0.563141791357559
635,pareto auto mcdm,0.8960886380427463,0.6260949746426925
636,raw cri probability,0.8948073268604035,0.6233375156838142
636,manual topsis equal,0.7774813912069252,0.546047678795483
636,manual vikor equal,0.7497458277254715,0.5281472187369302
636,manual waspas equal,0.7699123545778759,0.5330823923044752
636,baseline auto mcdm,0.8261558028837512,0.5617733166039314
636,pareto auto mcdm,0.8975434569939338,0.6233375156838142
637,raw cri probability,0.8948081706717232,0.6261189659499707
637,manual topsis equal,0.7825320474086584,0.5507403998996069
637,manual vikor equal,0.7546588168050481,0.5335898937505228
637,manual waspas equal,0.7734199706888725,0.5384422320756296
637,baseline auto mcdm,0.8287047186518386,0.566217685936585
637,pareto auto mcdm,0.8976918333659224,0.625616999916339
638,raw cri probability,0.893904701278466,0.6310391591795219
638,manual topsis equal,0.7760157197967317,0.5531446007797932
638,manual vikor equal,0.7469666188054432,0.5361078148838786
638,manual waspas equal,0.7683963672143803,0.539837260552636
638,baseline auto mcdm,0.8244308793758771,0.5690795050008476
638,pareto auto mcdm,0.896810826105768,0.6325648414985591
639,raw cri probability,0.8966387071058555,0.6311485774499473
639,manual topsis equal,0.7774073766698589,0.5496311907270811
639,manual vikor equal,0.7478143259533201,0.5322655426765016
639,manual waspas equal,0.769831670595529,0.537913593256059
639,baseline auto mcdm,0.8277465807128828,0.5685985247629084
639,pareto auto mcdm,0.8995943457423378,0.6311485774499473
640,raw cri probability,0.8981596497641677,0.6313443505319373
640,manual topsis equal,0.7829065464151834,0.5517850384760944
640,manual vikor equal,0.7539984049114047,0.5349648879357469
640,manual waspas equal,0.775563503090479,0.5421975526680963
640,baseline auto mcdm,0.8305078332946452,0.5706236070812833
640,pareto auto mcdm,0.9011772025651552,0.6306715445103234
641,raw cri probability,0.8958201769418882,0.6217016132394014
641,manual topsis equal,0.7875030338449238,0.5538371753720456
641,manual vikor equal,0.7590130026001884,0.5364125224061028
641,manual waspas equal,0.7792337337785874,0.5410813289424319
641,baseline auto mcdm,0.8329853324863683,0.5679269665263246
641,pareto auto mcdm,0.8986185758233661,0.6213681270582351
642,raw cri probability,0.8940547108855902,0.6289084043952314
642,manual topsis equal,0.7754714424817597,0.5516948793008357
642,manual vikor equal,0.7468821271689112,0.5369309745025667
642,manual waspas equal,0.7681379055767706,0.5419371261295659
642,baseline auto mcdm,0.8229900829637509,0.5679012345679012
642,pareto auto mcdm,0.8967078879589397,0.6295023545882652
643,raw cri probability,0.8956144612847208,0.6255924170616114
643,manual topsis equal,0.7854374412568756,0.5541249003900516
643,manual vikor equal,0.7577582454763748,0.5390261292622572
643,manual waspas equal,0.7782627843713663,0.5451495197751961
643,baseline auto mcdm,0.8321793310988206,0.569307553579667
643,pareto auto mcdm,0.8984598547058438,0.6255085349997903
644,raw cri probability,0.8944097190878871,0.6244078313000461
644,manual topsis equal,0.7808289005634929,0.5481071563325367
644,manual vikor equal,0.7515877398457023,0.5318408585922106
644,manual waspas equal,0.7729296936560837,0.538548610237706
644,baseline auto mcdm,0.827736251608593,0.5654634637152559
644,pareto auto mcdm,0.8974367969815391,0.6234016685532219
645,raw cri probability,0.8958348136474239,0.6275529461102957
645,manual topsis equal,0.7827853305848023,0.5513105472845461
645,manual vikor equal,0.7528705254190329,0.5342000419375131
645,manual waspas equal,0.7754029880014269,0.5403229188509122
645,baseline auto mcdm,0.8295044689846541,0.5675823023694695
645,pareto auto mcdm,0.8988849228965967,0.6273851960578738
646,raw cri probability,0.8939688716983643,0.6275699359622514
646,manual topsis equal,0.7812847717177445,0.5528311425682507
646,manual vikor equal,0.7514115105289272,0.5349679811257163
646,manual waspas equal,0.773001294450208,0.5409504550050557
646,baseline auto mcdm,0.8273463884674183,0.5694304010785305
646,pareto auto mcdm,0.8970552479962052,0.6255476912706438
647,raw cri probability,0.8941623831946222,0.6234015879648976
647,manual topsis equal,0.77900768277199,0.5453405766819892
647,manual vikor equal,0.7518501881007609,0.5292937735060593
647,manual waspas equal,0.7717453018261738,0.534391976598412
647,baseline auto mcdm,0.8275535171313392,0.5614709569577935
647,pareto auto mcdm,0.8968855571224311,0.6231508566652737
648,raw cri probability,0.8945306288073466,0.6250627405052701
648,manual topsis equal,0.7800266293298475,0.5481010540404885
648,manual vikor equal,0.7527881781856243,0.530282750543751
648,manual waspas equal,0.772568174368888,0.5374769951480676
648,baseline auto mcdm,0.8282446889110067,0.5655847415091183
648,pareto auto mcdm,0.897614845171056,0.6246444704701355
649,raw cri probability,0.8922422332998609,0.6252792177687867
649,manual topsis equal,0.7789307900609326,0.5524507944535761
649,manual vikor equal,0.750123822606638,0.536435284696759
649,manual waspas equal,0.7705883054740719,0.5393012180216631
649,baseline auto mcdm,0.8260919702733798,0.5689720571500823
649,pareto auto mcdm,0.8951639344896004,0.625616386395246
650,raw cri probability,0.893278454008241,0.6254667505768827
650,manual topsis equal,0.7823693631361343,0.5487728130899938
650,manual vikor equal,0.7529073227528686,0.530816026851269
650,manual waspas equal,0.7745833784359683,0.5376127543528425
650,baseline auto mcdm,0.8282736440120777,0.5665617788965807
650,pareto auto mcdm,0.8960188423219213,0.6247115586322636
651,raw cri probability,0.8916074327088912,0.6251953207483424
651,manual topsis equal,0.7774541778656884,0.5487562819375819
651,manual vikor equal,0.7493670964844925,0.5342286414122218
651,manual waspas equal,0.7692765183568534,0.5389585708855948
651,baseline auto mcdm,0.8242170350764555,0.5671692216732126
651,pareto auto mcdm,0.8944450583072329,0.625026394695722
652,raw cri probability,0.8947995291544135,0.6225502460178468
652,manual topsis equal,0.7797830042287685,0.5461596197147861
652,manual vikor equal,0.7513029896926375,0.5293136519055959
652,manual waspas equal,0.7727062381021204,0.5355683429238596
652,baseline auto mcdm,0.8269707358394801,0.5616712534400801
652,pareto auto mcdm,0.8977198259873173,0.6224668501376032
653,raw cri probability,0.8929505398918427,0.6250052496745202
653,manual topsis equal,0.7768827424630349,0.5466381084372769
653,manual vikor equal,0.7485820486094258,0.5311830666498677
653,manual waspas equal,0.7683638440589828,0.5360547646045944
653,baseline auto mcdm,0.8228959623829468,0.5625131241863005
653,pareto auto mcdm,0.8957012706976383,0.6241653017512914
654,raw cri probability,0.8947015380254657,0.624075940860215
654,manual topsis equal,0.7758858503049149,0.548807123655914
654,manual vikor equal,0.7489668319620699,0.5315860215053763
654,manual waspas equal,0.7691716277849057,0.5368783602150539
654,baseline auto mcdm,0.8258248106379659,0.5638440860215054
654,pareto auto mcdm,0.8972774015819214,0.6239079301075269
655,raw cri probability,0.8948049697519278,0.6336875843454791
655,manual topsis equal,0.7762423478234899,0.5484986504723347
655,manual vikor equal,0.7467222962506654,0.5312078272604589
655,manual waspas equal,0.7687963408944095,0.5366059379217274
655,baseline auto mcdm,0.8245336876315844,0.5630904183535762
655,pareto auto mcdm,0.897493534696732,0.633940620782726
656,raw cri probability,0.8953715909929085,0.6284656485338045
656,manual topsis equal,0.7810217024307974,0.5545037654087256
656,manual vikor equal,0.7525191733358154,0.5375909798477008
656,manual waspas equal,0.7734659021106123,0.5430602886112164
656,baseline auto mcdm,0.8293764431459422,0.5703226892170474
656,pareto auto mcdm,0.8983855005106858,0.6276242164163406
657,raw cri probability,0.8925350858407166,0.6274774394872228
657,manual topsis equal,0.7723711475344435,0.5491270979168423
657,manual vikor equal,0.7448547960109565,0.5322594248123471
657,manual waspas equal,0.7647033690332584,0.5369823732816058
657,baseline auto mcdm,0.8217599285881083,0.5655730791937253
657,pareto auto mcdm,0.8953895351219653,0.6269714092940879
658,raw cri probability,0.8952361066876888,0.6288937531570972
658,manual topsis equal,0.7746922119300157,0.5476511197171242
658,manual vikor equal,0.7439731588693328,0.530560700454622
658,manual waspas equal,0.7674501890822226,0.5358646236740191
658,baseline auto mcdm,0.8242339844993871,0.5646573497221753
658,pareto auto mcdm,0.8980895302893139,0.6278834820676882
659,raw cri probability,0.8991038352856981,0.6289835625628983
659,manual topsis equal,0.7835548927485586,0.5525830258302584
659,manual vikor equal,0.75355083506815,0.5328748742032875
659,manual waspas equal,0.7756566345436794,0.5393324387789333
659,baseline auto mcdm,0.8304000000381342,0.5670077155317008
659,pareto auto mcdm,0.9015553061130742,0.6277255954377725
660,raw cri probability,0.8933214459663847,0.6246173201929125
660,manual topsis equal,0.7765813929747528,0.5456070455022017
660,manual vikor equal,0.7473732286064665,0.5289159152862235
660,manual waspas equal,0.767659868580555,0.5329419165443489
660,baseline auto mcdm,0.8230730034813599,0.5600335500104845
660,pareto auto mcdm,0.8961070839922322,0.6247850702453345
661,raw cri probability,0.8965015556464694,0.6266180721377403
661,manual topsis equal,0.782536532062433,0.5450965606803234
661,manual vikor equal,0.7538707458628996,0.531523606049181
661,manual waspas equal,0.7756595325159944,0.5367181936240626
661,baseline auto mcdm,0.8303902771471802,0.5632776171924092
661,pareto auto mcdm,0.8993127471847079,0.6268694231494282
662,raw cri probability,0.8966833140164208,0.6276087503143073
662,manual topsis equal,0.782407617541852,0.5507501466767244
662,manual vikor equal,0.7534676331951544,0.5349928757019529
662,manual waspas equal,0.774551523527313,0.5392674545302154
662,baseline auto mcdm,0.8294708016912954,0.5661721565669265
662,pareto auto mcdm,0.8995841625480567,0.6267705976028831
663,raw cri probability,0.8948983204828022,0.6267753592738886
663,manual topsis equal,0.7818151010426713,0.5486175308849482
663,manual vikor equal,0.7534158303729291,0.5330700058828473
663,manual waspas equal,0.7743480645209249,0.5378603243970081
663,baseline auto mcdm,0.8278545454306627,0.5666022354819733
663,pareto auto mcdm,0.8976820140601862,0.6266072779225145
664,raw cri probability,0.89489386947959,0.6298635674583123
664,manual topsis equal,0.7787046106065824,0.5480040424456797
664,manual vikor equal,0.749198703536121,0.5318342597271349
664,manual waspas equal,0.7709996924468502,0.5363820111167257
664,baseline auto mcdm,0.8261037927138402,0.5647633484925046
664,pareto auto mcdm,0.8978051633686601,0.629274044130032
665,raw cri probability,0.8935996247413757,0.6285835095137421
665,manual topsis equal,0.7826801320413287,0.5541649048625793
665,manual vikor equal,0.7515127099826459,0.5361522198731502
665,manual waspas equal,0.7741944512004865,0.5407188160676533
665,baseline auto mcdm,0.8288157871370194,0.5712473572938689
665,pareto auto mcdm,0.8964625806821345,0.6275687103594081
666,raw cri probability,0.8933780991223311,0.626720375965089
666,manual topsis equal,0.7775502348195117,0.546156428331655
666,manual vikor equal,0.7501405342288991,0.5283652232292715
666,manual waspas equal,0.7708475863644519,0.5337361530715005
666,baseline auto mcdm,0.8245451468367601,0.563528029540114
666,pareto auto mcdm,0.8961035826053202,0.6251258811681774
667,raw cri probability,0.8953114229970194,0.6268106840827262
667,manual topsis equal,0.7800141601933309,0.5469312568031482
667,manual vikor equal,0.7521702182086378,0.5314410114711545
667,manual waspas equal,0.7725440180657782,0.5362136816545258
667,baseline auto mcdm,0.8276898461916301,0.5640961232521142
667,pareto auto mcdm,0.8979582987388522,0.6268106840827262
668,raw cri probability,0.8904733363165886,0.6212833865278011
668,manual topsis equal,0.7732072105872799,0.5462791869645557
668,manual vikor equal,0.745986560199702,0.5304048378968588
668,manual waspas equal,0.7660565255203217,0.5357802788509994
668,baseline auto mcdm,0.8204032657498118,0.5615655971778936
668,pareto auto mcdm,0.8934058532050069,0.619771543759449
669,raw cri probability,0.8953291240860087,0.6236657771847899
669,manual topsis equal,0.7859329650491221,0.5512841894596398
669,manual vikor equal,0.7589371409043084,0.5351067378252168
669,manual waspas equal,0.7775413027196391,0.5397765176784524
669,baseline auto mcdm,0.8312674117914866,0.565126751167445
669,pareto auto mcdm,0.898436056250666,0.6240827218145432
670,raw cri probability,0.8964799246008317,0.6277470223116927
670,manual topsis equal,0.7798760577101453,0.5499916121456132
670,manual vikor equal,0.7507713946517165,0.5341385673544707
670,manual waspas equal,0.7721317234481297,0.5400100654252642
670,baseline auto mcdm,0.8275562715643983,0.5658446569367556
670,pareto auto mcdm,0.8994205154660921,0.6280825364871666
671,raw cri probability,0.8944207136569806,0.6267549222142587
671,manual topsis equal,0.7801701899661906,0.5534803322231122
671,manual vikor equal,0.7531061664196113,0.5385555883468949
671,manual waspas equal,0.7728220373386302,0.5415911294742611
671,baseline auto mcdm,0.8265893494224835,0.5682364349255871
671,pareto auto mcdm,0.897234577417177,0.6267549222142587
672,raw cri probability,0.8982833149603442,0.6229768062739862
672,manual topsis equal,0.7924800741520632,0.554396796262306
672,manual vikor equal,0.7634717028853025,0.5379609544468548
672,manual waspas equal,0.7833103415729546,0.5425496412481228
672,baseline auto mcdm,0.8361334729794121,0.5705823460704155
672,pareto auto mcdm,0.9010911945413139,0.6238111129651259
673,raw cri probability,0.8926089445963791,0.6252000336898846
673,manual topsis equal,0.7759853131680826,0.5479659732165417
673,manual vikor equal,0.7466029629354383,0.5304472332182262
673,manual waspas equal,0.7696162513394269,0.5359218394676999
673,baseline auto mcdm,0.825216118891827,0.5651478143687357
673,pareto auto mcdm,0.8953170823249323,0.6259580560936578
674,raw cri probability,0.8948265623869183,0.6284510010537407
674,manual topsis equal,0.7738892387677317,0.547017913593256
674,manual vikor equal,0.7444350068752829,0.5278819810326659
674,manual waspas equal,0.7653552252917969,0.5324341412012644
674,baseline auto mcdm,0.8241105848708217,0.5626975763962065
674,pareto auto mcdm,0.8974968944936146,0.6272708113804005
675,raw cri probability,0.8935290288321525,0.6284222053744419
675,manual topsis equal,0.7787841997681663,0.5485637267290034
675,manual vikor equal,0.7485132937158421,0.5301154072950889
675,manual waspas equal,0.7702616064919517,0.5363490860079185
675,baseline auto mcdm,0.8254443404341166,0.5655799848369978
675,pareto auto mcdm,0.8965523531394454,0.6277482941622441
676,raw cri probability,0.8948645121427485,0.6295968659168457
676,manual topsis equal,0.7835492696888894,0.5539407725683475
676,manual vikor equal,0.7530514926924168,0.5365011163064999
676,manual waspas equal,0.7750393913071598,0.5430725809848772
676,baseline auto mcdm,0.830340295348109,0.5690214415097519
676,pareto auto mcdm,0.8979697635418481,0.6301866127469565
677,raw cri probability,0.8919297965491719,0.629966572166039
677,manual topsis equal,0.7696699516837322,0.5442389878559641
677,manual vikor equal,0.7393676638369112,0.525451698895612
677,manual waspas equal,0.7621551257231872,0.5306139719883214
677,baseline auto mcdm,0.8202489719406788,0.5628570219608175
677,pareto auto mcdm,0.8947640405378088,0.6292895527440443
678,raw cri probability,0.8942205004880373,0.6248166617776475
678,manual topsis equal,0.7826935226457054,0.5499727611783933
678,manual vikor equal,0.7541276747704991,0.5329589741440723
678,manual waspas equal,0.7749539328411619,0.539999161882412
678,baseline auto mcdm,0.8300103655740184,0.5683275363533503
678,pareto auto mcdm,0.8970983634423634,0.6242299794661191
679,raw cri probability,0.8970968661669946,0.6270369904905534
679,manual topsis equal,0.7807882266568311,0.5470235851032633
679,manual vikor equal,0.752153021415338,0.5316073897197436
679,manual waspas equal,0.7732338989494539,0.5374722466591261
679,baseline auto mcdm,0.8281760524169617,0.5660424783209752
679,pareto auto mcdm,0.8998025124845379,0.627120774161116
680,raw cri probability,0.8950630544786826,0.6267481785445105
680,manual topsis equal,0.7778767283421434,0.545264215727326
680,manual vikor equal,0.747645930330374,0.5291851603718282
680,manual waspas equal,0.7697900033785202,0.5354660413700696
680,baseline auto mcdm,0.8251110345832572,0.5642743488820031
680,pareto auto mcdm,0.8982067546173904,0.6268319236244871
681,raw cri probability,0.8944946334282795,0.6279236377428462
681,manual topsis equal,0.7784775628898829,0.5511399553289225
681,manual vikor equal,0.750538208042826,0.5311643979940157
681,manual waspas equal,0.7715702239477663,0.5386657676261115
681,baseline auto mcdm,0.8262012819320612,0.5660584095410679
681,pareto auto mcdm,0.897256596853293,0.6277550676387542
682,raw cri probability,0.8959287049458561,0.6262997452708063
682,manual topsis equal,0.7803169828358418,0.5468743475174344
682,manual vikor equal,0.7533796897117029,0.5279158140894475
682,manual waspas equal,0.7724857986282978,0.5335115045725978
682,baseline auto mcdm,0.8265877560776612,0.5639119722721009
682,pareto auto mcdm,0.8987746882647346,0.6262162275024011
683,raw cri probability,0.8960773527203677,0.6281770745665713
683,manual topsis equal,0.7838578234398765,0.5539471469449587
683,manual vikor equal,0.7547555850271896,0.5368624810637941
683,manual waspas equal,0.7754511941207635,0.5388823430398922
683,baseline auto mcdm,0.8309665396496507,0.5710318128261235
683,pareto auto mcdm,0.8993385084506204,0.6283453963979129
684,raw cri probability,0.8977167165681552,0.6282818977429755
684,manual topsis equal,0.7834872021587924,0.5504794606591014
684,manual vikor equal,0.7562383076689126,0.534483480591265
684,manual waspas equal,0.7752183020256116,0.5395921443825635
684,baseline auto mcdm,0.8293897765665588,0.5668941836606507
684,pareto auto mcdm,0.9005787194747265,0.6284493949164608
685,raw cri probability,0.8943373022024883,0.6302702245527974
685,manual topsis equal,0.7809836122318639,0.5542352095403223
685,manual vikor equal,0.7537845558071292,0.5386729817735866
685,manual waspas equal,0.7731451232852048,0.5436630439379202
685,baseline auto mcdm,0.8268575537853788,0.5686133547595889
685,pareto auto mcdm,0.8972933637512202,0.6303548018776167
686,raw cri probability,0.895291011302179,0.6245855542032148
686,manual topsis equal,0.7830053849535784,0.5539094304780291
686,manual vikor equal,0.7542589568412561,0.5383808284719017
686,manual waspas equal,0.7752106320786055,0.5423259327653502
686,baseline auto mcdm,0.8291359383512088,0.5683468334242666
686,pareto auto mcdm,0.8980977017654058,0.6245855542032148
687,raw cri probability,0.8950311887866588,0.6267655811224276
687,manual topsis equal,0.7800827855998888,0.5493943585229891
687,manual vikor equal,0.7517727600329485,0.5347248417787838
687,manual waspas equal,0.772216603603686,0.53967056456683
687,baseline auto mcdm,0.8284125618384636,0.5664948237562346
687,pareto auto mcdm,0.897684698469905,0.6263464520725931
688,raw cri probability,0.8979038667820352,0.6261225512718767
688,manual topsis equal,0.78618239321939,0.5520237249906018
688,manual vikor equal,0.7574596080309032,0.5343135207384822
688,manual waspas equal,0.7771393419446343,0.5389916878994194
688,baseline auto mcdm,0.8313272440913871,0.5667265360678334
688,pareto auto mcdm,0.9006018105597738,0.6257883964746668
689,raw cri probability,0.8969399700245587,0.6220760842420712
689,manual topsis equal,0.7819305810856346,0.5455756264047281
689,manual vikor equal,0.7544213491217118,0.5295096978273537
689,manual waspas equal,0.7747721880605191,0.5337550986431366
689,baseline auto mcdm,0.8291763877317084,0.5609756097560975
689,pareto auto mcdm,0.899601773624366,0.6213268958628153
690,raw cri probability,0.8954624055940033,0.6248272974670296
690,manual topsis equal,0.7753061752169971,0.5407577977810342
690,manual vikor equal,0.7451888621846451,0.5240108854929872
690,manual waspas equal,0.7688701620892411,0.5302072430395646
690,baseline auto mcdm,0.8240573375357687,0.561440234456772
690,pareto auto mcdm,0.89811748838761,0.6248272974670296
691,raw cri probability,0.892877537251632,0.6280168776371309
691,manual topsis equal,0.7737292524651321,0.5502953586497891
691,manual vikor equal,0.7462246200773668,0.5319831223628693
691,manual waspas equal,0.7660081086591845,0.5355274261603375
691,baseline auto mcdm,0.8231097588818366,0.5667510548523207
691,pareto auto mcdm,0.8956403950416107,0.6275949367088608
692,raw cri probability,0.8938216580387661,0.6289074066240853
692,manual topsis equal,0.7762267854655824,0.55200710629838
692,manual vikor equal,0.7470662139275374,0.5369485216361406
692,manual waspas equal,0.7684756391386713,0.5397402817139715
692,baseline auto mcdm,0.8252180044528756,0.5675732837020431
692,pareto auto mcdm,0.8966360169994868,0.6273000296095766
693,raw cri probability,0.8963258990560197,0.6337772141196365
693,manual topsis equal,0.7820306193671454,0.553286831536673
693,manual vikor equal,0.7521865479365807,0.5340942718241386
693,manual waspas equal,0.7732070703338205,0.5398435848657789
693,baseline auto mcdm,0.8292358341896032,0.5708729655463961
693,pareto auto mcdm,0.8993091619549484,0.6345381526104418
694,raw cri probability,0.8970090145561904,0.6295456454186613
694,manual topsis equal,0.7773762848034702,0.5463172923490384
694,manual vikor equal,0.7473349328390617,0.5301083396321491
694,manual waspas equal,0.7702409249735648,0.5358192659779961
694,baseline auto mcdm,0.8277198805610664,0.5658016292936927
694,pareto auto mcdm,0.8999972725284133,0.630217519106408
695,raw cri probability,0.8928398541015872,0.6266885494255776
695,manual topsis equal,0.7805307168777622,0.5522871691284771
695,manual vikor equal,0.7532835144231393,0.53663258006144
695,manual waspas equal,0.7728264241868601,0.5409249673862727
695,baseline auto mcdm,0.8275027091035706,0.5672684425367168
695,pareto auto mcdm,0.8957961958773508,0.6252577536506334
696,raw cri probability,0.8937357498893749,0.6272219187292517
696,manual topsis equal,0.7787847150078653,0.5516661764087911
696,manual vikor equal,0.7491366106537373,0.5334285834348867
696,manual waspas equal,0.7709112792708346,0.5383031474555616
696,baseline auto mcdm,0.8258011594118574,0.5644408959112492
696,pareto auto mcdm,0.8964895660933968,0.6273059629365045
697,raw cri probability,0.8942756886664499,0.627493804863707
697,manual topsis equal,0.7786444289884069,0.5488680750976522
697,manual vikor equal,0.7490957245036097,0.5312276870091142
697,manual waspas equal,0.7706006092753792,0.5341677516905371
697,baseline auto mcdm,0.8259319906193434,0.5642404132890924
697,pareto auto mcdm,0.8972168821830248,0.628501827040195
698,raw cri probability,0.8946333910047525,0.6260162601626016
698,manual topsis equal,0.7814023071827463,0.5491576565250188
698,manual vikor equal,0.753385781038296,0.5317240801273992
698,manual waspas equal,0.7731574728924497,0.5359986589556618
698,baseline auto mcdm,0.8285773605431626,0.5651663733132176
698,pareto auto mcdm,0.8973608967205877,0.6253457379934624
699,raw cri probability,0.8933355331345532,0.6318688302334449
699,manual topsis equal,0.7748034807630874,0.5517095284497733
699,manual vikor equal,0.7446042335556219,0.5346777951955259
699,manual waspas equal,0.7657417563295847,0.5395076897004617
699,baseline auto mcdm,0.8233313119363864,0.569164936660594
699,pareto auto mcdm,0.896203174302884,0.6300046604245223
700,raw cri probability,0.8943569880900234,0.6295497780596069
700,manual topsis equal,0.7822974739874218,0.5566687803846967
700,manual vikor equal,0.7525270284658117,0.5399281335869794
700,manual waspas equal,0.7748467481837977,0.5448319594166139
700,baseline auto mcdm,0.8297371806810506,0.5701965757767914
700,pareto auto mcdm,0.8971765130148576,0.6292115831748045
701,raw cri probability,0.8974669647938779,0.628158844765343
701,manual topsis equal,0.7856068622093864,0.5514230543195365
701,manual vikor equal,0.7574711073642366,0.5337922928385525
701,manual waspas equal,0.7778236042511855,0.5405087734027371
701,baseline auto mcdm,0.832234220036095,0.5677944756947361
701,pareto auto mcdm,0.9004062776049473,0.6283267567794476
702,raw cri probability,0.8977098242794427,0.6276675872457946
702,manual topsis equal,0.7799816752591664,0.5511758306134404
702,manual vikor equal,0.7511671137996644,0.5344380282868859
702,manual waspas equal,0.7718464370879743,0.5381203447987278
702,baseline auto mcdm,0.828535517553006,0.5651518955561136
702,pareto auto mcdm,0.9004391612476873,0.6272491421876307
703,raw cri probability,0.8973883967755454,0.6279703281505385
703,manual topsis equal,0.7831790596119625,0.5512761409831943
703,manual vikor equal,0.7532127319412142,0.5337580151711999
703,manual waspas equal,0.7755451434681949,0.5415531620636185
703,baseline auto mcdm,0.8310501699817531,0.5683751728762416
703,pareto auto mcdm,0.9001451304213385,0.6275512342315914
704,raw cri probability,0.8932803376788768,0.6302201974183751
704,manual topsis equal,0.7731140904627207,0.5471188728591917
704,manual vikor equal,0.7422805396910693,0.5293174723698643
704,manual waspas equal,0.7659728695437944,0.5355606175651734
704,baseline auto mcdm,0.8221034084622783,0.563148569982283
704,pareto auto mcdm,0.8959709117273625,0.6288703281869569
705,raw cri probability,0.8964410592354007,0.628035504940546
705,manual topsis equal,0.7793574400479608,0.5453860324903701
705,manual vikor equal,0.7504881856048955,0.530313180371797
705,manual waspas equal,0.7727515283173958,0.5355049405459722
705,baseline auto mcdm,0.8276599028736857,0.563305978898007
705,pareto auto mcdm,0.8990832127626575,0.6285379333444984
706,raw cri probability,0.8939737617462709,0.6277686368814075
706,manual topsis equal,0.7803994893121178,0.5565540226975488
706,manual vikor equal,0.7502689206107044,0.538665991646627
706,manual waspas equal,0.7723264029822385,0.541956714339957
706,baseline auto mcdm,0.8275387746923861,0.5720794836096696
706,pareto auto mcdm,0.8967413546061219,0.6275155043665359
707,raw cri probability,0.8934096854705345,0.6290397532846098
707,manual topsis equal,0.7790756109918414,0.5525748806556546
707,manual vikor equal,0.7521291827910932,0.5363524988382408
707,manual waspas equal,0.7711411406568587,0.5383802965654176
707,baseline auto mcdm,0.8259653810564385,0.5671074310337544
707,pareto auto mcdm,0.8962948919211047,0.6278568712770901
708,raw cri probability,0.896836657410764,0.6270732115932316
708,manual topsis equal,0.7846137923141694,0.5518512313620373
708,manual vikor equal,0.7541250753476558,0.5323337242419166
708,manual waspas equal,0.7762543920890056,0.538699949740325
708,baseline auto mcdm,0.8331072462462806,0.5670128999832468
708,pareto auto mcdm,0.8996540369448287,0.6268219132182945
709,raw cri probability,0.8928645457406529,0.6278147929493127
709,manual topsis equal,0.7747112272917898,0.5471873155098254
709,manual vikor equal,0.7461608326568062,0.5325124399089146
709,manual waspas equal,0.7673719639144955,0.5368980349160832
709,baseline auto mcdm,0.8234440578543446,0.5645610188074555
709,pareto auto mcdm,0.8954649236181446,0.6268870709285654
710,raw cri probability,0.8937670475398455,0.6257565568258239
710,manual topsis equal,0.7774745381287413,0.550268997982515
710,manual vikor equal,0.7490695480316231,0.535053799596503
710,manual waspas equal,0.7700985920063095,0.5402656355077337
710,baseline auto mcdm,0.8246467746479331,0.5659045057162071
710,pareto auto mcdm,0.8966722134197577,0.6262609280430397
711,raw cri probability,0.8964297077151379,0.6262685565713326
711,manual topsis equal,0.7804940999465854,0.5460873941122201
711,manual vikor equal,0.7507819806546545,0.5306550364841064
711,manual waspas equal,0.7734888197535648,0.5350163549442254
711,baseline auto mcdm,0.8290795415874694,0.5655455841650591
711,pareto auto mcdm,0.899035698377734,0.6260169420447874
712,raw cri probability,0.8961396460089184,0.6285330309520809
712,manual topsis equal,0.7783880401188829,0.5495779261685775
712,manual vikor equal,0.7512905742171014,0.5334509260425855
712,manual waspas equal,0.769473295307598,0.5373146864894378
712,baseline auto mcdm,0.825717504618197,0.5657889210868926
712,pareto auto mcdm,0.8987099396460934,0.6270211246902693
713,raw cri probability,0.8938862831903733,0.629331082506858
713,manual topsis equal,0.7781092215180945,0.5529436589997889
713,manual vikor equal,0.7490441254643908,0.5359780544418654
713,manual waspas equal,0.7710184350030228,0.5416332559611732
713,baseline auto mcdm,0.8269346725872241,0.5689807976366321
713,pareto auto mcdm,0.8968697070427767,0.628824646549905
714,raw cri probability,0.896205781699714,0.6281954572123041
714,manual topsis equal,0.775513404307368,0.5454697845947533
714,manual vikor equal,0.7459837111064318,0.5280362081971335
714,manual waspas equal,0.7677848760505002,0.5334003855502473
714,baseline auto mcdm,0.8242842178552173,0.5606403486715279
714,pareto auto mcdm,0.8989486001507392,0.6280278266700193
715,raw cri probability,0.8954784179977211,0.6263869698111627
715,manual topsis equal,0.7789849662326929,0.5444039693505841
715,manual vikor equal,0.7499154446462883,0.5284930703847927
715,manual waspas equal,0.77075643836206,0.5356111041326467
715,baseline auto mcdm,0.8260046139888176,0.5633295649625256
715,pareto auto mcdm,0.8983477983623026,0.6276430934137253
716,raw cri probability,0.8922369411365443,0.6258004718570948
716,manual topsis equal,0.7749910397495087,0.5490394337714862
716,manual vikor equal,0.7463440070916273,0.5331142568250758
716,manual waspas equal,0.7665278603751404,0.5352207617121671
716,baseline auto mcdm,0.8238133746499154,0.5649646107178969
716,pareto auto mcdm,0.8953328707635511,0.6261375126390293
717,raw cri probability,0.8986191182079765,0.6266961713498393
717,manual topsis equal,0.785390978703817,0.5514592292597387
717,manual vikor equal,0.7573577958307749,0.5353429919418813
717,manual waspas equal,0.7770168789260937,0.5391841676756711
717,baseline auto mcdm,0.8325466929475187,0.5665734207339985
717,pareto auto mcdm,0.9014300696753268,0.626779675170139
718,raw cri probability,0.895863556094277,0.6270951480781349
718,manual topsis equal,0.7891882912231281,0.5588741860953581
718,manual vikor equal,0.7610324384577749,0.5429951690821256
718,manual waspas equal,0.7809528491573998,0.5482041587901701
718,baseline auto mcdm,0.833888790685165,0.5731568998109642
718,pareto auto mcdm,0.8988989761869935,0.6268431001890359
719,raw cri probability,0.8953116255019659,0.6259010896898575
719,manual topsis equal,0.7799670498940691,0.5492875104777871
719,manual vikor equal,0.7532428968426111,0.5309304274937133
719,manual waspas equal,0.7718254933326903,0.5340318524727578
719,baseline auto mcdm,0.8267084530844299,0.5643755238893545
719,pareto auto mcdm,0.8978884637558306,0.62523051131601
720,raw cri probability,0.893838293679827,0.6229178030461964
720,manual topsis equal,0.779829072418033,0.5496580371753451
720,manual vikor equal,0.7522436606100431,0.5327906684009567
720,manual waspas equal,0.771704683666557,0.5351403516133092
720,baseline auto mcdm,0.825857152110274,0.564511391767717
720,pareto auto mcdm,0.8964213780510432,0.6227499685310284
721,raw cri probability,0.8958008063198237,0.627638591632045
721,manual topsis equal,0.7832152053167027,0.5521003818876159
721,manual vikor equal,0.7565586686198604,0.5365730832179277
721,manual waspas equal,0.775261094775309,0.5400981996726677
721,baseline auto mcdm,0.8298105294577585,0.5683830626547484
721,pareto auto mcdm,0.8986579536714344,0.626211758781317
722,raw cri probability,0.8956963315306932,0.6264777395824599
722,manual topsis equal,0.7790728181445431,0.5479164919929572
722,manual vikor equal,0.7523578224710554,0.5332439003940639
722,manual waspas equal,0.7711820724422742,0.538190659847405
722,baseline auto mcdm,0.8274148171325948,0.5651882283893687
722,pareto auto mcdm,0.8984247382728721,0.6259746792990694
723,raw cri probability,0.8937731855521122,0.6270665937486853
723,manual topsis equal,0.7817343687294038,0.5517647553741954
723,manual vikor equal,0.7521655675461492,0.5355264818476295
723,manual waspas equal,0.7737637386907443,0.5404063775188255
723,baseline auto mcdm,0.8288670036766019,0.5690126624879054
723,pareto auto mcdm,0.8966640178827082,0.6263093685583274
724,raw cri probability,0.8972685686869897,0.6226956847405435
724,manual topsis equal,0.7828848215396053,0.5470434022720653
724,manual vikor equal,0.7553324456129017,0.5291498481128543
724,manual waspas equal,0.775812028699775,0.534309849777371
724,baseline auto mcdm,0.8292017292625243,0.5626066330989139
724,pareto auto mcdm,0.8999422221623868,0.6215305230743623
725,raw cri probability,0.8953569172364557,0.6284847974395688
725,manual topsis equal,0.7793655420547236,0.5514191863892866
725,manual vikor equal,0.7496036454686659,0.5365956371599427
725,manual waspas equal,0.7722619612478419,0.5394592773519751
725,baseline auto mcdm,0.8277112723388332,0.567758780426177
725,pareto auto mcdm,0.898141914187249,0.6266318537859007
726,raw cri probability,0.8966450965402613,0.6321615683623457
726,manual topsis equal,0.7781737219974733,0.5512083826263309
726,manual vikor equal,0.7467568389225427,0.5349839445665033
726,manual waspas equal,0.7698722157985975,0.5419976339361163
726,baseline auto mcdm,0.8268907277574847,0.5667568024336657
726,pareto auto mcdm,0.8992346941555952,0.6317390569545378
727,raw cri probability,0.8942460832783699,0.6298966898587391
727,manual topsis equal,0.7779146842176929,0.5502002951718322
727,manual vikor equal,0.7494035426464019,0.5336706725701034
727,manual waspas equal,0.77029424060559,0.5375500737929579
727,baseline auto mcdm,0.8253255328261804,0.5651275563989037
727,pareto auto mcdm,0.8970240377220875,0.6282099936748893
728,raw cri probability,0.8937967778519336,0.6235540653813915
728,manual topsis equal,0.7789490454938729,0.548197820620285
728,manual vikor equal,0.7492233720517948,0.5310980720871752
728,manual waspas equal,0.7711724175973302,0.5365465213746857
728,baseline auto mcdm,0.826746467980721,0.5652137468566639
728,pareto auto mcdm,0.8965656873975935,0.6232187761944677
729,raw cri probability,0.8950625376151518,0.623469941930902
729,manual topsis equal,0.7822645744662243,0.5505284705685758
729,manual vikor equal,0.7543534782857515,0.5341521493921544
729,manual waspas equal,0.77485099762351,0.5378284663909428
729,baseline auto mcdm,0.8287233878200796,0.5654843965409199
729,pareto auto mcdm,0.8976578911122997,0.6228015206583949
730,raw cri probability,0.8953002777447485,0.6236054022313565
730,manual topsis equal,0.7815831214893497,0.5507088331515813
730,manual vikor equal,0.7549257033477323,0.5349383440986495
730,manual waspas equal,0.7737404380078547,0.5396359365825014
730,baseline auto mcdm,0.8297260122729531,0.5671504068450633
730,pareto auto mcdm,0.8981639613969727,0.6234376310712189
731,raw cri probability,0.8925250419424675,0.6263180092787853
731,manual topsis equal,0.7793848957169196,0.5516659637283846
731,manual vikor equal,0.7519803279641996,0.5362294390552509
731,manual waspas equal,0.7711390037526845,0.5409531843104175
731,baseline auto mcdm,0.826595156380863,0.56828342471531
731,pareto auto mcdm,0.895417164080731,0.6268241248418388
732,raw cri probability,0.8965342314068505,0.6299026835741669
732,manual topsis equal,0.7825403677217693,0.5528078527193833
732,manual vikor equal,0.7538809164535148,0.5346084172389097
732,manual waspas equal,0.7747798343186552,0.5397480726292286
732,baseline auto mcdm,0.8306797931072452,0.5687323587647977
732,pareto auto mcdm,0.8994222026659793,0.6311665332603108
733,raw cri probability,0.893477926776295,0.6262566528681254
733,manual topsis equal,0.7790555841880287,0.553265185435499
733,manual vikor equal,0.7504324140694972,0.5378051871251162
733,manual waspas equal,0.7711864381041492,0.5428740390301596
733,baseline auto mcdm,0.8258148995604432,0.5702458393173946
733,pareto auto mcdm,0.8961612156692363,0.6267635380586297
734,raw cri probability,0.8948079811767746,0.625874272312267
734,manual topsis equal,0.7793802552942223,0.5468861247225363
734,manual vikor equal,0.7509932570134469,0.5313900406248692
734,manual waspas equal,0.7707914102764503,0.5365833228630063
734,baseline auto mcdm,0.827343586443676,0.5646437994722955
734,pareto auto mcdm,0.8976804462061122,0.6266281358629643
735,raw cri probability,0.8932624583810305,0.624612029192182
735,manual topsis equal,0.7749922030060876,0.5446690713866287
735,manual vikor equal,0.7463473704084853,0.5288146967536281
735,manual waspas equal,0.7677779472273781,0.535106115258787
735,baseline auto mcdm,0.8241355399068505,0.5632916701618992
735,pareto auto mcdm,0.8960390233989051,0.6252831138327322
736,raw cri probability,0.8931930239367477,0.6214208197679271
736,manual topsis equal,0.7804589965717414,0.546205860255447
736,manual vikor equal,0.751916628393294,0.5304282494365139
736,manual waspas equal,0.7732759347705095,0.5361883295767593
736,baseline auto mcdm,0.826702557854335,0.5611486768511562
736,pareto auto mcdm,0.8962127603613588,0.6217547374572169
737,raw cri probability,0.8946042611957662,0.6240227434257285
737,manual topsis equal,0.7804487507452033,0.5461766796270747
737,manual vikor equal,0.752386200540908,0.5291191103306995
737,manual waspas equal,0.7730034064618965,0.5353066599774239
737,baseline auto mcdm,0.827370745526835,0.561394707136586
737,pareto auto mcdm,0.8975188343987823,0.625026129854927
738,raw cri probability,0.8958568104786757,0.6247593538126727
738,manual topsis equal,0.7836222262635967,0.5500125554532519
738,manual vikor equal,0.7539977371935707,0.53193270277057
738,manual waspas equal,0.7757111273764102,0.5379593203314639
738,baseline auto mcdm,0.8309126079820327,0.5642420691386959
738,pareto auto mcdm,0.898679535564179,0.6242571356825981
739,raw cri probability,0.8944979775935228,0.6272109984072429
739,manual topsis equal,0.7744173033526607,0.5438846508508676
739,manual vikor equal,0.7459491326452047,0.5275379327688825
739,manual waspas equal,0.7672154762161293,0.5338251320311845
739,baseline auto mcdm,0.8242369338614718,0.5633330539022551
739,pareto auto mcdm,0.8972417572599967,0.6272948277307402
740,raw cri probability,0.894213172023716,0.6254971739585514
740,manual topsis equal,0.7788771573538273,0.5485451119949759
740,manual vikor equal,0.7494216796827561,0.5312120577768473
740,manual waspas equal,0.7716253202763445,0.5386644337450281
740,baseline auto mcdm,0.8268067706474296,0.5640360058614193
740,pareto auto mcdm,0.8970360447232187,0.6258321122043123
741,raw cri probability,0.8939468119844142,0.6260781756216603
741,manual topsis equal,0.7755780703085888,0.545378045188707
741,manual vikor equal,0.7456016116070986,0.5297260907981656
741,manual waspas equal,0.7677605540937744,0.5339336054192788
741,baseline auto mcdm,0.8226200798840629,0.5607775487019818
741,pareto auto mcdm,0.8964250380801172,0.6260781756216603
742,raw cri probability,0.8950257644522012,0.6278708485535542
742,manual topsis equal,0.7827268528265479,0.5490196078431373
742,manual vikor equal,0.752186097040281,0.5329806440777596
742,manual waspas equal,0.7744963257629193,0.5371793256917329
742,baseline auto mcdm,0.8288131693504402,0.5652265188730738
742,pareto auto mcdm,0.8978836313427065,0.6276189276567158
743,raw cri probability,0.895829571888567,0.6228249530565408
743,manual topsis equal,0.7746167969304397,0.5428750260796995
743,manual vikor equal,0.7454949920145726,0.5249321927811391
743,manual waspas equal,0.7659829717151674,0.530774045482996
743,baseline auto mcdm,0.8234432218505924,0.5609013144168579
743,pareto auto mcdm,0.8983514141679199,0.6234925933653245
744,raw cri probability,0.8947552435393715,0.6244548809124455
744,manual topsis equal,0.7779825605260229,0.5478866152297888
744,manual vikor equal,0.7478347939334699,0.5323716873532371
744,manual waspas equal,0.7698505305283389,0.53690036900369
744,baseline auto mcdm,0.8267984357731502,0.5607178799060717
744,pareto auto mcdm,0.8975634941081536,0.6240355585374036
745,raw cri probability,0.8975933939445462,0.6301991429291656
745,manual topsis equal,0.7841371415427744,0.5486933871103269
745,manual vikor equal,0.7540273886025479,0.5328963952609025
745,manual waspas equal,0.775900671556337,0.5389463070330225
745,baseline auto mcdm,0.8304663455930374,0.5665070162171246
745,pareto auto mcdm,0.9004717062578717,0.6290227711956978
746,raw cri probability,0.891088626422493,0.6269060190073918
746,manual topsis equal,0.7765872962420812,0.5515522703273495
746,manual vikor equal,0.747490329455649,0.5347412882787751
746,manual waspas equal,0.7688204740392268,0.5410770855332628
746,baseline auto mcdm,0.824626971086801,0.568025343189018
746,pareto auto mcdm,0.8937925054630217,0.6268215417106653
747,raw cri probability,0.8933382429494937,0.6267614520674716
747,manual topsis equal,0.7774014438367836,0.548353173768561
747,manual vikor equal,0.7482335386956119,0.5315273629748033
747,manual waspas equal,0.7698962875551801,0.5360703318891179
747,baseline auto mcdm,0.825451869427016,0.5650948555083498
747,pareto auto mcdm,0.8961758362463277,0.6267614520674716
748,raw cri probability,0.8925353313614087,0.6314274831774515
748,manual topsis equal,0.7749981820366256,0.5517795928731644
748,manual vikor equal,0.7442892890072993,0.5348512421177367
748,manual waspas equal,0.7672500487174604,0.5384908375301536
748,baseline auto mcdm,0.8243564237694553,0.567522959075712
748,pareto auto mcdm,0.8954483572645164,0.6312581996698972
749,raw cri probability,0.8959730516315962,0.6261510128913443
749,manual topsis equal,0.780458732261855,0.5512305374183827
749,manual vikor equal,0.7503190080364099,0.5346559517830236
749,manual waspas equal,0.7739729472920317,0.5407667838607065
749,baseline auto mcdm,0.8282723267843372,0.565796082370668
749,pareto auto mcdm,0.8987759805467392,0.6247279424075004
750,raw cri probability,0.8968627492879591,0.6267080224662587
750,manual topsis equal,0.7822779041281145,0.5466510185262805
750,manual vikor equal,0.7535073274254929,0.5295498365328193
750,manual waspas equal,0.7749516522234916,0.5361723530891106
750,baseline auto mcdm,0.8292577899326333,0.5647581524017101
750,pareto auto mcdm,0.8995304874749817,0.6251990946433063
751,raw cri probability,0.8954226450637438,0.625724120560826
751,manual topsis equal,0.7823816132212241,0.5509193182772227
751,manual vikor equal,0.7547167297974919,0.5335404248173957
751,manual waspas equal,0.7737352346768753,0.5352195449584417
751,baseline auto mcdm,0.8290053122559018,0.5667870036101083
751,pareto auto mcdm,0.8982416713983061,0.6252203845185123
752,raw cri probability,0.8945927847394546,0.6286051610726936
752,manual topsis equal,0.7821463908082897,0.5528756957328386
752,manual vikor equal,0.7538297697939363,0.5349974700624052
752,manual waspas equal,0.7746028980949569,0.541153651543262
752,baseline auto mcdm,0.8293324834186024,0.5705009276437848
752,pareto auto mcdm,0.897650658004498,0.6281835048068815
753,raw cri probability,0.891484357271845,0.6233494026409557
753,manual topsis equal,0.7755382491804004,0.5454621672605323
753,manual vikor equal,0.7468102317884434,0.528945713686858
753,manual waspas equal,0.7679169099420243,0.535149863760218
753,baseline auto mcdm,0.8236627722118519,0.5620624607000628
753,pareto auto mcdm,0.8942119502651288,0.6222594843848249
754,raw cri probability,0.8956671779150472,0.6290071190867349
754,manual topsis equal,0.7813270932354915,0.5512447870592696
754,manual vikor equal,0.752764620965907,0.5341421289860566
754,manual waspas equal,0.773955894924566,0.5398710981928472
754,baseline auto mcdm,0.8292518371304408,0.5673364505665782
754,pareto auto mcdm,0.8984063410115234,0.6285016218037828
755,raw cri probability,0.8924828746292286,0.6314540059347181
755,manual topsis equal,0.7713264928589671,0.5473505722763884
755,manual vikor equal,0.7419473517170536,0.5317507418397626
755,manual waspas equal,0.7637435010285684,0.536837643069097
755,baseline auto mcdm,0.81974055511673,0.5632047477744806
755,pareto auto mcdm,0.8952881702879077,0.6298431538787623
756,raw cri probability,0.8972109286039771,0.6298482293423272
756,manual topsis equal,0.7883091997554299,0.557504215851602
756,manual vikor equal,0.7595829131911185,0.5414839797639123
756,manual waspas equal,0.7797331357671867,0.5446037099494098
756,baseline auto mcdm,0.8338333542352828,0.5740303541315346
756,pareto auto mcdm,0.9004061736675014,0.6306913996627318
757,raw cri probability,0.890812140934114,0.623527431841131
757,manual topsis equal,0.7766819319587338,0.5487209693705823
757,manual vikor equal,0.7478131511536503,0.5314708852238303
757,manual waspas equal,0.7694493116186732,0.5360148098283407
757,baseline auto mcdm,0.8242610665010696,0.5649612924941098
757,pareto auto mcdm,0.8936387839799759,0.6233591383372602
758,raw cri probability,0.8960135308398337,0.6296934785350881
758,manual topsis equal,0.7780802435020555,0.5487112643484843
758,manual vikor equal,0.7488280740420273,0.5302106546693015
758,manual waspas equal,0.7703864255851387,0.5344153386872976
758,baseline auto mcdm,0.826455685046493,0.5661186561829878
758,pareto auto mcdm,0.898691784628038,0.6294411974940084
759,raw cri probability,0.8967046026722961,0.6263717852056631
759,manual topsis equal,0.7784412438026289,0.5456144759989947
759,manual vikor equal,0.7511322259779792,0.5304515372371617
759,manual waspas equal,0.7713686188108542,0.5365669766272934
759,baseline auto mcdm,0.8271318235358093,0.5640445673117199
759,pareto auto mcdm,0.8995589832819259,0.6268744240596464
760,raw cri probability,0.8918784520266492,0.624304736221136
760,manual topsis equal,0.7755268316056502,0.5456767234114276
760,manual vikor equal,0.7454416262016623,0.5305916062700152
760,manual waspas equal,0.7682670712495943,0.5366593628855553
760,baseline auto mcdm,0.8234186111849442,0.5630372492836677
760,pareto auto mcdm,0.8946192307245009,0.624389010618574
761,raw cri probability,0.8900944541670149,0.6239878542510121
761,manual topsis equal,0.7772216555361275,0.5498481781376519
761,manual vikor equal,0.7479412370848233,0.5317139001349528
761,manual waspas equal,0.7696568232329459,0.5355937921727396
761,baseline auto mcdm,0.8242409646425011,0.5666329284750338
761,pareto auto mcdm,0.893176111220704,0.6227226720647773
762,raw cri probability,0.8960409783484126,0.6240501043841337
762,manual topsis equal,0.7863438639346698,0.5498956158663882
762,manual vikor equal,0.7579670882516637,0.5361169102296451
762,manual waspas equal,0.7791141748940461,0.5407098121085595
762,baseline auto mcdm,0.8319410035162128,0.5665135699373695
762,pareto auto mcdm,0.8986843225105893,0.6234655532359081
763,raw cri probability,0.8978746797223802,0.6268444593069431
763,manual topsis equal,0.7857781676722315,0.5523554738118129
763,manual vikor equal,0.7582476585571098,0.5371399908038289
763,manual waspas equal,0.7778955941692266,0.5434101074279982
763,baseline auto mcdm,0.8327225634826996,0.5685741754796639
763,pareto auto mcdm,0.9006316493353541,0.6269280608619321
764,raw cri probability,0.8928906160029604,0.6249110320284698
764,manual topsis equal,0.7739836541084297,0.5430186309399204
764,manual vikor equal,0.746407659457869,0.5272765333891564
764,manual waspas equal,0.7670520204587877,0.5329704835670923
764,baseline auto mcdm,0.8212000675206013,0.560351685158049
764,pareto auto mcdm,0.8958033030638048,0.6244086246598283
765,raw cri probability,0.8945825198303468,0.6243673930319127
765,manual topsis equal,0.7805193778422591,0.549249236689113
765,manual vikor equal,0.753325557422205,0.5314316784474465
765,manual waspas equal,0.7723889103122742,0.5368689614789409
765,baseline auto mcdm,0.8277017966324064,0.5643063281609435
765,pareto auto mcdm,0.897410875058949,0.6247019950646201
766,raw cri probability,0.8963589358780253,0.6260462002008704
766,manual topsis equal,0.7844288074473472,0.5506360897221292
766,manual vikor equal,0.7574122375563959,0.5333110143957148
766,manual waspas equal,0.7771484138018847,0.5386675594241714
766,baseline auto mcdm,0.8307174624172018,0.5677100770003348
766,pareto auto mcdm,0.8992726578298683,0.6252929360562438
767,raw cri probability,0.8953290201164128,0.6277076383904067
767,manual topsis equal,0.7809032692938862,0.5526326901152724
767,manual vikor equal,0.7498999241439487,0.5362496305366719
767,manual waspas equal,0.7726337261243441,0.5414010049402526
767,baseline auto mcdm,0.8276493087654517,0.5700291348224465
767,pareto auto mcdm,0.8979414425894449,0.6282987797154077
768,raw cri probability,0.8921009789553337,0.6255677039529016
768,manual topsis equal,0.7742531123169573,0.5455845248107654
768,manual vikor equal,0.743800251965711,0.5271656854499579
768,manual waspas equal,0.7664554749804801,0.5338099243061396
768,baseline auto mcdm,0.8222905291486187,0.5612279226240539
768,pareto auto mcdm,0.895024120377525,0.6250630782169891
769,raw cri probability,0.8957894043251803,0.6290397142256776
769,manual topsis equal,0.7799133140783874,0.5523849548224417
769,manual vikor equal,0.7522523892255468,0.533977726413112
769,manual waspas equal,0.7724534711789758,0.5384324437907124
769,baseline auto mcdm,0.8278966256079454,0.5673460811094767
769,pareto auto mcdm,0.8988418605087402,0.6279470476990964
770,raw cri probability,0.8944984090441168,0.6301173292816746
770,manual topsis equal,0.7743355887181039,0.5512788047606988
770,manual vikor equal,0.7453312879318715,0.5335527981767536
770,manual waspas equal,0.765667586457551,0.5388706001519372
770,baseline auto mcdm,0.8243273031189764,0.5674854393517347
770,pareto auto mcdm,0.8972752607385119,0.6287667763990883
771,raw cri probability,0.8985923788565687,0.6292078378831018
771,manual topsis equal,0.7803408732895192,0.5487355551833863
771,manual vikor equal,0.7499874315068944,0.5335789649974878
771,manual waspas equal,0.7725579311113437,0.5396918439122427
771,baseline auto mcdm,0.8297174367550139,0.566404287389047
771,pareto auto mcdm,0.9013909636280489,0.6286216714118238
772,raw cri probability,0.8977054714312818,0.622249896222499
772,manual topsis equal,0.7816109104825923,0.5424657534246575
772,manual vikor equal,0.7548527568020577,0.526857617268576
772,manual waspas equal,0.7745047529187866,0.5343295973432961
772,baseline auto mcdm,0.8288258824618494,0.5593192195931922
772,pareto auto mcdm,0.9002150924872014,0.6224989622249897
773,raw cri probability,0.8970037066333053,0.6287130792823831
773,manual topsis equal,0.7840520068454457,0.5527498844586363
773,manual vikor equal,0.7548094643985985,0.5363640183185581
773,manual waspas equal,0.77545806041621,0.5413217932019663
773,baseline auto mcdm,0.8311831330947923,0.5693038107642535
773,pareto auto mcdm,0.8997118457433078,0.6281248687029956
774,raw cri probability,0.8988558683048814,0.6268956009525003
774,manual topsis equal,0.7874004639275362,0.5520324184317166
774,manual vikor equal,0.7587481007254958,0.5361574132096754
774,manual waspas equal,0.7798686366530508,0.541421230730668
774,baseline auto mcdm,0.8340711686979159,0.5684087396081381
774,pareto auto mcdm,0.9016318832791516,0.6268956009525003
775,raw cri probability,0.8936123546120424,0.6272363712902547
775,manual topsis equal,0.7767935886483136,0.549273837086929
775,manual vikor equal,0.7475517277273828,0.5323510839823196
775,manual waspas equal,0.7687692784522153,0.5397600505156809
775,baseline auto mcdm,0.8240982999187015,0.562660492527889
775,pareto auto mcdm,0.8964122678217156,0.6274047568932856
776,raw cri probability,0.8948660690505975,0.6249685376289957
776,manual topsis equal,0.7799544720272713,0.5506334424028861
776,manual vikor equal,0.7524350028925392,0.5365383001929692
776,manual waspas equal,0.7731064150971264,0.5405654836815169
776,baseline auto mcdm,0.8275641926416687,0.5657353804849401
776,pareto auto mcdm,0.8975941783190267,0.6247168386609615
777,raw cri probability,0.8948458736331149,0.6303712797934042
777,manual topsis equal,0.7828202745227624,0.5561153211125692
777,manual vikor equal,0.7542712957709409,0.5396892595571737
777,manual waspas equal,0.7752138745941809,0.5427373946911646
777,baseline auto mcdm,0.8278862629698479,0.5716946784640785
777,pareto auto mcdm,0.8977537835279069,0.6300325981118496
778,raw cri probability,0.8958482593979774,0.6274165202108963
778,manual topsis equal,0.7789418541030397,0.5462381789271069
778,manual vikor equal,0.7508588753953075,0.5302535777052473
778,manual waspas equal,0.7712573590607745,0.5350238513683153
778,baseline auto mcdm,0.8269705479835963,0.5621390911373336
778,pareto auto mcdm,0.8988316409966443,0.6272491421876307
779,raw cri probability,0.8970970726666276,0.625814536340852
779,manual topsis equal,0.7837532524418818,0.5480367585630742
779,manual vikor equal,0.7553288244157692,0.5341687552213868
779,manual waspas equal,0.7768566435803457,0.5395154553049291
779,baseline auto mcdm,0.8286597597799733,0.562406015037594
779,pareto auto mcdm,0.8996932916598167,0.6264828738512949
780,raw cri probability,0.8959461176458164,0.6311378259397222
780,manual topsis equal,0.779297329642178,0.5539282086014222
780,manual vikor equal,0.7493483977285907,0.5358110396207246
780,manual waspas equal,0.7716627827151603,0.5418218760582459
780,baseline auto mcdm,0.8280785285265191,0.5689129698611581
780,pareto auto mcdm,0.8986591192285892,0.6315611242803929
781,raw cri probability,0.8978470943176227,0.6311854154414854
781,manual topsis equal,0.7773070142104941,0.5467529194320758
781,manual vikor equal,0.7469007856566553,0.5272620347811476
781,manual waspas equal,0.7688992054447552,0.5347391413929262
781,baseline auto mcdm,0.8257825698857955,0.5655717046122827
781,pareto auto mcdm,0.9005563189635278,0.6309333781399646
782,raw cri probability,0.8936994078487873,0.6298953409858203
782,manual topsis equal,0.7729814885442667,0.549375422012154
782,manual vikor equal,0.74383249406849,0.5332545577312626
782,manual waspas equal,0.7652660594955324,0.5346893990546928
782,baseline auto mcdm,0.8214769015175157,0.5660027008777853
782,pareto auto mcdm,0.8966760724948393,0.6283760972316003
783,raw cri probability,0.8940745419775763,0.629504883799259
783,manual topsis equal,0.7791970362409227,0.551027281913102
783,manual vikor equal,0.7503019813399383,0.5336813742000673
783,manual waspas equal,0.772424127091989,0.5399124284270799
783,baseline auto mcdm,0.8266751579271546,0.5672785449646346
783,pareto auto mcdm,0.8969283973733739,0.6294206803637589
784,raw cri probability,0.8962606025856397,0.6261830974118435
784,manual topsis equal,0.781618396357395,0.5454393165256721
784,manual vikor equal,0.751181420160533,0.5312002680291482
784,manual waspas equal,0.7741517352052317,0.5362258145573332
784,baseline auto mcdm,0.8294842701857118,0.5622748973950917
784,pareto auto mcdm,0.8990580941610824,0.6272719658262835
785,raw cri probability,0.8950137425314398,0.6310314204761703
785,manual topsis equal,0.7799289991133214,0.5521207764198418
785,manual vikor equal,0.7510716796619504,0.5368122806275638
785,manual waspas equal,0.7717515870526843,0.539265023047321
785,baseline auto mcdm,0.8268049957781715,0.5676830041865776
785,pareto auto mcdm,0.897891371447302,0.6298473379287014
786,raw cri probability,0.8947983570252895,0.6254868294317183
786,manual topsis equal,0.78290532836168,0.5504418107960971
786,manual vikor equal,0.7523072669120762,0.5336906905649316
786,manual waspas equal,0.7748410300746614,0.5403911386573977
786,baseline auto mcdm,0.8287039081328137,0.5653503078018343
786,pareto auto mcdm,0.8977959573566549,0.6244817622178483
787,raw cri probability,0.8937007378584044,0.6270415894931807
787,manual topsis equal,0.7761503976979329,0.5471459841724197
787,manual vikor equal,0.7461899648746634,0.5323286748610878
787,manual waspas equal,0.7685796748070416,0.5370432732783297
787,baseline auto mcdm,0.8246222894447132,0.5633945108604141
787,pareto auto mcdm,0.8964080122946091,0.6261996969186732
788,raw cri probability,0.8930258768695309,0.6261242329999159
788,manual topsis equal,0.7795523709165262,0.5523241153231907
788,manual vikor equal,0.7522917811207595,0.5348407161469277
788,manual waspas equal,0.7718637703917102,0.5404723879969741
788,baseline auto mcdm,0.8265952328035363,0.5667815415651004
788,pareto auto mcdm,0.8959427970686081,0.6249474657476675
789,raw cri probability,0.8941062778261726,0.6251150338827073
789,manual topsis equal,0.7775809926624337,0.5450514515184472
789,manual vikor equal,0.7477058881410571,0.5286538944198109
789,manual waspas equal,0.7701988655251841,0.5349284698402075
789,baseline auto mcdm,0.8249249345298988,0.5607797205722412
789,pareto auto mcdm,0.8970141687231242,0.6241111018154438
790,raw cri probability,0.8929751166111478,0.6246478577134928
790,manual topsis equal,0.7718311737622526,0.5435815498465291
790,manual vikor equal,0.7418350490890337,0.5260900643316655
790,manual waspas equal,0.7640731802279397,0.5318084345961401
790,baseline auto mcdm,0.8208469996604847,0.5601480048774334
790,pareto auto mcdm,0.8956516779341975,0.623554639868814
791,raw cri probability,0.8971556562556922,0.6295081967213115
791,manual topsis equal,0.7796970903257361,0.5495586380832282
791,manual vikor equal,0.7512899809687007,0.5323245060949979
791,manual waspas equal,0.7725407409006547,0.5390500210172341
791,baseline auto mcdm,0.8282453954779154,0.5670449768810425
791,pareto auto mcdm,0.899858418227458,0.6291719209751997
792,raw cri probability,0.899630411187076,0.6254575707154743
792,manual topsis equal,0.7902151528150823,0.5509983361064892
792,manual vikor equal,0.7611228426812151,0.5354409317803661
792,manual waspas equal,0.782355920890485,0.5412645590682196
792,baseline auto mcdm,0.8354796574683437,0.5662229617304492
792,pareto auto mcdm,0.902365406836824,0.6253743760399334
793,raw cri probability,0.8923068631555646,0.6290349839445666
793,manual topsis equal,0.7775078781316623,0.552475916849755
793,manual vikor equal,0.7488304054301731,0.5366739901977353
793,manual waspas equal,0.7686273246691966,0.5398005746155146
793,baseline auto mcdm,0.8253199014288591,0.5693763731620755
793,pareto auto mcdm,0.8952641007852391,0.6280209565658273
794,raw cri probability,0.895860455555621,0.6339107967300605
794,manual topsis equal,0.7775781860763266,0.5536024397475539
794,manual vikor equal,0.7481555980105183,0.5332712101317295
794,manual waspas equal,0.7696596767501787,0.539540005929942
794,baseline auto mcdm,0.8256614388954407,0.56910500232962
794,pareto auto mcdm,0.8984151469156079,0.6332330890761998
795,raw cri probability,0.8946818924258348,0.6318896807658247
795,manual topsis equal,0.775780258092011,0.5491502551343146
795,manual vikor equal,0.7451496210115961,0.5327879222367478
795,manual waspas equal,0.767892570807895,0.5377640956437397
795,baseline auto mcdm,0.8239598630382319,0.5632353561337663
795,pareto auto mcdm,0.8977267765535688,0.6312149453886055
796,raw cri probability,0.8946433167875975,0.6255358493737917
796,manual topsis equal,0.7793880469406758,0.5524081701269228
796,manual vikor equal,0.7503644184479735,0.5341682777170715
796,manual waspas equal,0.7716690097552751,0.5392956207447256
796,baseline auto mcdm,0.8268486281090665,0.5687148020509372
796,pareto auto mcdm,0.8975706716821071,0.6262082878036479
797,raw cri probability,0.8954211098317855,0.6290533417668142
797,manual topsis equal,0.7786560747189152,0.5503689647902171
797,manual vikor equal,0.7479930800023826,0.5334176681425258
797,manual waspas equal,0.7700502170993844,0.538224752266498
797,baseline auto mcdm,0.8266214371203242,0.5693442968585284
797,pareto auto mcdm,0.8983080448432403,0.6296436854311618
798,raw cri probability,0.8963649029303582,0.6293859649122806
798,manual topsis equal,0.7827070754318022,0.553812415654521
798,manual vikor equal,0.7533767983816719,0.5381241565452092
798,manual waspas equal,0.7751533378885145,0.5433535762483132
798,baseline auto mcdm,0.8298718476597189,0.5721153846153846
798,pareto auto mcdm,0.8989665173617792,0.629470310391363
799,raw cri probability,0.8950565169169182,0.6299344868133714
799,manual topsis equal,0.7787770515300007,0.5456912481101965
799,manual vikor equal,0.7510391088395617,0.5330925583739291
799,manual waspas equal,0.7719037108936666,0.5374601041491684
799,baseline auto mcdm,0.8265612358444319,0.5610616495884427
799,pareto auto mcdm,0.8977873535913192,0.6303544431379136
800,raw cri probability,0.8942807919192615,0.6267114657706846
800,manual topsis equal,0.7759239320790938,0.5479210415791684
800,manual vikor equal,0.7468621159757212,0.5292734145317093
800,manual waspas equal,0.7672546083348595,0.534397312053759
800,baseline auto mcdm,0.8241868567560166,0.5643847123057539
800,pareto auto mcdm,0.8970417182760246,0.6262914741705167
801,raw cri probability,0.894039838522027,0.625214875686554
801,manual topsis equal,0.7735928545552402,0.545553645549453
801,manual vikor equal,0.7453242839162062,0.5286151524045114
801,manual waspas equal,0.7657488078914125,0.5323885790952161
801,baseline auto mcdm,0.8233491716544782,0.5629952622531551
801,pareto auto mcdm,0.8969971748478502,0.6240409207161125
802,raw cri probability,0.8924814838540239,0.6284849249400782
802,manual topsis equal,0.771561407001883,0.5432067617005172
802,manual vikor equal,0.7403599521928409,0.5271435179344856
802,manual waspas equal,0.7638327670660318,0.5313485555695724
802,baseline auto mcdm,0.8207070349841779,0.5606156175097767
802,pareto auto mcdm,0.8953050471117687,0.628232622681973
803,raw cri probability,0.8957739487004249,0.6301173896579291
803,manual topsis equal,0.7789682666220104,0.5511844153658434
803,manual vikor equal,0.7518884653039372,0.5351117095131905
803,manual waspas equal,0.7709388940400629,0.5394033744267261
803,baseline auto mcdm,0.8277265627442403,0.567509572095763
803,pareto auto mcdm,0.8986433818271725,0.6292758867337064
804,raw cri probability,0.8969700758169162,0.6294850812035755
804,manual topsis equal,0.7843905661910505,0.5503378236602459
804,manual vikor equal,0.7551838081563865,0.5348105249905578
804,manual waspas equal,0.7763149422271189,0.5411053758025935
804,baseline auto mcdm,0.8294196750436251,0.5670401611481809
804,pareto auto mcdm,0.8997165747527367,0.6286457677619708
805,raw cri probability,0.8939458995422447,0.6247374170237795
805,manual topsis equal,0.7794689347902726,0.5506259978153096
805,manual vikor equal,0.7504875842469327,0.5344088732039325
805,manual waspas equal,0.7706843886848305,0.5386942273758508
805,baseline auto mcdm,0.8271708522040522,0.5650785648264852
805,pareto auto mcdm,0.8967627875913226,0.6248214435761701
806,raw cri probability,0.8940162675782628,0.6264440509317818
806,manual topsis equal,0.7795401593796966,0.5540096129521882
806,manual vikor equal,0.7532871266088688,0.5371447845518171
806,manual waspas equal,0.7722767843990772,0.5421199089299266
806,baseline auto mcdm,0.8264650560046074,0.5695252550805295
806,pareto auto mcdm,0.8967961600180512,0.6256851336537651
807,raw cri probability,0.8963089915427301,0.6235348099945772
807,manual topsis equal,0.7856311298117176,0.5488674759103992
807,manual vikor equal,0.755314569080884,0.5320151837483835
807,manual waspas equal,0.7769460872890078,0.5377716597839236
807,baseline auto mcdm,0.83175849417804,0.5647186418053644
807,pareto auto mcdm,0.8990947860842021,0.6240353731281024
808,raw cri probability,0.8950184233259884,0.6283234315088696
808,manual topsis equal,0.7759237383397055,0.5483503981797497
808,manual vikor equal,0.7451916108681126,0.5334344583491342
808,manual waspas equal,0.768451100901137,0.5374794589811656
808,baseline auto mcdm,0.8245467310648515,0.5651202966333797
808,pareto auto mcdm,0.8977551493999946,0.6285762440483714
809,raw cri probability,0.8934871884630078,0.6252575802178393
809,manual topsis equal,0.7794127331848137,0.5475419487783338
809,manual vikor equal,0.7502072417156258,0.5325707557088187
809,manual waspas equal,0.771368746794082,0.5375331174565793
809,baseline auto mcdm,0.8265843802432282,0.5647840531561462
809,pareto auto mcdm,0.8963910625274819,0.6247529332604399
810,raw cri probability,0.8997390419945769,0.6292842741935483
810,manual topsis equal,0.7902369583571577,0.5555275537634409
810,manual vikor equal,0.7646467937913058,0.5391465053763441
810,manual waspas equal,0.7817299536389124,0.5443548387096775
810,baseline auto mcdm,0.8355264518974679,0.5717405913978494
810,pareto auto mcdm,0.902557324555638,0.6291162634408602
811,raw cri probability,0.8938134689616608,0.6303732194936388
811,manual topsis equal,0.7802264277240918,0.5534468912464602
811,manual vikor equal,0.7538712670262475,0.5389069698634769
811,manual waspas equal,0.7735623800359981,0.5427955534891584
811,baseline auto mcdm,0.8277032054057353,0.571199120841963
811,pareto auto mcdm,0.896560720839594,0.6298660129337672
812,raw cri probability,0.8911801900459504,0.626456187742698
812,manual topsis equal,0.774397390843257,0.5487928414654737
812,manual vikor equal,0.7459353296747863,0.5323315887219314
812,manual waspas equal,0.7666734812945188,0.5345264224210704
812,baseline auto mcdm,0.8215015564233282,0.5641566773594463
812,pareto auto mcdm,0.8939906819673183,0.6255276042546007
813,raw cri probability,0.8933499987775505,0.6276044955171108
813,manual topsis equal,0.7748565822984118,0.546702024666414
813,manual vikor equal,0.7451642049855631,0.5306225533526959
813,manual waspas equal,0.7677469369252664,0.535589510460075
813,baseline auto mcdm,0.8239779911864623,0.565138695963295
813,pareto auto mcdm,0.8962251295371562,0.6266784526665824
814,raw cri probability,0.8957016589771658,0.6271172228743921
814,manual topsis equal,0.7794438359533516,0.5499748448767399
814,manual vikor equal,0.7505967278433991,0.5311923528425289
814,manual waspas equal,0.7723189384178674,0.537816535301023
814,baseline auto mcdm,0.8277518278573222,0.5671641791044776
814,pareto auto mcdm,0.8985986573081922,0.6260271675331209
815,raw cri probability,0.8960424950915538,0.6256457642068125
815,manual topsis equal,0.788842704901774,0.5550002100046202
815,manual vikor equal,0.7605655506647807,0.5384518459406107
815,manual waspas equal,0.7817717165692807,0.5454239993279852
815,baseline auto mcdm,0.8335365545768953,0.5721365870049142
815,pareto auto mcdm,0.898953614246478,0.6254777605107312
816,raw cri probability,0.8960719924516891,0.6254826254826255
816,manual topsis equal,0.7867468643747915,0.5547255329864026
816,manual vikor equal,0.7586316912412269,0.5368474064126237
816,manual waspas equal,0.7795438364879709,0.541212019472889
816,baseline auto mcdm,0.8318335243251841,0.5707570924962229
816,pareto auto mcdm,0.8989235887124648,0.6254826254826255
817,raw cri probability,0.894337156335179,0.6316947288264658
817,manual topsis equal,0.7772789014037649,0.5505541924020645
817,manual vikor equal,0.747205822050797,0.5336322869955157
817,manual waspas equal,0.7691473589608506,0.5387934681445131
817,baseline auto mcdm,0.8240346167397179,0.5656992977409255
817,pareto auto mcdm,0.8969944490532196,0.630679414502073
818,raw cri probability,0.893014522020998,0.6249213605670427
818,manual topsis equal,0.7791967420086144,0.5484209201862182
818,manual vikor equal,0.7494237741373967,0.5320639181311076
818,manual waspas equal,0.7729939404996541,0.5374323700876568
818,baseline auto mcdm,0.8265141457979769,0.5634358092521914
818,pareto auto mcdm,0.8959189860788865,0.6245858323197584
819,raw cri probability,0.894788045313404,0.6237772761474794
819,manual topsis equal,0.7828423034391605,0.5492851768246801
819,manual vikor equal,0.7540774265701938,0.5339018476715994
819,manual waspas equal,0.7751147974546831,0.5397542011537497
819,baseline auto mcdm,0.8286715925871495,0.564166875679291
819,pareto auto mcdm,0.8974396942384426,0.6241953013962044
820,raw cri probability,0.8957402819165751,0.6260251046025105
820,manual topsis equal,0.7789915561731962,0.5446861924686192
820,manual vikor equal,0.7492577906592405,0.5260251046025104
820,manual waspas equal,0.7722391150157204,0.5344769874476988
820,baseline auto mcdm,0.8277742495219693,0.5635146443514644
820,pareto auto mcdm,0.8985633834083417,0.6247698744769874
821,raw cri probability,0.8945581708612798,0.6235225081733591
821,manual topsis equal,0.782579325064894,0.5512616313186353
821,manual vikor equal,0.7542885845369686,0.5364238410596026
821,manual waspas equal,0.7745719789904609,0.5408667952049627
821,baseline auto mcdm,0.8293470194873327,0.5667700561656468
821,pareto auto mcdm,0.8973414639941951,0.6228518735853803
822,raw cri probability,0.8937063992118915,0.6260782179046981
822,manual topsis equal,0.7812066889034169,0.546771627166904
822,manual vikor equal,0.7527331645991809,0.5313625324512185
822,manual waspas equal,0.7731807100674959,0.5367222175697177
822,baseline auto mcdm,0.827794375911084,0.5615945063227535
822,pareto auto mcdm,0.896495725206703,0.6246545515450967
823,raw cri probability,0.8997715841011402,0.6304247363777675
823,manual topsis equal,0.7827629224337682,0.5516111414527581
823,manual vikor equal,0.7519617451081443,0.5332941225895896
823,manual waspas equal,0.774306569671493,0.5402680334411629
823,baseline auto mcdm,0.8308283501631273,0.5675755156912994
823,pareto auto mcdm,0.9026976314509096,0.6310969205562325
824,raw cri probability,0.8976290140701632,0.6296405050547422
824,manual topsis equal,0.7815808268737431,0.5537145014472084
824,manual vikor equal,0.7529886223499822,0.5354251436721339
824,manual waspas equal,0.7734775644711983,0.5384454045891186
824,baseline auto mcdm,0.8304417407310257,0.5695708712613784
824,pareto auto mcdm,0.9005210059752466,0.6295566089181593
825,raw cri probability,0.8936088381982287,0.6324489276934814
825,manual topsis equal,0.7710694490068855,0.5505637026362635
825,manual vikor equal,0.7412818011931558,0.5331016360091548
825,manual waspas equal,0.7629090748130948,0.5370856997541749
825,baseline auto mcdm,0.8210368088499503,0.5646350767144189
825,pareto auto mcdm,0.8963161448481851,0.6303297448503857
826,raw cri probability,0.896992923346875,0.6269469100653158
826,manual topsis equal,0.7834783454066745,0.5504940545972199
826,manual vikor equal,0.7539103967596132,0.5355886786132976
826,manual waspas equal,0.7756299331299235,0.5400267961815441
826,baseline auto mcdm,0.830929448521879,0.5654831686484676
826,pareto auto mcdm,0.8997353097497575,0.6262770055267125
827,raw cri probability,0.8906571774984834,0.6266047297297297
827,manual topsis equal,0.7758819845998038,0.5464527027027026
827,manual vikor equal,0.745255833732436,0.5320945945945946
827,manual waspas equal,0.7684073763001831,0.5378378378378378
827,baseline auto mcdm,0.8236488936120219,0.5657094594594595
827,pareto auto mcdm,0.8936567358037719,0.6262668918918919
828,raw cri probability,0.8945539112659463,0.6266835016835016
828,manual topsis equal,0.7803538214535596,0.5503367003367003
828,manual vikor equal,0.7518093289391777,0.5345959595959596
828,manual waspas equal,0.7726455354223465,0.5378787878787878
828,baseline auto mcdm,0.8261220186249923,0.5652356902356902
828,pareto auto mcdm,0.8970641757737704,0.6265993265993266
829,raw cri probability,0.8948518890952115,0.6275760755508919
829,manual topsis equal,0.7803913431864804,0.5500944386149004
829,manual vikor equal,0.7508234223805641,0.5326337880377754
829,manual waspas equal,0.7719670946200559,0.5374186778593915
829,baseline auto mcdm,0.827409003386865,0.5642812172088143
829,pareto auto mcdm,0.8976367973884747,0.6280797481636936
830,raw cri probability,0.8973197358290204,0.6263694748772195
830,manual topsis equal,0.7860525612326775,0.5534987197246358
830,manual vikor equal,0.7557325841476398,0.536036603282542
830,manual waspas equal,0.7779746718055458,0.5420811820509592
830,baseline auto mcdm,0.8332526746956426,0.5712966460983083
830,pareto auto mcdm,0.9001333490532725,0.6267892372916929
831,raw cri probability,0.8968348113486919,0.6270130087422093
831,manual topsis equal,0.786233518298003,0.5506337056092359
831,manual vikor equal,0.758607593790441,0.5342368343999665
831,manual waspas equal,0.7783029901064478,0.5383360522022839
831,baseline auto mcdm,0.8315291260527146,0.5653574266951102
831,pareto auto mcdm,0.8996030487743352,0.6254235161249844
832,raw cri probability,0.8916724717180677,0.6267055295061884
832,manual topsis equal,0.7783276051183713,0.5524437122460187
832,manual vikor equal,0.7497914726011554,0.5357157943648884
832,manual waspas equal,0.7704175473598358,0.5387572339796393
832,baseline auto mcdm,0.8245163179058066,0.5668060659823427
832,pareto auto mcdm,0.8943852135838851,0.6264520762049592
833,raw cri probability,0.896559175784761,0.6294531809941396
833,manual topsis equal,0.7800607371352569,0.5514566381382014
833,manual vikor equal,0.7507305690159746,0.5357730089801426
833,manual waspas equal,0.7727408131593348,0.5399047177368355
833,baseline auto mcdm,0.8281727679193154,0.5701758084236266
833,pareto auto mcdm,0.899193875942212,0.6292002192335259
834,raw cri probability,0.897838729521883,0.626520171097878
834,manual topsis equal,0.7863662873392466,0.5516229136962174
834,manual vikor equal,0.7577144188697784,0.534932483435377
834,manual waspas equal,0.7776737049392723,0.5409712320724649
834,baseline auto mcdm,0.8342417709638933,0.5692359305543907
834,pareto auto mcdm,0.9007216807100744,0.6269395286421203
835,raw cri probability,0.8940570479214167,0.6246756507909936
835,manual topsis equal,0.7793509262853441,0.5473340587595212
835,manual vikor equal,0.752395434919079,0.5301749393153092
835,manual waspas equal,0.7714457382234673,0.5335230601824726
835,baseline auto mcdm,0.8265832833620698,0.5647442872687705
835,pareto auto mcdm,0.8969883303553126,0.6252615719427472
836,raw cri probability,0.8962093768645278,0.6282401377977566
836,manual topsis equal,0.7837668149790555,0.5540478090996933
836,manual vikor equal,0.7552699412061052,0.534386421879595
836,manual waspas equal,0.7752560949028164,0.5405201025080872
836,baseline auto mcdm,0.8314647735529466,0.5710204596059321
836,pareto auto mcdm,0.8993314971797689,0.6288282989539133
837,raw cri probability,0.8969404355498978,0.6275036741549445
837,manual topsis equal,0.7825506677141469,0.5494856183077893
837,manual vikor equal,0.7531094575510829,0.5338652110014698
837,manual waspas equal,0.7746277839180273,0.5370564770102877
837,baseline auto mcdm,0.8296919395696977,0.565861851774092
837,pareto auto mcdm,0.8995753911816607,0.6272517321016167
838,raw cri probability,0.891743587331318,0.627642000931848
838,manual topsis equal,0.7738878070997789,0.5480113516032022
838,manual vikor equal,0.7447276517640288,0.5324240755644033
838,manual waspas equal,0.7672208119805081,0.5367444618577661
838,baseline auto mcdm,0.8220356091498987,0.5641069083823965
838,pareto auto mcdm,0.8948113485511415,0.6283197085857088
839,raw cri probability,0.8933500906610808,0.6253587708931285
839,manual topsis equal,0.7778706297627831,0.5524227587371264
839,manual vikor equal,0.7479892919028421,0.5339355056559176
839,manual waspas equal,0.7690437189514002,0.5395070065845011
839,baseline auto mcdm,0.8254784830516279,0.5687151781191964
839,pareto auto mcdm,0.8962586863897618,0.6251899375316563
840,raw cri probability,0.897509504567247,0.6278068158059794
840,manual topsis equal,0.7833354570797069,0.5467698097428392
840,manual vikor equal,0.7552798522230357,0.530378423583525
840,manual waspas equal,0.7748970894816138,0.5357307129416684
840,baseline auto mcdm,0.8306510767169492,0.5648337863265733
840,pareto auto mcdm,0.9003346638516783,0.6281413338908635
841,raw cri probability,0.8902370427968074,0.6286514945652174
841,manual topsis equal,0.7710691346266026,0.5498471467391305
841,manual vikor equal,0.7422246565841785,0.5322690217391305
841,manual waspas equal,0.7621394538467685,0.5366847826086957
841,baseline auto mcdm,0.8192940260630232,0.5686990489130436
841,pareto auto mcdm,0.8930727213435594,0.628226902173913
842,raw cri probability,0.8967073499532108,0.6238578044811616
842,manual topsis equal,0.7831222874985414,0.5480869528935619
842,manual vikor equal,0.7540895350477645,0.5316476822297326
842,manual waspas equal,0.7749895598577136,0.5382400801101515
842,baseline auto mcdm,0.8311440528375853,0.5642758793340844
842,pareto auto mcdm,0.8994675056927549,0.6236074602578545
843,raw cri probability,0.8946628456078437,0.6259164606812184
843,manual topsis equal,0.7796486798318151,0.5463153043696846
843,manual vikor equal,0.7521195453189601,0.5295571661988353
843,manual waspas equal,0.7720758225054425,0.5342494448866731
843,baseline auto mcdm,0.8266349310892492,0.562822070467971
843,pareto auto mcdm,0.8976967238854672,0.6264192048263438
844,raw cri probability,0.8920427399226707,0.6240510045719558
844,manual topsis equal,0.7811551075897046,0.5511513778784447
844,manual vikor equal,0.752820224899495,0.5341218908602827
844,manual waspas equal,0.7732583008762638,0.5400780168617089
844,baseline auto mcdm,0.8278331479571945,0.567677530304937
844,pareto auto mcdm,0.8947454036120647,0.6229604462900046
845,raw cri probability,0.8920422226411885,0.6295637441761965
845,manual topsis equal,0.7739079274162802,0.5480728504870818
845,manual vikor equal,0.7440878004543496,0.5326556543837357
845,manual waspas equal,0.7661412431013643,0.538585345192715
845,baseline auto mcdm,0.822691835574046,0.5663701821262177
845,pareto auto mcdm,0.8949530623614811,0.6275307073274037
846,raw cri probability,0.8955950664282051,0.6304393613884325
846,manual topsis equal,0.7802834115236925,0.5518345338893804
846,manual vikor equal,0.7508924781795283,0.5344791271746915
846,manual waspas equal,0.7728388776494067,0.5398710981928472
846,baseline auto mcdm,0.8280676194941976,0.5680946964910064
846,pareto auto mcdm,0.8985840871059314,0.6309448586713846
847,raw cri probability,0.8980506269768459,0.6318625799932637
847,manual topsis equal,0.7832096013583297,0.5558268777366115
847,manual vikor equal,0.7546337627235581,0.5387335803300775
847,manual waspas equal,0.7748266499315558,0.5429437521050858
847,baseline auto mcdm,0.8311525162931074,0.5700572583361401
847,pareto auto mcdm,0.9007769835324219,0.6316099696867632
848,raw cri probability,0.8940998969005713,0.6282493480272566
848,manual topsis equal,0.7778069536775136,0.5491713636746025
848,manual vikor equal,0.7486040998016165,0.5350382771094473
848,manual waspas equal,0.7707047569437784,0.5394969294186927
848,baseline auto mcdm,0.8259144704199772,0.564734583999327
848,pareto auto mcdm,0.8968627626096575,0.6270715908134937
849,raw cri probability,0.8959991571258855,0.6255336961071578
849,manual topsis equal,0.7802842404404149,0.5491000418585182
849,manual vikor equal,0.7514466487296347,0.5336123901213896
849,manual waspas equal,0.7729461511126999,0.5379656760150691
849,baseline auto mcdm,0.8271742771008962,0.5649225617413143
849,pareto auto mcdm,0.8988373967449769,0.6246128087065718
850,raw cri probability,0.8929814320300096,0.6275585566575226
850,manual topsis equal,0.7815282555439108,0.5536189069423929
850,manual vikor equal,0.7535283603110842,0.5371597383414223
850,manual waspas equal,0.772517432369384,0.5412956319898713
850,baseline auto mcdm,0.8282242952904276,0.5700780755433635
850,pareto auto mcdm,0.8960321728270983,0.6269677147077443
851,raw cri probability,0.8934228646761111,0.6300143568955324
851,manual topsis equal,0.7766925779767594,0.5500380035469976
851,manual vikor equal,0.7473466761766128,0.5339076091546322
851,manual waspas equal,0.769579857262058,0.5385524871210202
851,baseline auto mcdm,0.8245161602661237,0.5654083269994089
851,pareto auto mcdm,0.8962371490509653,0.6300988092221941
852,raw cri probability,0.8963244460022857,0.6251357900894126
852,manual topsis equal,0.7839098011142551,0.5434946101779894
852,manual vikor equal,0.7548780310193588,0.5302916353304922
852,manual waspas equal,0.7768015764143348,0.5353889863792095
852,baseline auto mcdm,0.8296399129966973,0.5633826355811815
852,pareto auto mcdm,0.8991355877579983,0.6248015375616278
853,raw cri probability,0.894036817585873,0.6253509323276766
853,manual topsis equal,0.781880596236509,0.5510161324114813
853,manual vikor equal,0.752834416575294,0.5345904043578462
853,manual waspas equal,0.7733542000190793,0.5395348837209302
853,baseline auto mcdm,0.8282548888901873,0.5658495705007333
853,pareto auto mcdm,0.8969647361803945,0.6256861512675466
854,raw cri probability,0.8963078904673838,0.6341959256278853
854,manual topsis equal,0.7782169007249281,0.5536402524247174
854,manual vikor equal,0.7484136474406781,0.5365295836686291
854,manual waspas equal,0.7699374328024656,0.5411037228410487
854,baseline auto mcdm,0.8266455346755514,0.5688026767184786
854,pareto auto mcdm,0.8992304369668789,0.6337723942230317
855,raw cri probability,0.8978525046566999,0.6268082615603311
855,manual topsis equal,0.7827932725141624,0.5477046575800653
855,manual vikor equal,0.7554665437914849,0.5323187557488084
855,manual waspas equal,0.7761422633193297,0.53758675474538
855,baseline auto mcdm,0.8301411752529215,0.5639267497282382
855,pareto auto mcdm,0.9006980973389285,0.6264737854335647
856,raw cri probability,0.8934577709749124,0.6244817622178483
856,manual topsis equal,0.7779397053124142,0.5454164747267473
856,manual vikor equal,0.7487370875531807,0.528079065287491
856,manual waspas equal,0.7701779953254744,0.534947024582269
856,baseline auto mcdm,0.8246644722002582,0.5620000837556012
856,pareto auto mcdm,0.8963836987798126,0.6243142510155366
857,raw cri probability,0.8960237402934527,0.6236657771847899
857,manual topsis equal,0.7860787066191856,0.5485323549032689
857,manual vikor equal,0.7576367533273728,0.5321881254169446
857,manual waspas equal,0.7796170857405483,0.5386924616410941
857,baseline auto mcdm,0.832128855968116,0.563959306204136
857,pareto auto mcdm,0.898960975794845,0.6231654436290861
858,raw cri probability,0.8953483965333222,0.630299461641992
858,manual topsis equal,0.7809521494925276,0.5529946164199192
858,manual vikor equal,0.7521381624793907,0.5358344549125168
858,manual waspas equal,0.7726084362410364,0.5391991924629879
858,baseline auto mcdm,0.8293312942787398,0.5699024226110364
858,pareto auto mcdm,0.8981705993981761,0.6283647375504712
859,raw cri probability,0.8957335748830632,0.6282454595025376
859,manual topsis equal,0.7805948974651002,0.5486347049200957
859,manual vikor equal,0.7531300276171866,0.5311018833102639
859,manual waspas equal,0.7733199230219145,0.5375613439033597
859,baseline auto mcdm,0.8277904700455677,0.5650769682479762
859,pareto auto mcdm,0.8987428041773502,0.6279099031080911
860,raw cri probability,0.8952998407281444,0.627563025210084
860,manual topsis equal,0.7827796888670763,0.5531932773109245
860,manual vikor equal,0.7548923641602284,0.5381512605042017
860,manual waspas equal,0.774764968332198,0.5417647058823529
860,baseline auto mcdm,0.8304567289693542,0.5676470588235294
860,pareto auto mcdm,0.8982873336843434,0.6272268907563026
861,raw cri probability,0.8977036018067263,0.6272612536811106
861,manual topsis equal,0.7855414445371114,0.54741270509045
861,manual vikor equal,0.7557487993626414,0.5298275136726966
861,manual waspas equal,0.777567071990527,0.5382414808582247
861,baseline auto mcdm,0.8310210999196157,0.5649978965082036
861,pareto auto mcdm,0.900342617183358,0.6275136726966765
862,raw cri probability,0.8961316688977059,0.6269671408787612
862,manual topsis equal,0.7882045051879353,0.5532754207058627
862,manual vikor equal,0.7601049515754288,0.539258886231063
862,manual waspas equal,0.7802947538686984,0.5430357967182844
862,baseline auto mcdm,0.8323411970607573,0.5678794745897855
862,pareto auto mcdm,0.8987484103939929,0.627302866255403
863,raw cri probability,0.8962450614947506,0.6250890052356021
863,manual topsis equal,0.7805266909546019,0.5471832460732984
863,manual vikor equal,0.7516799768705686,0.5326910994764398
863,manual waspas equal,0.7727933280143346,0.5366282722513089
863,baseline auto mcdm,0.8271463324925599,0.5632670157068064
863,pareto auto mcdm,0.8989498147300377,0.6257591623036649
864,raw cri probability,0.8960874548085098,0.6299100008411137
864,manual topsis equal,0.7724786530011858,0.5455463033055766
864,manual vikor equal,0.7434397465792871,0.5292286987972075
864,manual waspas equal,0.7654144052129649,0.5353688283287072
864,baseline auto mcdm,0.8217664254808095,0.5618639078139457
864,pareto auto mcdm,0.8986696098305537,0.6305828917486752
865,raw cri probability,0.8946055335442353,0.6286845208017516
865,manual topsis equal,0.7817751742096294,0.5503621357588008
865,manual vikor equal,0.7538252859429594,0.5334343944753243
865,manual waspas equal,0.7746561858673392,0.5343607882769076
865,baseline auto mcdm,0.8288165938353159,0.5667003537139971
865,pareto auto mcdm,0.8974276723750082,0.6284318679467745
866,raw cri probability,0.8983854235889301,0.6317560462670873
866,manual topsis equal,0.7846540287696612,0.5551209253417456
866,manual vikor equal,0.754010916930489,0.5387171398527866
866,manual waspas equal,0.776520707123991,0.5431756046267087
866,baseline auto mcdm,0.8309845705730932,0.5700105152471082
866,pareto auto mcdm,0.9012770646201403,0.6316719242902208
867,raw cri probability,0.8941687676395352,0.6243465897210723
867,manual topsis equal,0.7785504758623872,0.5478191778530506
867,manual vikor equal,0.7498813740413274,0.5306736921339856
867,manual waspas equal,0.7709864858056844,0.5356082465604483
867,baseline auto mcdm,0.8265073517735931,0.5650483000878184
867,pareto auto mcdm,0.8970339717806451,0.6240120436582611
868,raw cri probability,0.8963865167696297,0.6240755442276356
868,manual topsis equal,0.788296158724034,0.5522082480257384
868,manual vikor equal,0.7603949783618481,0.5365812894330004
868,manual waspas equal,0.7806034073768559,0.5418459867129068
868,baseline auto mcdm,0.8328138935205208,0.5662474407721556
868,pareto auto mcdm,0.8991099123452728,0.623574144486692
869,raw cri probability,0.8916140888638912,0.6266481317662917
869,manual topsis equal,0.7748097532120717,0.5462740637769072
869,manual vikor equal,0.7446698618135266,0.5293399047980117
869,manual waspas equal,0.76761194913392,0.5341421289860566
869,baseline auto mcdm,0.8231260967986143,0.564724714604659
869,pareto auto mcdm,0.8944780488163951,0.6265638822191331
870,raw cri probability,0.8954239566638837,0.6263713168845361
870,manual topsis equal,0.7787642156380622,0.5513009121096213
870,manual vikor equal,0.7495132302244417,0.5327224580723803
870,manual waspas equal,0.770655063662707,0.5376823168425034
870,baseline auto mcdm,0.8272012806516329,0.5653398343911563
870,pareto auto mcdm,0.8981425629855582,0.6257828590643522
871,raw cri probability,0.8928453064073948,0.6231774761186526
871,manual topsis equal,0.7821560726190695,0.55052790346908
871,manual vikor equal,0.7551145798893801,0.5324283559577677
871,manual waspas equal,0.7745261728691835,0.5368694486341545
871,baseline auto mcdm,0.8281587426456344,0.567957097368862
871,pareto auto mcdm,0.8957725836961568,0.6230936819172114
872,raw cri probability,0.893560734619792,0.6241686535324382
872,manual topsis equal,0.7804244327594635,0.5472874053624461
872,manual vikor equal,0.7521311577297431,0.5313924791901954
872,manual waspas equal,0.7725214615167619,0.5359099845233614
872,baseline auto mcdm,0.8267978820788326,0.5629313590161877
872,pareto auto mcdm,0.8965653052980678,0.6245869410632869
873,raw cri probability,0.8966782278185566,0.6334405144694534
873,manual topsis equal,0.7828206125468201,0.554831612794043
873,manual vikor equal,0.7544445674140082,0.5398544592993739
873,manual waspas equal,0.7742377399766078,0.5424775765781013
873,baseline auto mcdm,0.8295322687403467,0.5709087832120495
873,pareto auto mcdm,0.8995455432371733,0.6341174479607379
874,raw cri probability,0.8955606486101899,0.6274312119302667
874,manual topsis equal,0.7761305976859922,0.5458517118252468
874,manual vikor equal,0.7463710015872926,0.5285444234404538
874,manual waspas equal,0.7694444967145402,0.5358538122243227
874,baseline auto mcdm,0.824121234063087,0.5637471119512707
874,pareto auto mcdm,0.8983511470393026,0.6279353077084646
875,raw cri probability,0.893972303110191,0.629742033383915
875,manual topsis equal,0.7822731643672843,0.5544596189512729
875,manual vikor equal,0.7543543474556226,0.5387792952284607
875,manual waspas equal,0.7751350832993553,0.5433316472770191
875,baseline auto mcdm,0.8291389432066724,0.5687067948069466
875,pareto auto mcdm,0.8971473427834702,0.6284774911482044
876,raw cri probability,0.8925812755529305,0.6251836923206113
876,manual topsis equal,0.7753295887684737,0.5454927152873997
876,manual vikor equal,0.7480824631318596,0.5304614351093756
876,manual waspas equal,0.7688146647594398,0.5322248813872444
876,baseline auto mcdm,0.8230676172335336,0.5607759163622622
876,pareto auto mcdm,0.8954455595550989,0.624931771423773
877,raw cri probability,0.8950095611366509,0.6232799364256137
877,manual topsis equal,0.7797972210292994,0.5489982851645824
877,manual vikor equal,0.7513775026074083,0.5344430967418127
877,manual waspas equal,0.7723491273524116,0.5392111757078925
877,baseline auto mcdm,0.8265590054997256,0.5638880756200594
877,pareto auto mcdm,0.8977177455955128,0.623698188966498
878,raw cri probability,0.900316263152326,0.6293994120117599
878,manual topsis equal,0.7847858206264097,0.5519529609407812
878,manual vikor equal,0.7546692118949212,0.5372532549349014
878,manual waspas equal,0.777001660900082,0.5410331793364133
878,baseline auto mcdm,0.8313786165108425,0.5658966820663587
878,pareto auto mcdm,0.9029676885307567,0.6292314153716926
879,raw cri probability,0.8942643188689454,0.6257555406312961
879,manual topsis equal,0.7806993847308579,0.5484385493619879
879,manual vikor equal,0.7502894516462418,0.531984553391538
879,manual waspas equal,0.7720843289287689,0.535594358629953
879,baseline auto mcdm,0.8275746394108392,0.5649764942914708
879,pareto auto mcdm,0.8973402350554655,0.6250000000000001
880,raw cri probability,0.8964326655820049,0.6272868087244108
880,manual topsis equal,0.7833597987154917,0.5489178214091347
880,manual vikor equal,0.753767344618416,0.5336794072089421
880,manual waspas equal,0.7755147077386586,0.536944781680412
880,baseline auto mcdm,0.8303197962303603,0.5661656968225395
880,pareto auto mcdm,0.8993958563217535,0.6266169883200068
881,raw cri probability,0.8966349054975684,0.6277495058249569
881,manual topsis equal,0.7820496846136319,0.552971358876225
881,manual vikor equal,0.7514110673801669,0.5354754594776465
881,manual waspas equal,0.7750881571829682,0.5419523068511587
881,baseline auto mcdm,0.8296593417757585,0.5693737645623922
881,pareto auto mcdm,0.8992548569272255,0.627160701518274
882,raw cri probability,0.891859779941746,0.6251477790913696
882,manual topsis equal,0.7782272579801981,0.551849349771998
882,manual vikor equal,0.7501264540295638,0.5363114338794122
882,manual waspas equal,0.7710447700145869,0.5381692281709171
882,baseline auto mcdm,0.8251100274963521,0.5668805944941733
882,pareto auto mcdm,0.8947438542101975,0.6244722175308225
883,raw cri probability,0.8921703421957587,0.6274328081556998
883,manual topsis equal,0.7806196287337163,0.5510995029067318
883,manual vikor equal,0.7507929009549211,0.5341646305501727
883,manual waspas equal,0.7722469945917215,0.5390513101356476
883,baseline auto mcdm,0.8273277572888358,0.5658437947594575
883,pareto auto mcdm,0.8950483744017831,0.6276855674446036
884,raw cri probability,0.8913972411738802,0.6275669737175694
884,manual topsis equal,0.7792847000241285,0.5559874926054255
884,manual vikor equal,0.7492784653098719,0.5384095326628919
884,manual waspas equal,0.7718075703643619,0.5436491168765317
884,baseline auto mcdm,0.8247917157976764,0.5682413589115186
884,pareto auto mcdm,0.8942284514423383,0.6257077664159554
885,raw cri probability,0.8940336168954243,0.6250472629500483
885,manual topsis equal,0.7773720990301755,0.5495105658950552
885,manual vikor equal,0.7484355206017757,0.5327059614334329
885,manual waspas equal,0.7697520390005911,0.5375792967273033
885,baseline auto mcdm,0.8256216705006408,0.5666512624459102
885,pareto auto mcdm,0.8968147408781026,0.6262235852623619
886,raw cri probability,0.8970374513337698,0.6284566790779399
886,manual topsis equal,0.7803632334959003,0.5485503911642889
886,manual vikor equal,0.752865874366823,0.5354976362799648
886,manual waspas equal,0.7732242989711388,0.5390118395180521
886,baseline auto mcdm,0.8284359683814013,0.5641132912186755
886,pareto auto mcdm,0.8998689568549392,0.6284566790779399
887,raw cri probability,0.8969033166826254,0.6256866115979706
887,manual topsis equal,0.7846162881663117,0.5513858023397208
887,manual vikor equal,0.757403441555792,0.5354522202188771
887,manual waspas equal,0.776933286617567,0.5400645729380688
887,baseline auto mcdm,0.832206959029627,0.5676548282946874
887,pareto auto mcdm,0.8997870047472741,0.6269445259759319
888,raw cri probability,0.8907873694476584,0.6273053386790463
888,manual topsis equal,0.7755476286363946,0.5487233593585145
888,manual vikor equal,0.7471884256588716,0.5334458746571007
888,manual waspas equal,0.7676226017300274,0.538172610255328
888,baseline auto mcdm,0.8216675500447309,0.5651825279594851
888,pareto auto mcdm,0.8937865094760712,0.6282338046001267
889,raw cri probability,0.8928850825670402,0.6255258287060407
889,manual topsis equal,0.7762587381984908,0.5477873128049806
889,manual vikor equal,0.7467750643983944,0.530203600874979
889,manual waspas equal,0.7686761014893908,0.535756352010769
889,baseline auto mcdm,0.8248967069728261,0.5644455662123508
889,pareto auto mcdm,0.8958989386719334,0.6262830220427393
890,raw cri probability,0.8958761178934855,0.629348327808317
890,manual topsis equal,0.7773865141827798,0.5459275733288573
890,manual vikor equal,0.7479464246645775,0.5298141076748771
890,manual waspas equal,0.7697922600918389,0.535940581595401
890,baseline auto mcdm,0.8249144555697506,0.5612857202803071
890,pareto auto mcdm,0.8984912918250489,0.6279216147035374
891,raw cri probability,0.8936949623863345,0.624795743076214
891,manual topsis equal,0.7825284673517896,0.5516403402187121
891,manual vikor equal,0.7534231981316558,0.5342104160556417
891,manual waspas equal,0.7739997493164693,0.5393220765073113
891,baseline auto mcdm,0.8291064346372471,0.5672267147106885
891,pareto auto mcdm,0.896511206910013,0.623706372816022
892,raw cri probability,0.8994379200071174,0.6288849794755801
892,manual topsis equal,0.7810620393536882,0.5438552400100527
892,manual vikor equal,0.750295177786532,0.5274357041132612
892,manual waspas equal,0.7736302819601389,0.534891513780682
892,baseline auto mcdm,0.8297570076008978,0.5631230627460836
892,pareto auto mcdm,0.9021090913526049,0.628717433190919
893,raw cri probability,0.8921507234125203,0.6254453992873612
893,manual topsis equal,0.7801808004829075,0.5495703206874869
893,manual vikor equal,0.7511172767944551,0.5307063508698386
893,manual waspas equal,0.7730673514204564,0.5395095367847412
893,baseline auto mcdm,0.8254376195824594,0.5669251729197233
893,pareto auto mcdm,0.8948405457122782,0.6255292391532173
894,raw cri probability,0.893308208996378,0.6292352371732817
894,manual topsis equal,0.7726502825255502,0.5448882528725957
894,manual vikor equal,0.7438064519031184,0.5283050633444168
894,manual waspas equal,0.7654492377191531,0.5327665305778863
894,baseline auto mcdm,0.8218191345929305,0.5602087629950756
894,pareto auto mcdm,0.8962199909867256,0.6304979165789806
895,raw cri probability,0.8915438688458023,0.6293529188299355
895,manual topsis equal,0.7746216950823401,0.548056223882487
895,manual vikor equal,0.7442877632332935,0.5307500738677134
895,manual waspas equal,0.7668569939182884,0.5346334050905407
895,baseline auto mcdm,0.8220659148893396,0.5649402726773881
895,pareto auto mcdm,0.8944358432991393,0.6281710354142923
896,raw cri probability,0.8925734307576771,0.6263588101457824
896,manual topsis equal,0.7788598467288443,0.5521193224909412
896,manual vikor equal,0.7506800639281154,0.5350130614308587
896,manual waspas equal,0.7711916002502617,0.5410803067329569
896,baseline auto mcdm,0.8248283595328771,0.5673717030420493
896,pareto auto mcdm,0.8953951432747549,0.6255161371871577
897,raw cri probability,0.8914657950336139,0.6273462988856404
897,manual topsis equal,0.7762318903028472,0.5533663827803906
897,manual vikor equal,0.7492361205531608,0.5390449557222152
897,manual waspas equal,0.7695966616735449,0.5411635100207618
897,baseline auto mcdm,0.8248589829621829,0.5697216219651711
897,pareto auto mcdm,0.8943002687508075,0.626922588025931
898,raw cri probability,0.8926225489995863,0.6246699358732554
898,manual topsis equal,0.7783621048541178,0.5486399262332872
898,manual vikor equal,0.7509943621062313,0.532964499769479
898,manual waspas equal,0.7705169476589715,0.5368204870279559
898,baseline auto mcdm,0.8260825839002527,0.5638123978372941
898,pareto auto mcdm,0.8952741418839038,0.624166981013454
899,raw cri probability,0.8968109562292396,0.6283412362049431
899,manual topsis equal,0.7814609423133365,0.5502916369434769
899,manual vikor equal,0.7536116318034197,0.5317443665813436
899,manual waspas equal,0.7733714719027153,0.5373672947001804
899,baseline auto mcdm,0.8289420585610161,0.5656497838949268
899,pareto auto mcdm,0.8993715758842015,0.6281733876043808
900,raw cri probability,0.8956189488968367,0.6281809416006372
900,manual topsis equal,0.782037210886217,0.5498679411394793
900,manual vikor equal,0.7530000411573434,0.5335177965035844
900,manual waspas equal,0.7740373828522593,0.5375424474908815
900,baseline auto mcdm,0.8297718642839427,0.5671404016266297
900,pareto auto mcdm,0.8986241294700086,0.6286001760784807
901,raw cri probability,0.891893977490042,0.6266997852902791
901,manual topsis equal,0.7748546550167451,0.5471308887298446
901,manual vikor equal,0.7467218309966647,0.5306277101839767
901,manual waspas equal,0.7676043661199092,0.5363533027407064
901,baseline auto mcdm,0.8231737894513533,0.5648128657432746
901,pareto auto mcdm,0.8948231379589138,0.6256893866037975
902,raw cri probability,0.8934462698614964,0.6285089011405244
902,manual topsis equal,0.7761010437092238,0.5469466773283953
902,manual vikor equal,0.7474849911415704,0.530280712091242
902,manual waspas equal,0.7681270334887905,0.535751862295358
902,baseline auto mcdm,0.8249102406739548,0.5627709271495308
902,pareto auto mcdm,0.896452273046181,0.628677244223728
903,raw cri probability,0.8961134974680828,0.6300641458474003
903,manual topsis equal,0.7772434238468389,0.551232275489534
903,manual vikor equal,0.7463878876959581,0.5355334233625928
903,manual waspas equal,0.7694357613955664,0.5387407157326131
903,baseline auto mcdm,0.8261503243170994,0.5676063470627953
903,pareto auto mcdm,0.8985608330891938,0.6293889264010804
904,raw cri probability,0.8959046192698314,0.6257099899766121
904,manual topsis equal,0.7842929729796796,0.5487804878048781
904,manual vikor equal,0.7540693367085352,0.5315736719011026
904,manual waspas equal,0.7771971777929226,0.5375041764116271
904,baseline auto mcdm,0.8300854562723078,0.5637320414300033
904,pareto auto mcdm,0.8987229375822736,0.6264617440694955
905,raw cri probability,0.894170219061684,0.6267525577870405
905,manual topsis equal,0.7769189936864228,0.5463348911624774
905,manual vikor equal,0.748532144442722,0.5302513578375647
905,manual waspas equal,0.7697531341810658,0.5357248115868806
905,baseline auto mcdm,0.8256231215989565,0.5641025641025641
905,pareto auto mcdm,0.8968717854116947,0.6270893857100753
906,raw cri probability,0.8953300930604471,0.6281539947101054
906,manual topsis equal,0.7857815193003164,0.5544313363281413
906,manual vikor equal,0.7569396564228915,0.5390654519501238
906,manual waspas equal,0.7783196461922552,0.5457827784541752
906,baseline auto mcdm,0.8319646425832047,0.5725681178890802
906,pareto auto mcdm,0.8981821937756439,0.6274822620597003
907,raw cri probability,0.8957688016657477,0.6272115103099252
907,manual topsis equal,0.7808332729938382,0.5505876448199424
907,manual vikor equal,0.7515674480966406,0.5344430967418127
907,manual waspas equal,0.7726716336507232,0.5386256221506546
907,baseline auto mcdm,0.8283238397296746,0.5650591827345351
907,pareto auto mcdm,0.8987843635786661,0.6267096072608641
908,raw cri probability,0.8950864049114042,0.6252619227223201
908,manual topsis equal,0.7831602352114179,0.546475567848462
908,manual vikor equal,0.7531952153373459,0.5313888190428295
908,manual waspas equal,0.7759436096836205,0.5381778560053642
908,baseline auto mcdm,0.8292178045855599,0.5634062526192273
908,pareto auto mcdm,0.8980960437782368,0.6248428463666081
909,raw cri probability,0.8969027357870712,0.625501002004008
909,manual topsis equal,0.7826322548251907,0.5450901803607214
909,manual vikor equal,0.7541322186549143,0.5296426185704742
909,manual waspas equal,0.7759350931521771,0.5363226452905812
909,baseline auto mcdm,0.830588169155777,0.5634602538410154
909,pareto auto mcdm,0.8998474548270335,0.6259185036740147
910,raw cri probability,0.8953448854678329,0.629274044130032
910,manual topsis equal,0.778524185854624,0.5474145191173994
910,manual vikor equal,0.7466624630650742,0.5282971197574532
910,manual waspas equal,0.7711571089185311,0.5352871820784909
910,baseline auto mcdm,0.8269179006070386,0.5651844365841334
910,pareto auto mcdm,0.898046829502252,0.6284318679467745
911,raw cri probability,0.8961420043760526,0.6296592007395891
911,manual topsis equal,0.7822362566612855,0.5508257343362609
911,manual vikor equal,0.7529628793868721,0.5331764508131278
911,manual waspas equal,0.7741357433963576,0.5395638105643569
911,baseline auto mcdm,0.8298744754802179,0.5671303105433457
911,pareto auto mcdm,0.8990026965359067,0.6291549354960709
912,raw cri probability,0.896126243636452,0.6311264697205949
912,manual topsis equal,0.7798253084452137,0.5513085254330146
912,manual vikor equal,0.751546394100361,0.5360529310126849
912,manual waspas equal,0.7724070583517045,0.5418685996038602
912,baseline auto mcdm,0.8282850604187517,0.5674069703738042
912,pareto auto mcdm,0.8989722672704064,0.6290193434194445
913,raw cri probability,0.8950669964114204,0.623430787838345
913,manual topsis equal,0.7848307432391948,0.5459398590315719
913,manual vikor equal,0.7562466024188146,0.5290903782791843
913,manual waspas equal,0.777778498923406,0.5351795470659382
913,baseline auto mcdm,0.8313335213614313,0.5620386203444968
913,pareto auto mcdm,0.8977384357763651,0.624181507277808
914,raw cri probability,0.8982360941999802,0.6301220939956516
914,manual topsis equal,0.779554616734126,0.5479177119919719
914,manual vikor equal,0.7506464934597636,0.5316106372303061
914,manual waspas equal,0.7715652373886646,0.5371299548419467
914,baseline auto mcdm,0.8274476020520973,0.5643920388024753
914,pareto auto mcdm,0.9009092202047813,0.6289513296537883
915,raw cri probability,0.8957918453455912,0.6285834207764953
915,manual topsis equal,0.7765888490424919,0.5483315844700944
915,manual vikor equal,0.7473652356727316,0.5311227701993704
915,manual waspas equal,0.7688404525256767,0.5363273871983212
915,baseline auto mcdm,0.8259750042129481,0.5629380902413431
915,pareto auto mcdm,0.8984335261106428,0.629087093389297
916,raw cri probability,0.8957473077782868,0.6270415894931807
916,manual topsis equal,0.7772963649929605,0.5498400404108436
916,manual vikor equal,0.7489170649539505,0.534601784812258
916,manual waspas equal,0.7691601711856585,0.5388112476847955
916,baseline auto mcdm,0.8256154690826578,0.5652466745243307
916,pareto auto mcdm,0.8983127795609738,0.6268732109782791
917,raw cri probability,0.8968681780489132,0.6259982439269139
917,manual topsis equal,0.7822452772956046,0.5463895973575281
917,manual vikor equal,0.7524075114315761,0.5308358071664506
917,manual waspas equal,0.7746971688889087,0.5366893841200819
917,baseline auto mcdm,0.8297837810585934,0.5628632353556047
917,pareto auto mcdm,0.8993487477924357,0.626499979094368
918,raw cri probability,0.894803208534622,0.6305780933062881
918,manual topsis equal,0.7802113908368702,0.5529918864097363
918,manual vikor equal,0.7520485336171046,0.5397227856659905
918,manual waspas equal,0.7733285213747791,0.5441176470588236
918,baseline auto mcdm,0.8268275547560715,0.5687964841108858
918,pareto auto mcdm,0.89715298009859,0.6304935767410412
919,raw cri probability,0.89533984484722,0.6257937008536226
919,manual topsis equal,0.782333737562484,0.5532988520247256
919,manual vikor equal,0.7529922833567384,0.5369833060005887
919,manual waspas equal,0.7739658124326539,0.5425339556789033
919,baseline auto mcdm,0.8290807820344043,0.5698667003069677
919,pareto auto mcdm,0.8981170556527392,0.6251208948320087
920,raw cri probability,0.8934296533044453,0.6314719952584564
920,manual topsis equal,0.7787217141007762,0.5532365268193556
920,manual vikor equal,0.7512588720525047,0.535879090639685
920,manual waspas equal,0.7716743122860412,0.5406206341814487
920,baseline auto mcdm,0.8255580655967953,0.5675458278650353
920,pareto auto mcdm,0.8963746232215656,0.6295245755895178
921,raw cri probability,0.8974186683349659,0.6264787314372011
921,manual topsis equal,0.7844656219845223,0.5488715496266465
921,manual vikor equal,0.7552986634753645,0.5331823139525128
921,manual waspas equal,0.7762805682620837,0.537712895377129
921,baseline auto mcdm,0.8301113972542424,0.5663226780770199
921,pareto auto mcdm,0.900205911427213,0.6258075341891098
922,raw cri probability,0.892512841678547,0.6274757690686895
922,manual topsis equal,0.7797805939730899,0.5495996628739992
922,manual vikor equal,0.7515019589300979,0.5328276443320691
922,manual waspas equal,0.7726116595070553,0.5401601348504004
922,baseline auto mcdm,0.8278167814915528,0.568731563421829
922,pareto auto mcdm,0.8954881175030367,0.627307206068268
923,raw cri probability,0.8927821824998747,0.63010916476263
923,manual topsis equal,0.7713694730136732,0.5483625285605483
923,manual vikor equal,0.7425019326614746,0.5344842176525344
923,manual waspas equal,0.7644803159734733,0.5373614284505374
923,baseline auto mcdm,0.8223830602647241,0.5655411695015655
923,pareto auto mcdm,0.8956864910206792,0.6301937886096302
924,raw cri probability,0.8965327774340315,0.6322411754771153
924,manual topsis equal,0.7805685063445528,0.5525249113325452
924,manual vikor equal,0.7498125506160106,0.5342003040027022
924,manual waspas equal,0.7723681069846086,0.5401114676574903
924,baseline auto mcdm,0.8282920449201211,0.5689917243708833
924,pareto auto mcdm,0.8992346764285768,0.6301300456004053
925,raw cri probability,0.8956051123826406,0.6248272974670296
925,manual topsis equal,0.7805096649869052,0.5485451119949759
925,manual vikor equal,0.7527146137429461,0.5305421812853255
925,manual waspas equal,0.7730856954036404,0.5374084153234248
925,baseline auto mcdm,0.828703900679049,0.5657944316516642
925,pareto auto mcdm,0.8983998424280286,0.6240736864140675
926,raw cri probability,0.8937777343565448,0.6285714285714286
926,manual topsis equal,0.7800262617359561,0.5537033129352184
926,manual vikor equal,0.7525039337507453,0.5366533023844693
926,manual waspas equal,0.7733995331980058,0.5428993458535556
926,baseline auto mcdm,0.8275394277724702,0.5688963916438068
926,pareto auto mcdm,0.8968702197889039,0.6275585566575226
927,raw cri probability,0.8972384672059428,0.6273689495042463
927,manual topsis equal,0.784171005328076,0.5497217922436514
927,manual vikor equal,0.7553002464316452,0.5341588921892649
927,manual waspas equal,0.7766259946461331,0.5405179266200895
927,baseline auto mcdm,0.8303419004870185,0.5667071078944065
927,pareto auto mcdm,0.900104029327696,0.6274526210099151
928,raw cri probability,0.8958982869703026,0.6277451802179379
928,manual topsis equal,0.7812934186205693,0.5486169321039396
928,manual vikor equal,0.7528765467122231,0.5333612740989103
928,manual waspas equal,0.7729743388924771,0.5377200335289188
928,baseline auto mcdm,0.8281743315898371,0.5654652137468567
928,pareto auto mcdm,0.898709245775434,0.6279966471081307
929,raw cri probability,0.8998423165804306,0.6294569736676326
929,manual topsis equal,0.7874377960368,0.5547856032925959
929,manual vikor equal,0.7576163565322089,0.5375666708664063
929,manual waspas equal,0.7797455432932144,0.5418504052748729
929,baseline auto mcdm,0.8341157657899823,0.5724245096803998
929,pareto auto mcdm,0.9026454491802902,0.6311368695140901
930,raw cri probability,0.8991005222273893,0.6305828917486752
930,manual topsis equal,0.7880730568035929,0.5583312305492472
930,manual vikor equal,0.7585572039040629,0.5410042896795358
930,manual waspas equal,0.7794529238881649,0.5459668601228026
930,baseline auto mcdm,0.8336749440250827,0.5722096055177055
930,pareto auto mcdm,0.9019649111893456,0.630078223568004
931,raw cri probability,0.8934846350023045,0.6271885521885522
931,manual topsis equal,0.7754670567059476,0.5492424242424243
931,manual vikor equal,0.7473823875691011,0.5334175084175083
931,manual waspas equal,0.7679357132389844,0.5385521885521886
931,baseline auto mcdm,0.8240166548476733,0.564983164983165
931,pareto auto mcdm,0.8960599412396999,0.6266835016835016
932,raw cri probability,0.8938528729013846,0.627766769256714
932,manual topsis equal,0.7765584596823926,0.5507820734432312
932,manual vikor equal,0.7492805612109096,0.5350984442851723
932,manual waspas equal,0.7695380157488295,0.5392301530418651
932,baseline auto mcdm,0.8251604310801675,0.565538176145706
932,pareto auto mcdm,0.8967301583212767,0.6267549222142587
933,raw cri probability,0.8935915806637418,0.6275974980059611
933,manual topsis equal,0.7822728636931806,0.5502707694891062
933,manual vikor equal,0.7530633629593695,0.5353259728810713
933,manual waspas equal,0.7748416440756173,0.540447504302926
933,baseline auto mcdm,0.8287330783810328,0.5673145543847865
933,pareto auto mcdm,0.8964713119998926,0.6270937408169263
934,raw cri probability,0.8919516147123732,0.6259407189405086
934,manual topsis equal,0.7735618860950357,0.5468152196762666
934,manual vikor equal,0.7435000864566043,0.5280639058229978
934,manual waspas equal,0.7660521765763618,0.5349590077780113
934,baseline auto mcdm,0.8210626761063259,0.5631280218625183
934,pareto auto mcdm,0.8945806671469244,0.6266134118141686
935,raw cri probability,0.8920412857933264,0.6261259356366559
935,manual topsis equal,0.7758667516717784,0.5478919101788811
935,manual vikor equal,0.7466231647147337,0.5293694760434727
935,manual waspas equal,0.7677130333258437,0.5348670021567218
935,baseline auto mcdm,0.8234914124363191,0.5641307565441704
935,pareto auto mcdm,0.894835656906124,0.6265488222607519
936,raw cri probability,0.8948384997290114,0.6283118849356548
936,manual topsis equal,0.7787217722279045,0.5480696442089327
936,manual vikor equal,0.7481878619663644,0.5300698124316595
936,manual waspas equal,0.7709613677291649,0.5356211624190428
936,baseline auto mcdm,0.825724647660604,0.5664900328034318
936,pareto auto mcdm,0.8976356635009597,0.6282277735722096
937,raw cri probability,0.8960151241008694,0.6253864794852512
937,manual topsis equal,0.782666364221914,0.5491769031503301
937,manual vikor equal,0.7537558772615226,0.5335505974763933
937,manual waspas equal,0.7754242029070737,0.5388150747890031
937,baseline auto mcdm,0.8295094577560823,0.5652210244839978
937,pareto auto mcdm,0.8989525779007284,0.6253864794852512
938,raw cri probability,0.8955183051824889,0.6297307514596547
938,manual topsis equal,0.7775776900018172,0.5470659889948335
938,manual vikor equal,0.7489817838234499,0.5323644306296468
938,manual waspas equal,0.7705051326791893,0.5363128491620112
938,baseline auto mcdm,0.8259769664848062,0.56411979669845
938,pareto auto mcdm,0.8984453932907797,0.6286386356953837
939,raw cri probability,0.8909882594157281,0.625
939,manual topsis equal,0.7728692982958048,0.5487702156334232
939,manual vikor equal,0.7427573041985236,0.5299022911051213
939,manual waspas equal,0.7643795289184787,0.5340296495956873
939,baseline auto mcdm,0.8216747224032233,0.5661219676549866
939,pareto auto mcdm,0.8937759195304757,0.6238207547169812
940,raw cri probability,0.8920998992457647,0.6296327779666779
940,manual topsis equal,0.7796430706548978,0.5566984019041142
940,manual vikor equal,0.7493558656822477,0.5384223053383204
940,manual waspas equal,0.7723418447512966,0.5448826929615777
940,baseline auto mcdm,0.8262652815150018,0.5715742944576675
940,pareto auto mcdm,0.8948761421955617,0.6301428085685141
941,raw cri probability,0.8977868365501156,0.6265542852374197
941,manual topsis equal,0.7825183875704467,0.5463573395643829
941,manual vikor equal,0.7553971001023958,0.5302511891846783
941,manual waspas equal,0.7752907932237473,0.5327547358758241
941,baseline auto mcdm,0.8298180203232884,0.5635483601769173
941,pareto auto mcdm,0.9004837710963904,0.6263039305683051
942,raw cri probability,0.8938895743791236,0.6262413735061438
942,manual topsis equal,0.7783338338478589,0.549570779330079
942,manual vikor equal,0.7495205004518114,0.5316445042922068
942,manual waspas equal,0.7710623427511538,0.5371149638108061
942,baseline auto mcdm,0.8256489940267177,0.5664871233799024
942,pareto auto mcdm,0.8966120160204585,0.6257364080121192
943,raw cri probability,0.897004898823083,0.6279857770340933
943,manual topsis equal,0.7790504261398161,0.5449905877431499
943,manual vikor equal,0.7497610618116239,0.5280066931604267
943,manual waspas equal,0.7710802512450974,0.533110227985777
943,baseline auto mcdm,0.8275433794642129,0.5654047270445514
943,pareto auto mcdm,0.8999403641868176,0.6288224220874293
944,raw cri probability,0.8991634847089194,0.6290167162428254
944,manual topsis equal,0.7840459713823584,0.5501696761489798
944,manual vikor equal,0.7541269235433327,0.5333277472872764
944,manual waspas equal,0.7762946927876724,0.5381038166659684
944,baseline auto mcdm,0.8315620192448726,0.5668440236289748
944,pareto auto mcdm,0.9019780477496493,0.6285139720977
945,raw cri probability,0.895703258606112,0.6275252525252526
945,manual topsis equal,0.7810191638121788,0.5511784511784511
945,manual vikor equal,0.7508328800739145,0.5335858585858586
945,manual waspas equal,0.7735012787259447,0.5383838383838383
945,baseline auto mcdm,0.8287811532130557,0.5657407407407408
945,pareto auto mcdm,0.8985281113637343,0.6266835016835016
946,raw cri probability,0.8993778037692136,0.6298018516191194
946,manual topsis equal,0.7838889913001892,0.5489506095262033
946,manual vikor equal,0.7563057903415737,0.5306019856729923
946,manual waspas equal,0.775832652991641,0.5368019772946253
946,baseline auto mcdm,0.8312601925178362,0.5670478823677265
946,pareto auto mcdm,0.902275134069429,0.6295505006074316
947,raw cri probability,0.8958042882709782,0.6261846850624843
947,manual topsis equal,0.7829991395793472,0.5540551874528223
947,manual vikor equal,0.7525608957696713,0.5367776566300427
947,manual waspas equal,0.7743534942520693,0.5409712320724649
947,baseline auto mcdm,0.8293360658806859,0.5689843160278454
947,pareto auto mcdm,0.8986105086190879,0.6267717856244234
948,raw cri probability,0.8964688298984723,0.6338159342985352
948,manual topsis equal,0.7811757085259724,0.5526204385742105
948,manual vikor equal,0.7518362778469537,0.536279739226145
948,manual waspas equal,0.7732203927171245,0.5386504106341546
948,baseline auto mcdm,0.8273366864540297,0.5690458047582762
948,pareto auto mcdm,0.8994543213067265,0.6331385996105325
949,raw cri probability,0.8925841942171792,0.6279236377428462
949,manual topsis equal,0.7764688129108978,0.5496228243920941
949,manual vikor equal,0.7478068548345473,0.5333558093472122
949,manual waspas equal,0.7692025897938943,0.5374857768974672
949,baseline auto mcdm,0.8235212355970024,0.5648784188124236
949,pareto auto mcdm,0.8955324737903191,0.626912217118294
950,raw cri probability,0.8937182755180348,0.6269827877151536
950,manual topsis equal,0.7806789176377269,0.5545055686803915
950,manual vikor equal,0.751926514034772,0.5356058049274384
950,manual waspas equal,0.7730820026542515,0.5409213634829565
950,baseline auto mcdm,0.8274742548821734,0.5713803577455282
950,pareto auto mcdm,0.8966083610179475,0.6261390482618967
951,raw cri probability,0.8924846265393775,0.6260422808051882
951,manual topsis equal,0.7776386212275501,0.5482186473511328
951,manual vikor equal,0.7487561824446309,0.5301103343721048
951,manual waspas equal,0.7696002686158292,0.5358376147561695
951,baseline auto mcdm,0.8263803727685672,0.5648951402341448
951,pareto auto mcdm,0.8955973991935584,0.6253684831129454
952,raw cri probability,0.8950149009272136,0.6283450630030764
952,manual topsis equal,0.7773851798380811,0.5506342450166464
952,manual vikor equal,0.7477605316990903,0.5327658139828901
952,manual waspas equal,0.7697730777856304,0.5372329217413292
952,baseline auto mcdm,0.8264769703293751,0.5679126806860804
952,pareto auto mcdm,0.8977072171453535,0.6280922078469383
953,raw cri probability,0.8961184168486319,0.6273109243697479
953,manual topsis equal,0.7822966641259314,0.5528571428571428
953,manual vikor equal,0.7532642128790126,0.5346218487394958
953,manual waspas equal,0.7746247988097511,0.5399159663865546
953,baseline auto mcdm,0.8298068564750052,0.5689075630252101
953,pareto auto mcdm,0.8989132931092979,0.627563025210084
954,raw cri probability,0.8954030046615638,0.6284967981125716
954,manual topsis equal,0.7810435645842478,0.5525783619817998
954,manual vikor equal,0.7529869247311812,0.5359791034715201
954,manual waspas equal,0.7732854379398875,0.5420458375463431
954,baseline auto mcdm,0.8289563348651813,0.5688405797101449
954,pareto auto mcdm,0.8982735974440722,0.6286653185035389
955,raw cri probability,0.8985358654271143,0.6270946227594831
955,manual topsis equal,0.7893754064968559,0.551062942892872
955,manual vikor equal,0.7611436208137862,0.5342225927469779
955,manual waspas equal,0.7821303280209498,0.5418924551896623
955,baseline auto mcdm,0.8351078852585453,0.5689870779491455
955,pareto auto mcdm,0.9013036634706117,0.6265944143393081
956,raw cri probability,0.8952856533134144,0.6244764617188809
956,manual topsis equal,0.7844509507152035,0.5509298039872675
956,manual vikor equal,0.755761076240642,0.5346791757413302
956,manual waspas equal,0.7771208298018764,0.5390350142402413
956,baseline auto mcdm,0.8315191738911155,0.5681856257329536
956,pareto auto mcdm,0.898157825515555,0.6238063327190484
957,raw cri probability,0.8956264470348827,0.6275465199311128
957,manual topsis equal,0.7802061509188074,0.5516864787667494
957,manual vikor equal,0.7522152313278433,0.5343806443483009
957,manual waspas equal,0.7723774277412606,0.5404292855042635
957,baseline auto mcdm,0.8275653014017778,0.5667240727517118
957,pareto auto mcdm,0.8983617151697613,0.6269584575965051
958,raw cri probability,0.8988477883446313,0.6312211498111624
958,manual topsis equal,0.7809770741171188,0.5493075954678975
958,manual vikor equal,0.7536262583138315,0.5329416701636592
958,manual waspas equal,0.7733982372207429,0.5383130507763323
958,baseline auto mcdm,0.8288832338133578,0.5664288711707931
958,pareto auto mcdm,0.9015366675792393,0.6315568610994545
959,raw cri probability,0.8909480931717161,0.622876557191393
959,manual topsis equal,0.7762897216054045,0.5468730338492513
959,manual vikor equal,0.7470780585355611,0.5308502160144289
959,manual waspas equal,0.7685851735766486,0.5344574472547293
959,baseline auto mcdm,0.8226633853661796,0.5619730715993457
959,pareto auto mcdm,0.8937453140024301,0.622876557191393
960,raw cri probability,0.8918673029233316,0.6246536233101017
960,manual topsis equal,0.7742910228644677,0.5435385002938954
960,manual vikor equal,0.7437235261633587,0.5275841800319087
960,manual waspas equal,0.7673531462986468,0.5329582668569989
960,baseline auto mcdm,0.8232029222221423,0.5612561927953649
960,pareto auto mcdm,0.8945878519281202,0.6245696532034596
961,raw cri probability,0.8952163792188524,0.624004693655184
961,manual topsis equal,0.7790544396040724,0.5472299052887437
961,manual vikor equal,0.7493788717649658,0.530634481602548
961,manual waspas equal,0.771738027361878,0.5368368116670857
961,baseline auto mcdm,0.8261097970024756,0.5628195457212304
961,pareto auto mcdm,0.8976661136775433,0.6241723241974688
962,raw cri probability,0.8968536001563534,0.6284199006650392
962,manual topsis equal,0.7788753311768497,0.5525717653001094
962,manual vikor equal,0.7515512065776186,0.535314420405758
962,manual waspas equal,0.7705584385400421,0.5364087886185706
962,baseline auto mcdm,0.8264063976257043,0.5678087381092685
962,pareto auto mcdm,0.8996020252328721,0.6278306254735246
963,raw cri probability,0.8988104130521881,0.6316985897705747
963,manual topsis equal,0.7807896613392534,0.5520521995369396
963,manual vikor equal,0.7500995794386018,0.5352136392338455
963,manual waspas equal,0.7727709974262232,0.5396758577141654
963,baseline auto mcdm,0.8280314778891401,0.5698168806567038
963,pareto auto mcdm,0.9017003287458802,0.6312776257629973
964,raw cri probability,0.8955907788113573,0.6314457983724755
964,manual topsis equal,0.7785079872679413,0.5522620904836194
964,manual vikor equal,0.750143592194926,0.5379263819201416
964,manual waspas equal,0.7717304916061644,0.5415524729097273
964,baseline auto mcdm,0.8258845043853967,0.5698022515495215
964,pareto auto mcdm,0.8984153032746239,0.632036092254501
965,raw cri probability,0.895098843102325,0.6288906624102155
965,manual topsis equal,0.7811908373203084,0.5516024698618053
965,manual vikor equal,0.7540641351414628,0.5356407779224598
965,manual waspas equal,0.773076656404649,0.5378250094510018
965,baseline auto mcdm,0.8290192798882253,0.5671441172764312
965,pareto auto mcdm,0.8981191678974356,0.6289746713151594
966,raw cri probability,0.8946240739864083,0.6248586150559255
966,manual topsis equal,0.7805823316724485,0.5472749361149511
966,manual vikor equal,0.7521311633680621,0.529596581626241
966,manual waspas equal,0.7734151897728043,0.5356290059067487
966,baseline auto mcdm,0.8277603761393777,0.5642830212391605
966,pareto auto mcdm,0.8974553844288276,0.6260315864438021
967,raw cri probability,0.8950627381550641,0.6245029509020134
967,manual topsis equal,0.7806164874852238,0.5494956259679378
967,manual vikor equal,0.7518234716015989,0.5347620442844586
967,manual waspas equal,0.7725651465917688,0.5400359968188857
967,baseline auto mcdm,0.8287034364860252,0.5667406136201917
967,pareto auto mcdm,0.8977433889493072,0.6249215185634758
968,raw cri probability,0.8975834885288866,0.6254175016700066
968,manual topsis equal,0.7838443284738154,0.548931195724783
968,manual vikor equal,0.7542798413470999,0.5328991315965264
968,manual waspas equal,0.7758361558211415,0.5386606546426186
968,baseline auto mcdm,0.8313969115784484,0.5667167668670675
968,pareto auto mcdm,0.9004423787644731,0.6253340013360053
969,raw cri probability,0.896106996071888,0.6278659611992946
969,manual topsis equal,0.7819445148448558,0.5495086923658352
969,manual vikor equal,0.7525482085762097,0.5347274712354076
969,manual waspas equal,0.7745274851183789,0.539010665994793
969,baseline auto mcdm,0.8284023515841094,0.564373897707231
969,pareto auto mcdm,0.898891590064662,0.6268581506676745
970,raw cri probability,0.8928792978869639,0.6256978550140619
970,manual topsis equal,0.7777602448090886,0.5477059984049029
970,manual vikor equal,0.7499710379973116,0.5323426940351762
970,manual waspas equal,0.7702004029979918,0.5358686983167528
970,baseline auto mcdm,0.824833480580806,0.5634051127062082
970,pareto auto mcdm,0.8958096839519146,0.6257818074969568
971,raw cri probability,0.8908115743310269,0.6252265160773737
971,manual topsis equal,0.7740342942541466,0.5470099877786674
971,manual vikor equal,0.7452176159336705,0.527961566016267
971,manual waspas equal,0.7666043193480758,0.5345358000758565
971,baseline auto mcdm,0.822545469794514,0.5638669981878714
971,pareto auto mcdm,0.8937483472563705,0.6244679506089595
972,raw cri probability,0.8947352958660812,0.6230633950255422
972,manual topsis equal,0.7831947271888199,0.5474415878067164
972,manual vikor equal,0.7540371476354514,0.5307763168913827
972,manual waspas equal,0.7752609959760237,0.5373084331295536
972,baseline auto mcdm,0.8301210701121292,0.5651955447617453
972,pareto auto mcdm,0.8975547764389961,0.6220584540658237
973,raw cri probability,0.8949810477989246,0.6248172743599382
973,manual topsis equal,0.7805354120147089,0.5457962661320637
973,manual vikor equal,0.7514977256422546,0.5298417073883808
973,manual waspas equal,0.7747291182772981,0.5362736499185565
973,baseline auto mcdm,0.828145800582079,0.560664912500522
973,pareto auto mcdm,0.8977544679943992,0.6243160840329115
974,raw cri probability,0.8932304274893414,0.630879302315736
974,manual topsis equal,0.7741489143916713,0.5513737775708056
974,manual vikor equal,0.7439570867370652,0.5330849667668599
974,manual waspas equal,0.7653573982960226,0.5345243639134668
974,baseline auto mcdm,0.8232256156406511,0.5655984081960967
974,pareto auto mcdm,0.8961300093873419,0.630879302315736
975,raw cri probability,0.8966324186008034,0.6272016064929089
975,manual topsis equal,0.7823217677576408,0.5519809228967075
975,manual vikor equal,0.754466751196269,0.5341588921892649
975,manual waspas equal,0.7748650799232851,0.5384261389783709
975,baseline auto mcdm,0.8285805986796613,0.5663724218717315
975,pareto auto mcdm,0.8993114553213498,0.6275362925155837
976,raw cri probability,0.8974443561510697,0.6276560147231052
976,manual topsis equal,0.7865641262597138,0.552869332441024
976,manual vikor equal,0.7586540978853509,0.5365568010707713
976,manual waspas equal,0.7785459311886259,0.5413250794713067
976,baseline auto mcdm,0.8334188198810047,0.5686799397691149
976,pareto auto mcdm,0.9003681506475195,0.6276560147231052
977,raw cri probability,0.8944258205071893,0.6235849450687164
977,manual topsis equal,0.7812092149097452,0.5467229207569237
977,manual vikor equal,0.7529527946977647,0.5314340615731652
977,manual waspas equal,0.774048979781666,0.5367809850035508
977,baseline auto mcdm,0.8269418882092894,0.5619282342620827
977,pareto auto mcdm,0.8974295530912674,0.6238355821045156
978,raw cri probability,0.8943379866092581,0.6300232902816006
978,manual topsis equal,0.772323094874381,0.5507516409062037
978,manual vikor equal,0.7434517882232053,0.5333897946220622
978,manual waspas equal,0.7647006275988594,0.5370315477450772
978,baseline auto mcdm,0.8222372071699402,0.5668431081939445
978,pareto auto mcdm,0.897089328424616,0.6306161338132543
979,raw cri probability,0.8950220279937877,0.6273258011676257
979,manual topsis equal,0.779684175525551,0.5490360787937334
979,manual vikor equal,0.7511810983289318,0.5321517073375615
979,manual waspas equal,0.7727856980770722,0.5371078163719601
979,baseline auto mcdm,0.8271157793956591,0.5648284262253769
979,pareto auto mcdm,0.8977628850647906,0.6276618085597883
980,raw cri probability,0.8950726509233757,0.6275054741451911
980,manual topsis equal,0.7769319087618748,0.5488462186289372
980,manual vikor equal,0.7477770266018449,0.5334343944753243
980,manual waspas equal,0.7689338757851137,0.5378137106282633
980,baseline auto mcdm,0.8246052709038314,0.5641738251642243
980,pareto auto mcdm,0.8975725197796344,0.6273370389085396
981,raw cri probability,0.894947822965151,0.6282493480272566
981,manual topsis equal,0.7809906121376259,0.5533776394380415
981,manual vikor equal,0.7500734476997335,0.5360477832926727
981,manual waspas equal,0.7735254979598919,0.540927063178262
981,baseline auto mcdm,0.827728795304384,0.567426600487928
981,pareto auto mcdm,0.8979350858805509,0.6281652225119879
982,raw cri probability,0.8935308812613342,0.6308167845196256
982,manual topsis equal,0.7753162882104746,0.5515518482449084
982,manual vikor equal,0.7471402718219032,0.5338527332006606
982,manual waspas equal,0.7664779157185998,0.5357157979421603
982,baseline auto mcdm,0.8245564674228041,0.5676419528305882
982,pareto auto mcdm,0.8963825664072377,0.6306474149976712
983,raw cri probability,0.896770786631923,0.6271279055104871
983,manual topsis equal,0.7786682078317722,0.55029212727502
983,manual vikor equal,0.7491816595927129,0.5334790466983313
983,manual waspas equal,0.770825330962492,0.5391114286915221
983,baseline auto mcdm,0.8275505297886487,0.566432684628641
983,pareto auto mcdm,0.8996417903578785,0.628052624942205
984,raw cri probability,0.8981219657492294,0.6291268644209821
984,manual topsis equal,0.7788524079093884,0.5480140774258422
984,manual vikor equal,0.7506249922002574,0.5330987095692977
984,manual waspas equal,0.7706834357642255,0.5382939500586559
984,baseline auto mcdm,0.8277690115876835,0.5664488017429194
984,pareto auto mcdm,0.9009995752507353,0.6291268644209821
985,raw cri probability,0.89277634155293,0.6261520979756744
985,manual topsis equal,0.7793077525868923,0.5530911998653255
985,manual vikor equal,0.7504719043854651,0.5355835192121544
985,manual waspas equal,0.7714628308999946,0.541559698665881
985,baseline auto mcdm,0.8268081641725653,0.5676528765624342
985,pareto auto mcdm,0.8958327904844191,0.6266571272252851
986,raw cri probability,0.8991823510560438,0.6309095473182161
986,manual topsis equal,0.783547636427585,0.5494937662120326
986,manual vikor equal,0.7540353430436956,0.5326750899506316
986,manual waspas equal,0.7756396900196278,0.5381139653585474
986,baseline auto mcdm,0.8310596470678085,0.5642205673165426
986,pareto auto mcdm,0.9019230068626748,0.6305748472931135
987,raw cri probability,0.8944349467680969,0.628973182334863
987,manual topsis equal,0.7770750720065022,0.5482254873068665
987,manual vikor equal,0.7475940987474053,0.5329011072285605
987,manual waspas equal,0.7692684874656434,0.5363533027407064
987,baseline auto mcdm,0.8235591071934807,0.5648970656338147
987,pareto auto mcdm,0.8972036531919063,0.6282995832105418
988,raw cri probability,0.893166939800284,0.6269811241434398
988,manual topsis equal,0.7782641441876575,0.5486189935679152
988,manual vikor equal,0.7495791390791947,0.5331483583469964
988,manual waspas equal,0.7704324063102952,0.5379408920839114
988,baseline auto mcdm,0.8258050105164899,0.5656871400344726
988,pareto auto mcdm,0.8963261447258357,0.6261403287509985
989,raw cri probability,0.8935271509908426,0.6258606213266162
989,manual topsis equal,0.7810922004796046,0.5492023509655751
989,manual vikor equal,0.7515424811497071,0.5332493702770781
989,manual waspas equal,0.7734387200861228,0.5383711167086481
989,baseline auto mcdm,0.827487071422728,0.5663308144416457
989,pareto auto mcdm,0.8963630881407353,0.6257766582703611
990,raw cri probability,0.894899291019962,0.6276604694203751
990,manual topsis equal,0.7785505692710168,0.5521998822242786
990,manual vikor equal,0.7508890164789492,0.5362160343232102
990,manual waspas equal,0.7702394211365613,0.5402540590561118
990,baseline auto mcdm,0.8269887171529394,0.5685202321864222
990,pareto auto mcdm,0.8979160451225459,0.6285858500883317
991,raw cri probability,0.8968119086411013,0.6323398858592264
991,manual topsis equal,0.7762692668072005,0.5520186007186642
991,manual vikor equal,0.7462645340873043,0.5309659691397168
991,manual waspas equal,0.7670369007280698,0.5341788205453393
991,baseline auto mcdm,0.8259888413426044,0.5692665398435849
991,pareto auto mcdm,0.8996618963719976,0.6325935320228282
992,raw cri probability,0.8970777031494367,0.6219613719613719
992,manual topsis equal,0.781204114825986,0.5458707958707959
992,manual vikor equal,0.7507192702718941,0.5275557775557775
992,manual waspas equal,0.7743963502078661,0.533050283050283
992,baseline auto mcdm,0.8288444945614406,0.562104562104562
992,pareto auto mcdm,0.8998475674302051,0.6222111222111222
993,raw cri probability,0.8926950870934489,0.6274758224587187
993,manual topsis equal,0.7733194315784189,0.5482495037797204
993,manual vikor equal,0.7444273958948187,0.5331306220701888
993,manual waspas equal,0.7665358076188522,0.5335529372017399
993,baseline auto mcdm,0.8222214291137231,0.565902276278559
993,pareto auto mcdm,0.8954793802177247,0.6265467291693062
994,raw cri probability,0.8935150562389984,0.623783467691408
994,manual topsis equal,0.7803586460073895,0.5455077064450107
994,manual vikor equal,0.7524068358138266,0.5270456538991688
994,manual waspas equal,0.7729217296969928,0.5323085919552233
994,baseline auto mcdm,0.8276299244770986,0.56388622029155
994,pareto auto mcdm,0.8962508660279369,0.6242846998872227
995,raw cri probability,0.8969592573124515,0.6277396687301322
995,manual topsis equal,0.7867072049696255,0.5522001003848085
995,manual vikor equal,0.758976527165453,0.5351346829513134
995,manual waspas equal,0.7792938586449991,0.5409904634431989
995,baseline auto mcdm,0.8317692127379169,0.5686799397691149
995,pareto auto mcdm,0.8997353391901137,0.6274050527020244
996,raw cri probability,0.891306581116543,0.6248110196539559
996,manual topsis equal,0.7725192889339512,0.5476230472030909
996,manual vikor equal,0.7431168301467108,0.5299848815723165
996,manual waspas equal,0.7645046575897969,0.5353603225264573
996,baseline auto mcdm,0.8209839991753374,0.562405509826978
996,pareto auto mcdm,0.8940855894512062,0.6240550982697799
997,raw cri probability,0.8914839346131113,0.625568852182707
997,manual topsis equal,0.7706636729591665,0.5435698634754762
997,manual vikor equal,0.7405259844470419,0.5291589415135682
997,manual waspas equal,0.7634904890968083,0.5321928198213383
997,baseline auto mcdm,0.8207634219605733,0.5618574077195347
997,pareto auto mcdm,0.894317692870012,0.6254003033878308
998,raw cri probability,0.8976144404590793,0.6307465825446898
998,manual topsis equal,0.7839732015605172,0.5547844374342797
998,manual vikor equal,0.7558884472600035,0.5381282860147213
998,manual waspas equal,0.776299704973994,0.5435962145110409
998,baseline auto mcdm,0.8312925757461769,0.5712723449001051
998,pareto auto mcdm,0.9005858749114259,0.6299053627760252
999,raw cri probability,0.8905028226811458,0.6269626878271146
999,manual topsis equal,0.7746394747780729,0.5516630086105014
999,manual vikor equal,0.7460383794234622,0.5353705892284315
999,manual waspas equal,0.7666350889616974,0.5396758399459733
999,baseline auto mcdm,0.8231564937256278,0.5683775113962519
999,pareto auto mcdm,0.8934759934116544,0.6257808542968091
