selected_count,selected_rate,precision,recall,f1,operating_point,threshold_value,strategy,target
400,0.010000250006250157,1.0,0.02531645569620253,0.04938271604938271,top k rate,0.01,raw cri probability,y_cri_high
800,0.020000500012500314,0.99875,0.050569620253164554,0.09626506024096386,top k rate,0.02,raw cri probability,y_cri_high
1200,0.03000075001875047,0.9991666666666666,0.07588607594936708,0.14105882352941176,top k rate,0.03,raw cri probability,y_cri_high
1600,0.04000100002500063,0.999375,0.10120253164556962,0.18379310344827587,top k rate,0.04,raw cri probability,y_cri_high
2000,0.050001250031250784,0.9985,0.12639240506329114,0.2243820224719101,top k rate,0.05,raw cri probability,y_cri_high
2400,0.06000150003750094,0.9979166666666667,0.15158227848101266,0.2631868131868132,top k rate,0.060000000000000005,raw cri probability,y_cri_high
2800,0.07000175004375109,0.9978571428571429,0.1768354430379747,0.3004301075268817,top k rate,0.06999999999999999,raw cri probability,y_cri_high
3200,0.08000200005000126,0.9975,0.2020253164556962,0.336,top k rate,0.08,raw cri probability,y_cri_high
3600,0.09000225005625141,0.9977777777777778,0.22734177215189874,0.37030927835051547,top k rate,0.09,raw cri probability,y_cri_high
4000,0.10000250006250157,0.994,0.25164556962025314,0.4016161616161616,top k rate,0.09999999999999999,raw cri probability,y_cri_high
4400,0.11000275006875172,0.9868181818181818,0.2748101265822785,0.4299009900990099,top k rate,0.11,raw cri probability,y_cri_high
4800,0.12000300007500188,0.985,0.2992405063291139,0.4590291262135922,top k rate,0.12,raw cri probability,y_cri_high
5200,0.13000325008125202,0.98,0.3225316455696203,0.48533333333333334,top k rate,0.13,raw cri probability,y_cri_high
5600,0.14000350008750218,0.9746428571428571,0.34544303797468356,0.5100934579439252,top k rate,0.14,raw cri probability,y_cri_high
6000,0.15000375009375233,0.9675,0.36740506329113926,0.5325688073394496,top k rate,0.15000000000000002,raw cri probability,y_cri_high
6400,0.1600040001000025,0.9628125,0.39,0.5551351351351351,top k rate,0.16,raw cri probability,y_cri_high
6800,0.17000425010625267,0.9545588235294118,0.4108227848101266,0.5744247787610619,top k rate,0.17,raw cri probability,y_cri_high
7200,0.18000450011250282,0.9469444444444445,0.43151898734177213,0.5928695652173913,top k rate,0.18000000000000002,raw cri probability,y_cri_high
7600,0.19000475011875298,0.939078947368421,0.4517088607594937,0.61,top k rate,0.19,raw cri probability,y_cri_high
8000,0.20000500012500314,0.93325,0.47253164556962024,0.6273949579831932,top k rate,0.2,raw cri probability,y_cri_high
8400,0.2100052501312533,0.9269047619047619,0.49278481012658226,0.6434710743801653,top k rate,0.21000000000000002,raw cri probability,y_cri_high
8800,0.22000550013750345,0.9223863636363636,0.5137341772151899,0.6599186991869919,top k rate,0.22,raw cri probability,y_cri_high
9200,0.2300057501437536,0.9148913043478261,0.5327215189873418,0.67336,top k rate,0.23,raw cri probability,y_cri_high
9600,0.24000600015000376,0.9086458333333334,0.5520886075949367,0.6868503937007874,top k rate,0.24000000000000002,raw cri probability,y_cri_high
10000,0.2500062501562539,0.9025,0.5712025316455697,0.6996124031007752,top k rate,0.25,raw cri probability,y_cri_high
10400,0.26000650016250404,0.8975961538461539,0.5908227848101266,0.7125954198473282,top k rate,0.26,raw cri probability,y_cri_high
10800,0.2700067501687542,0.8923148148148148,0.6099367088607595,0.7245864661654136,top k rate,0.27,raw cri probability,y_cri_high
11200,0.28000700017500435,0.8871428571428571,0.6288607594936709,0.736,top k rate,0.28,raw cri probability,y_cri_high
11600,0.2900072501812545,0.8825,0.6479113924050633,0.7472262773722628,top k rate,0.29000000000000004,raw cri probability,y_cri_high
12000,0.30000750018750466,0.87775,0.6666455696202531,0.7577697841726618,top k rate,0.3,raw cri probability,y_cri_high
12400,0.3100077501937548,0.8731451612903226,0.6852531645569621,0.7678723404255319,top k rate,0.31,raw cri probability,y_cri_high
12800,0.320008000200005,0.867890625,0.7031012658227848,0.7768531468531469,top k rate,0.32,raw cri probability,y_cri_high
13200,0.3300082502062552,0.8631818181818182,0.7211392405063292,0.7857931034482759,top k rate,0.33,raw cri probability,y_cri_high
13600,0.34000850021250534,0.8601470588235294,0.740379746835443,0.7957823129251701,top k rate,0.34,raw cri probability,y_cri_high
14000,0.3500087502187555,0.8530714285714286,0.7558860759493671,0.8015436241610738,top k rate,0.35000000000000003,raw cri probability,y_cri_high
14400,0.36000900022500565,0.8444444444444444,0.769620253164557,0.8052980132450331,top k rate,0.36000000000000004,raw cri probability,y_cri_high
14800,0.3700092502312558,0.8389864864864864,0.7858860759493671,0.8115686274509804,top k rate,0.37,raw cri probability,y_cri_high
15200,0.38000950023750596,0.832171052631579,0.8005696202531646,0.8160645161290323,top k rate,0.38,raw cri probability,y_cri_high
15600,0.3900097502437561,0.8255769230769231,0.815126582278481,0.8203184713375796,top k rate,0.39,raw cri probability,y_cri_high
16000,0.40001000025000627,0.8188125,0.8291772151898734,0.8239622641509434,top k rate,0.4,raw cri probability,y_cri_high
16400,0.4100102502562564,0.8093292682926829,0.8400632911392405,0.8244099378881987,top k rate,0.41000000000000003,raw cri probability,y_cri_high
16800,0.4200105002625066,0.8024404761904762,0.8532278481012658,0.8270552147239264,top k rate,0.42000000000000004,raw cri probability,y_cri_high
17200,0.43001075026875674,0.7947674418604651,0.8651898734177215,0.8284848484848485,top k rate,0.43,raw cri probability,y_cri_high
17600,0.4400110002750069,0.7861363636363636,0.8756962025316456,0.828502994011976,top k rate,0.44,raw cri probability,y_cri_high
18000,0.45001125028125705,0.7778333333333334,0.8861392405063291,0.8284615384615385,top k rate,0.45,raw cri probability,y_cri_high
18400,0.4600115002875072,0.7685869565217391,0.8950632911392405,0.8270175438596491,top k rate,0.46,raw cri probability,y_cri_high
18800,0.47001175029375736,0.7603723404255319,0.904746835443038,0.826300578034682,top k rate,0.47000000000000003,raw cri probability,y_cri_high
19200,0.4800120003000075,0.7504166666666666,0.9118987341772152,0.8233142857142857,top k rate,0.48000000000000004,raw cri probability,y_cri_high
19600,0.49001225030625767,0.7402551020408163,0.9182911392405063,0.8197175141242938,top k rate,0.49,raw cri probability,y_cri_high
20000,0.5000125003125078,0.72985,0.9238607594936709,0.8154748603351956,top k rate,0.5,raw cri probability,y_cri_high
20400,0.5100127503187579,0.7190686274509804,0.9284177215189874,0.8104419889502762,top k rate,0.51,raw cri probability,y_cri_high
20800,0.5200130003250081,0.7089423076923077,0.9332911392405063,0.8057923497267759,top k rate,0.52,raw cri probability,y_cri_high
21200,0.5300132503312582,0.698443396226415,0.9371518987341773,0.8003783783783783,top k rate,0.53,raw cri probability,y_cri_high
21600,0.5400135003375084,0.6885648148148148,0.9413291139240506,0.7953475935828876,top k rate,0.54,raw cri probability,y_cri_high
22000,0.5500137503437585,0.6783636363636364,0.9445569620253165,0.7896296296296297,top k rate,0.55,raw cri probability,y_cri_high
22400,0.5600140003500087,0.6695535714285714,0.9492405063291139,0.7852356020942408,top k rate,0.56,raw cri probability,y_cri_high
22800,0.5700142503562589,0.6608333333333334,0.9536075949367089,0.7806735751295337,top k rate,0.5700000000000001,raw cri probability,y_cri_high
23200,0.580014500362509,0.6521120689655172,0.9575316455696202,0.7758461538461539,top k rate,0.5800000000000001,raw cri probability,y_cri_high
23600,0.5900147503687592,0.6440677966101694,0.9620253164556962,0.7715736040609137,top k rate,0.59,raw cri probability,y_cri_high
24000,0.6000150003750093,0.6349166666666667,0.9644303797468354,0.7657286432160804,top k rate,0.6,raw cri probability,y_cri_high
24400,0.6100152503812595,0.6260245901639344,0.9667721518987342,0.7599502487562189,top k rate,0.61,raw cri probability,y_cri_high
24800,0.6200155003875096,0.6178225806451613,0.969746835443038,0.7547783251231527,top k rate,0.62,raw cri probability,y_cri_high
25200,0.6300157503937599,0.6104761904761905,0.9736708860759493,0.7504390243902439,top k rate,0.63,raw cri probability,y_cri_high
25600,0.64001600040001,0.60234375,0.9759493670886076,0.744927536231884,top k rate,0.64,raw cri probability,y_cri_high
26000,0.6500162504062602,0.5945384615384616,0.9783544303797468,0.7396172248803827,top k rate,0.65,raw cri probability,y_cri_high
26400,0.6600165004125104,0.586590909090909,0.980126582278481,0.7339336492890995,top k rate,0.66,raw cri probability,y_cri_high
26800,0.6700167504187605,0.5788432835820896,0.9818354430379747,0.7283098591549296,top k rate,0.67,raw cri probability,y_cri_high
27200,0.6800170004250107,0.5711764705882353,0.9832911392405064,0.7226046511627907,top k rate,0.68,raw cri probability,y_cri_high
27600,0.6900172504312608,0.5635144927536232,0.9843670886075949,0.7167281105990784,top k rate,0.6900000000000001,raw cri probability,y_cri_high
28000,0.700017500437511,0.5563214285714285,0.9858860759493671,0.7112785388127854,top k rate,0.7000000000000001,raw cri probability,y_cri_high
28400,0.7100177504437611,0.5494014084507042,0.9875316455696203,0.7060180995475113,top k rate,0.7100000000000001,raw cri probability,y_cri_high
28800,0.7200180004500113,0.5422569444444445,0.9884177215189873,0.7003139013452915,top k rate,0.72,raw cri probability,y_cri_high
29200,0.7300182504562615,0.5352054794520548,0.9891139240506329,0.6945777777777777,top k rate,0.73,raw cri probability,y_cri_high
29600,0.7400185004625116,0.5286148648648649,0.9903164556962025,0.6892951541850221,top k rate,0.74,raw cri probability,y_cri_high
30000,0.7500187504687618,0.5221,0.9913291139240507,0.6839737991266376,top k rate,0.75,raw cri probability,y_cri_high
30400,0.7600190004750119,0.5155921052631579,0.9920253164556962,0.6785281385281385,top k rate,0.76,raw cri probability,y_cri_high
30800,0.7700192504812621,0.5093181818181818,0.9928481012658228,0.6732618025751073,top k rate,0.77,raw cri probability,y_cri_high
31200,0.7800195004875122,0.5030769230769231,0.9934177215189873,0.6679148936170213,top k rate,0.78,raw cri probability,y_cri_high
31600,0.7900197504937624,0.4968987341772152,0.9937974683544304,0.6625316455696203,top k rate,0.79,raw cri probability,y_cri_high
32000,0.8000200005000125,0.49121875,0.9948734177215189,0.6576987447698744,top k rate,0.8,raw cri probability,y_cri_high
39247,0.9811995299882497,0.4025785410349836,1.0,0.5740548985412466,score threshold,0.001,raw cri probability,y_cri_high
39246,0.9811745293632341,0.40258879885848237,1.0,0.5740653271809032,score threshold,0.002,raw cri probability,y_cri_high
38814,0.9703742593564839,0.40704385015715977,0.9999367088607595,0.5785695975390925,score threshold,0.003,raw cri probability,y_cri_high
38813,0.9703492587314683,0.4070543374642517,0.9999367088607595,0.5785801915294894,score threshold,0.004,raw cri probability,y_cri_high
38812,0.9703242581064526,0.40706482531175925,0.9999367088607595,0.5785907859078591,score threshold,0.005,raw cri probability,y_cri_high
38812,0.9703242581064526,0.40706482531175925,0.9999367088607595,0.5785907859078591,score threshold,0.006,raw cri probability,y_cri_high
35988,0.8997224930623265,0.4385350672446371,0.9988607594936709,0.6094848227388584,score threshold,0.007,raw cri probability,y_cri_high
35405,0.885147128678217,0.44564327072447396,0.9986075949367088,0.6162679425837321,score threshold,0.008,raw cri probability,y_cri_high
35404,0.8851221280532013,0.4456558580951305,0.9986075949367088,0.6162799781267089,score threshold,0.009000000000000001,raw cri probability,y_cri_high
35404,0.8851221280532013,0.4456558580951305,0.9986075949367088,0.6162799781267089,score threshold,0.010000000000000002,raw cri probability,y_cri_high
35404,0.8851221280532013,0.4456558580951305,0.9986075949367088,0.6162799781267089,score threshold,0.011,raw cri probability,y_cri_high
34673,0.8668466711667792,0.45467654947653796,0.9977848101265823,0.6246904285459552,score threshold,0.012,raw cri probability,y_cri_high
34673,0.8668466711667792,0.45467654947653796,0.9977848101265823,0.6246904285459552,score threshold,0.013000000000000001,raw cri probability,y_cri_high
34673,0.8668466711667792,0.45467654947653796,0.9977848101265823,0.6246904285459552,score threshold,0.014000000000000002,raw cri probability,y_cri_high
34673,0.8668466711667792,0.45467654947653796,0.9977848101265823,0.6246904285459552,score threshold,0.015,raw cri probability,y_cri_high
34617,0.8654466361659041,0.4554120807695641,0.9977848101265823,0.6253842949798679,score threshold,0.016,raw cri probability,y_cri_high
34617,0.8654466361659041,0.4554120807695641,0.9977848101265823,0.6253842949798679,score threshold,0.017,raw cri probability,y_cri_high
34616,0.8654216355408885,0.4554252368846776,0.9977848101265823,0.6253966994604887,score threshold,0.018000000000000002,raw cri probability,y_cri_high
34616,0.8654216355408885,0.4554252368846776,0.9977848101265823,0.6253966994604887,score threshold,0.019000000000000003,raw cri probability,y_cri_high
34616,0.8654216355408885,0.4554252368846776,0.9977848101265823,0.6253966994604887,score threshold,0.02,raw cri probability,y_cri_high
34616,0.8654216355408885,0.4554252368846776,0.9977848101265823,0.6253966994604887,score threshold,0.021,raw cri probability,y_cri_high
32892,0.8223205580139503,0.47847500912075885,0.9960759493670887,0.6464306251540294,score threshold,0.022000000000000002,raw cri probability,y_cri_high
32892,0.8223205580139503,0.47847500912075885,0.9960759493670887,0.6464306251540294,score threshold,0.023,raw cri probability,y_cri_high
32891,0.8222955573889347,0.4784895564136086,0.9960759493670887,0.6464439013370027,score threshold,0.024,raw cri probability,y_cri_high
31155,0.7788944723618091,0.5038035628310062,0.9934177215189873,0.6685549994675754,score threshold,0.025,raw cri probability,y_cri_high
31155,0.7788944723618091,0.5038035628310062,0.9934177215189873,0.6685549994675754,score threshold,0.026000000000000002,raw cri probability,y_cri_high
30285,0.757143928598215,0.5172857850421001,0.9915189873417721,0.6798741456005207,score threshold,0.027000000000000003,raw cri probability,y_cri_high
30285,0.757143928598215,0.5172857850421001,0.9915189873417721,0.6798741456005207,score threshold,0.028,raw cri probability,y_cri_high
30285,0.757143928598215,0.5172857850421001,0.9915189873417721,0.6798741456005207,score threshold,0.029,raw cri probability,y_cri_high
30285,0.757143928598215,0.5172857850421001,0.9915189873417721,0.6798741456005207,score threshold,0.030000000000000002,raw cri probability,y_cri_high
30284,0.7571189279731994,0.5173028661999736,0.9915189873417721,0.6798888985331134,score threshold,0.031,raw cri probability,y_cri_high
30283,0.7570939273481837,0.5173199484859492,0.9915189873417721,0.6799036521059827,score threshold,0.032,raw cri probability,y_cri_high
30283,0.7570939273481837,0.5173199484859492,0.9915189873417721,0.6799036521059827,score threshold,0.033,raw cri probability,y_cri_high
30283,0.7570939273481837,0.5173199484859492,0.9915189873417721,0.6799036521059827,score threshold,0.034,raw cri probability,y_cri_high
29759,0.743993599839996,0.5259249302731946,0.9905696202531645,0.6870651243442569,score threshold,0.035,raw cri probability,y_cri_high
29759,0.743993599839996,0.5259249302731946,0.9905696202531645,0.6870651243442569,score threshold,0.036000000000000004,raw cri probability,y_cri_high
29759,0.743993599839996,0.5259249302731946,0.9905696202531645,0.6870651243442569,score threshold,0.037000000000000005,raw cri probability,y_cri_high
29759,0.743993599839996,0.5259249302731946,0.9905696202531645,0.6870651243442569,score threshold,0.038,raw cri probability,y_cri_high
29759,0.743993599839996,0.5259249302731946,0.9905696202531645,0.6870651243442569,score threshold,0.039,raw cri probability,y_cri_high
29759,0.743993599839996,0.5259249302731946,0.9905696202531645,0.6870651243442569,score threshold,0.04,raw cri probability,y_cri_high
29759,0.743993599839996,0.5259249302731946,0.9905696202531645,0.6870651243442569,score threshold,0.041,raw cri probability,y_cri_high
29759,0.743993599839996,0.5259249302731946,0.9905696202531645,0.6870651243442569,score threshold,0.042,raw cri probability,y_cri_high
29759,0.743993599839996,0.5259249302731946,0.9905696202531645,0.6870651243442569,score threshold,0.043000000000000003,raw cri probability,y_cri_high
29759,0.743993599839996,0.5259249302731946,0.9905696202531645,0.6870651243442569,score threshold,0.044000000000000004,raw cri probability,y_cri_high
29759,0.743993599839996,0.5259249302731946,0.9905696202531645,0.6870651243442569,score threshold,0.045,raw cri probability,y_cri_high
26959,0.6739918497962449,0.5756890092362477,0.9822784810126582,0.7259290441778339,score threshold,0.046,raw cri probability,y_cri_high
26959,0.6739918497962449,0.5756890092362477,0.9822784810126582,0.7259290441778339,score threshold,0.047,raw cri probability,y_cri_high
26959,0.6739918497962449,0.5756890092362477,0.9822784810126582,0.7259290441778339,score threshold,0.048,raw cri probability,y_cri_high
26959,0.6739918497962449,0.5756890092362477,0.9822784810126582,0.7259290441778339,score threshold,0.049,raw cri probability,y_cri_high
26959,0.6739918497962449,0.5756890092362477,0.9822784810126582,0.7259290441778339,score threshold,0.05,raw cri probability,y_cri_high
26959,0.6739918497962449,0.5756890092362477,0.9822784810126582,0.7259290441778339,score threshold,0.051000000000000004,raw cri probability,y_cri_high
26729,0.6682417060426511,0.5801937969995137,0.9815189873417721,0.7292906017070705,score threshold,0.052000000000000005,raw cri probability,y_cri_high
26729,0.6682417060426511,0.5801937969995137,0.9815189873417721,0.7292906017070705,score threshold,0.053000000000000005,raw cri probability,y_cri_high
26729,0.6682417060426511,0.5801937969995137,0.9815189873417721,0.7292906017070705,score threshold,0.054,raw cri probability,y_cri_high
26729,0.6682417060426511,0.5801937969995137,0.9815189873417721,0.7292906017070705,score threshold,0.055,raw cri probability,y_cri_high
26729,0.6682417060426511,0.5801937969995137,0.9815189873417721,0.7292906017070705,score threshold,0.056,raw cri probability,y_cri_high
26729,0.6682417060426511,0.5801937969995137,0.9815189873417721,0.7292906017070705,score threshold,0.057,raw cri probability,y_cri_high
26729,0.6682417060426511,0.5801937969995137,0.9815189873417721,0.7292906017070705,score threshold,0.058,raw cri probability,y_cri_high
26729,0.6682417060426511,0.5801937969995137,0.9815189873417721,0.7292906017070705,score threshold,0.059000000000000004,raw cri probability,y_cri_high
26729,0.6682417060426511,0.5801937969995137,0.9815189873417721,0.7292906017070705,score threshold,0.060000000000000005,raw cri probability,y_cri_high
26446,0.661166529163229,0.5858352869999244,0.9805696202531645,0.7334658902618,score threshold,0.061,raw cri probability,y_cri_high
26446,0.661166529163229,0.5858352869999244,0.9805696202531645,0.7334658902618,score threshold,0.062,raw cri probability,y_cri_high
26446,0.661166529163229,0.5858352869999244,0.9805696202531645,0.7334658902618,score threshold,0.063,raw cri probability,y_cri_high
26446,0.661166529163229,0.5858352869999244,0.9805696202531645,0.7334658902618,score threshold,0.064,raw cri probability,y_cri_high
26446,0.661166529163229,0.5858352869999244,0.9805696202531645,0.7334658902618,score threshold,0.065,raw cri probability,y_cri_high
26446,0.661166529163229,0.5858352869999244,0.9805696202531645,0.7334658902618,score threshold,0.066,raw cri probability,y_cri_high
26446,0.661166529163229,0.5858352869999244,0.9805696202531645,0.7334658902618,score threshold,0.067,raw cri probability,y_cri_high
26446,0.661166529163229,0.5858352869999244,0.9805696202531645,0.7334658902618,score threshold,0.068,raw cri probability,y_cri_high
26446,0.661166529163229,0.5858352869999244,0.9805696202531645,0.7334658902618,score threshold,0.069,raw cri probability,y_cri_high
26446,0.661166529163229,0.5858352869999244,0.9805696202531645,0.7334658902618,score threshold,0.07,raw cri probability,y_cri_high
26446,0.661166529163229,0.5858352869999244,0.9805696202531645,0.7334658902618,score threshold,0.07100000000000001,raw cri probability,y_cri_high
26446,0.661166529163229,0.5858352869999244,0.9805696202531645,0.7334658902618,score threshold,0.07200000000000001,raw cri probability,y_cri_high
26446,0.661166529163229,0.5858352869999244,0.9805696202531645,0.7334658902618,score threshold,0.07300000000000001,raw cri probability,y_cri_high
26446,0.661166529163229,0.5858352869999244,0.9805696202531645,0.7334658902618,score threshold,0.074,raw cri probability,y_cri_high
26446,0.661166529163229,0.5858352869999244,0.9805696202531645,0.7334658902618,score threshold,0.075,raw cri probability,y_cri_high
26446,0.661166529163229,0.5858352869999244,0.9805696202531645,0.7334658902618,score threshold,0.076,raw cri probability,y_cri_high
25663,0.6415910397759944,0.6010598916728364,0.9762658227848101,0.7440368521332272,score threshold,0.077,raw cri probability,y_cri_high
25663,0.6415910397759944,0.6010598916728364,0.9762658227848101,0.7440368521332272,score threshold,0.078,raw cri probability,y_cri_high
25663,0.6415910397759944,0.6010598916728364,0.9762658227848101,0.7440368521332272,score threshold,0.079,raw cri probability,y_cri_high
25662,0.6415660391509788,0.6010443457251968,0.9762025316455696,0.7440065602238194,score threshold,0.08,raw cri probability,y_cri_high
25662,0.6415660391509788,0.6010443457251968,0.9762025316455696,0.7440065602238194,score threshold,0.081,raw cri probability,y_cri_high
25661,0.6415410385259631,0.6010677682085656,0.9762025316455696,0.7440245049564651,score threshold,0.082,raw cri probability,y_cri_high
25660,0.6415160379009476,0.6010911925175371,0.9762025316455696,0.7440424505547516,score threshold,0.083,raw cri probability,y_cri_high
25660,0.6415160379009476,0.6010911925175371,0.9762025316455696,0.7440424505547516,score threshold,0.084,raw cri probability,y_cri_high
25660,0.6415160379009476,0.6010911925175371,0.9762025316455696,0.7440424505547516,score threshold,0.085,raw cri probability,y_cri_high
25660,0.6415160379009476,0.6010911925175371,0.9762025316455696,0.7440424505547516,score threshold,0.08600000000000001,raw cri probability,y_cri_high
25660,0.6415160379009476,0.6010911925175371,0.9762025316455696,0.7440424505547516,score threshold,0.08700000000000001,raw cri probability,y_cri_high
25660,0.6415160379009476,0.6010911925175371,0.9762025316455696,0.7440424505547516,score threshold,0.08800000000000001,raw cri probability,y_cri_high
25659,0.6414910372759319,0.6011146186523247,0.9762025316455696,0.7440603970187414,score threshold,0.089,raw cri probability,y_cri_high
25659,0.6414910372759319,0.6011146186523247,0.9762025316455696,0.7440603970187414,score threshold,0.09,raw cri probability,y_cri_high
25659,0.6414910372759319,0.6011146186523247,0.9762025316455696,0.7440603970187414,score threshold,0.091,raw cri probability,y_cri_high
25659,0.6414910372759319,0.6011146186523247,0.9762025316455696,0.7440603970187414,score threshold,0.092,raw cri probability,y_cri_high
25659,0.6414910372759319,0.6011146186523247,0.9762025316455696,0.7440603970187414,score threshold,0.093,raw cri probability,y_cri_high
25611,0.6402910072751818,0.6021631330287767,0.9760759493670886,0.7448262538938929,score threshold,0.094,raw cri probability,y_cri_high
25611,0.6402910072751818,0.6021631330287767,0.9760759493670886,0.7448262538938929,score threshold,0.095,raw cri probability,y_cri_high
25611,0.6402910072751818,0.6021631330287767,0.9760759493670886,0.7448262538938929,score threshold,0.096,raw cri probability,y_cri_high
25611,0.6402910072751818,0.6021631330287767,0.9760759493670886,0.7448262538938929,score threshold,0.097,raw cri probability,y_cri_high
25611,0.6402910072751818,0.6021631330287767,0.9760759493670886,0.7448262538938929,score threshold,0.098,raw cri probability,y_cri_high
25611,0.6402910072751818,0.6021631330287767,0.9760759493670886,0.7448262538938929,score threshold,0.099,raw cri probability,y_cri_high
25610,0.6402660066501663,0.6021475985942991,0.9760126582278481,0.744795943008935,score threshold,0.1,raw cri probability,y_cri_high
25610,0.6402660066501663,0.6021475985942991,0.9760126582278481,0.744795943008935,score threshold,0.101,raw cri probability,y_cri_high
25324,0.6331158278956974,0.6081187806033802,0.9746835443037974,0.7489543818694679,score threshold,0.10200000000000001,raw cri probability,y_cri_high
25324,0.6331158278956974,0.6081187806033802,0.9746835443037974,0.7489543818694679,score threshold,0.10300000000000001,raw cri probability,y_cri_high
25324,0.6331158278956974,0.6081187806033802,0.9746835443037974,0.7489543818694679,score threshold,0.10400000000000001,raw cri probability,y_cri_high
25324,0.6331158278956974,0.6081187806033802,0.9746835443037974,0.7489543818694679,score threshold,0.10500000000000001,raw cri probability,y_cri_high
25324,0.6331158278956974,0.6081187806033802,0.9746835443037974,0.7489543818694679,score threshold,0.106,raw cri probability,y_cri_high
25324,0.6331158278956974,0.6081187806033802,0.9746835443037974,0.7489543818694679,score threshold,0.107,raw cri probability,y_cri_high
25324,0.6331158278956974,0.6081187806033802,0.9746835443037974,0.7489543818694679,score threshold,0.108,raw cri probability,y_cri_high
25324,0.6331158278956974,0.6081187806033802,0.9746835443037974,0.7489543818694679,score threshold,0.109,raw cri probability,y_cri_high
25324,0.6331158278956974,0.6081187806033802,0.9746835443037974,0.7489543818694679,score threshold,0.11,raw cri probability,y_cri_high
25324,0.6331158278956974,0.6081187806033802,0.9746835443037974,0.7489543818694679,score threshold,0.111,raw cri probability,y_cri_high
25324,0.6331158278956974,0.6081187806033802,0.9746835443037974,0.7489543818694679,score threshold,0.112,raw cri probability,y_cri_high
25324,0.6331158278956974,0.6081187806033802,0.9746835443037974,0.7489543818694679,score threshold,0.113,raw cri probability,y_cri_high
25324,0.6331158278956974,0.6081187806033802,0.9746835443037974,0.7489543818694679,score threshold,0.114,raw cri probability,y_cri_high
25286,0.6321658041451036,0.6089140235703552,0.974493670886076,0.7495010465852115,score threshold,0.115,raw cri probability,y_cri_high
25285,0.6321408035200881,0.6089381055962033,0.974493670886076,0.7495192892783255,score threshold,0.116,raw cri probability,y_cri_high
25285,0.6321408035200881,0.6089381055962033,0.974493670886076,0.7495192892783255,score threshold,0.117,raw cri probability,y_cri_high
25285,0.6321408035200881,0.6089381055962033,0.974493670886076,0.7495192892783255,score threshold,0.11800000000000001,raw cri probability,y_cri_high
25283,0.6320908022700568,0.6089862753628921,0.974493670886076,0.7495557773288222,score threshold,0.11900000000000001,raw cri probability,y_cri_high
25283,0.6320908022700568,0.6089862753628921,0.974493670886076,0.7495557773288222,score threshold,0.12000000000000001,raw cri probability,y_cri_high
25283,0.6320908022700568,0.6089862753628921,0.974493670886076,0.7495557773288222,score threshold,0.121,raw cri probability,y_cri_high
25283,0.6320908022700568,0.6089862753628921,0.974493670886076,0.7495557773288222,score threshold,0.122,raw cri probability,y_cri_high
23770,0.5942648566214155,0.6401766933108961,0.9631012658227848,0.7691180187010361,score threshold,0.123,raw cri probability,y_cri_high
23770,0.5942648566214155,0.6401766933108961,0.9631012658227848,0.7691180187010361,score threshold,0.124,raw cri probability,y_cri_high
23770,0.5942648566214155,0.6401766933108961,0.9631012658227848,0.7691180187010361,score threshold,0.125,raw cri probability,y_cri_high
23770,0.5942648566214155,0.6401766933108961,0.9631012658227848,0.7691180187010361,score threshold,0.126,raw cri probability,y_cri_high
23770,0.5942648566214155,0.6401766933108961,0.9631012658227848,0.7691180187010361,score threshold,0.127,raw cri probability,y_cri_high
23770,0.5942648566214155,0.6401766933108961,0.9631012658227848,0.7691180187010361,score threshold,0.128,raw cri probability,y_cri_high
23770,0.5942648566214155,0.6401766933108961,0.9631012658227848,0.7691180187010361,score threshold,0.129,raw cri probability,y_cri_high
23770,0.5942648566214155,0.6401766933108961,0.9631012658227848,0.7691180187010361,score threshold,0.13,raw cri probability,y_cri_high
23770,0.5942648566214155,0.6401766933108961,0.9631012658227848,0.7691180187010361,score threshold,0.131,raw cri probability,y_cri_high
23770,0.5942648566214155,0.6401766933108961,0.9631012658227848,0.7691180187010361,score threshold,0.132,raw cri probability,y_cri_high
23770,0.5942648566214155,0.6401766933108961,0.9631012658227848,0.7691180187010361,score threshold,0.133,raw cri probability,y_cri_high
23770,0.5942648566214155,0.6401766933108961,0.9631012658227848,0.7691180187010361,score threshold,0.134,raw cri probability,y_cri_high
23770,0.5942648566214155,0.6401766933108961,0.9631012658227848,0.7691180187010361,score threshold,0.135,raw cri probability,y_cri_high
23770,0.5942648566214155,0.6401766933108961,0.9631012658227848,0.7691180187010361,score threshold,0.136,raw cri probability,y_cri_high
23770,0.5942648566214155,0.6401766933108961,0.9631012658227848,0.7691180187010361,score threshold,0.137,raw cri probability,y_cri_high
23770,0.5942648566214155,0.6401766933108961,0.9631012658227848,0.7691180187010361,score threshold,0.138,raw cri probability,y_cri_high
23770,0.5942648566214155,0.6401766933108961,0.9631012658227848,0.7691180187010361,score threshold,0.139,raw cri probability,y_cri_high
23770,0.5942648566214155,0.6401766933108961,0.9631012658227848,0.7691180187010361,score threshold,0.14,raw cri probability,y_cri_high
21600,0.5400135003375084,0.6885648148148148,0.9413291139240506,0.7953475935828876,score threshold,0.14100000000000001,raw cri probability,y_cri_high
21600,0.5400135003375084,0.6885648148148148,0.9413291139240506,0.7953475935828876,score threshold,0.14200000000000002,raw cri probability,y_cri_high
21448,0.5362134053351334,0.6921857515852294,0.939620253164557,0.7971434707903781,score threshold,0.14300000000000002,raw cri probability,y_cri_high
21448,0.5362134053351334,0.6921857515852294,0.939620253164557,0.7971434707903781,score threshold,0.14400000000000002,raw cri probability,y_cri_high
21448,0.5362134053351334,0.6921857515852294,0.939620253164557,0.7971434707903781,score threshold,0.14500000000000002,raw cri probability,y_cri_high
21448,0.5362134053351334,0.6921857515852294,0.939620253164557,0.7971434707903781,score threshold,0.146,raw cri probability,y_cri_high
21448,0.5362134053351334,0.6921857515852294,0.939620253164557,0.7971434707903781,score threshold,0.147,raw cri probability,y_cri_high
21448,0.5362134053351334,0.6921857515852294,0.939620253164557,0.7971434707903781,score threshold,0.148,raw cri probability,y_cri_high
21448,0.5362134053351334,0.6921857515852294,0.939620253164557,0.7971434707903781,score threshold,0.149,raw cri probability,y_cri_high
21448,0.5362134053351334,0.6921857515852294,0.939620253164557,0.7971434707903781,score threshold,0.15,raw cri probability,y_cri_high
21448,0.5362134053351334,0.6921857515852294,0.939620253164557,0.7971434707903781,score threshold,0.151,raw cri probability,y_cri_high
21448,0.5362134053351334,0.6921857515852294,0.939620253164557,0.7971434707903781,score threshold,0.152,raw cri probability,y_cri_high
21448,0.5362134053351334,0.6921857515852294,0.939620253164557,0.7971434707903781,score threshold,0.153,raw cri probability,y_cri_high
21448,0.5362134053351334,0.6921857515852294,0.939620253164557,0.7971434707903781,score threshold,0.154,raw cri probability,y_cri_high
21448,0.5362134053351334,0.6921857515852294,0.939620253164557,0.7971434707903781,score threshold,0.155,raw cri probability,y_cri_high
21448,0.5362134053351334,0.6921857515852294,0.939620253164557,0.7971434707903781,score threshold,0.156,raw cri probability,y_cri_high
21448,0.5362134053351334,0.6921857515852294,0.939620253164557,0.7971434707903781,score threshold,0.157,raw cri probability,y_cri_high
21448,0.5362134053351334,0.6921857515852294,0.939620253164557,0.7971434707903781,score threshold,0.158,raw cri probability,y_cri_high
21448,0.5362134053351334,0.6921857515852294,0.939620253164557,0.7971434707903781,score threshold,0.159,raw cri probability,y_cri_high
20989,0.5247381184529614,0.7034637190909524,0.9344936708860759,0.8026855853651906,score threshold,0.16,raw cri probability,y_cri_high
20989,0.5247381184529614,0.7034637190909524,0.9344936708860759,0.8026855853651906,score threshold,0.161,raw cri probability,y_cri_high
20989,0.5247381184529614,0.7034637190909524,0.9344936708860759,0.8026855853651906,score threshold,0.162,raw cri probability,y_cri_high
20989,0.5247381184529614,0.7034637190909524,0.9344936708860759,0.8026855853651906,score threshold,0.163,raw cri probability,y_cri_high
20989,0.5247381184529614,0.7034637190909524,0.9344936708860759,0.8026855853651906,score threshold,0.164,raw cri probability,y_cri_high
20989,0.5247381184529614,0.7034637190909524,0.9344936708860759,0.8026855853651906,score threshold,0.165,raw cri probability,y_cri_high
20989,0.5247381184529614,0.7034637190909524,0.9344936708860759,0.8026855853651906,score threshold,0.166,raw cri probability,y_cri_high
20650,0.5162629065726643,0.7126392251815981,0.9313924050632911,0.8074622770919068,score threshold,0.167,raw cri probability,y_cri_high
20650,0.5162629065726643,0.7126392251815981,0.9313924050632911,0.8074622770919068,score threshold,0.168,raw cri probability,y_cri_high
20650,0.5162629065726643,0.7126392251815981,0.9313924050632911,0.8074622770919068,score threshold,0.169,raw cri probability,y_cri_high
20650,0.5162629065726643,0.7126392251815981,0.9313924050632911,0.8074622770919068,score threshold,0.17,raw cri probability,y_cri_high
20650,0.5162629065726643,0.7126392251815981,0.9313924050632911,0.8074622770919068,score threshold,0.171,raw cri probability,y_cri_high
20650,0.5162629065726643,0.7126392251815981,0.9313924050632911,0.8074622770919068,score threshold,0.17200000000000001,raw cri probability,y_cri_high
20622,0.5155628890722268,0.7133643681505188,0.9310759493670886,0.8078084674098073,score threshold,0.17300000000000001,raw cri probability,y_cri_high
20622,0.5155628890722268,0.7133643681505188,0.9310759493670886,0.8078084674098073,score threshold,0.17400000000000002,raw cri probability,y_cri_high
20622,0.5155628890722268,0.7133643681505188,0.9310759493670886,0.8078084674098073,score threshold,0.17500000000000002,raw cri probability,y_cri_high
20622,0.5155628890722268,0.7133643681505188,0.9310759493670886,0.8078084674098073,score threshold,0.17600000000000002,raw cri probability,y_cri_high
20622,0.5155628890722268,0.7133643681505188,0.9310759493670886,0.8078084674098073,score threshold,0.177,raw cri probability,y_cri_high
20622,0.5155628890722268,0.7133643681505188,0.9310759493670886,0.8078084674098073,score threshold,0.178,raw cri probability,y_cri_high
20622,0.5155628890722268,0.7133643681505188,0.9310759493670886,0.8078084674098073,score threshold,0.179,raw cri probability,y_cri_high
20622,0.5155628890722268,0.7133643681505188,0.9310759493670886,0.8078084674098073,score threshold,0.18,raw cri probability,y_cri_high
19882,0.497062426560664,0.7333266270998894,0.9227848101265823,0.8172187657642509,score threshold,0.181,raw cri probability,y_cri_high
19882,0.497062426560664,0.7333266270998894,0.9227848101265823,0.8172187657642509,score threshold,0.182,raw cri probability,y_cri_high
19882,0.497062426560664,0.7333266270998894,0.9227848101265823,0.8172187657642509,score threshold,0.183,raw cri probability,y_cri_high
19882,0.497062426560664,0.7333266270998894,0.9227848101265823,0.8172187657642509,score threshold,0.184,raw cri probability,y_cri_high
19882,0.497062426560664,0.7333266270998894,0.9227848101265823,0.8172187657642509,score threshold,0.185,raw cri probability,y_cri_high
19882,0.497062426560664,0.7333266270998894,0.9227848101265823,0.8172187657642509,score threshold,0.186,raw cri probability,y_cri_high
19882,0.497062426560664,0.7333266270998894,0.9227848101265823,0.8172187657642509,score threshold,0.187,raw cri probability,y_cri_high
19882,0.497062426560664,0.7333266270998894,0.9227848101265823,0.8172187657642509,score threshold,0.188,raw cri probability,y_cri_high
19882,0.497062426560664,0.7333266270998894,0.9227848101265823,0.8172187657642509,score threshold,0.189,raw cri probability,y_cri_high
19882,0.497062426560664,0.7333266270998894,0.9227848101265823,0.8172187657642509,score threshold,0.19,raw cri probability,y_cri_high
19882,0.497062426560664,0.7333266270998894,0.9227848101265823,0.8172187657642509,score threshold,0.191,raw cri probability,y_cri_high
19882,0.497062426560664,0.7333266270998894,0.9227848101265823,0.8172187657642509,score threshold,0.192,raw cri probability,y_cri_high
19882,0.497062426560664,0.7333266270998894,0.9227848101265823,0.8172187657642509,score threshold,0.193,raw cri probability,y_cri_high
19882,0.497062426560664,0.7333266270998894,0.9227848101265823,0.8172187657642509,score threshold,0.194,raw cri probability,y_cri_high
19882,0.497062426560664,0.7333266270998894,0.9227848101265823,0.8172187657642509,score threshold,0.195,raw cri probability,y_cri_high
19882,0.497062426560664,0.7333266270998894,0.9227848101265823,0.8172187657642509,score threshold,0.196,raw cri probability,y_cri_high
19882,0.497062426560664,0.7333266270998894,0.9227848101265823,0.8172187657642509,score threshold,0.197,raw cri probability,y_cri_high
19882,0.497062426560664,0.7333266270998894,0.9227848101265823,0.8172187657642509,score threshold,0.198,raw cri probability,y_cri_high
19882,0.497062426560664,0.7333266270998894,0.9227848101265823,0.8172187657642509,score threshold,0.199,raw cri probability,y_cri_high
19882,0.497062426560664,0.7333266270998894,0.9227848101265823,0.8172187657642509,score threshold,0.2,raw cri probability,y_cri_high
19882,0.497062426560664,0.7333266270998894,0.9227848101265823,0.8172187657642509,score threshold,0.201,raw cri probability,y_cri_high
19882,0.497062426560664,0.7333266270998894,0.9227848101265823,0.8172187657642509,score threshold,0.202,raw cri probability,y_cri_high
19882,0.497062426560664,0.7333266270998894,0.9227848101265823,0.8172187657642509,score threshold,0.203,raw cri probability,y_cri_high
19882,0.497062426560664,0.7333266270998894,0.9227848101265823,0.8172187657642509,score threshold,0.20400000000000001,raw cri probability,y_cri_high
19882,0.497062426560664,0.7333266270998894,0.9227848101265823,0.8172187657642509,score threshold,0.20500000000000002,raw cri probability,y_cri_high
19882,0.497062426560664,0.7333266270998894,0.9227848101265823,0.8172187657642509,score threshold,0.20600000000000002,raw cri probability,y_cri_high
19882,0.497062426560664,0.7333266270998894,0.9227848101265823,0.8172187657642509,score threshold,0.20700000000000002,raw cri probability,y_cri_high
19882,0.497062426560664,0.7333266270998894,0.9227848101265823,0.8172187657642509,score threshold,0.20800000000000002,raw cri probability,y_cri_high
19882,0.497062426560664,0.7333266270998894,0.9227848101265823,0.8172187657642509,score threshold,0.20900000000000002,raw cri probability,y_cri_high
19882,0.497062426560664,0.7333266270998894,0.9227848101265823,0.8172187657642509,score threshold,0.21,raw cri probability,y_cri_high
19882,0.497062426560664,0.7333266270998894,0.9227848101265823,0.8172187657642509,score threshold,0.211,raw cri probability,y_cri_high
19882,0.497062426560664,0.7333266270998894,0.9227848101265823,0.8172187657642509,score threshold,0.212,raw cri probability,y_cri_high
19457,0.4864371609290232,0.7437940072981446,0.9159493670886076,0.8209433587656352,score threshold,0.213,raw cri probability,y_cri_high
19457,0.4864371609290232,0.7437940072981446,0.9159493670886076,0.8209433587656352,score threshold,0.214,raw cri probability,y_cri_high
19457,0.4864371609290232,0.7437940072981446,0.9159493670886076,0.8209433587656352,score threshold,0.215,raw cri probability,y_cri_high
19457,0.4864371609290232,0.7437940072981446,0.9159493670886076,0.8209433587656352,score threshold,0.216,raw cri probability,y_cri_high
19457,0.4864371609290232,0.7437940072981446,0.9159493670886076,0.8209433587656352,score threshold,0.217,raw cri probability,y_cri_high
19457,0.4864371609290232,0.7437940072981446,0.9159493670886076,0.8209433587656352,score threshold,0.218,raw cri probability,y_cri_high
19457,0.4864371609290232,0.7437940072981446,0.9159493670886076,0.8209433587656352,score threshold,0.219,raw cri probability,y_cri_high
19457,0.4864371609290232,0.7437940072981446,0.9159493670886076,0.8209433587656352,score threshold,0.22,raw cri probability,y_cri_high
19457,0.4864371609290232,0.7437940072981446,0.9159493670886076,0.8209433587656352,score threshold,0.221,raw cri probability,y_cri_high
19457,0.4864371609290232,0.7437940072981446,0.9159493670886076,0.8209433587656352,score threshold,0.222,raw cri probability,y_cri_high
19457,0.4864371609290232,0.7437940072981446,0.9159493670886076,0.8209433587656352,score threshold,0.223,raw cri probability,y_cri_high
19457,0.4864371609290232,0.7437940072981446,0.9159493670886076,0.8209433587656352,score threshold,0.224,raw cri probability,y_cri_high
19457,0.4864371609290232,0.7437940072981446,0.9159493670886076,0.8209433587656352,score threshold,0.225,raw cri probability,y_cri_high
19457,0.4864371609290232,0.7437940072981446,0.9159493670886076,0.8209433587656352,score threshold,0.226,raw cri probability,y_cri_high
19457,0.4864371609290232,0.7437940072981446,0.9159493670886076,0.8209433587656352,score threshold,0.227,raw cri probability,y_cri_high
19457,0.4864371609290232,0.7437940072981446,0.9159493670886076,0.8209433587656352,score threshold,0.228,raw cri probability,y_cri_high
19457,0.4864371609290232,0.7437940072981446,0.9159493670886076,0.8209433587656352,score threshold,0.229,raw cri probability,y_cri_high
19457,0.4864371609290232,0.7437940072981446,0.9159493670886076,0.8209433587656352,score threshold,0.23,raw cri probability,y_cri_high
19440,0.4860121503037576,0.744238683127572,0.9156962025316455,0.8211123723041998,score threshold,0.231,raw cri probability,y_cri_high
19440,0.4860121503037576,0.744238683127572,0.9156962025316455,0.8211123723041998,score threshold,0.232,raw cri probability,y_cri_high
19440,0.4860121503037576,0.744238683127572,0.9156962025316455,0.8211123723041998,score threshold,0.233,raw cri probability,y_cri_high
19440,0.4860121503037576,0.744238683127572,0.9156962025316455,0.8211123723041998,score threshold,0.234,raw cri probability,y_cri_high
19440,0.4860121503037576,0.744238683127572,0.9156962025316455,0.8211123723041998,score threshold,0.23500000000000001,raw cri probability,y_cri_high
19440,0.4860121503037576,0.744238683127572,0.9156962025316455,0.8211123723041998,score threshold,0.23600000000000002,raw cri probability,y_cri_high
19440,0.4860121503037576,0.744238683127572,0.9156962025316455,0.8211123723041998,score threshold,0.23700000000000002,raw cri probability,y_cri_high
19440,0.4860121503037576,0.744238683127572,0.9156962025316455,0.8211123723041998,score threshold,0.23800000000000002,raw cri probability,y_cri_high
19440,0.4860121503037576,0.744238683127572,0.9156962025316455,0.8211123723041998,score threshold,0.23900000000000002,raw cri probability,y_cri_high
19440,0.4860121503037576,0.744238683127572,0.9156962025316455,0.8211123723041998,score threshold,0.24000000000000002,raw cri probability,y_cri_high
19440,0.4860121503037576,0.744238683127572,0.9156962025316455,0.8211123723041998,score threshold,0.241,raw cri probability,y_cri_high
19440,0.4860121503037576,0.744238683127572,0.9156962025316455,0.8211123723041998,score threshold,0.242,raw cri probability,y_cri_high
19440,0.4860121503037576,0.744238683127572,0.9156962025316455,0.8211123723041998,score threshold,0.243,raw cri probability,y_cri_high
19440,0.4860121503037576,0.744238683127572,0.9156962025316455,0.8211123723041998,score threshold,0.244,raw cri probability,y_cri_high
19440,0.4860121503037576,0.744238683127572,0.9156962025316455,0.8211123723041998,score threshold,0.245,raw cri probability,y_cri_high
19440,0.4860121503037576,0.744238683127572,0.9156962025316455,0.8211123723041998,score threshold,0.246,raw cri probability,y_cri_high
19440,0.4860121503037576,0.744238683127572,0.9156962025316455,0.8211123723041998,score threshold,0.247,raw cri probability,y_cri_high
19440,0.4860121503037576,0.744238683127572,0.9156962025316455,0.8211123723041998,score threshold,0.248,raw cri probability,y_cri_high
19440,0.4860121503037576,0.744238683127572,0.9156962025316455,0.8211123723041998,score threshold,0.249,raw cri probability,y_cri_high
19440,0.4860121503037576,0.744238683127572,0.9156962025316455,0.8211123723041998,score threshold,0.25,raw cri probability,y_cri_high
19440,0.4860121503037576,0.744238683127572,0.9156962025316455,0.8211123723041998,score threshold,0.251,raw cri probability,y_cri_high
19440,0.4860121503037576,0.744238683127572,0.9156962025316455,0.8211123723041998,score threshold,0.252,raw cri probability,y_cri_high
19440,0.4860121503037576,0.744238683127572,0.9156962025316455,0.8211123723041998,score threshold,0.253,raw cri probability,y_cri_high
19440,0.4860121503037576,0.744238683127572,0.9156962025316455,0.8211123723041998,score threshold,0.254,raw cri probability,y_cri_high
19440,0.4860121503037576,0.744238683127572,0.9156962025316455,0.8211123723041998,score threshold,0.255,raw cri probability,y_cri_high
19440,0.4860121503037576,0.744238683127572,0.9156962025316455,0.8211123723041998,score threshold,0.256,raw cri probability,y_cri_high
19440,0.4860121503037576,0.744238683127572,0.9156962025316455,0.8211123723041998,score threshold,0.257,raw cri probability,y_cri_high
19440,0.4860121503037576,0.744238683127572,0.9156962025316455,0.8211123723041998,score threshold,0.258,raw cri probability,y_cri_high
19440,0.4860121503037576,0.744238683127572,0.9156962025316455,0.8211123723041998,score threshold,0.259,raw cri probability,y_cri_high
19440,0.4860121503037576,0.744238683127572,0.9156962025316455,0.8211123723041998,score threshold,0.26,raw cri probability,y_cri_high
19440,0.4860121503037576,0.744238683127572,0.9156962025316455,0.8211123723041998,score threshold,0.261,raw cri probability,y_cri_high
19440,0.4860121503037576,0.744238683127572,0.9156962025316455,0.8211123723041998,score threshold,0.262,raw cri probability,y_cri_high
19438,0.48596214905372637,0.7443152587714785,0.9156962025316455,0.8211589761053408,score threshold,0.263,raw cri probability,y_cri_high
19438,0.48596214905372637,0.7443152587714785,0.9156962025316455,0.8211589761053408,score threshold,0.264,raw cri probability,y_cri_high
19437,0.4859371484287107,0.7443535525029583,0.9156962025316455,0.8211822799897834,score threshold,0.265,raw cri probability,y_cri_high
19437,0.4859371484287107,0.7443535525029583,0.9156962025316455,0.8211822799897834,score threshold,0.266,raw cri probability,y_cri_high
19437,0.4859371484287107,0.7443535525029583,0.9156962025316455,0.8211822799897834,score threshold,0.267,raw cri probability,y_cri_high
19437,0.4859371484287107,0.7443535525029583,0.9156962025316455,0.8211822799897834,score threshold,0.268,raw cri probability,y_cri_high
19437,0.4859371484287107,0.7443535525029583,0.9156962025316455,0.8211822799897834,score threshold,0.269,raw cri probability,y_cri_high
19437,0.4859371484287107,0.7443535525029583,0.9156962025316455,0.8211822799897834,score threshold,0.27,raw cri probability,y_cri_high
19437,0.4859371484287107,0.7443535525029583,0.9156962025316455,0.8211822799897834,score threshold,0.271,raw cri probability,y_cri_high
19437,0.4859371484287107,0.7443535525029583,0.9156962025316455,0.8211822799897834,score threshold,0.272,raw cri probability,y_cri_high
19437,0.4859371484287107,0.7443535525029583,0.9156962025316455,0.8211822799897834,score threshold,0.273,raw cri probability,y_cri_high
19437,0.4859371484287107,0.7443535525029583,0.9156962025316455,0.8211822799897834,score threshold,0.274,raw cri probability,y_cri_high
19437,0.4859371484287107,0.7443535525029583,0.9156962025316455,0.8211822799897834,score threshold,0.275,raw cri probability,y_cri_high
19437,0.4859371484287107,0.7443535525029583,0.9156962025316455,0.8211822799897834,score threshold,0.276,raw cri probability,y_cri_high
19437,0.4859371484287107,0.7443535525029583,0.9156962025316455,0.8211822799897834,score threshold,0.277,raw cri probability,y_cri_high
19199,0.47998699967499187,0.7504036668576488,0.9118354430379747,0.8232806651618617,score threshold,0.278,raw cri probability,y_cri_high
19199,0.47998699967499187,0.7504036668576488,0.9118354430379747,0.8232806651618617,score threshold,0.279,raw cri probability,y_cri_high
19199,0.47998699967499187,0.7504036668576488,0.9118354430379747,0.8232806651618617,score threshold,0.28,raw cri probability,y_cri_high
19199,0.47998699967499187,0.7504036668576488,0.9118354430379747,0.8232806651618617,score threshold,0.281,raw cri probability,y_cri_high
19199,0.47998699967499187,0.7504036668576488,0.9118354430379747,0.8232806651618617,score threshold,0.28200000000000003,raw cri probability,y_cri_high
19199,0.47998699967499187,0.7504036668576488,0.9118354430379747,0.8232806651618617,score threshold,0.28300000000000003,raw cri probability,y_cri_high
19199,0.47998699967499187,0.7504036668576488,0.9118354430379747,0.8232806651618617,score threshold,0.28400000000000003,raw cri probability,y_cri_high
19199,0.47998699967499187,0.7504036668576488,0.9118354430379747,0.8232806651618617,score threshold,0.28500000000000003,raw cri probability,y_cri_high
19199,0.47998699967499187,0.7504036668576488,0.9118354430379747,0.8232806651618617,score threshold,0.28600000000000003,raw cri probability,y_cri_high
19199,0.47998699967499187,0.7504036668576488,0.9118354430379747,0.8232806651618617,score threshold,0.28700000000000003,raw cri probability,y_cri_high
19199,0.47998699967499187,0.7504036668576488,0.9118354430379747,0.8232806651618617,score threshold,0.28800000000000003,raw cri probability,y_cri_high
19199,0.47998699967499187,0.7504036668576488,0.9118354430379747,0.8232806651618617,score threshold,0.28900000000000003,raw cri probability,y_cri_high
19143,0.4785869646741169,0.7517630465444288,0.9108227848101266,0.8236842858369344,score threshold,0.29,raw cri probability,y_cri_high
19143,0.4785869646741169,0.7517630465444288,0.9108227848101266,0.8236842858369344,score threshold,0.291,raw cri probability,y_cri_high
19143,0.4785869646741169,0.7517630465444288,0.9108227848101266,0.8236842858369344,score threshold,0.292,raw cri probability,y_cri_high
19143,0.4785869646741169,0.7517630465444288,0.9108227848101266,0.8236842858369344,score threshold,0.293,raw cri probability,y_cri_high
19142,0.47856196404910123,0.7518023195068436,0.9108227848101266,0.8237078587373362,score threshold,0.294,raw cri probability,y_cri_high
19142,0.47856196404910123,0.7518023195068436,0.9108227848101266,0.8237078587373362,score threshold,0.295,raw cri probability,y_cri_high
19142,0.47856196404910123,0.7518023195068436,0.9108227848101266,0.8237078587373362,score threshold,0.296,raw cri probability,y_cri_high
19142,0.47856196404910123,0.7518023195068436,0.9108227848101266,0.8237078587373362,score threshold,0.297,raw cri probability,y_cri_high
19142,0.47856196404910123,0.7518023195068436,0.9108227848101266,0.8237078587373362,score threshold,0.298,raw cri probability,y_cri_high
19142,0.47856196404910123,0.7518023195068436,0.9108227848101266,0.8237078587373362,score threshold,0.299,raw cri probability,y_cri_high
19142,0.47856196404910123,0.7518023195068436,0.9108227848101266,0.8237078587373362,score threshold,0.3,raw cri probability,y_cri_high
19142,0.47856196404910123,0.7518023195068436,0.9108227848101266,0.8237078587373362,score threshold,0.301,raw cri probability,y_cri_high
19142,0.47856196404910123,0.7518023195068436,0.9108227848101266,0.8237078587373362,score threshold,0.302,raw cri probability,y_cri_high
19142,0.47856196404910123,0.7518023195068436,0.9108227848101266,0.8237078587373362,score threshold,0.303,raw cri probability,y_cri_high
19142,0.47856196404910123,0.7518023195068436,0.9108227848101266,0.8237078587373362,score threshold,0.304,raw cri probability,y_cri_high
19142,0.47856196404910123,0.7518023195068436,0.9108227848101266,0.8237078587373362,score threshold,0.305,raw cri probability,y_cri_high
19142,0.47856196404910123,0.7518023195068436,0.9108227848101266,0.8237078587373362,score threshold,0.306,raw cri probability,y_cri_high
19142,0.47856196404910123,0.7518023195068436,0.9108227848101266,0.8237078587373362,score threshold,0.307,raw cri probability,y_cri_high
19142,0.47856196404910123,0.7518023195068436,0.9108227848101266,0.8237078587373362,score threshold,0.308,raw cri probability,y_cri_high
19142,0.47856196404910123,0.7518023195068436,0.9108227848101266,0.8237078587373362,score threshold,0.309,raw cri probability,y_cri_high
19142,0.47856196404910123,0.7518023195068436,0.9108227848101266,0.8237078587373362,score threshold,0.31,raw cri probability,y_cri_high
19142,0.47856196404910123,0.7518023195068436,0.9108227848101266,0.8237078587373362,score threshold,0.311,raw cri probability,y_cri_high
19142,0.47856196404910123,0.7518023195068436,0.9108227848101266,0.8237078587373362,score threshold,0.312,raw cri probability,y_cri_high
19142,0.47856196404910123,0.7518023195068436,0.9108227848101266,0.8237078587373362,score threshold,0.313,raw cri probability,y_cri_high
19142,0.47856196404910123,0.7518023195068436,0.9108227848101266,0.8237078587373362,score threshold,0.314,raw cri probability,y_cri_high
19142,0.47856196404910123,0.7518023195068436,0.9108227848101266,0.8237078587373362,score threshold,0.315,raw cri probability,y_cri_high
19142,0.47856196404910123,0.7518023195068436,0.9108227848101266,0.8237078587373362,score threshold,0.316,raw cri probability,y_cri_high
19142,0.47856196404910123,0.7518023195068436,0.9108227848101266,0.8237078587373362,score threshold,0.317,raw cri probability,y_cri_high
19142,0.47856196404910123,0.7518023195068436,0.9108227848101266,0.8237078587373362,score threshold,0.318,raw cri probability,y_cri_high
19142,0.47856196404910123,0.7518023195068436,0.9108227848101266,0.8237078587373362,score threshold,0.319,raw cri probability,y_cri_high
19058,0.4764619115477887,0.7539091195298562,0.909367088607595,0.8243731711515291,score threshold,0.32,raw cri probability,y_cri_high
19058,0.4764619115477887,0.7539091195298562,0.909367088607595,0.8243731711515291,score threshold,0.321,raw cri probability,y_cri_high
19058,0.4764619115477887,0.7539091195298562,0.909367088607595,0.8243731711515291,score threshold,0.322,raw cri probability,y_cri_high
19058,0.4764619115477887,0.7539091195298562,0.909367088607595,0.8243731711515291,score threshold,0.323,raw cri probability,y_cri_high
19058,0.4764619115477887,0.7539091195298562,0.909367088607595,0.8243731711515291,score threshold,0.324,raw cri probability,y_cri_high
19058,0.4764619115477887,0.7539091195298562,0.909367088607595,0.8243731711515291,score threshold,0.325,raw cri probability,y_cri_high
19058,0.4764619115477887,0.7539091195298562,0.909367088607595,0.8243731711515291,score threshold,0.326,raw cri probability,y_cri_high
19058,0.4764619115477887,0.7539091195298562,0.909367088607595,0.8243731711515291,score threshold,0.327,raw cri probability,y_cri_high
19058,0.4764619115477887,0.7539091195298562,0.909367088607595,0.8243731711515291,score threshold,0.328,raw cri probability,y_cri_high
19058,0.4764619115477887,0.7539091195298562,0.909367088607595,0.8243731711515291,score threshold,0.329,raw cri probability,y_cri_high
19058,0.4764619115477887,0.7539091195298562,0.909367088607595,0.8243731711515291,score threshold,0.33,raw cri probability,y_cri_high
19058,0.4764619115477887,0.7539091195298562,0.909367088607595,0.8243731711515291,score threshold,0.331,raw cri probability,y_cri_high
19058,0.4764619115477887,0.7539091195298562,0.909367088607595,0.8243731711515291,score threshold,0.332,raw cri probability,y_cri_high
19058,0.4764619115477887,0.7539091195298562,0.909367088607595,0.8243731711515291,score threshold,0.333,raw cri probability,y_cri_high
19058,0.4764619115477887,0.7539091195298562,0.909367088607595,0.8243731711515291,score threshold,0.334,raw cri probability,y_cri_high
19058,0.4764619115477887,0.7539091195298562,0.909367088607595,0.8243731711515291,score threshold,0.335,raw cri probability,y_cri_high
19058,0.4764619115477887,0.7539091195298562,0.909367088607595,0.8243731711515291,score threshold,0.336,raw cri probability,y_cri_high
19058,0.4764619115477887,0.7539091195298562,0.909367088607595,0.8243731711515291,score threshold,0.337,raw cri probability,y_cri_high
18964,0.4741118527963199,0.7559059270196161,0.9072784810126582,0.8247037164883213,score threshold,0.338,raw cri probability,y_cri_high
18964,0.4741118527963199,0.7559059270196161,0.9072784810126582,0.8247037164883213,score threshold,0.339,raw cri probability,y_cri_high
18964,0.4741118527963199,0.7559059270196161,0.9072784810126582,0.8247037164883213,score threshold,0.34,raw cri probability,y_cri_high
18964,0.4741118527963199,0.7559059270196161,0.9072784810126582,0.8247037164883213,score threshold,0.341,raw cri probability,y_cri_high
18964,0.4741118527963199,0.7559059270196161,0.9072784810126582,0.8247037164883213,score threshold,0.342,raw cri probability,y_cri_high
18964,0.4741118527963199,0.7559059270196161,0.9072784810126582,0.8247037164883213,score threshold,0.343,raw cri probability,y_cri_high
18964,0.4741118527963199,0.7559059270196161,0.9072784810126582,0.8247037164883213,score threshold,0.34400000000000003,raw cri probability,y_cri_high
18964,0.4741118527963199,0.7559059270196161,0.9072784810126582,0.8247037164883213,score threshold,0.34500000000000003,raw cri probability,y_cri_high
18964,0.4741118527963199,0.7559059270196161,0.9072784810126582,0.8247037164883213,score threshold,0.34600000000000003,raw cri probability,y_cri_high
18964,0.4741118527963199,0.7559059270196161,0.9072784810126582,0.8247037164883213,score threshold,0.34700000000000003,raw cri probability,y_cri_high
18964,0.4741118527963199,0.7559059270196161,0.9072784810126582,0.8247037164883213,score threshold,0.34800000000000003,raw cri probability,y_cri_high
18964,0.4741118527963199,0.7559059270196161,0.9072784810126582,0.8247037164883213,score threshold,0.34900000000000003,raw cri probability,y_cri_high
18964,0.4741118527963199,0.7559059270196161,0.9072784810126582,0.8247037164883213,score threshold,0.35000000000000003,raw cri probability,y_cri_high
18579,0.4644866121653041,0.7650034985736585,0.8995569620253164,0.8268419674801477,score threshold,0.35100000000000003,raw cri probability,y_cri_high
18579,0.4644866121653041,0.7650034985736585,0.8995569620253164,0.8268419674801477,score threshold,0.35200000000000004,raw cri probability,y_cri_high
18579,0.4644866121653041,0.7650034985736585,0.8995569620253164,0.8268419674801477,score threshold,0.353,raw cri probability,y_cri_high
18579,0.4644866121653041,0.7650034985736585,0.8995569620253164,0.8268419674801477,score threshold,0.354,raw cri probability,y_cri_high
18579,0.4644866121653041,0.7650034985736585,0.8995569620253164,0.8268419674801477,score threshold,0.355,raw cri probability,y_cri_high
18579,0.4644866121653041,0.7650034985736585,0.8995569620253164,0.8268419674801477,score threshold,0.356,raw cri probability,y_cri_high
18579,0.4644866121653041,0.7650034985736585,0.8995569620253164,0.8268419674801477,score threshold,0.357,raw cri probability,y_cri_high
18579,0.4644866121653041,0.7650034985736585,0.8995569620253164,0.8268419674801477,score threshold,0.358,raw cri probability,y_cri_high
18579,0.4644866121653041,0.7650034985736585,0.8995569620253164,0.8268419674801477,score threshold,0.359,raw cri probability,y_cri_high
18579,0.4644866121653041,0.7650034985736585,0.8995569620253164,0.8268419674801477,score threshold,0.36,raw cri probability,y_cri_high
18579,0.4644866121653041,0.7650034985736585,0.8995569620253164,0.8268419674801477,score threshold,0.361,raw cri probability,y_cri_high
18577,0.4644366109152729,0.7650858588577273,0.8995569620253164,0.8268900718503651,score threshold,0.362,raw cri probability,y_cri_high
17887,0.44718617965449137,0.7805109856320233,0.8836075949367088,0.828865734556357,score threshold,0.363,raw cri probability,y_cri_high
17855,0.44638615965399137,0.7811257350882106,0.8827215189873417,0.8288218689644926,score threshold,0.364,raw cri probability,y_cri_high
17855,0.44638615965399137,0.7811257350882106,0.8827215189873417,0.8288218689644926,score threshold,0.365,raw cri probability,y_cri_high
17855,0.44638615965399137,0.7811257350882106,0.8827215189873417,0.8288218689644926,score threshold,0.366,raw cri probability,y_cri_high
17854,0.4463611590289757,0.781169485829506,0.8827215189873417,0.8288464967017294,score threshold,0.367,raw cri probability,y_cri_high
17854,0.4463611590289757,0.781169485829506,0.8827215189873417,0.8288464967017294,score threshold,0.368,raw cri probability,y_cri_high
17854,0.4463611590289757,0.781169485829506,0.8827215189873417,0.8288464967017294,score threshold,0.369,raw cri probability,y_cri_high
17854,0.4463611590289757,0.781169485829506,0.8827215189873417,0.8288464967017294,score threshold,0.37,raw cri probability,y_cri_high
17854,0.4463611590289757,0.781169485829506,0.8827215189873417,0.8288464967017294,score threshold,0.371,raw cri probability,y_cri_high
17854,0.4463611590289757,0.781169485829506,0.8827215189873417,0.8288464967017294,score threshold,0.372,raw cri probability,y_cri_high
17854,0.4463611590289757,0.781169485829506,0.8827215189873417,0.8288464967017294,score threshold,0.373,raw cri probability,y_cri_high
17854,0.4463611590289757,0.781169485829506,0.8827215189873417,0.8288464967017294,score threshold,0.374,raw cri probability,y_cri_high
17854,0.4463611590289757,0.781169485829506,0.8827215189873417,0.8288464967017294,score threshold,0.375,raw cri probability,y_cri_high
17854,0.4463611590289757,0.781169485829506,0.8827215189873417,0.8288464967017294,score threshold,0.376,raw cri probability,y_cri_high
17854,0.4463611590289757,0.781169485829506,0.8827215189873417,0.8288464967017294,score threshold,0.377,raw cri probability,y_cri_high
17854,0.4463611590289757,0.781169485829506,0.8827215189873417,0.8288464967017294,score threshold,0.378,raw cri probability,y_cri_high
17854,0.4463611590289757,0.781169485829506,0.8827215189873417,0.8288464967017294,score threshold,0.379,raw cri probability,y_cri_high
17854,0.4463611590289757,0.781169485829506,0.8827215189873417,0.8288464967017294,score threshold,0.38,raw cri probability,y_cri_high
17854,0.4463611590289757,0.781169485829506,0.8827215189873417,0.8288464967017294,score threshold,0.381,raw cri probability,y_cri_high
17854,0.4463611590289757,0.781169485829506,0.8827215189873417,0.8288464967017294,score threshold,0.382,raw cri probability,y_cri_high
17854,0.4463611590289757,0.781169485829506,0.8827215189873417,0.8288464967017294,score threshold,0.383,raw cri probability,y_cri_high
17854,0.4463611590289757,0.781169485829506,0.8827215189873417,0.8288464967017294,score threshold,0.384,raw cri probability,y_cri_high
17854,0.4463611590289757,0.781169485829506,0.8827215189873417,0.8288464967017294,score threshold,0.385,raw cri probability,y_cri_high
17854,0.4463611590289757,0.781169485829506,0.8827215189873417,0.8288464967017294,score threshold,0.386,raw cri probability,y_cri_high
17854,0.4463611590289757,0.781169485829506,0.8827215189873417,0.8288464967017294,score threshold,0.387,raw cri probability,y_cri_high
17854,0.4463611590289757,0.781169485829506,0.8827215189873417,0.8288464967017294,score threshold,0.388,raw cri probability,y_cri_high
17854,0.4463611590289757,0.781169485829506,0.8827215189873417,0.8288464967017294,score threshold,0.389,raw cri probability,y_cri_high
17854,0.4463611590289757,0.781169485829506,0.8827215189873417,0.8288464967017294,score threshold,0.39,raw cri probability,y_cri_high
17854,0.4463611590289757,0.781169485829506,0.8827215189873417,0.8288464967017294,score threshold,0.391,raw cri probability,y_cri_high
17854,0.4463611590289757,0.781169485829506,0.8827215189873417,0.8288464967017294,score threshold,0.392,raw cri probability,y_cri_high
17854,0.4463611590289757,0.781169485829506,0.8827215189873417,0.8288464967017294,score threshold,0.393,raw cri probability,y_cri_high
17854,0.4463611590289757,0.781169485829506,0.8827215189873417,0.8288464967017294,score threshold,0.394,raw cri probability,y_cri_high
17854,0.4463611590289757,0.781169485829506,0.8827215189873417,0.8288464967017294,score threshold,0.395,raw cri probability,y_cri_high
17854,0.4463611590289757,0.781169485829506,0.8827215189873417,0.8288464967017294,score threshold,0.396,raw cri probability,y_cri_high
17854,0.4463611590289757,0.781169485829506,0.8827215189873417,0.8288464967017294,score threshold,0.397,raw cri probability,y_cri_high
17854,0.4463611590289757,0.781169485829506,0.8827215189873417,0.8288464967017294,score threshold,0.398,raw cri probability,y_cri_high
17854,0.4463611590289757,0.781169485829506,0.8827215189873417,0.8288464967017294,score threshold,0.399,raw cri probability,y_cri_high
17854,0.4463611590289757,0.781169485829506,0.8827215189873417,0.8288464967017294,score threshold,0.4,raw cri probability,y_cri_high
17854,0.4463611590289757,0.781169485829506,0.8827215189873417,0.8288464967017294,score threshold,0.401,raw cri probability,y_cri_high
17854,0.4463611590289757,0.781169485829506,0.8827215189873417,0.8288464967017294,score threshold,0.402,raw cri probability,y_cri_high
17854,0.4463611590289757,0.781169485829506,0.8827215189873417,0.8288464967017294,score threshold,0.403,raw cri probability,y_cri_high
17854,0.4463611590289757,0.781169485829506,0.8827215189873417,0.8288464967017294,score threshold,0.404,raw cri probability,y_cri_high
17854,0.4463611590289757,0.781169485829506,0.8827215189873417,0.8288464967017294,score threshold,0.405,raw cri probability,y_cri_high
17854,0.4463611590289757,0.781169485829506,0.8827215189873417,0.8288464967017294,score threshold,0.406,raw cri probability,y_cri_high
17854,0.4463611590289757,0.781169485829506,0.8827215189873417,0.8288464967017294,score threshold,0.40700000000000003,raw cri probability,y_cri_high
17854,0.4463611590289757,0.781169485829506,0.8827215189873417,0.8288464967017294,score threshold,0.40800000000000003,raw cri probability,y_cri_high
17854,0.4463611590289757,0.781169485829506,0.8827215189873417,0.8288464967017294,score threshold,0.40900000000000003,raw cri probability,y_cri_high
17608,0.4402110052751319,0.7858927760109041,0.8758227848101265,0.8284243295019157,score threshold,0.41000000000000003,raw cri probability,y_cri_high
17607,0.44018600465011626,0.7859374112568864,0.8758227848101265,0.8284491274283833,score threshold,0.41100000000000003,raw cri probability,y_cri_high
17301,0.43253581339533487,0.7923241431131148,0.8675949367088608,0.8282529228724208,score threshold,0.41200000000000003,raw cri probability,y_cri_high
17301,0.43253581339533487,0.7923241431131148,0.8675949367088608,0.8282529228724208,score threshold,0.41300000000000003,raw cri probability,y_cri_high
17301,0.43253581339533487,0.7923241431131148,0.8675949367088608,0.8282529228724208,score threshold,0.41400000000000003,raw cri probability,y_cri_high
17301,0.43253581339533487,0.7923241431131148,0.8675949367088608,0.8282529228724208,score threshold,0.41500000000000004,raw cri probability,y_cri_high
17301,0.43253581339533487,0.7923241431131148,0.8675949367088608,0.8282529228724208,score threshold,0.41600000000000004,raw cri probability,y_cri_high
17301,0.43253581339533487,0.7923241431131148,0.8675949367088608,0.8282529228724208,score threshold,0.41700000000000004,raw cri probability,y_cri_high
17301,0.43253581339533487,0.7923241431131148,0.8675949367088608,0.8282529228724208,score threshold,0.418,raw cri probability,y_cri_high
17301,0.43253581339533487,0.7923241431131148,0.8675949367088608,0.8282529228724208,score threshold,0.419,raw cri probability,y_cri_high
17301,0.43253581339533487,0.7923241431131148,0.8675949367088608,0.8282529228724208,score threshold,0.42,raw cri probability,y_cri_high
17301,0.43253581339533487,0.7923241431131148,0.8675949367088608,0.8282529228724208,score threshold,0.421,raw cri probability,y_cri_high
17301,0.43253581339533487,0.7923241431131148,0.8675949367088608,0.8282529228724208,score threshold,0.422,raw cri probability,y_cri_high
17301,0.43253581339533487,0.7923241431131148,0.8675949367088608,0.8282529228724208,score threshold,0.423,raw cri probability,y_cri_high
17301,0.43253581339533487,0.7923241431131148,0.8675949367088608,0.8282529228724208,score threshold,0.424,raw cri probability,y_cri_high
17301,0.43253581339533487,0.7923241431131148,0.8675949367088608,0.8282529228724208,score threshold,0.425,raw cri probability,y_cri_high
17301,0.43253581339533487,0.7923241431131148,0.8675949367088608,0.8282529228724208,score threshold,0.426,raw cri probability,y_cri_high
17301,0.43253581339533487,0.7923241431131148,0.8675949367088608,0.8282529228724208,score threshold,0.427,raw cri probability,y_cri_high
17301,0.43253581339533487,0.7923241431131148,0.8675949367088608,0.8282529228724208,score threshold,0.428,raw cri probability,y_cri_high
17301,0.43253581339533487,0.7923241431131148,0.8675949367088608,0.8282529228724208,score threshold,0.429,raw cri probability,y_cri_high
17301,0.43253581339533487,0.7923241431131148,0.8675949367088608,0.8282529228724208,score threshold,0.43,raw cri probability,y_cri_high
17300,0.4325108127703193,0.7923699421965318,0.8675949367088608,0.8282779456193353,score threshold,0.431,raw cri probability,y_cri_high
17300,0.4325108127703193,0.7923699421965318,0.8675949367088608,0.8282779456193353,score threshold,0.432,raw cri probability,y_cri_high
17300,0.4325108127703193,0.7923699421965318,0.8675949367088608,0.8282779456193353,score threshold,0.433,raw cri probability,y_cri_high
17300,0.4325108127703193,0.7923699421965318,0.8675949367088608,0.8282779456193353,score threshold,0.434,raw cri probability,y_cri_high
17300,0.4325108127703193,0.7923699421965318,0.8675949367088608,0.8282779456193353,score threshold,0.435,raw cri probability,y_cri_high
17300,0.4325108127703193,0.7923699421965318,0.8675949367088608,0.8282779456193353,score threshold,0.436,raw cri probability,y_cri_high
17300,0.4325108127703193,0.7923699421965318,0.8675949367088608,0.8282779456193353,score threshold,0.437,raw cri probability,y_cri_high
17300,0.4325108127703193,0.7923699421965318,0.8675949367088608,0.8282779456193353,score threshold,0.438,raw cri probability,y_cri_high
17300,0.4325108127703193,0.7923699421965318,0.8675949367088608,0.8282779456193353,score threshold,0.439,raw cri probability,y_cri_high
17300,0.4325108127703193,0.7923699421965318,0.8675949367088608,0.8282779456193353,score threshold,0.44,raw cri probability,y_cri_high
17300,0.4325108127703193,0.7923699421965318,0.8675949367088608,0.8282779456193353,score threshold,0.441,raw cri probability,y_cri_high
17300,0.4325108127703193,0.7923699421965318,0.8675949367088608,0.8282779456193353,score threshold,0.442,raw cri probability,y_cri_high
17300,0.4325108127703193,0.7923699421965318,0.8675949367088608,0.8282779456193353,score threshold,0.443,raw cri probability,y_cri_high
17300,0.4325108127703193,0.7923699421965318,0.8675949367088608,0.8282779456193353,score threshold,0.444,raw cri probability,y_cri_high
17300,0.4325108127703193,0.7923699421965318,0.8675949367088608,0.8282779456193353,score threshold,0.445,raw cri probability,y_cri_high
17300,0.4325108127703193,0.7923699421965318,0.8675949367088608,0.8282779456193353,score threshold,0.446,raw cri probability,y_cri_high
17300,0.4325108127703193,0.7923699421965318,0.8675949367088608,0.8282779456193353,score threshold,0.447,raw cri probability,y_cri_high
17300,0.4325108127703193,0.7923699421965318,0.8675949367088608,0.8282779456193353,score threshold,0.448,raw cri probability,y_cri_high
17300,0.4325108127703193,0.7923699421965318,0.8675949367088608,0.8282779456193353,score threshold,0.449,raw cri probability,y_cri_high
17028,0.4257106427660691,0.797568710359408,0.8595569620253165,0.8274034360911418,score threshold,0.45,raw cri probability,y_cri_high
16941,0.4235355883897097,0.7992444365739921,0.8569620253164557,0.8270975229834153,score threshold,0.451,raw cri probability,y_cri_high
16941,0.4235355883897097,0.7992444365739921,0.8569620253164557,0.8270975229834153,score threshold,0.452,raw cri probability,y_cri_high
16941,0.4235355883897097,0.7992444365739921,0.8569620253164557,0.8270975229834153,score threshold,0.453,raw cri probability,y_cri_high
16941,0.4235355883897097,0.7992444365739921,0.8569620253164557,0.8270975229834153,score threshold,0.454,raw cri probability,y_cri_high
16941,0.4235355883897097,0.7992444365739921,0.8569620253164557,0.8270975229834153,score threshold,0.455,raw cri probability,y_cri_high
16941,0.4235355883897097,0.7992444365739921,0.8569620253164557,0.8270975229834153,score threshold,0.456,raw cri probability,y_cri_high
16941,0.4235355883897097,0.7992444365739921,0.8569620253164557,0.8270975229834153,score threshold,0.457,raw cri probability,y_cri_high
16941,0.4235355883897097,0.7992444365739921,0.8569620253164557,0.8270975229834153,score threshold,0.458,raw cri probability,y_cri_high
16941,0.4235355883897097,0.7992444365739921,0.8569620253164557,0.8270975229834153,score threshold,0.459,raw cri probability,y_cri_high
16941,0.4235355883897097,0.7992444365739921,0.8569620253164557,0.8270975229834153,score threshold,0.46,raw cri probability,y_cri_high
16941,0.4235355883897097,0.7992444365739921,0.8569620253164557,0.8270975229834153,score threshold,0.461,raw cri probability,y_cri_high
16940,0.42351058776469414,0.799232585596222,0.8568987341772152,0.8270616982284668,score threshold,0.462,raw cri probability,y_cri_high
16940,0.42351058776469414,0.799232585596222,0.8568987341772152,0.8270616982284668,score threshold,0.463,raw cri probability,y_cri_high
16940,0.42351058776469414,0.799232585596222,0.8568987341772152,0.8270616982284668,score threshold,0.464,raw cri probability,y_cri_high
16940,0.42351058776469414,0.799232585596222,0.8568987341772152,0.8270616982284668,score threshold,0.465,raw cri probability,y_cri_high
16940,0.42351058776469414,0.799232585596222,0.8568987341772152,0.8270616982284668,score threshold,0.466,raw cri probability,y_cri_high
16940,0.42351058776469414,0.799232585596222,0.8568987341772152,0.8270616982284668,score threshold,0.467,raw cri probability,y_cri_high
16940,0.42351058776469414,0.799232585596222,0.8568987341772152,0.8270616982284668,score threshold,0.468,raw cri probability,y_cri_high
16939,0.4234855871396785,0.7992797685813803,0.8568987341772152,0.8270869605058188,score threshold,0.46900000000000003,raw cri probability,y_cri_high
16939,0.4234855871396785,0.7992797685813803,0.8568987341772152,0.8270869605058188,score threshold,0.47000000000000003,raw cri probability,y_cri_high
16939,0.4234855871396785,0.7992797685813803,0.8568987341772152,0.8270869605058188,score threshold,0.47100000000000003,raw cri probability,y_cri_high
16939,0.4234855871396785,0.7992797685813803,0.8568987341772152,0.8270869605058188,score threshold,0.47200000000000003,raw cri probability,y_cri_high
16939,0.4234855871396785,0.7992797685813803,0.8568987341772152,0.8270869605058188,score threshold,0.47300000000000003,raw cri probability,y_cri_high
16939,0.4234855871396785,0.7992797685813803,0.8568987341772152,0.8270869605058188,score threshold,0.47400000000000003,raw cri probability,y_cri_high
16939,0.4234855871396785,0.7992797685813803,0.8568987341772152,0.8270869605058188,score threshold,0.47500000000000003,raw cri probability,y_cri_high
16939,0.4234855871396785,0.7992797685813803,0.8568987341772152,0.8270869605058188,score threshold,0.47600000000000003,raw cri probability,y_cri_high
16939,0.4234855871396785,0.7992797685813803,0.8568987341772152,0.8270869605058188,score threshold,0.47700000000000004,raw cri probability,y_cri_high
16939,0.4234855871396785,0.7992797685813803,0.8568987341772152,0.8270869605058188,score threshold,0.47800000000000004,raw cri probability,y_cri_high
16939,0.4234855871396785,0.7992797685813803,0.8568987341772152,0.8270869605058188,score threshold,0.47900000000000004,raw cri probability,y_cri_high
16939,0.4234855871396785,0.7992797685813803,0.8568987341772152,0.8270869605058188,score threshold,0.48000000000000004,raw cri probability,y_cri_high
16939,0.4234855871396785,0.7992797685813803,0.8568987341772152,0.8270869605058188,score threshold,0.481,raw cri probability,y_cri_high
16908,0.4227105677641941,0.8003312041637095,0.8564556962025316,0.8274428274428275,score threshold,0.482,raw cri probability,y_cri_high
16908,0.4227105677641941,0.8003312041637095,0.8564556962025316,0.8274428274428275,score threshold,0.483,raw cri probability,y_cri_high
16908,0.4227105677641941,0.8003312041637095,0.8564556962025316,0.8274428274428275,score threshold,0.484,raw cri probability,y_cri_high
16908,0.4227105677641941,0.8003312041637095,0.8564556962025316,0.8274428274428275,score threshold,0.485,raw cri probability,y_cri_high
16908,0.4227105677641941,0.8003312041637095,0.8564556962025316,0.8274428274428275,score threshold,0.486,raw cri probability,y_cri_high
16908,0.4227105677641941,0.8003312041637095,0.8564556962025316,0.8274428274428275,score threshold,0.487,raw cri probability,y_cri_high
16908,0.4227105677641941,0.8003312041637095,0.8564556962025316,0.8274428274428275,score threshold,0.488,raw cri probability,y_cri_high
16907,0.4226855671391785,0.8003193943337079,0.8563924050632912,0.8274069770997035,score threshold,0.489,raw cri probability,y_cri_high
16907,0.4226855671391785,0.8003193943337079,0.8563924050632912,0.8274069770997035,score threshold,0.49,raw cri probability,y_cri_high
16478,0.41196029900747516,0.807682971234373,0.8423417721518988,0.824648367309003,score threshold,0.491,raw cri probability,y_cri_high
16478,0.41196029900747516,0.807682971234373,0.8423417721518988,0.824648367309003,score threshold,0.492,raw cri probability,y_cri_high
16478,0.41196029900747516,0.807682971234373,0.8423417721518988,0.824648367309003,score threshold,0.493,raw cri probability,y_cri_high
16478,0.41196029900747516,0.807682971234373,0.8423417721518988,0.824648367309003,score threshold,0.494,raw cri probability,y_cri_high
16478,0.41196029900747516,0.807682971234373,0.8423417721518988,0.824648367309003,score threshold,0.495,raw cri probability,y_cri_high
16478,0.41196029900747516,0.807682971234373,0.8423417721518988,0.824648367309003,score threshold,0.496,raw cri probability,y_cri_high
16478,0.41196029900747516,0.807682971234373,0.8423417721518988,0.824648367309003,score threshold,0.497,raw cri probability,y_cri_high
16478,0.41196029900747516,0.807682971234373,0.8423417721518988,0.824648367309003,score threshold,0.498,raw cri probability,y_cri_high
16478,0.41196029900747516,0.807682971234373,0.8423417721518988,0.824648367309003,score threshold,0.499,raw cri probability,y_cri_high
16478,0.41196029900747516,0.807682971234373,0.8423417721518988,0.824648367309003,score threshold,0.5,raw cri probability,y_cri_high
16478,0.41196029900747516,0.807682971234373,0.8423417721518988,0.824648367309003,score threshold,0.501,raw cri probability,y_cri_high
16478,0.41196029900747516,0.807682971234373,0.8423417721518988,0.824648367309003,score threshold,0.502,raw cri probability,y_cri_high
16478,0.41196029900747516,0.807682971234373,0.8423417721518988,0.824648367309003,score threshold,0.503,raw cri probability,y_cri_high
16478,0.41196029900747516,0.807682971234373,0.8423417721518988,0.824648367309003,score threshold,0.504,raw cri probability,y_cri_high
16478,0.41196029900747516,0.807682971234373,0.8423417721518988,0.824648367309003,score threshold,0.505,raw cri probability,y_cri_high
16478,0.41196029900747516,0.807682971234373,0.8423417721518988,0.824648367309003,score threshold,0.506,raw cri probability,y_cri_high
16478,0.41196029900747516,0.807682971234373,0.8423417721518988,0.824648367309003,score threshold,0.507,raw cri probability,y_cri_high
16478,0.41196029900747516,0.807682971234373,0.8423417721518988,0.824648367309003,score threshold,0.508,raw cri probability,y_cri_high
16478,0.41196029900747516,0.807682971234373,0.8423417721518988,0.824648367309003,score threshold,0.509,raw cri probability,y_cri_high
16478,0.41196029900747516,0.807682971234373,0.8423417721518988,0.824648367309003,score threshold,0.51,raw cri probability,y_cri_high
16478,0.41196029900747516,0.807682971234373,0.8423417721518988,0.824648367309003,score threshold,0.511,raw cri probability,y_cri_high
16478,0.41196029900747516,0.807682971234373,0.8423417721518988,0.824648367309003,score threshold,0.512,raw cri probability,y_cri_high
16478,0.41196029900747516,0.807682971234373,0.8423417721518988,0.824648367309003,score threshold,0.513,raw cri probability,y_cri_high
16478,0.41196029900747516,0.807682971234373,0.8423417721518988,0.824648367309003,score threshold,0.514,raw cri probability,y_cri_high
16478,0.41196029900747516,0.807682971234373,0.8423417721518988,0.824648367309003,score threshold,0.515,raw cri probability,y_cri_high
16478,0.41196029900747516,0.807682971234373,0.8423417721518988,0.824648367309003,score threshold,0.516,raw cri probability,y_cri_high
16478,0.41196029900747516,0.807682971234373,0.8423417721518988,0.824648367309003,score threshold,0.517,raw cri probability,y_cri_high
16478,0.41196029900747516,0.807682971234373,0.8423417721518988,0.824648367309003,score threshold,0.518,raw cri probability,y_cri_high
16478,0.41196029900747516,0.807682971234373,0.8423417721518988,0.824648367309003,score threshold,0.519,raw cri probability,y_cri_high
16478,0.41196029900747516,0.807682971234373,0.8423417721518988,0.824648367309003,score threshold,0.52,raw cri probability,y_cri_high
16478,0.41196029900747516,0.807682971234373,0.8423417721518988,0.824648367309003,score threshold,0.521,raw cri probability,y_cri_high
16478,0.41196029900747516,0.807682971234373,0.8423417721518988,0.824648367309003,score threshold,0.522,raw cri probability,y_cri_high
16478,0.41196029900747516,0.807682971234373,0.8423417721518988,0.824648367309003,score threshold,0.523,raw cri probability,y_cri_high
16478,0.41196029900747516,0.807682971234373,0.8423417721518988,0.824648367309003,score threshold,0.524,raw cri probability,y_cri_high
16478,0.41196029900747516,0.807682971234373,0.8423417721518988,0.824648367309003,score threshold,0.525,raw cri probability,y_cri_high
16478,0.41196029900747516,0.807682971234373,0.8423417721518988,0.824648367309003,score threshold,0.526,raw cri probability,y_cri_high
16478,0.41196029900747516,0.807682971234373,0.8423417721518988,0.824648367309003,score threshold,0.527,raw cri probability,y_cri_high
16478,0.41196029900747516,0.807682971234373,0.8423417721518988,0.824648367309003,score threshold,0.528,raw cri probability,y_cri_high
16478,0.41196029900747516,0.807682971234373,0.8423417721518988,0.824648367309003,score threshold,0.529,raw cri probability,y_cri_high
16478,0.41196029900747516,0.807682971234373,0.8423417721518988,0.824648367309003,score threshold,0.53,raw cri probability,y_cri_high
16478,0.41196029900747516,0.807682971234373,0.8423417721518988,0.824648367309003,score threshold,0.531,raw cri probability,y_cri_high
16478,0.41196029900747516,0.807682971234373,0.8423417721518988,0.824648367309003,score threshold,0.532,raw cri probability,y_cri_high
15036,0.37590939773494336,0.8354615589252461,0.7950632911392405,0.8147619665326242,score threshold,0.533,raw cri probability,y_cri_high
15036,0.37590939773494336,0.8354615589252461,0.7950632911392405,0.8147619665326242,score threshold,0.534,raw cri probability,y_cri_high
15036,0.37590939773494336,0.8354615589252461,0.7950632911392405,0.8147619665326242,score threshold,0.535,raw cri probability,y_cri_high
15036,0.37590939773494336,0.8354615589252461,0.7950632911392405,0.8147619665326242,score threshold,0.536,raw cri probability,y_cri_high
15036,0.37590939773494336,0.8354615589252461,0.7950632911392405,0.8147619665326242,score threshold,0.537,raw cri probability,y_cri_high
15036,0.37590939773494336,0.8354615589252461,0.7950632911392405,0.8147619665326242,score threshold,0.538,raw cri probability,y_cri_high
15036,0.37590939773494336,0.8354615589252461,0.7950632911392405,0.8147619665326242,score threshold,0.539,raw cri probability,y_cri_high
15035,0.37588439710992777,0.8355171267043565,0.7950632911392405,0.8147883898167667,score threshold,0.54,raw cri probability,y_cri_high
15035,0.37588439710992777,0.8355171267043565,0.7950632911392405,0.8147883898167667,score threshold,0.541,raw cri probability,y_cri_high
15035,0.37588439710992777,0.8355171267043565,0.7950632911392405,0.8147883898167667,score threshold,0.542,raw cri probability,y_cri_high
15035,0.37588439710992777,0.8355171267043565,0.7950632911392405,0.8147883898167667,score threshold,0.543,raw cri probability,y_cri_high
15035,0.37588439710992777,0.8355171267043565,0.7950632911392405,0.8147883898167667,score threshold,0.544,raw cri probability,y_cri_high
15035,0.37588439710992777,0.8355171267043565,0.7950632911392405,0.8147883898167667,score threshold,0.545,raw cri probability,y_cri_high
15035,0.37588439710992777,0.8355171267043565,0.7950632911392405,0.8147883898167667,score threshold,0.546,raw cri probability,y_cri_high
15035,0.37588439710992777,0.8355171267043565,0.7950632911392405,0.8147883898167667,score threshold,0.547,raw cri probability,y_cri_high
15035,0.37588439710992777,0.8355171267043565,0.7950632911392405,0.8147883898167667,score threshold,0.548,raw cri probability,y_cri_high
15035,0.37588439710992777,0.8355171267043565,0.7950632911392405,0.8147883898167667,score threshold,0.549,raw cri probability,y_cri_high
15035,0.37588439710992777,0.8355171267043565,0.7950632911392405,0.8147883898167667,score threshold,0.55,raw cri probability,y_cri_high
15035,0.37588439710992777,0.8355171267043565,0.7950632911392405,0.8147883898167667,score threshold,0.551,raw cri probability,y_cri_high
15035,0.37588439710992777,0.8355171267043565,0.7950632911392405,0.8147883898167667,score threshold,0.552,raw cri probability,y_cri_high
15035,0.37588439710992777,0.8355171267043565,0.7950632911392405,0.8147883898167667,score threshold,0.553,raw cri probability,y_cri_high
15035,0.37588439710992777,0.8355171267043565,0.7950632911392405,0.8147883898167667,score threshold,0.554,raw cri probability,y_cri_high
15035,0.37588439710992777,0.8355171267043565,0.7950632911392405,0.8147883898167667,score threshold,0.555,raw cri probability,y_cri_high
15035,0.37588439710992777,0.8355171267043565,0.7950632911392405,0.8147883898167667,score threshold,0.556,raw cri probability,y_cri_high
14834,0.37085927148178705,0.8382769313738708,0.7870253164556962,0.8118430502056538,score threshold,0.557,raw cri probability,y_cri_high
14834,0.37085927148178705,0.8382769313738708,0.7870253164556962,0.8118430502056538,score threshold,0.558,raw cri probability,y_cri_high
14834,0.37085927148178705,0.8382769313738708,0.7870253164556962,0.8118430502056538,score threshold,0.559,raw cri probability,y_cri_high
14834,0.37085927148178705,0.8382769313738708,0.7870253164556962,0.8118430502056538,score threshold,0.56,raw cri probability,y_cri_high
14834,0.37085927148178705,0.8382769313738708,0.7870253164556962,0.8118430502056538,score threshold,0.561,raw cri probability,y_cri_high
14834,0.37085927148178705,0.8382769313738708,0.7870253164556962,0.8118430502056538,score threshold,0.562,raw cri probability,y_cri_high
14834,0.37085927148178705,0.8382769313738708,0.7870253164556962,0.8118430502056538,score threshold,0.5630000000000001,raw cri probability,y_cri_high
14834,0.37085927148178705,0.8382769313738708,0.7870253164556962,0.8118430502056538,score threshold,0.5640000000000001,raw cri probability,y_cri_high
14834,0.37085927148178705,0.8382769313738708,0.7870253164556962,0.8118430502056538,score threshold,0.5650000000000001,raw cri probability,y_cri_high
14834,0.37085927148178705,0.8382769313738708,0.7870253164556962,0.8118430502056538,score threshold,0.5660000000000001,raw cri probability,y_cri_high
14834,0.37085927148178705,0.8382769313738708,0.7870253164556962,0.8118430502056538,score threshold,0.5670000000000001,raw cri probability,y_cri_high
14834,0.37085927148178705,0.8382769313738708,0.7870253164556962,0.8118430502056538,score threshold,0.5680000000000001,raw cri probability,y_cri_high
14834,0.37085927148178705,0.8382769313738708,0.7870253164556962,0.8118430502056538,score threshold,0.5690000000000001,raw cri probability,y_cri_high
14834,0.37085927148178705,0.8382769313738708,0.7870253164556962,0.8118430502056538,score threshold,0.5700000000000001,raw cri probability,y_cri_high
14834,0.37085927148178705,0.8382769313738708,0.7870253164556962,0.8118430502056538,score threshold,0.5710000000000001,raw cri probability,y_cri_high
14834,0.37085927148178705,0.8382769313738708,0.7870253164556962,0.8118430502056538,score threshold,0.5720000000000001,raw cri probability,y_cri_high
14834,0.37085927148178705,0.8382769313738708,0.7870253164556962,0.8118430502056538,score threshold,0.5730000000000001,raw cri probability,y_cri_high
14834,0.37085927148178705,0.8382769313738708,0.7870253164556962,0.8118430502056538,score threshold,0.5740000000000001,raw cri probability,y_cri_high
14834,0.37085927148178705,0.8382769313738708,0.7870253164556962,0.8118430502056538,score threshold,0.5750000000000001,raw cri probability,y_cri_high
14834,0.37085927148178705,0.8382769313738708,0.7870253164556962,0.8118430502056538,score threshold,0.5760000000000001,raw cri probability,y_cri_high
14834,0.37085927148178705,0.8382769313738708,0.7870253164556962,0.8118430502056538,score threshold,0.5770000000000001,raw cri probability,y_cri_high
14834,0.37085927148178705,0.8382769313738708,0.7870253164556962,0.8118430502056538,score threshold,0.578,raw cri probability,y_cri_high
14834,0.37085927148178705,0.8382769313738708,0.7870253164556962,0.8118430502056538,score threshold,0.579,raw cri probability,y_cri_high
14834,0.37085927148178705,0.8382769313738708,0.7870253164556962,0.8118430502056538,score threshold,0.58,raw cri probability,y_cri_high
14834,0.37085927148178705,0.8382769313738708,0.7870253164556962,0.8118430502056538,score threshold,0.581,raw cri probability,y_cri_high
14834,0.37085927148178705,0.8382769313738708,0.7870253164556962,0.8118430502056538,score threshold,0.582,raw cri probability,y_cri_high
14834,0.37085927148178705,0.8382769313738708,0.7870253164556962,0.8118430502056538,score threshold,0.583,raw cri probability,y_cri_high
14834,0.37085927148178705,0.8382769313738708,0.7870253164556962,0.8118430502056538,score threshold,0.584,raw cri probability,y_cri_high
14834,0.37085927148178705,0.8382769313738708,0.7870253164556962,0.8118430502056538,score threshold,0.585,raw cri probability,y_cri_high
14834,0.37085927148178705,0.8382769313738708,0.7870253164556962,0.8118430502056538,score threshold,0.586,raw cri probability,y_cri_high
14834,0.37085927148178705,0.8382769313738708,0.7870253164556962,0.8118430502056538,score threshold,0.587,raw cri probability,y_cri_high
14834,0.37085927148178705,0.8382769313738708,0.7870253164556962,0.8118430502056538,score threshold,0.588,raw cri probability,y_cri_high
14834,0.37085927148178705,0.8382769313738708,0.7870253164556962,0.8118430502056538,score threshold,0.589,raw cri probability,y_cri_high
14834,0.37085927148178705,0.8382769313738708,0.7870253164556962,0.8118430502056538,score threshold,0.59,raw cri probability,y_cri_high
14834,0.37085927148178705,0.8382769313738708,0.7870253164556962,0.8118430502056538,score threshold,0.591,raw cri probability,y_cri_high
14834,0.37085927148178705,0.8382769313738708,0.7870253164556962,0.8118430502056538,score threshold,0.592,raw cri probability,y_cri_high
14834,0.37085927148178705,0.8382769313738708,0.7870253164556962,0.8118430502056538,score threshold,0.593,raw cri probability,y_cri_high
14834,0.37085927148178705,0.8382769313738708,0.7870253164556962,0.8118430502056538,score threshold,0.594,raw cri probability,y_cri_high
14834,0.37085927148178705,0.8382769313738708,0.7870253164556962,0.8118430502056538,score threshold,0.595,raw cri probability,y_cri_high
14834,0.37085927148178705,0.8382769313738708,0.7870253164556962,0.8118430502056538,score threshold,0.596,raw cri probability,y_cri_high
14834,0.37085927148178705,0.8382769313738708,0.7870253164556962,0.8118430502056538,score threshold,0.597,raw cri probability,y_cri_high
14834,0.37085927148178705,0.8382769313738708,0.7870253164556962,0.8118430502056538,score threshold,0.598,raw cri probability,y_cri_high
14834,0.37085927148178705,0.8382769313738708,0.7870253164556962,0.8118430502056538,score threshold,0.599,raw cri probability,y_cri_high
14834,0.37085927148178705,0.8382769313738708,0.7870253164556962,0.8118430502056538,score threshold,0.6,raw cri probability,y_cri_high
14834,0.37085927148178705,0.8382769313738708,0.7870253164556962,0.8118430502056538,score threshold,0.601,raw cri probability,y_cri_high
14834,0.37085927148178705,0.8382769313738708,0.7870253164556962,0.8118430502056538,score threshold,0.602,raw cri probability,y_cri_high
14834,0.37085927148178705,0.8382769313738708,0.7870253164556962,0.8118430502056538,score threshold,0.603,raw cri probability,y_cri_high
14834,0.37085927148178705,0.8382769313738708,0.7870253164556962,0.8118430502056538,score threshold,0.604,raw cri probability,y_cri_high
14834,0.37085927148178705,0.8382769313738708,0.7870253164556962,0.8118430502056538,score threshold,0.605,raw cri probability,y_cri_high
14834,0.37085927148178705,0.8382769313738708,0.7870253164556962,0.8118430502056538,score threshold,0.606,raw cri probability,y_cri_high
14834,0.37085927148178705,0.8382769313738708,0.7870253164556962,0.8118430502056538,score threshold,0.607,raw cri probability,y_cri_high
14834,0.37085927148178705,0.8382769313738708,0.7870253164556962,0.8118430502056538,score threshold,0.608,raw cri probability,y_cri_high
14834,0.37085927148178705,0.8382769313738708,0.7870253164556962,0.8118430502056538,score threshold,0.609,raw cri probability,y_cri_high
14834,0.37085927148178705,0.8382769313738708,0.7870253164556962,0.8118430502056538,score threshold,0.61,raw cri probability,y_cri_high
14834,0.37085927148178705,0.8382769313738708,0.7870253164556962,0.8118430502056538,score threshold,0.611,raw cri probability,y_cri_high
14834,0.37085927148178705,0.8382769313738708,0.7870253164556962,0.8118430502056538,score threshold,0.612,raw cri probability,y_cri_high
14834,0.37085927148178705,0.8382769313738708,0.7870253164556962,0.8118430502056538,score threshold,0.613,raw cri probability,y_cri_high
14834,0.37085927148178705,0.8382769313738708,0.7870253164556962,0.8118430502056538,score threshold,0.614,raw cri probability,y_cri_high
14834,0.37085927148178705,0.8382769313738708,0.7870253164556962,0.8118430502056538,score threshold,0.615,raw cri probability,y_cri_high
14834,0.37085927148178705,0.8382769313738708,0.7870253164556962,0.8118430502056538,score threshold,0.616,raw cri probability,y_cri_high
14834,0.37085927148178705,0.8382769313738708,0.7870253164556962,0.8118430502056538,score threshold,0.617,raw cri probability,y_cri_high
14834,0.37085927148178705,0.8382769313738708,0.7870253164556962,0.8118430502056538,score threshold,0.618,raw cri probability,y_cri_high
14834,0.37085927148178705,0.8382769313738708,0.7870253164556962,0.8118430502056538,score threshold,0.619,raw cri probability,y_cri_high
14834,0.37085927148178705,0.8382769313738708,0.7870253164556962,0.8118430502056538,score threshold,0.62,raw cri probability,y_cri_high
14834,0.37085927148178705,0.8382769313738708,0.7870253164556962,0.8118430502056538,score threshold,0.621,raw cri probability,y_cri_high
14834,0.37085927148178705,0.8382769313738708,0.7870253164556962,0.8118430502056538,score threshold,0.622,raw cri probability,y_cri_high
14834,0.37085927148178705,0.8382769313738708,0.7870253164556962,0.8118430502056538,score threshold,0.623,raw cri probability,y_cri_high
14834,0.37085927148178705,0.8382769313738708,0.7870253164556962,0.8118430502056538,score threshold,0.624,raw cri probability,y_cri_high
14834,0.37085927148178705,0.8382769313738708,0.7870253164556962,0.8118430502056538,score threshold,0.625,raw cri probability,y_cri_high
14398,0.35995899897497435,0.8444228365050701,0.7694936708860759,0.8052188886681237,score threshold,0.626,raw cri probability,y_cri_high
14398,0.35995899897497435,0.8444228365050701,0.7694936708860759,0.8052188886681237,score threshold,0.627,raw cri probability,y_cri_high
14398,0.35995899897497435,0.8444228365050701,0.7694936708860759,0.8052188886681237,score threshold,0.628,raw cri probability,y_cri_high
14398,0.35995899897497435,0.8444228365050701,0.7694936708860759,0.8052188886681237,score threshold,0.629,raw cri probability,y_cri_high
14398,0.35995899897497435,0.8444228365050701,0.7694936708860759,0.8052188886681237,score threshold,0.63,raw cri probability,y_cri_high
14398,0.35995899897497435,0.8444228365050701,0.7694936708860759,0.8052188886681237,score threshold,0.631,raw cri probability,y_cri_high
13383,0.3345833645841146,0.8614660390047074,0.7296835443037974,0.7901175341808587,score threshold,0.632,raw cri probability,y_cri_high
13383,0.3345833645841146,0.8614660390047074,0.7296835443037974,0.7901175341808587,score threshold,0.633,raw cri probability,y_cri_high
13383,0.3345833645841146,0.8614660390047074,0.7296835443037974,0.7901175341808587,score threshold,0.634,raw cri probability,y_cri_high
13383,0.3345833645841146,0.8614660390047074,0.7296835443037974,0.7901175341808587,score threshold,0.635,raw cri probability,y_cri_high
13383,0.3345833645841146,0.8614660390047074,0.7296835443037974,0.7901175341808587,score threshold,0.636,raw cri probability,y_cri_high
13383,0.3345833645841146,0.8614660390047074,0.7296835443037974,0.7901175341808587,score threshold,0.637,raw cri probability,y_cri_high
13383,0.3345833645841146,0.8614660390047074,0.7296835443037974,0.7901175341808587,score threshold,0.638,raw cri probability,y_cri_high
13383,0.3345833645841146,0.8614660390047074,0.7296835443037974,0.7901175341808587,score threshold,0.639,raw cri probability,y_cri_high
13383,0.3345833645841146,0.8614660390047074,0.7296835443037974,0.7901175341808587,score threshold,0.64,raw cri probability,y_cri_high
13383,0.3345833645841146,0.8614660390047074,0.7296835443037974,0.7901175341808587,score threshold,0.641,raw cri probability,y_cri_high
13383,0.3345833645841146,0.8614660390047074,0.7296835443037974,0.7901175341808587,score threshold,0.642,raw cri probability,y_cri_high
13383,0.3345833645841146,0.8614660390047074,0.7296835443037974,0.7901175341808587,score threshold,0.643,raw cri probability,y_cri_high
13383,0.3345833645841146,0.8614660390047074,0.7296835443037974,0.7901175341808587,score threshold,0.644,raw cri probability,y_cri_high
13383,0.3345833645841146,0.8614660390047074,0.7296835443037974,0.7901175341808587,score threshold,0.645,raw cri probability,y_cri_high
13383,0.3345833645841146,0.8614660390047074,0.7296835443037974,0.7901175341808587,score threshold,0.646,raw cri probability,y_cri_high
13383,0.3345833645841146,0.8614660390047074,0.7296835443037974,0.7901175341808587,score threshold,0.647,raw cri probability,y_cri_high
13383,0.3345833645841146,0.8614660390047074,0.7296835443037974,0.7901175341808587,score threshold,0.648,raw cri probability,y_cri_high
13383,0.3345833645841146,0.8614660390047074,0.7296835443037974,0.7901175341808587,score threshold,0.649,raw cri probability,y_cri_high
13383,0.3345833645841146,0.8614660390047074,0.7296835443037974,0.7901175341808587,score threshold,0.65,raw cri probability,y_cri_high
13383,0.3345833645841146,0.8614660390047074,0.7296835443037974,0.7901175341808587,score threshold,0.651,raw cri probability,y_cri_high
13383,0.3345833645841146,0.8614660390047074,0.7296835443037974,0.7901175341808587,score threshold,0.652,raw cri probability,y_cri_high
13383,0.3345833645841146,0.8614660390047074,0.7296835443037974,0.7901175341808587,score threshold,0.653,raw cri probability,y_cri_high
13383,0.3345833645841146,0.8614660390047074,0.7296835443037974,0.7901175341808587,score threshold,0.654,raw cri probability,y_cri_high
13383,0.3345833645841146,0.8614660390047074,0.7296835443037974,0.7901175341808587,score threshold,0.655,raw cri probability,y_cri_high
13383,0.3345833645841146,0.8614660390047074,0.7296835443037974,0.7901175341808587,score threshold,0.656,raw cri probability,y_cri_high
13383,0.3345833645841146,0.8614660390047074,0.7296835443037974,0.7901175341808587,score threshold,0.657,raw cri probability,y_cri_high
13383,0.3345833645841146,0.8614660390047074,0.7296835443037974,0.7901175341808587,score threshold,0.658,raw cri probability,y_cri_high
13383,0.3345833645841146,0.8614660390047074,0.7296835443037974,0.7901175341808587,score threshold,0.659,raw cri probability,y_cri_high
13383,0.3345833645841146,0.8614660390047074,0.7296835443037974,0.7901175341808587,score threshold,0.66,raw cri probability,y_cri_high
13383,0.3345833645841146,0.8614660390047074,0.7296835443037974,0.7901175341808587,score threshold,0.661,raw cri probability,y_cri_high
13383,0.3345833645841146,0.8614660390047074,0.7296835443037974,0.7901175341808587,score threshold,0.662,raw cri probability,y_cri_high
13383,0.3345833645841146,0.8614660390047074,0.7296835443037974,0.7901175341808587,score threshold,0.663,raw cri probability,y_cri_high
13383,0.3345833645841146,0.8614660390047074,0.7296835443037974,0.7901175341808587,score threshold,0.664,raw cri probability,y_cri_high
13383,0.3345833645841146,0.8614660390047074,0.7296835443037974,0.7901175341808587,score threshold,0.665,raw cri probability,y_cri_high
13383,0.3345833645841146,0.8614660390047074,0.7296835443037974,0.7901175341808587,score threshold,0.666,raw cri probability,y_cri_high
13383,0.3345833645841146,0.8614660390047074,0.7296835443037974,0.7901175341808587,score threshold,0.667,raw cri probability,y_cri_high
13383,0.3345833645841146,0.8614660390047074,0.7296835443037974,0.7901175341808587,score threshold,0.668,raw cri probability,y_cri_high
13383,0.3345833645841146,0.8614660390047074,0.7296835443037974,0.7901175341808587,score threshold,0.669,raw cri probability,y_cri_high
13383,0.3345833645841146,0.8614660390047074,0.7296835443037974,0.7901175341808587,score threshold,0.67,raw cri probability,y_cri_high
13383,0.3345833645841146,0.8614660390047074,0.7296835443037974,0.7901175341808587,score threshold,0.671,raw cri probability,y_cri_high
13383,0.3345833645841146,0.8614660390047074,0.7296835443037974,0.7901175341808587,score threshold,0.672,raw cri probability,y_cri_high
13383,0.3345833645841146,0.8614660390047074,0.7296835443037974,0.7901175341808587,score threshold,0.673,raw cri probability,y_cri_high
13383,0.3345833645841146,0.8614660390047074,0.7296835443037974,0.7901175341808587,score threshold,0.674,raw cri probability,y_cri_high
13383,0.3345833645841146,0.8614660390047074,0.7296835443037974,0.7901175341808587,score threshold,0.675,raw cri probability,y_cri_high
13383,0.3345833645841146,0.8614660390047074,0.7296835443037974,0.7901175341808587,score threshold,0.676,raw cri probability,y_cri_high
13383,0.3345833645841146,0.8614660390047074,0.7296835443037974,0.7901175341808587,score threshold,0.677,raw cri probability,y_cri_high
13383,0.3345833645841146,0.8614660390047074,0.7296835443037974,0.7901175341808587,score threshold,0.678,raw cri probability,y_cri_high
13383,0.3345833645841146,0.8614660390047074,0.7296835443037974,0.7901175341808587,score threshold,0.679,raw cri probability,y_cri_high
13383,0.3345833645841146,0.8614660390047074,0.7296835443037974,0.7901175341808587,score threshold,0.68,raw cri probability,y_cri_high
13383,0.3345833645841146,0.8614660390047074,0.7296835443037974,0.7901175341808587,score threshold,0.681,raw cri probability,y_cri_high
13383,0.3345833645841146,0.8614660390047074,0.7296835443037974,0.7901175341808587,score threshold,0.682,raw cri probability,y_cri_high
13383,0.3345833645841146,0.8614660390047074,0.7296835443037974,0.7901175341808587,score threshold,0.683,raw cri probability,y_cri_high
13383,0.3345833645841146,0.8614660390047074,0.7296835443037974,0.7901175341808587,score threshold,0.684,raw cri probability,y_cri_high
13383,0.3345833645841146,0.8614660390047074,0.7296835443037974,0.7901175341808587,score threshold,0.685,raw cri probability,y_cri_high
13383,0.3345833645841146,0.8614660390047074,0.7296835443037974,0.7901175341808587,score threshold,0.686,raw cri probability,y_cri_high
13383,0.3345833645841146,0.8614660390047074,0.7296835443037974,0.7901175341808587,score threshold,0.687,raw cri probability,y_cri_high
13383,0.3345833645841146,0.8614660390047074,0.7296835443037974,0.7901175341808587,score threshold,0.6880000000000001,raw cri probability,y_cri_high
13383,0.3345833645841146,0.8614660390047074,0.7296835443037974,0.7901175341808587,score threshold,0.6890000000000001,raw cri probability,y_cri_high
13383,0.3345833645841146,0.8614660390047074,0.7296835443037974,0.7901175341808587,score threshold,0.6900000000000001,raw cri probability,y_cri_high
13383,0.3345833645841146,0.8614660390047074,0.7296835443037974,0.7901175341808587,score threshold,0.6910000000000001,raw cri probability,y_cri_high
13383,0.3345833645841146,0.8614660390047074,0.7296835443037974,0.7901175341808587,score threshold,0.6920000000000001,raw cri probability,y_cri_high
13383,0.3345833645841146,0.8614660390047074,0.7296835443037974,0.7901175341808587,score threshold,0.6930000000000001,raw cri probability,y_cri_high
13383,0.3345833645841146,0.8614660390047074,0.7296835443037974,0.7901175341808587,score threshold,0.6940000000000001,raw cri probability,y_cri_high
13383,0.3345833645841146,0.8614660390047074,0.7296835443037974,0.7901175341808587,score threshold,0.6950000000000001,raw cri probability,y_cri_high
13383,0.3345833645841146,0.8614660390047074,0.7296835443037974,0.7901175341808587,score threshold,0.6960000000000001,raw cri probability,y_cri_high
13383,0.3345833645841146,0.8614660390047074,0.7296835443037974,0.7901175341808587,score threshold,0.6970000000000001,raw cri probability,y_cri_high
13383,0.3345833645841146,0.8614660390047074,0.7296835443037974,0.7901175341808587,score threshold,0.6980000000000001,raw cri probability,y_cri_high
13383,0.3345833645841146,0.8614660390047074,0.7296835443037974,0.7901175341808587,score threshold,0.6990000000000001,raw cri probability,y_cri_high
13383,0.3345833645841146,0.8614660390047074,0.7296835443037974,0.7901175341808587,score threshold,0.7000000000000001,raw cri probability,y_cri_high
13383,0.3345833645841146,0.8614660390047074,0.7296835443037974,0.7901175341808587,score threshold,0.7010000000000001,raw cri probability,y_cri_high
13383,0.3345833645841146,0.8614660390047074,0.7296835443037974,0.7901175341808587,score threshold,0.7020000000000001,raw cri probability,y_cri_high
12723,0.31808295207380183,0.869134638057062,0.699873417721519,0.7753742593696316,score threshold,0.7030000000000001,raw cri probability,y_cri_high
12723,0.31808295207380183,0.869134638057062,0.699873417721519,0.7753742593696316,score threshold,0.7040000000000001,raw cri probability,y_cri_high
12722,0.31805795144878624,0.869124351517057,0.6998101265822785,0.7753313231891171,score threshold,0.705,raw cri probability,y_cri_high
12578,0.31445786144653615,0.8709651772936874,0.6933544303797469,0.772076961026147,score threshold,0.706,raw cri probability,y_cri_high
12578,0.31445786144653615,0.8709651772936874,0.6933544303797469,0.772076961026147,score threshold,0.707,raw cri probability,y_cri_high
12578,0.31445786144653615,0.8709651772936874,0.6933544303797469,0.772076961026147,score threshold,0.708,raw cri probability,y_cri_high
12438,0.3109577739443486,0.872969930857051,0.6872151898734177,0.769034634180891,score threshold,0.709,raw cri probability,y_cri_high
12438,0.3109577739443486,0.872969930857051,0.6872151898734177,0.769034634180891,score threshold,0.71,raw cri probability,y_cri_high
12437,0.310932773319333,0.8729597169735467,0.6871518987341773,0.7689910401246591,score threshold,0.711,raw cri probability,y_cri_high
12437,0.310932773319333,0.8729597169735467,0.6871518987341773,0.7689910401246591,score threshold,0.712,raw cri probability,y_cri_high
12437,0.310932773319333,0.8729597169735467,0.6871518987341773,0.7689910401246591,score threshold,0.713,raw cri probability,y_cri_high
12437,0.310932773319333,0.8729597169735467,0.6871518987341773,0.7689910401246591,score threshold,0.714,raw cri probability,y_cri_high
12437,0.310932773319333,0.8729597169735467,0.6871518987341773,0.7689910401246591,score threshold,0.715,raw cri probability,y_cri_high
12437,0.310932773319333,0.8729597169735467,0.6871518987341773,0.7689910401246591,score threshold,0.716,raw cri probability,y_cri_high
12437,0.310932773319333,0.8729597169735467,0.6871518987341773,0.7689910401246591,score threshold,0.717,raw cri probability,y_cri_high
12437,0.310932773319333,0.8729597169735467,0.6871518987341773,0.7689910401246591,score threshold,0.718,raw cri probability,y_cri_high
12437,0.310932773319333,0.8729597169735467,0.6871518987341773,0.7689910401246591,score threshold,0.719,raw cri probability,y_cri_high
12437,0.310932773319333,0.8729597169735467,0.6871518987341773,0.7689910401246591,score threshold,0.72,raw cri probability,y_cri_high
12437,0.310932773319333,0.8729597169735467,0.6871518987341773,0.7689910401246591,score threshold,0.721,raw cri probability,y_cri_high
12437,0.310932773319333,0.8729597169735467,0.6871518987341773,0.7689910401246591,score threshold,0.722,raw cri probability,y_cri_high
12437,0.310932773319333,0.8729597169735467,0.6871518987341773,0.7689910401246591,score threshold,0.723,raw cri probability,y_cri_high
12437,0.310932773319333,0.8729597169735467,0.6871518987341773,0.7689910401246591,score threshold,0.724,raw cri probability,y_cri_high
12437,0.310932773319333,0.8729597169735467,0.6871518987341773,0.7689910401246591,score threshold,0.725,raw cri probability,y_cri_high
12437,0.310932773319333,0.8729597169735467,0.6871518987341773,0.7689910401246591,score threshold,0.726,raw cri probability,y_cri_high
12437,0.310932773319333,0.8729597169735467,0.6871518987341773,0.7689910401246591,score threshold,0.727,raw cri probability,y_cri_high
12437,0.310932773319333,0.8729597169735467,0.6871518987341773,0.7689910401246591,score threshold,0.728,raw cri probability,y_cri_high
12437,0.310932773319333,0.8729597169735467,0.6871518987341773,0.7689910401246591,score threshold,0.729,raw cri probability,y_cri_high
12437,0.310932773319333,0.8729597169735467,0.6871518987341773,0.7689910401246591,score threshold,0.73,raw cri probability,y_cri_high
12437,0.310932773319333,0.8729597169735467,0.6871518987341773,0.7689910401246591,score threshold,0.731,raw cri probability,y_cri_high
12437,0.310932773319333,0.8729597169735467,0.6871518987341773,0.7689910401246591,score threshold,0.732,raw cri probability,y_cri_high
12437,0.310932773319333,0.8729597169735467,0.6871518987341773,0.7689910401246591,score threshold,0.733,raw cri probability,y_cri_high
12437,0.310932773319333,0.8729597169735467,0.6871518987341773,0.7689910401246591,score threshold,0.734,raw cri probability,y_cri_high
12437,0.310932773319333,0.8729597169735467,0.6871518987341773,0.7689910401246591,score threshold,0.735,raw cri probability,y_cri_high
12437,0.310932773319333,0.8729597169735467,0.6871518987341773,0.7689910401246591,score threshold,0.736,raw cri probability,y_cri_high
11966,0.2991574789369734,0.8779876316229316,0.6649367088607595,0.7567528632140027,score threshold,0.737,raw cri probability,y_cri_high
11966,0.2991574789369734,0.8779876316229316,0.6649367088607595,0.7567528632140027,score threshold,0.738,raw cri probability,y_cri_high
11966,0.2991574789369734,0.8779876316229316,0.6649367088607595,0.7567528632140027,score threshold,0.739,raw cri probability,y_cri_high
11966,0.2991574789369734,0.8779876316229316,0.6649367088607595,0.7567528632140027,score threshold,0.74,raw cri probability,y_cri_high
11966,0.2991574789369734,0.8779876316229316,0.6649367088607595,0.7567528632140027,score threshold,0.741,raw cri probability,y_cri_high
11966,0.2991574789369734,0.8779876316229316,0.6649367088607595,0.7567528632140027,score threshold,0.742,raw cri probability,y_cri_high
11934,0.2983574589364734,0.8786659963130551,0.6636708860759494,0.7561837455830389,score threshold,0.743,raw cri probability,y_cri_high
11934,0.2983574589364734,0.8786659963130551,0.6636708860759494,0.7561837455830389,score threshold,0.744,raw cri probability,y_cri_high
11934,0.2983574589364734,0.8786659963130551,0.6636708860759494,0.7561837455830389,score threshold,0.745,raw cri probability,y_cri_high
11933,0.29833245831145777,0.8786558283750943,0.6636075949367088,0.7561388959001911,score threshold,0.746,raw cri probability,y_cri_high
11933,0.29833245831145777,0.8786558283750943,0.6636075949367088,0.7561388959001911,score threshold,0.747,raw cri probability,y_cri_high
11933,0.29833245831145777,0.8786558283750943,0.6636075949367088,0.7561388959001911,score threshold,0.748,raw cri probability,y_cri_high
11933,0.29833245831145777,0.8786558283750943,0.6636075949367088,0.7561388959001911,score threshold,0.749,raw cri probability,y_cri_high
11933,0.29833245831145777,0.8786558283750943,0.6636075949367088,0.7561388959001911,score threshold,0.75,raw cri probability,y_cri_high
11621,0.29053226330658266,0.8821960244385165,0.6488607594936708,0.7477480762918931,score threshold,0.751,raw cri probability,y_cri_high
11621,0.29053226330658266,0.8821960244385165,0.6488607594936708,0.7477480762918931,score threshold,0.752,raw cri probability,y_cri_high
11621,0.29053226330658266,0.8821960244385165,0.6488607594936708,0.7477480762918931,score threshold,0.753,raw cri probability,y_cri_high
11621,0.29053226330658266,0.8821960244385165,0.6488607594936708,0.7477480762918931,score threshold,0.754,raw cri probability,y_cri_high
11621,0.29053226330658266,0.8821960244385165,0.6488607594936708,0.7477480762918931,score threshold,0.755,raw cri probability,y_cri_high
11621,0.29053226330658266,0.8821960244385165,0.6488607594936708,0.7477480762918931,score threshold,0.756,raw cri probability,y_cri_high
11621,0.29053226330658266,0.8821960244385165,0.6488607594936708,0.7477480762918931,score threshold,0.757,raw cri probability,y_cri_high
11621,0.29053226330658266,0.8821960244385165,0.6488607594936708,0.7477480762918931,score threshold,0.758,raw cri probability,y_cri_high
11621,0.29053226330658266,0.8821960244385165,0.6488607594936708,0.7477480762918931,score threshold,0.759,raw cri probability,y_cri_high
11619,0.2904822620565514,0.8822618125484121,0.6487974683544304,0.7477296765016959,score threshold,0.76,raw cri probability,y_cri_high
11619,0.2904822620565514,0.8822618125484121,0.6487974683544304,0.7477296765016959,score threshold,0.761,raw cri probability,y_cri_high
11619,0.2904822620565514,0.8822618125484121,0.6487974683544304,0.7477296765016959,score threshold,0.762,raw cri probability,y_cri_high
11618,0.2904572614315358,0.8822516784300224,0.6487341772151899,0.7476840032095704,score threshold,0.763,raw cri probability,y_cri_high
11617,0.2904322608065202,0.8822415425669278,0.6486708860759494,0.747638326585695,score threshold,0.764,raw cri probability,y_cri_high
10273,0.2568314207855196,0.8995424900223888,0.584873417721519,0.7088559045756146,score threshold,0.765,raw cri probability,y_cri_high
10273,0.2568314207855196,0.8995424900223888,0.584873417721519,0.7088559045756146,score threshold,0.766,raw cri probability,y_cri_high
10273,0.2568314207855196,0.8995424900223888,0.584873417721519,0.7088559045756146,score threshold,0.767,raw cri probability,y_cri_high
10273,0.2568314207855196,0.8995424900223888,0.584873417721519,0.7088559045756146,score threshold,0.768,raw cri probability,y_cri_high
10273,0.2568314207855196,0.8995424900223888,0.584873417721519,0.7088559045756146,score threshold,0.769,raw cri probability,y_cri_high
10273,0.2568314207855196,0.8995424900223888,0.584873417721519,0.7088559045756146,score threshold,0.77,raw cri probability,y_cri_high
10273,0.2568314207855196,0.8995424900223888,0.584873417721519,0.7088559045756146,score threshold,0.771,raw cri probability,y_cri_high
10273,0.2568314207855196,0.8995424900223888,0.584873417721519,0.7088559045756146,score threshold,0.772,raw cri probability,y_cri_high
10273,0.2568314207855196,0.8995424900223888,0.584873417721519,0.7088559045756146,score threshold,0.773,raw cri probability,y_cri_high
10273,0.2568314207855196,0.8995424900223888,0.584873417721519,0.7088559045756146,score threshold,0.774,raw cri probability,y_cri_high
10273,0.2568314207855196,0.8995424900223888,0.584873417721519,0.7088559045756146,score threshold,0.775,raw cri probability,y_cri_high
10273,0.2568314207855196,0.8995424900223888,0.584873417721519,0.7088559045756146,score threshold,0.776,raw cri probability,y_cri_high
10273,0.2568314207855196,0.8995424900223888,0.584873417721519,0.7088559045756146,score threshold,0.777,raw cri probability,y_cri_high
10273,0.2568314207855196,0.8995424900223888,0.584873417721519,0.7088559045756146,score threshold,0.778,raw cri probability,y_cri_high
10273,0.2568314207855196,0.8995424900223888,0.584873417721519,0.7088559045756146,score threshold,0.779,raw cri probability,y_cri_high
9204,0.2301057526438161,0.914819643633203,0.5329113924050632,0.6734922412414014,score threshold,0.78,raw cri probability,y_cri_high
9204,0.2301057526438161,0.914819643633203,0.5329113924050632,0.6734922412414014,score threshold,0.781,raw cri probability,y_cri_high
9204,0.2301057526438161,0.914819643633203,0.5329113924050632,0.6734922412414014,score threshold,0.782,raw cri probability,y_cri_high
9204,0.2301057526438161,0.914819643633203,0.5329113924050632,0.6734922412414014,score threshold,0.783,raw cri probability,y_cri_high
9204,0.2301057526438161,0.914819643633203,0.5329113924050632,0.6734922412414014,score threshold,0.784,raw cri probability,y_cri_high
9204,0.2301057526438161,0.914819643633203,0.5329113924050632,0.6734922412414014,score threshold,0.785,raw cri probability,y_cri_high
9204,0.2301057526438161,0.914819643633203,0.5329113924050632,0.6734922412414014,score threshold,0.786,raw cri probability,y_cri_high
9204,0.2301057526438161,0.914819643633203,0.5329113924050632,0.6734922412414014,score threshold,0.787,raw cri probability,y_cri_high
9204,0.2301057526438161,0.914819643633203,0.5329113924050632,0.6734922412414014,score threshold,0.788,raw cri probability,y_cri_high
9204,0.2301057526438161,0.914819643633203,0.5329113924050632,0.6734922412414014,score threshold,0.789,raw cri probability,y_cri_high
9204,0.2301057526438161,0.914819643633203,0.5329113924050632,0.6734922412414014,score threshold,0.79,raw cri probability,y_cri_high
7787,0.19467986699667492,0.9368177732117632,0.4617088607594937,0.6185610717768262,score threshold,0.791,raw cri probability,y_cri_high
7787,0.19467986699667492,0.9368177732117632,0.4617088607594937,0.6185610717768262,score threshold,0.792,raw cri probability,y_cri_high
7787,0.19467986699667492,0.9368177732117632,0.4617088607594937,0.6185610717768262,score threshold,0.793,raw cri probability,y_cri_high
7787,0.19467986699667492,0.9368177732117632,0.4617088607594937,0.6185610717768262,score threshold,0.794,raw cri probability,y_cri_high
7787,0.19467986699667492,0.9368177732117632,0.4617088607594937,0.6185610717768262,score threshold,0.795,raw cri probability,y_cri_high
7787,0.19467986699667492,0.9368177732117632,0.4617088607594937,0.6185610717768262,score threshold,0.796,raw cri probability,y_cri_high
7787,0.19467986699667492,0.9368177732117632,0.4617088607594937,0.6185610717768262,score threshold,0.797,raw cri probability,y_cri_high
7787,0.19467986699667492,0.9368177732117632,0.4617088607594937,0.6185610717768262,score threshold,0.798,raw cri probability,y_cri_high
7787,0.19467986699667492,0.9368177732117632,0.4617088607594937,0.6185610717768262,score threshold,0.799,raw cri probability,y_cri_high
7787,0.19467986699667492,0.9368177732117632,0.4617088607594937,0.6185610717768262,score threshold,0.8,raw cri probability,y_cri_high
7787,0.19467986699667492,0.9368177732117632,0.4617088607594937,0.6185610717768262,score threshold,0.801,raw cri probability,y_cri_high
7787,0.19467986699667492,0.9368177732117632,0.4617088607594937,0.6185610717768262,score threshold,0.802,raw cri probability,y_cri_high
7787,0.19467986699667492,0.9368177732117632,0.4617088607594937,0.6185610717768262,score threshold,0.803,raw cri probability,y_cri_high
7787,0.19467986699667492,0.9368177732117632,0.4617088607594937,0.6185610717768262,score threshold,0.804,raw cri probability,y_cri_high
7787,0.19467986699667492,0.9368177732117632,0.4617088607594937,0.6185610717768262,score threshold,0.805,raw cri probability,y_cri_high
7787,0.19467986699667492,0.9368177732117632,0.4617088607594937,0.6185610717768262,score threshold,0.806,raw cri probability,y_cri_high
7787,0.19467986699667492,0.9368177732117632,0.4617088607594937,0.6185610717768262,score threshold,0.807,raw cri probability,y_cri_high
7787,0.19467986699667492,0.9368177732117632,0.4617088607594937,0.6185610717768262,score threshold,0.808,raw cri probability,y_cri_high
7787,0.19467986699667492,0.9368177732117632,0.4617088607594937,0.6185610717768262,score threshold,0.809,raw cri probability,y_cri_high
7787,0.19467986699667492,0.9368177732117632,0.4617088607594937,0.6185610717768262,score threshold,0.81,raw cri probability,y_cri_high
7787,0.19467986699667492,0.9368177732117632,0.4617088607594937,0.6185610717768262,score threshold,0.811,raw cri probability,y_cri_high
7787,0.19467986699667492,0.9368177732117632,0.4617088607594937,0.6185610717768262,score threshold,0.812,raw cri probability,y_cri_high
7787,0.19467986699667492,0.9368177732117632,0.4617088607594937,0.6185610717768262,score threshold,0.8130000000000001,raw cri probability,y_cri_high
7787,0.19467986699667492,0.9368177732117632,0.4617088607594937,0.6185610717768262,score threshold,0.8140000000000001,raw cri probability,y_cri_high
7787,0.19467986699667492,0.9368177732117632,0.4617088607594937,0.6185610717768262,score threshold,0.8150000000000001,raw cri probability,y_cri_high
7787,0.19467986699667492,0.9368177732117632,0.4617088607594937,0.6185610717768262,score threshold,0.8160000000000001,raw cri probability,y_cri_high
7787,0.19467986699667492,0.9368177732117632,0.4617088607594937,0.6185610717768262,score threshold,0.8170000000000001,raw cri probability,y_cri_high
7787,0.19467986699667492,0.9368177732117632,0.4617088607594937,0.6185610717768262,score threshold,0.8180000000000001,raw cri probability,y_cri_high
7787,0.19467986699667492,0.9368177732117632,0.4617088607594937,0.6185610717768262,score threshold,0.8190000000000001,raw cri probability,y_cri_high
7787,0.19467986699667492,0.9368177732117632,0.4617088607594937,0.6185610717768262,score threshold,0.8200000000000001,raw cri probability,y_cri_high
7787,0.19467986699667492,0.9368177732117632,0.4617088607594937,0.6185610717768262,score threshold,0.8210000000000001,raw cri probability,y_cri_high
7787,0.19467986699667492,0.9368177732117632,0.4617088607594937,0.6185610717768262,score threshold,0.8220000000000001,raw cri probability,y_cri_high
7787,0.19467986699667492,0.9368177732117632,0.4617088607594937,0.6185610717768262,score threshold,0.8230000000000001,raw cri probability,y_cri_high
7787,0.19467986699667492,0.9368177732117632,0.4617088607594937,0.6185610717768262,score threshold,0.8240000000000001,raw cri probability,y_cri_high
7787,0.19467986699667492,0.9368177732117632,0.4617088607594937,0.6185610717768262,score threshold,0.8250000000000001,raw cri probability,y_cri_high
7787,0.19467986699667492,0.9368177732117632,0.4617088607594937,0.6185610717768262,score threshold,0.8260000000000001,raw cri probability,y_cri_high
7787,0.19467986699667492,0.9368177732117632,0.4617088607594937,0.6185610717768262,score threshold,0.8270000000000001,raw cri probability,y_cri_high
7303,0.18257956448911222,0.9442694782965905,0.43645569620253166,0.5969787473488292,score threshold,0.8280000000000001,raw cri probability,y_cri_high
7303,0.18257956448911222,0.9442694782965905,0.43645569620253166,0.5969787473488292,score threshold,0.8290000000000001,raw cri probability,y_cri_high
7303,0.18257956448911222,0.9442694782965905,0.43645569620253166,0.5969787473488292,score threshold,0.8300000000000001,raw cri probability,y_cri_high
7303,0.18257956448911222,0.9442694782965905,0.43645569620253166,0.5969787473488292,score threshold,0.8310000000000001,raw cri probability,y_cri_high
7303,0.18257956448911222,0.9442694782965905,0.43645569620253166,0.5969787473488292,score threshold,0.8320000000000001,raw cri probability,y_cri_high
7303,0.18257956448911222,0.9442694782965905,0.43645569620253166,0.5969787473488292,score threshold,0.8330000000000001,raw cri probability,y_cri_high
7286,0.1821545538638466,0.9444139445511941,0.43550632911392406,0.5961188599151,score threshold,0.834,raw cri probability,y_cri_high
7286,0.1821545538638466,0.9444139445511941,0.43550632911392406,0.5961188599151,score threshold,0.835,raw cri probability,y_cri_high
7286,0.1821545538638466,0.9444139445511941,0.43550632911392406,0.5961188599151,score threshold,0.836,raw cri probability,y_cri_high
7286,0.1821545538638466,0.9444139445511941,0.43550632911392406,0.5961188599151,score threshold,0.837,raw cri probability,y_cri_high
7286,0.1821545538638466,0.9444139445511941,0.43550632911392406,0.5961188599151,score threshold,0.838,raw cri probability,y_cri_high
7286,0.1821545538638466,0.9444139445511941,0.43550632911392406,0.5961188599151,score threshold,0.839,raw cri probability,y_cri_high
6519,0.1629790744768619,0.9607301733394692,0.39639240506329115,0.5612258613737174,score threshold,0.84,raw cri probability,y_cri_high
6519,0.1629790744768619,0.9607301733394692,0.39639240506329115,0.5612258613737174,score threshold,0.841,raw cri probability,y_cri_high
6519,0.1629790744768619,0.9607301733394692,0.39639240506329115,0.5612258613737174,score threshold,0.842,raw cri probability,y_cri_high
6519,0.1629790744768619,0.9607301733394692,0.39639240506329115,0.5612258613737174,score threshold,0.843,raw cri probability,y_cri_high
6519,0.1629790744768619,0.9607301733394692,0.39639240506329115,0.5612258613737174,score threshold,0.844,raw cri probability,y_cri_high
6519,0.1629790744768619,0.9607301733394692,0.39639240506329115,0.5612258613737174,score threshold,0.845,raw cri probability,y_cri_high
6519,0.1629790744768619,0.9607301733394692,0.39639240506329115,0.5612258613737174,score threshold,0.846,raw cri probability,y_cri_high
6506,0.1626540663516588,0.9609591146633877,0.39569620253164556,0.5605666636779342,score threshold,0.847,raw cri probability,y_cri_high
6506,0.1626540663516588,0.9609591146633877,0.39569620253164556,0.5605666636779342,score threshold,0.848,raw cri probability,y_cri_high
6506,0.1626540663516588,0.9609591146633877,0.39569620253164556,0.5605666636779342,score threshold,0.849,raw cri probability,y_cri_high
6506,0.1626540663516588,0.9609591146633877,0.39569620253164556,0.5605666636779342,score threshold,0.85,raw cri probability,y_cri_high
6506,0.1626540663516588,0.9609591146633877,0.39569620253164556,0.5605666636779342,score threshold,0.851,raw cri probability,y_cri_high
6506,0.1626540663516588,0.9609591146633877,0.39569620253164556,0.5605666636779342,score threshold,0.852,raw cri probability,y_cri_high
6504,0.16260406510162753,0.9609471094710947,0.39556962025316456,0.5604375896700143,score threshold,0.853,raw cri probability,y_cri_high
6452,0.16130403260081502,0.9617172969621822,0.39272151898734176,0.5577026784109294,score threshold,0.854,raw cri probability,y_cri_high
6452,0.16130403260081502,0.9617172969621822,0.39272151898734176,0.5577026784109294,score threshold,0.855,raw cri probability,y_cri_high
6452,0.16130403260081502,0.9617172969621822,0.39272151898734176,0.5577026784109294,score threshold,0.856,raw cri probability,y_cri_high
6452,0.16130403260081502,0.9617172969621822,0.39272151898734176,0.5577026784109294,score threshold,0.857,raw cri probability,y_cri_high
6452,0.16130403260081502,0.9617172969621822,0.39272151898734176,0.5577026784109294,score threshold,0.858,raw cri probability,y_cri_high
6452,0.16130403260081502,0.9617172969621822,0.39272151898734176,0.5577026784109294,score threshold,0.859,raw cri probability,y_cri_high
6452,0.16130403260081502,0.9617172969621822,0.39272151898734176,0.5577026784109294,score threshold,0.86,raw cri probability,y_cri_high
6452,0.16130403260081502,0.9617172969621822,0.39272151898734176,0.5577026784109294,score threshold,0.861,raw cri probability,y_cri_high
6452,0.16130403260081502,0.9617172969621822,0.39272151898734176,0.5577026784109294,score threshold,0.862,raw cri probability,y_cri_high
6452,0.16130403260081502,0.9617172969621822,0.39272151898734176,0.5577026784109294,score threshold,0.863,raw cri probability,y_cri_high
6452,0.16130403260081502,0.9617172969621822,0.39272151898734176,0.5577026784109294,score threshold,0.864,raw cri probability,y_cri_high
6452,0.16130403260081502,0.9617172969621822,0.39272151898734176,0.5577026784109294,score threshold,0.865,raw cri probability,y_cri_high
6452,0.16130403260081502,0.9617172969621822,0.39272151898734176,0.5577026784109294,score threshold,0.866,raw cri probability,y_cri_high
6452,0.16130403260081502,0.9617172969621822,0.39272151898734176,0.5577026784109294,score threshold,0.867,raw cri probability,y_cri_high
6452,0.16130403260081502,0.9617172969621822,0.39272151898734176,0.5577026784109294,score threshold,0.868,raw cri probability,y_cri_high
6452,0.16130403260081502,0.9617172969621822,0.39272151898734176,0.5577026784109294,score threshold,0.869,raw cri probability,y_cri_high
6452,0.16130403260081502,0.9617172969621822,0.39272151898734176,0.5577026784109294,score threshold,0.87,raw cri probability,y_cri_high
6452,0.16130403260081502,0.9617172969621822,0.39272151898734176,0.5577026784109294,score threshold,0.871,raw cri probability,y_cri_high
6452,0.16130403260081502,0.9617172969621822,0.39272151898734176,0.5577026784109294,score threshold,0.872,raw cri probability,y_cri_high
6452,0.16130403260081502,0.9617172969621822,0.39272151898734176,0.5577026784109294,score threshold,0.873,raw cri probability,y_cri_high
6452,0.16130403260081502,0.9617172969621822,0.39272151898734176,0.5577026784109294,score threshold,0.874,raw cri probability,y_cri_high
6452,0.16130403260081502,0.9617172969621822,0.39272151898734176,0.5577026784109294,score threshold,0.875,raw cri probability,y_cri_high
6452,0.16130403260081502,0.9617172969621822,0.39272151898734176,0.5577026784109294,score threshold,0.876,raw cri probability,y_cri_high
6452,0.16130403260081502,0.9617172969621822,0.39272151898734176,0.5577026784109294,score threshold,0.877,raw cri probability,y_cri_high
6452,0.16130403260081502,0.9617172969621822,0.39272151898734176,0.5577026784109294,score threshold,0.878,raw cri probability,y_cri_high
6452,0.16130403260081502,0.9617172969621822,0.39272151898734176,0.5577026784109294,score threshold,0.879,raw cri probability,y_cri_high
6452,0.16130403260081502,0.9617172969621822,0.39272151898734176,0.5577026784109294,score threshold,0.88,raw cri probability,y_cri_high
6452,0.16130403260081502,0.9617172969621822,0.39272151898734176,0.5577026784109294,score threshold,0.881,raw cri probability,y_cri_high
6452,0.16130403260081502,0.9617172969621822,0.39272151898734176,0.5577026784109294,score threshold,0.882,raw cri probability,y_cri_high
6452,0.16130403260081502,0.9617172969621822,0.39272151898734176,0.5577026784109294,score threshold,0.883,raw cri probability,y_cri_high
6452,0.16130403260081502,0.9617172969621822,0.39272151898734176,0.5577026784109294,score threshold,0.884,raw cri probability,y_cri_high
6452,0.16130403260081502,0.9617172969621822,0.39272151898734176,0.5577026784109294,score threshold,0.885,raw cri probability,y_cri_high
6452,0.16130403260081502,0.9617172969621822,0.39272151898734176,0.5577026784109294,score threshold,0.886,raw cri probability,y_cri_high
6452,0.16130403260081502,0.9617172969621822,0.39272151898734176,0.5577026784109294,score threshold,0.887,raw cri probability,y_cri_high
5775,0.14437860946523662,0.9712554112554113,0.355,0.5199536500579375,score threshold,0.888,raw cri probability,y_cri_high
5775,0.14437860946523662,0.9712554112554113,0.355,0.5199536500579375,score threshold,0.889,raw cri probability,y_cri_high
5775,0.14437860946523662,0.9712554112554113,0.355,0.5199536500579375,score threshold,0.89,raw cri probability,y_cri_high
5774,0.144353608840221,0.971250432975407,0.3549367088607595,0.5198850468156114,score threshold,0.891,raw cri probability,y_cri_high
5774,0.144353608840221,0.971250432975407,0.3549367088607595,0.5198850468156114,score threshold,0.892,raw cri probability,y_cri_high
5773,0.14432860821520538,0.9712454529707258,0.354873417721519,0.5198164372131832,score threshold,0.893,raw cri probability,y_cri_high
5773,0.14432860821520538,0.9712454529707258,0.354873417721519,0.5198164372131832,score threshold,0.894,raw cri probability,y_cri_high
5772,0.14430360759018976,0.9714137214137214,0.354873417721519,0.5198405340255887,score threshold,0.895,raw cri probability,y_cri_high
5772,0.14430360759018976,0.9714137214137214,0.354873417721519,0.5198405340255887,score threshold,0.896,raw cri probability,y_cri_high
5772,0.14430360759018976,0.9714137214137214,0.354873417721519,0.5198405340255887,score threshold,0.897,raw cri probability,y_cri_high
5772,0.14430360759018976,0.9714137214137214,0.354873417721519,0.5198405340255887,score threshold,0.898,raw cri probability,y_cri_high
5772,0.14430360759018976,0.9714137214137214,0.354873417721519,0.5198405340255887,score threshold,0.899,raw cri probability,y_cri_high
5772,0.14430360759018976,0.9714137214137214,0.354873417721519,0.5198405340255887,score threshold,0.9,raw cri probability,y_cri_high
5772,0.14430360759018976,0.9714137214137214,0.354873417721519,0.5198405340255887,score threshold,0.901,raw cri probability,y_cri_high
5155,0.12887822195554888,0.9807953443258972,0.32,0.4825578620854211,score threshold,0.902,raw cri probability,y_cri_high
5155,0.12887822195554888,0.9807953443258972,0.32,0.4825578620854211,score threshold,0.903,raw cri probability,y_cri_high
5155,0.12887822195554888,0.9807953443258972,0.32,0.4825578620854211,score threshold,0.904,raw cri probability,y_cri_high
5155,0.12887822195554888,0.9807953443258972,0.32,0.4825578620854211,score threshold,0.905,raw cri probability,y_cri_high
5155,0.12887822195554888,0.9807953443258972,0.32,0.4825578620854211,score threshold,0.906,raw cri probability,y_cri_high
5155,0.12887822195554888,0.9807953443258972,0.32,0.4825578620854211,score threshold,0.907,raw cri probability,y_cri_high
5155,0.12887822195554888,0.9807953443258972,0.32,0.4825578620854211,score threshold,0.908,raw cri probability,y_cri_high
5155,0.12887822195554888,0.9807953443258972,0.32,0.4825578620854211,score threshold,0.909,raw cri probability,y_cri_high
5155,0.12887822195554888,0.9807953443258972,0.32,0.4825578620854211,score threshold,0.91,raw cri probability,y_cri_high
5155,0.12887822195554888,0.9807953443258972,0.32,0.4825578620854211,score threshold,0.911,raw cri probability,y_cri_high
5155,0.12887822195554888,0.9807953443258972,0.32,0.4825578620854211,score threshold,0.912,raw cri probability,y_cri_high
5155,0.12887822195554888,0.9807953443258972,0.32,0.4825578620854211,score threshold,0.913,raw cri probability,y_cri_high
5155,0.12887822195554888,0.9807953443258972,0.32,0.4825578620854211,score threshold,0.914,raw cri probability,y_cri_high
5155,0.12887822195554888,0.9807953443258972,0.32,0.4825578620854211,score threshold,0.915,raw cri probability,y_cri_high
5155,0.12887822195554888,0.9807953443258972,0.32,0.4825578620854211,score threshold,0.916,raw cri probability,y_cri_high
5155,0.12887822195554888,0.9807953443258972,0.32,0.4825578620854211,score threshold,0.917,raw cri probability,y_cri_high
5155,0.12887822195554888,0.9807953443258972,0.32,0.4825578620854211,score threshold,0.918,raw cri probability,y_cri_high
5155,0.12887822195554888,0.9807953443258972,0.32,0.4825578620854211,score threshold,0.919,raw cri probability,y_cri_high
5155,0.12887822195554888,0.9807953443258972,0.32,0.4825578620854211,score threshold,0.92,raw cri probability,y_cri_high
5155,0.12887822195554888,0.9807953443258972,0.32,0.4825578620854211,score threshold,0.921,raw cri probability,y_cri_high
5155,0.12887822195554888,0.9807953443258972,0.32,0.4825578620854211,score threshold,0.922,raw cri probability,y_cri_high
4833,0.12082802070051751,0.9848955100351748,0.3012658227848101,0.46139679154752095,score threshold,0.923,raw cri probability,y_cri_high
4833,0.12082802070051751,0.9848955100351748,0.3012658227848101,0.46139679154752095,score threshold,0.924,raw cri probability,y_cri_high
4833,0.12082802070051751,0.9848955100351748,0.3012658227848101,0.46139679154752095,score threshold,0.925,raw cri probability,y_cri_high
4833,0.12082802070051751,0.9848955100351748,0.3012658227848101,0.46139679154752095,score threshold,0.926,raw cri probability,y_cri_high
4833,0.12082802070051751,0.9848955100351748,0.3012658227848101,0.46139679154752095,score threshold,0.927,raw cri probability,y_cri_high
4833,0.12082802070051751,0.9848955100351748,0.3012658227848101,0.46139679154752095,score threshold,0.928,raw cri probability,y_cri_high
4833,0.12082802070051751,0.9848955100351748,0.3012658227848101,0.46139679154752095,score threshold,0.929,raw cri probability,y_cri_high
4833,0.12082802070051751,0.9848955100351748,0.3012658227848101,0.46139679154752095,score threshold,0.93,raw cri probability,y_cri_high
4833,0.12082802070051751,0.9848955100351748,0.3012658227848101,0.46139679154752095,score threshold,0.931,raw cri probability,y_cri_high
4833,0.12082802070051751,0.9848955100351748,0.3012658227848101,0.46139679154752095,score threshold,0.932,raw cri probability,y_cri_high
4833,0.12082802070051751,0.9848955100351748,0.3012658227848101,0.46139679154752095,score threshold,0.933,raw cri probability,y_cri_high
4833,0.12082802070051751,0.9848955100351748,0.3012658227848101,0.46139679154752095,score threshold,0.934,raw cri probability,y_cri_high
4833,0.12082802070051751,0.9848955100351748,0.3012658227848101,0.46139679154752095,score threshold,0.935,raw cri probability,y_cri_high
4833,0.12082802070051751,0.9848955100351748,0.3012658227848101,0.46139679154752095,score threshold,0.936,raw cri probability,y_cri_high
4833,0.12082802070051751,0.9848955100351748,0.3012658227848101,0.46139679154752095,score threshold,0.937,raw cri probability,y_cri_high
4833,0.12082802070051751,0.9848955100351748,0.3012658227848101,0.46139679154752095,score threshold,0.9380000000000001,raw cri probability,y_cri_high
4833,0.12082802070051751,0.9848955100351748,0.3012658227848101,0.46139679154752095,score threshold,0.9390000000000001,raw cri probability,y_cri_high
4833,0.12082802070051751,0.9848955100351748,0.3012658227848101,0.46139679154752095,score threshold,0.9400000000000001,raw cri probability,y_cri_high
4833,0.12082802070051751,0.9848955100351748,0.3012658227848101,0.46139679154752095,score threshold,0.9410000000000001,raw cri probability,y_cri_high
4833,0.12082802070051751,0.9848955100351748,0.3012658227848101,0.46139679154752095,score threshold,0.9420000000000001,raw cri probability,y_cri_high
4832,0.1208030200755019,0.9848923841059603,0.3012025316455696,0.46132221791392014,score threshold,0.9430000000000001,raw cri probability,y_cri_high
4832,0.1208030200755019,0.9848923841059603,0.3012025316455696,0.46132221791392014,score threshold,0.9440000000000001,raw cri probability,y_cri_high
4832,0.1208030200755019,0.9848923841059603,0.3012025316455696,0.46132221791392014,score threshold,0.9450000000000001,raw cri probability,y_cri_high
4831,0.12077801945048626,0.984889256882633,0.3011392405063291,0.4612476370510397,score threshold,0.9460000000000001,raw cri probability,y_cri_high
4831,0.12077801945048626,0.984889256882633,0.3011392405063291,0.4612476370510397,score threshold,0.9470000000000001,raw cri probability,y_cri_high
3945,0.09862746568664217,0.9964512040557668,0.24879746835443037,0.39817675360850846,score threshold,0.9480000000000001,raw cri probability,y_cri_high
3945,0.09862746568664217,0.9964512040557668,0.24879746835443037,0.39817675360850846,score threshold,0.9490000000000001,raw cri probability,y_cri_high
3945,0.09862746568664217,0.9964512040557668,0.24879746835443037,0.39817675360850846,score threshold,0.9500000000000001,raw cri probability,y_cri_high
3945,0.09862746568664217,0.9964512040557668,0.24879746835443037,0.39817675360850846,score threshold,0.9510000000000001,raw cri probability,y_cri_high
3945,0.09862746568664217,0.9964512040557668,0.24879746835443037,0.39817675360850846,score threshold,0.9520000000000001,raw cri probability,y_cri_high
3945,0.09862746568664217,0.9964512040557668,0.24879746835443037,0.39817675360850846,score threshold,0.9530000000000001,raw cri probability,y_cri_high
3945,0.09862746568664217,0.9964512040557668,0.24879746835443037,0.39817675360850846,score threshold,0.9540000000000001,raw cri probability,y_cri_high
3945,0.09862746568664217,0.9964512040557668,0.24879746835443037,0.39817675360850846,score threshold,0.9550000000000001,raw cri probability,y_cri_high
3945,0.09862746568664217,0.9964512040557668,0.24879746835443037,0.39817675360850846,score threshold,0.9560000000000001,raw cri probability,y_cri_high
3945,0.09862746568664217,0.9964512040557668,0.24879746835443037,0.39817675360850846,score threshold,0.9570000000000001,raw cri probability,y_cri_high
3945,0.09862746568664217,0.9964512040557668,0.24879746835443037,0.39817675360850846,score threshold,0.9580000000000001,raw cri probability,y_cri_high
3945,0.09862746568664217,0.9964512040557668,0.24879746835443037,0.39817675360850846,score threshold,0.9590000000000001,raw cri probability,y_cri_high
3944,0.09860246506162654,0.9964503042596349,0.24873417721518987,0.398095623987034,score threshold,0.9600000000000001,raw cri probability,y_cri_high
3944,0.09860246506162654,0.9964503042596349,0.24873417721518987,0.398095623987034,score threshold,0.961,raw cri probability,y_cri_high
3944,0.09860246506162654,0.9964503042596349,0.24873417721518987,0.398095623987034,score threshold,0.962,raw cri probability,y_cri_high
3944,0.09860246506162654,0.9964503042596349,0.24873417721518987,0.398095623987034,score threshold,0.963,raw cri probability,y_cri_high
3944,0.09860246506162654,0.9964503042596349,0.24873417721518987,0.398095623987034,score threshold,0.964,raw cri probability,y_cri_high
3944,0.09860246506162654,0.9964503042596349,0.24873417721518987,0.398095623987034,score threshold,0.965,raw cri probability,y_cri_high
3944,0.09860246506162654,0.9964503042596349,0.24873417721518987,0.398095623987034,score threshold,0.966,raw cri probability,y_cri_high
3944,0.09860246506162654,0.9964503042596349,0.24873417721518987,0.398095623987034,score threshold,0.967,raw cri probability,y_cri_high
3944,0.09860246506162654,0.9964503042596349,0.24873417721518987,0.398095623987034,score threshold,0.968,raw cri probability,y_cri_high
3944,0.09860246506162654,0.9964503042596349,0.24873417721518987,0.398095623987034,score threshold,0.969,raw cri probability,y_cri_high
3944,0.09860246506162654,0.9964503042596349,0.24873417721518987,0.398095623987034,score threshold,0.97,raw cri probability,y_cri_high
3944,0.09860246506162654,0.9964503042596349,0.24873417721518987,0.398095623987034,score threshold,0.971,raw cri probability,y_cri_high
3944,0.09860246506162654,0.9964503042596349,0.24873417721518987,0.398095623987034,score threshold,0.972,raw cri probability,y_cri_high
3944,0.09860246506162654,0.9964503042596349,0.24873417721518987,0.398095623987034,score threshold,0.973,raw cri probability,y_cri_high
3944,0.09860246506162654,0.9964503042596349,0.24873417721518987,0.398095623987034,score threshold,0.974,raw cri probability,y_cri_high
3944,0.09860246506162654,0.9964503042596349,0.24873417721518987,0.398095623987034,score threshold,0.975,raw cri probability,y_cri_high
3944,0.09860246506162654,0.9964503042596349,0.24873417721518987,0.398095623987034,score threshold,0.976,raw cri probability,y_cri_high
3944,0.09860246506162654,0.9964503042596349,0.24873417721518987,0.398095623987034,score threshold,0.977,raw cri probability,y_cri_high
3861,0.09652741318532963,0.9963739963739964,0.24348101265822786,0.3913330959768069,score threshold,0.978,raw cri probability,y_cri_high
3861,0.09652741318532963,0.9963739963739964,0.24348101265822786,0.3913330959768069,score threshold,0.979,raw cri probability,y_cri_high
3861,0.09652741318532963,0.9963739963739964,0.24348101265822786,0.3913330959768069,score threshold,0.98,raw cri probability,y_cri_high
3859,0.09647741193529838,0.9963721171287898,0.24335443037974683,0.39116943893382167,score threshold,0.981,raw cri probability,y_cri_high
3859,0.09647741193529838,0.9963721171287898,0.24335443037974683,0.39116943893382167,score threshold,0.982,raw cri probability,y_cri_high
3859,0.09647741193529838,0.9963721171287898,0.24335443037974683,0.39116943893382167,score threshold,0.983,raw cri probability,y_cri_high
3859,0.09647741193529838,0.9963721171287898,0.24335443037974683,0.39116943893382167,score threshold,0.984,raw cri probability,y_cri_high
3859,0.09647741193529838,0.9963721171287898,0.24335443037974683,0.39116943893382167,score threshold,0.985,raw cri probability,y_cri_high
3859,0.09647741193529838,0.9963721171287898,0.24335443037974683,0.39116943893382167,score threshold,0.986,raw cri probability,y_cri_high
3716,0.09290232255806395,0.9967707212055974,0.23443037974683545,0.37958598073375693,score threshold,0.987,raw cri probability,y_cri_high
3716,0.09290232255806395,0.9967707212055974,0.23443037974683545,0.37958598073375693,score threshold,0.988,raw cri probability,y_cri_high
3716,0.09290232255806395,0.9967707212055974,0.23443037974683545,0.37958598073375693,score threshold,0.989,raw cri probability,y_cri_high
3716,0.09290232255806395,0.9967707212055974,0.23443037974683545,0.37958598073375693,score threshold,0.99,raw cri probability,y_cri_high
3716,0.09290232255806395,0.9967707212055974,0.23443037974683545,0.37958598073375693,score threshold,0.991,raw cri probability,y_cri_high
3450,0.0862521563039076,0.9976811594202899,0.2178481012658228,0.3576103896103896,score threshold,0.992,raw cri probability,y_cri_high
3449,0.08622715567889197,0.9976804870977095,0.21778481012658227,0.35752506623720715,score threshold,0.993,raw cri probability,y_cri_high
3449,0.08622715567889197,0.9976804870977095,0.21778481012658227,0.35752506623720715,score threshold,0.994,raw cri probability,y_cri_high
3445,0.08612715317882948,0.997677793904209,0.21753164556962026,0.3571836840737854,score threshold,0.995,raw cri probability,y_cri_high
3445,0.08612715317882948,0.997677793904209,0.21753164556962026,0.3571836840737854,score threshold,0.996,raw cri probability,y_cri_high
3445,0.08612715317882948,0.997677793904209,0.21753164556962026,0.3571836840737854,score threshold,0.997,raw cri probability,y_cri_high
3445,0.08612715317882948,0.997677793904209,0.21753164556962026,0.3571836840737854,score threshold,0.998,raw cri probability,y_cri_high
1340,0.03350083752093802,0.9992537313432835,0.08474683544303797,0.15624270711785299,score threshold,0.999,raw cri probability,y_cri_high
400,0.010000250006250157,1.0,0.01595405232929164,0.031407035175879394,top k rate,0.01,raw cri probability,y_any_risk
800,0.020000500012500314,1.0,0.03190810465858328,0.06184291898577613,top k rate,0.02,raw cri probability,y_any_risk
1200,0.03000075001875047,1.0,0.047862156987874924,0.09135200974421437,top k rate,0.03,raw cri probability,y_any_risk
1600,0.04000100002500063,1.0,0.06381620931716656,0.11997600479904019,top k rate,0.04,raw cri probability,y_any_risk
2000,0.050001250031250784,1.0,0.0797702616464582,0.14775413711583923,top k rate,0.05,raw cri probability,y_any_risk
2400,0.06000150003750094,0.9995833333333334,0.09568442884492662,0.17465055329062318,top k rate,0.060000000000000005,raw cri probability,y_any_risk
2800,0.07000175004375109,0.9996428571428572,0.11163848117421825,0.2008467278989667,top k rate,0.06999999999999999,raw cri probability,y_any_risk
3200,0.08000200005000126,0.999375,0.12755264837268665,0.2262308998302207,top k rate,0.08,raw cri probability,y_any_risk
3600,0.09000225005625141,0.9994444444444445,0.1435067007019783,0.2509765625,top k rate,0.09,raw cri probability,y_any_risk
4000,0.10000250006250157,0.998,0.15922144224633056,0.2746285085305449,top k rate,0.09999999999999999,raw cri probability,y_any_risk
4400,0.11000275006875172,0.9972727272727273,0.17501595405232928,0.2977741585233442,top k rate,0.11,raw cri probability,y_any_risk
4800,0.12000300007500188,0.9975,0.19097000638162093,0.32056775575790036,top k rate,0.12,raw cri probability,y_any_risk
5200,0.13000325008125202,0.9963461538461539,0.20664486279514996,0.342296511627907,top k rate,0.13,raw cri probability,y_any_risk
5600,0.14000350008750218,0.9941071428571429,0.2220405232929164,0.36300208659363586,top k rate,0.14,raw cri probability,y_any_risk
6000,0.15000375009375233,0.99,0.23691767708998085,0.38233779608650875,top k rate,0.15000000000000002,raw cri probability,y_any_risk
6400,0.1600040001000025,0.9859375,0.25167517549457563,0.40099135739705133,top k rate,0.16,raw cri probability,y_any_risk
6800,0.17000425010625267,0.9798529411764706,0.2657546266751755,0.41810993975903615,top k rate,0.17,raw cri probability,y_any_risk
7200,0.18000450011250282,0.9745833333333334,0.2798739629865986,0.4348661378284581,top k rate,0.18000000000000002,raw cri probability,y_any_risk
7600,0.19000475011875298,0.9686842105263158,0.29363433312061266,0.4506611165523996,top k rate,0.19,raw cri probability,y_any_risk
8000,0.20000500012500314,0.965,0.30791320995532867,0.4668601838413159,top k rate,0.2,raw cri probability,y_any_risk
8400,0.2100052501312533,0.9615476190476191,0.3221522016592214,0.4826123326959847,top k rate,0.21000000000000002,raw cri probability,y_any_risk
8800,0.22000550013750345,0.959659090909091,0.33682992980216975,0.49864194615021257,top k rate,0.22,raw cri probability,y_any_risk
9200,0.2300057501437536,0.9551086956521739,0.3504706445437141,0.5127801120448179,top k rate,0.23,raw cri probability,y_any_risk
9600,0.24000600015000376,0.9516666666666667,0.36439055520102104,0.5269958467928011,top k rate,0.24000000000000002,raw cri probability,y_any_risk
10000,0.2500062501562539,0.9475,0.3779116145500957,0.5403170620437956,top k rate,0.25,raw cri probability,y_any_risk
10400,0.26000650016250404,0.9448076923076923,0.3919112954690491,0.5540144339197113,top k rate,0.26,raw cri probability,y_any_risk
10800,0.2700067501687542,0.9416666666666667,0.40563178047223997,0.5670160570918823,top k rate,0.27,raw cri probability,y_any_risk
11200,0.28000700017500435,0.9375892857142857,0.4188337587747288,0.5790141155712395,top k rate,0.28,raw cri probability,y_any_risk
11600,0.2900072501812545,0.9349137931034482,0.43255424377791957,0.5914594240837696,top k rate,0.29000000000000004,raw cri probability,y_any_risk
12000,0.30000750018750466,0.9319166666666666,0.446035417996171,0.603312473025464,top k rate,0.3,raw cri probability,y_any_risk
12400,0.3100077501937548,0.9283870967741935,0.4591576260370134,0.6144321093082835,top k rate,0.31,raw cri probability,y_any_risk
12800,0.320008000200005,0.926875,0.47319719208679006,0.6265314744402197,top k rate,0.32,raw cri probability,y_any_risk
13200,0.3300082502062552,0.9257575757575758,0.4873962986598596,0.6385869565217391,top k rate,0.33,raw cri probability,y_any_risk
13600,0.34000850021250534,0.9258823529411765,0.5022335673261008,0.6512205213074058,top k rate,0.34,raw cri probability,y_any_risk
14000,0.3500087502187555,0.9273571428571429,0.5178286534779835,0.6645679770679771,top k rate,0.35000000000000003,raw cri probability,y_any_risk
14400,0.36000900022500565,0.92875,0.533423739629866,0.6776449128496149,top k rate,0.36000000000000004,raw cri probability,y_any_risk
14800,0.3700092502312558,0.928445945945946,0.5480615826419911,0.6892556179775281,top k rate,0.37,raw cri probability,y_any_risk
15200,0.38000950023750596,0.9265789473684211,0.5617421825143587,0.6994437822804926,top k rate,0.38,raw cri probability,y_any_risk
15600,0.3900097502437561,0.9229487179487179,0.5742661135928526,0.7080055074744296,top k rate,0.39,raw cri probability,y_any_risk
16000,0.40001000025000627,0.919125,0.5865507338864071,0.7161082976236852,top k rate,0.4,raw cri probability,y_any_risk
16400,0.4100102502562564,0.9144512195121951,0.5981573069559668,0.7232349537037037,top k rate,0.41000000000000003,raw cri probability,y_any_risk
16800,0.4200105002625066,0.9110714285714285,0.6104818123803446,0.731085212074895,top k rate,0.42000000000000004,raw cri probability,y_any_risk
17200,0.43001075026875674,0.9086046511627907,0.6233248245054244,0.7394019682059046,top k rate,0.43,raw cri probability,y_any_risk
17600,0.4400110002750069,0.907784090909091,0.6372447351627313,0.7488282714660668,top k rate,0.44,raw cri probability,y_any_risk
18000,0.45001125028125705,0.9045555555555556,0.6494097000638163,0.7560364041604755,top k rate,0.45,raw cri probability,y_any_risk
18400,0.4600115002875072,0.9045652173913044,0.6638481174218251,0.7657342657342657,top k rate,0.46,raw cri probability,y_any_risk
18800,0.47001175029375736,0.9015425531914893,0.67601308232291,0.7726568198395332,top k rate,0.47000000000000003,raw cri probability,y_any_risk
19200,0.4800120003000075,0.8997916666666667,0.6890555201021059,0.7804481387784604,top k rate,0.48000000000000004,raw cri probability,y_any_risk
19600,0.49001225030625767,0.8967857142857143,0.7010609444798979,0.786935888252149,top k rate,0.49,raw cri probability,y_any_risk
20000,0.5000125003125078,0.89255,0.7119894703254627,0.7921104011359602,top k rate,0.5,raw cri probability,y_any_risk
20400,0.5100127503187579,0.8869607843137255,0.7216815571155073,0.7958304011259676,top k rate,0.51,raw cri probability,y_any_risk
20800,0.5200130003250081,0.8800961538461538,0.7301372048500319,0.7981339379141961,top k rate,0.52,raw cri probability,y_any_risk
21200,0.5300132503312582,0.872311320754717,0.7375957243139758,0.799317081604426,top k rate,0.53,raw cri probability,y_any_risk
21600,0.5400135003375084,0.8672222222222222,0.7471282705807275,0.8027082619129242,top k rate,0.54,raw cri probability,y_any_risk
22000,0.5500137503437585,0.8611818181818182,0.7556636885768986,0.8049796057104011,top k rate,0.55,raw cri probability,y_any_risk
22400,0.5600140003500087,0.8564732142857143,0.7651962348436503,0.8082659251769464,top k rate,0.56,raw cri probability,y_any_risk
22800,0.5700142503562589,0.8498684210526316,0.7728541799617102,0.809533756684492,top k rate,0.5700000000000001,raw cri probability,y_any_risk
23200,0.580014500362509,0.8451724137931035,0.7820676451818762,0.8123964202850513,top k rate,0.5800000000000001,raw cri probability,y_any_risk
23600,0.5900147503687592,0.8422457627118644,0.7927967453733248,0.8167735042735043,top k rate,0.59,raw cri probability,y_any_risk
24000,0.6000150003750093,0.8365833333333333,0.8008136566687939,0.8183077926312358,top k rate,0.6,raw cri probability,y_any_risk
24400,0.6100152503812595,0.8288524590163935,0.8066368857689853,0.8175937904269082,top k rate,0.61,raw cri probability,y_any_risk
24800,0.6200155003875096,0.821491935483871,0.8125797702616464,0.8170115495668913,top k rate,0.62,raw cri probability,y_any_risk
25200,0.6300157503937599,0.814484126984127,0.8186423101467772,0.816557924888606,top k rate,0.63,raw cri probability,y_any_risk
25600,0.64001600040001,0.809765625,0.8268187619655393,0.8182033470161035,top k rate,0.64,raw cri probability,y_any_risk
26000,0.6500162504062602,0.8045,0.8342772814294831,0.8191181077694235,top k rate,0.65,raw cri probability,y_any_risk
26400,0.6600165004125104,0.7992803030303031,0.8416161455009572,0.8199020826857321,top k rate,0.66,raw cri probability,y_any_risk
26800,0.6700167504187605,0.7927985074626865,0.8474393746011487,0.8192088217149908,top k rate,0.67,raw cri probability,y_any_risk
27200,0.6800170004250107,0.7865073529411765,0.8532626037013401,0.8185261707988981,top k rate,0.68,raw cri probability,y_any_risk
27600,0.6900172504312608,0.7815217391304348,0.8603222718570517,0.8190309842041312,top k rate,0.6900000000000001,raw cri probability,y_any_risk
28000,0.700017500437511,0.7765,0.8671825143586471,0.819339764847754,top k rate,0.7000000000000001,raw cri probability,y_any_risk
28400,0.7100177504437611,0.770774647887324,0.873085513720485,0.8187462597247157,top k rate,0.7100000000000001,raw cri probability,y_any_risk
28800,0.7200180004500113,0.7646527777777777,0.8783503509891513,0.8175675675675675,top k rate,0.72,raw cri probability,y_any_risk
29200,0.7300182504562615,0.757568493150685,0.8822989789406509,0.8151901533018868,top k rate,0.73,raw cri probability,y_any_risk
29600,0.7400185004625116,0.7511486486486486,0.8868059987236758,0.8133596722270998,top k rate,0.74,raw cri probability,y_any_risk
30000,0.7500187504687618,0.7447666666666667,0.8911534779834078,0.8114105171411969,top k rate,0.75,raw cri probability,y_any_risk
30400,0.7600190004750119,0.7372697368421053,0.8939454371410338,0.8080833573694837,top k rate,0.76,raw cri probability,y_any_risk
30800,0.7700192504812621,0.7306493506493507,0.8975749840459477,0.8055555555555556,top k rate,0.77,raw cri probability,y_any_risk
31200,0.7800195004875122,0.7257692307692307,0.9031589023611998,0.8048052317315895,top k rate,0.78,raw cri probability,y_any_risk
31600,0.7900197504937624,0.7212341772151899,0.9090220165922144,0.8043125352907962,top k rate,0.79,raw cri probability,y_any_risk
32000,0.8000200005000125,0.71759375,0.9158822590938098,0.8047028315110737,top k rate,0.8,raw cri probability,y_any_risk
39247,0.9811995299882497,0.634519835911025,0.9932594128908743,0.7743590540897713,score threshold,0.001,raw cri probability,y_any_risk
39246,0.9811745293632341,0.6345360036691637,0.9932594128908743,0.7743710936285332,score threshold,0.002,raw cri probability,y_any_risk
38814,0.9703742593564839,0.6393569330653888,0.9897894065092534,0.7768838243120558,score threshold,0.003,raw cri probability,y_any_risk
38813,0.9703492587314683,0.639347641254219,0.9897495213784301,0.7768646787195742,score threshold,0.004,raw cri probability,y_any_risk
38812,0.9703242581064526,0.6393641141914872,0.9897495213784301,0.776876839271179,score threshold,0.005,raw cri probability,y_any_risk
38812,0.9703242581064526,0.6393641141914872,0.9897495213784301,0.776876839271179,score threshold,0.006,raw cri probability,y_any_risk
35988,0.8997224930623265,0.6686673335556297,0.9597957881301851,0.7882083196855552,score threshold,0.007,raw cri probability,y_any_risk
35405,0.885147128678217,0.6751306312667702,0.9533742820676452,0.7904823321262628,score threshold,0.008,raw cri probability,y_any_risk
35404,0.8851221280532013,0.6751497005988024,0.9533742820676452,0.790495403135128,score threshold,0.009000000000000001,raw cri probability,y_any_risk
35404,0.8851221280532013,0.6751497005988024,0.9533742820676452,0.790495403135128,score threshold,0.010000000000000002,raw cri probability,y_any_risk
35404,0.8851221280532013,0.6751497005988024,0.9533742820676452,0.790495403135128,score threshold,0.011,raw cri probability,y_any_risk
34673,0.8668466711667792,0.6843653563291322,0.9464342693044033,0.7943426228136246,score threshold,0.012,raw cri probability,y_any_risk
34673,0.8668466711667792,0.6843653563291322,0.9464342693044033,0.7943426228136246,score threshold,0.013000000000000001,raw cri probability,y_any_risk
34673,0.8668466711667792,0.6843653563291322,0.9464342693044033,0.7943426228136246,score threshold,0.014000000000000002,raw cri probability,y_any_risk
34673,0.8668466711667792,0.6843653563291322,0.9464342693044033,0.7943426228136246,score threshold,0.015,raw cri probability,y_any_risk
34617,0.8654466361659041,0.6851258052402,0.9459556477345246,0.7946857880011392,score threshold,0.016,raw cri probability,y_any_risk
34617,0.8654466361659041,0.6851258052402,0.9459556477345246,0.7946857880011392,score threshold,0.017,raw cri probability,y_any_risk
34616,0.8654216355408885,0.6851167090362837,0.9459157626037014,0.7946655944243399,score threshold,0.018000000000000002,raw cri probability,y_any_risk
34616,0.8654216355408885,0.6851167090362837,0.9459157626037014,0.7946655944243399,score threshold,0.019000000000000003,raw cri probability,y_any_risk
34616,0.8654216355408885,0.6851167090362837,0.9459157626037014,0.7946655944243399,score threshold,0.02,raw cri probability,y_any_risk
34616,0.8654216355408885,0.6851167090362837,0.9459157626037014,0.7946655944243399,score threshold,0.021,raw cri probability,y_any_risk
32892,0.8223205580139503,0.70576431959139,0.9258934269304403,0.8009799185701469,score threshold,0.022000000000000002,raw cri probability,y_any_risk
32892,0.8223205580139503,0.70576431959139,0.9258934269304403,0.8009799185701469,score threshold,0.023,raw cri probability,y_any_risk
32891,0.8222955573889347,0.7057857772642973,0.9258934269304403,0.8009937373841933,score threshold,0.024,raw cri probability,y_any_risk
31155,0.7788944723618091,0.7265928422404109,0.9028797064454371,0.8052003485869778,score threshold,0.025,raw cri probability,y_any_risk
31155,0.7788944723618091,0.7265928422404109,0.9028797064454371,0.8052003485869778,score threshold,0.026000000000000002,raw cri probability,y_any_risk
30285,0.757143928598215,0.7388806339772165,0.8925095724313976,0.808461441190816,score threshold,0.027000000000000003,raw cri probability,y_any_risk
30285,0.757143928598215,0.7388806339772165,0.8925095724313976,0.808461441190816,score threshold,0.028,raw cri probability,y_any_risk
30285,0.757143928598215,0.7388806339772165,0.8925095724313976,0.808461441190816,score threshold,0.029,raw cri probability,y_any_risk
30285,0.757143928598215,0.7388806339772165,0.8925095724313976,0.808461441190816,score threshold,0.030000000000000002,raw cri probability,y_any_risk
30284,0.7571189279731994,0.7389050323603222,0.8925095724313976,0.8084760459570778,score threshold,0.031,raw cri probability,y_any_risk
30283,0.7570939273481837,0.7389294323547865,0.8925095724313976,0.8084906512510162,score threshold,0.032,raw cri probability,y_any_risk
30283,0.7570939273481837,0.7389294323547865,0.8925095724313976,0.8084906512510162,score threshold,0.033,raw cri probability,y_any_risk
30283,0.7570939273481837,0.7389294323547865,0.8925095724313976,0.8084906512510162,score threshold,0.034,raw cri probability,y_any_risk
29759,0.743993599839996,0.7485130548741558,0.8884412890874283,0.8124965804015977,score threshold,0.035,raw cri probability,y_any_risk
29759,0.743993599839996,0.7485130548741558,0.8884412890874283,0.8124965804015977,score threshold,0.036000000000000004,raw cri probability,y_any_risk
29759,0.743993599839996,0.7485130548741558,0.8884412890874283,0.8124965804015977,score threshold,0.037000000000000005,raw cri probability,y_any_risk
29759,0.743993599839996,0.7485130548741558,0.8884412890874283,0.8124965804015977,score threshold,0.038,raw cri probability,y_any_risk
29759,0.743993599839996,0.7485130548741558,0.8884412890874283,0.8124965804015977,score threshold,0.039,raw cri probability,y_any_risk
29759,0.743993599839996,0.7485130548741558,0.8884412890874283,0.8124965804015977,score threshold,0.04,raw cri probability,y_any_risk
29759,0.743993599839996,0.7485130548741558,0.8884412890874283,0.8124965804015977,score threshold,0.041,raw cri probability,y_any_risk
29759,0.743993599839996,0.7485130548741558,0.8884412890874283,0.8124965804015977,score threshold,0.042,raw cri probability,y_any_risk
29759,0.743993599839996,0.7485130548741558,0.8884412890874283,0.8124965804015977,score threshold,0.043000000000000003,raw cri probability,y_any_risk
29759,0.743993599839996,0.7485130548741558,0.8884412890874283,0.8124965804015977,score threshold,0.044000000000000004,raw cri probability,y_any_risk
29759,0.743993599839996,0.7485130548741558,0.8884412890874283,0.8124965804015977,score threshold,0.045,raw cri probability,y_any_risk
26959,0.6739918497962449,0.7901257465039504,0.8495931716656031,0.8187811112605946,score threshold,0.046,raw cri probability,y_any_risk
26959,0.6739918497962449,0.7901257465039504,0.8495931716656031,0.8187811112605946,score threshold,0.047,raw cri probability,y_any_risk
26959,0.6739918497962449,0.7901257465039504,0.8495931716656031,0.8187811112605946,score threshold,0.048,raw cri probability,y_any_risk
26959,0.6739918497962449,0.7901257465039504,0.8495931716656031,0.8187811112605946,score threshold,0.049,raw cri probability,y_any_risk
26959,0.6739918497962449,0.7901257465039504,0.8495931716656031,0.8187811112605946,score threshold,0.05,raw cri probability,y_any_risk
26959,0.6739918497962449,0.7901257465039504,0.8495931716656031,0.8187811112605946,score threshold,0.051000000000000004,raw cri probability,y_any_risk
26729,0.6682417060426511,0.7941561599760559,0.8466416719846841,0.819559467963939,score threshold,0.052000000000000005,raw cri probability,y_any_risk
26729,0.6682417060426511,0.7941561599760559,0.8466416719846841,0.819559467963939,score threshold,0.053000000000000005,raw cri probability,y_any_risk
26729,0.6682417060426511,0.7941561599760559,0.8466416719846841,0.819559467963939,score threshold,0.054,raw cri probability,y_any_risk
26729,0.6682417060426511,0.7941561599760559,0.8466416719846841,0.819559467963939,score threshold,0.055,raw cri probability,y_any_risk
26729,0.6682417060426511,0.7941561599760559,0.8466416719846841,0.819559467963939,score threshold,0.056,raw cri probability,y_any_risk
26729,0.6682417060426511,0.7941561599760559,0.8466416719846841,0.819559467963939,score threshold,0.057,raw cri probability,y_any_risk
26729,0.6682417060426511,0.7941561599760559,0.8466416719846841,0.819559467963939,score threshold,0.058,raw cri probability,y_any_risk
26729,0.6682417060426511,0.7941561599760559,0.8466416719846841,0.819559467963939,score threshold,0.059000000000000004,raw cri probability,y_any_risk
26729,0.6682417060426511,0.7941561599760559,0.8466416719846841,0.819559467963939,score threshold,0.060000000000000005,raw cri probability,y_any_risk
26446,0.661166529163229,0.7987219239204416,0.8424936183790683,0.8200240692573469,score threshold,0.061,raw cri probability,y_any_risk
26446,0.661166529163229,0.7987219239204416,0.8424936183790683,0.8200240692573469,score threshold,0.062,raw cri probability,y_any_risk
26446,0.661166529163229,0.7987219239204416,0.8424936183790683,0.8200240692573469,score threshold,0.063,raw cri probability,y_any_risk
26446,0.661166529163229,0.7987219239204416,0.8424936183790683,0.8200240692573469,score threshold,0.064,raw cri probability,y_any_risk
26446,0.661166529163229,0.7987219239204416,0.8424936183790683,0.8200240692573469,score threshold,0.065,raw cri probability,y_any_risk
26446,0.661166529163229,0.7987219239204416,0.8424936183790683,0.8200240692573469,score threshold,0.066,raw cri probability,y_any_risk
26446,0.661166529163229,0.7987219239204416,0.8424936183790683,0.8200240692573469,score threshold,0.067,raw cri probability,y_any_risk
26446,0.661166529163229,0.7987219239204416,0.8424936183790683,0.8200240692573469,score threshold,0.068,raw cri probability,y_any_risk
26446,0.661166529163229,0.7987219239204416,0.8424936183790683,0.8200240692573469,score threshold,0.069,raw cri probability,y_any_risk
26446,0.661166529163229,0.7987219239204416,0.8424936183790683,0.8200240692573469,score threshold,0.07,raw cri probability,y_any_risk
26446,0.661166529163229,0.7987219239204416,0.8424936183790683,0.8200240692573469,score threshold,0.07100000000000001,raw cri probability,y_any_risk
26446,0.661166529163229,0.7987219239204416,0.8424936183790683,0.8200240692573469,score threshold,0.07200000000000001,raw cri probability,y_any_risk
26446,0.661166529163229,0.7987219239204416,0.8424936183790683,0.8200240692573469,score threshold,0.07300000000000001,raw cri probability,y_any_risk
26446,0.661166529163229,0.7987219239204416,0.8424936183790683,0.8200240692573469,score threshold,0.074,raw cri probability,y_any_risk
26446,0.661166529163229,0.7987219239204416,0.8424936183790683,0.8200240692573469,score threshold,0.075,raw cri probability,y_any_risk
26446,0.661166529163229,0.7987219239204416,0.8424936183790683,0.8200240692573469,score threshold,0.076,raw cri probability,y_any_risk
25663,0.6415910397759944,0.8088298328332619,0.8278956604977664,0.8182517000098551,score threshold,0.077,raw cri probability,y_any_risk
25663,0.6415910397759944,0.8088298328332619,0.8278956604977664,0.8182517000098551,score threshold,0.078,raw cri probability,y_any_risk
25663,0.6415910397759944,0.8088298328332619,0.8278956604977664,0.8182517000098551,score threshold,0.079,raw cri probability,y_any_risk
25662,0.6415660391509788,0.8088223832904684,0.8278557753669432,0.8182284069854535,score threshold,0.08,raw cri probability,y_any_risk
25662,0.6415660391509788,0.8088223832904684,0.8278557753669432,0.8182284069854535,score threshold,0.081,raw cri probability,y_any_risk
25661,0.6415410385259631,0.8088149331670629,0.82781589023612,0.8182051130427926,score threshold,0.082,raw cri probability,y_any_risk
25660,0.6415160379009476,0.808846453624318,0.82781589023612,0.8182212410313018,score threshold,0.083,raw cri probability,y_any_risk
25660,0.6415160379009476,0.808846453624318,0.82781589023612,0.8182212410313018,score threshold,0.084,raw cri probability,y_any_risk
25660,0.6415160379009476,0.808846453624318,0.82781589023612,0.8182212410313018,score threshold,0.085,raw cri probability,y_any_risk
25660,0.6415160379009476,0.808846453624318,0.82781589023612,0.8182212410313018,score threshold,0.08600000000000001,raw cri probability,y_any_risk
25660,0.6415160379009476,0.808846453624318,0.82781589023612,0.8182212410313018,score threshold,0.08700000000000001,raw cri probability,y_any_risk
25660,0.6415160379009476,0.808846453624318,0.82781589023612,0.8182212410313018,score threshold,0.08800000000000001,raw cri probability,y_any_risk
25659,0.6414910372759319,0.8088779765384465,0.82781589023612,0.8182373696556346,score threshold,0.089,raw cri probability,y_any_risk
25659,0.6414910372759319,0.8088779765384465,0.82781589023612,0.8182373696556346,score threshold,0.09,raw cri probability,y_any_risk
25659,0.6414910372759319,0.8088779765384465,0.82781589023612,0.8182373696556346,score threshold,0.091,raw cri probability,y_any_risk
25659,0.6414910372759319,0.8088779765384465,0.82781589023612,0.8182373696556346,score threshold,0.092,raw cri probability,y_any_risk
25659,0.6414910372759319,0.8088779765384465,0.82781589023612,0.8182373696556346,score threshold,0.093,raw cri probability,y_any_risk
25611,0.6402910072751818,0.8095740111670766,0.8269783024888322,0.8181836118619655,score threshold,0.094,raw cri probability,y_any_risk
25611,0.6402910072751818,0.8095740111670766,0.8269783024888322,0.8181836118619655,score threshold,0.095,raw cri probability,y_any_risk
25611,0.6402910072751818,0.8095740111670766,0.8269783024888322,0.8181836118619655,score threshold,0.096,raw cri probability,y_any_risk
25611,0.6402910072751818,0.8095740111670766,0.8269783024888322,0.8181836118619655,score threshold,0.097,raw cri probability,y_any_risk
25611,0.6402910072751818,0.8095740111670766,0.8269783024888322,0.8181836118619655,score threshold,0.098,raw cri probability,y_any_risk
25611,0.6402910072751818,0.8095740111670766,0.8269783024888322,0.8181836118619655,score threshold,0.099,raw cri probability,y_any_risk
25610,0.6402660066501663,0.8095665755564233,0.8269384173580089,0.8181602935953592,score threshold,0.1,raw cri probability,y_any_risk
25610,0.6402660066501663,0.8095665755564233,0.8269384173580089,0.8181602935953592,score threshold,0.101,raw cri probability,y_any_risk
25324,0.6331158278956974,0.8133786131732743,0.821553924696873,0.8174458290340503,score threshold,0.10200000000000001,raw cri probability,y_any_risk
25324,0.6331158278956974,0.8133786131732743,0.821553924696873,0.8174458290340503,score threshold,0.10300000000000001,raw cri probability,y_any_risk
25324,0.6331158278956974,0.8133786131732743,0.821553924696873,0.8174458290340503,score threshold,0.10400000000000001,raw cri probability,y_any_risk
25324,0.6331158278956974,0.8133786131732743,0.821553924696873,0.8174458290340503,score threshold,0.10500000000000001,raw cri probability,y_any_risk
25324,0.6331158278956974,0.8133786131732743,0.821553924696873,0.8174458290340503,score threshold,0.106,raw cri probability,y_any_risk
25324,0.6331158278956974,0.8133786131732743,0.821553924696873,0.8174458290340503,score threshold,0.107,raw cri probability,y_any_risk
25324,0.6331158278956974,0.8133786131732743,0.821553924696873,0.8174458290340503,score threshold,0.108,raw cri probability,y_any_risk
25324,0.6331158278956974,0.8133786131732743,0.821553924696873,0.8174458290340503,score threshold,0.109,raw cri probability,y_any_risk
25324,0.6331158278956974,0.8133786131732743,0.821553924696873,0.8174458290340503,score threshold,0.11,raw cri probability,y_any_risk
25324,0.6331158278956974,0.8133786131732743,0.821553924696873,0.8174458290340503,score threshold,0.111,raw cri probability,y_any_risk
25324,0.6331158278956974,0.8133786131732743,0.821553924696873,0.8174458290340503,score threshold,0.112,raw cri probability,y_any_risk
25324,0.6331158278956974,0.8133786131732743,0.821553924696873,0.8174458290340503,score threshold,0.113,raw cri probability,y_any_risk
25324,0.6331158278956974,0.8133786131732743,0.821553924696873,0.8174458290340503,score threshold,0.114,raw cri probability,y_any_risk
25286,0.6321658041451036,0.8136518231432414,0.8205966815571155,0.8171094960085786,score threshold,0.115,raw cri probability,y_any_risk
25285,0.6321408035200881,0.8136444532331422,0.8205567964262923,0.8170860059177473,score threshold,0.116,raw cri probability,y_any_risk
25285,0.6321408035200881,0.8136444532331422,0.8205567964262923,0.8170860059177473,score threshold,0.117,raw cri probability,y_any_risk
25285,0.6321408035200881,0.8136444532331422,0.8205567964262923,0.8170860059177473,score threshold,0.11800000000000001,raw cri probability,y_any_risk
25283,0.6320908022700568,0.8136297116639639,0.8204770261646458,0.8170390229371463,score threshold,0.11900000000000001,raw cri probability,y_any_risk
25283,0.6320908022700568,0.8136297116639639,0.8204770261646458,0.8170390229371463,score threshold,0.12000000000000001,raw cri probability,y_any_risk
25283,0.6320908022700568,0.8136297116639639,0.8204770261646458,0.8170390229371463,score threshold,0.121,raw cri probability,y_any_risk
25283,0.6320908022700568,0.8136297116639639,0.8204770261646458,0.8170390229371463,score threshold,0.122,raw cri probability,y_any_risk
23770,0.5942648566214155,0.8409760201935212,0.7973037651563497,0.8185577986159452,score threshold,0.123,raw cri probability,y_any_risk
23770,0.5942648566214155,0.8409760201935212,0.7973037651563497,0.8185577986159452,score threshold,0.124,raw cri probability,y_any_risk
23770,0.5942648566214155,0.8409760201935212,0.7973037651563497,0.8185577986159452,score threshold,0.125,raw cri probability,y_any_risk
23770,0.5942648566214155,0.8409760201935212,0.7973037651563497,0.8185577986159452,score threshold,0.126,raw cri probability,y_any_risk
23770,0.5942648566214155,0.8409760201935212,0.7973037651563497,0.8185577986159452,score threshold,0.127,raw cri probability,y_any_risk
23770,0.5942648566214155,0.8409760201935212,0.7973037651563497,0.8185577986159452,score threshold,0.128,raw cri probability,y_any_risk
23770,0.5942648566214155,0.8409760201935212,0.7973037651563497,0.8185577986159452,score threshold,0.129,raw cri probability,y_any_risk
23770,0.5942648566214155,0.8409760201935212,0.7973037651563497,0.8185577986159452,score threshold,0.13,raw cri probability,y_any_risk
23770,0.5942648566214155,0.8409760201935212,0.7973037651563497,0.8185577986159452,score threshold,0.131,raw cri probability,y_any_risk
23770,0.5942648566214155,0.8409760201935212,0.7973037651563497,0.8185577986159452,score threshold,0.132,raw cri probability,y_any_risk
23770,0.5942648566214155,0.8409760201935212,0.7973037651563497,0.8185577986159452,score threshold,0.133,raw cri probability,y_any_risk
23770,0.5942648566214155,0.8409760201935212,0.7973037651563497,0.8185577986159452,score threshold,0.134,raw cri probability,y_any_risk
23770,0.5942648566214155,0.8409760201935212,0.7973037651563497,0.8185577986159452,score threshold,0.135,raw cri probability,y_any_risk
23770,0.5942648566214155,0.8409760201935212,0.7973037651563497,0.8185577986159452,score threshold,0.136,raw cri probability,y_any_risk
23770,0.5942648566214155,0.8409760201935212,0.7973037651563497,0.8185577986159452,score threshold,0.137,raw cri probability,y_any_risk
23770,0.5942648566214155,0.8409760201935212,0.7973037651563497,0.8185577986159452,score threshold,0.138,raw cri probability,y_any_risk
23770,0.5942648566214155,0.8409760201935212,0.7973037651563497,0.8185577986159452,score threshold,0.139,raw cri probability,y_any_risk
23770,0.5942648566214155,0.8409760201935212,0.7973037651563497,0.8185577986159452,score threshold,0.14,raw cri probability,y_any_risk
21600,0.5400135003375084,0.8672222222222222,0.7471282705807275,0.8027082619129242,score threshold,0.14100000000000001,raw cri probability,y_any_risk
21600,0.5400135003375084,0.8672222222222222,0.7471282705807275,0.8027082619129242,score threshold,0.14200000000000002,raw cri probability,y_any_risk
21448,0.5362134053351334,0.8685192092502797,0.7429802169751116,0.800859845227859,score threshold,0.14300000000000002,raw cri probability,y_any_risk
21448,0.5362134053351334,0.8685192092502797,0.7429802169751116,0.800859845227859,score threshold,0.14400000000000002,raw cri probability,y_any_risk
21448,0.5362134053351334,0.8685192092502797,0.7429802169751116,0.800859845227859,score threshold,0.14500000000000002,raw cri probability,y_any_risk
21448,0.5362134053351334,0.8685192092502797,0.7429802169751116,0.800859845227859,score threshold,0.146,raw cri probability,y_any_risk
21448,0.5362134053351334,0.8685192092502797,0.7429802169751116,0.800859845227859,score threshold,0.147,raw cri probability,y_any_risk
21448,0.5362134053351334,0.8685192092502797,0.7429802169751116,0.800859845227859,score threshold,0.148,raw cri probability,y_any_risk
21448,0.5362134053351334,0.8685192092502797,0.7429802169751116,0.800859845227859,score threshold,0.149,raw cri probability,y_any_risk
21448,0.5362134053351334,0.8685192092502797,0.7429802169751116,0.800859845227859,score threshold,0.15,raw cri probability,y_any_risk
21448,0.5362134053351334,0.8685192092502797,0.7429802169751116,0.800859845227859,score threshold,0.151,raw cri probability,y_any_risk
21448,0.5362134053351334,0.8685192092502797,0.7429802169751116,0.800859845227859,score threshold,0.152,raw cri probability,y_any_risk
21448,0.5362134053351334,0.8685192092502797,0.7429802169751116,0.800859845227859,score threshold,0.153,raw cri probability,y_any_risk
21448,0.5362134053351334,0.8685192092502797,0.7429802169751116,0.800859845227859,score threshold,0.154,raw cri probability,y_any_risk
21448,0.5362134053351334,0.8685192092502797,0.7429802169751116,0.800859845227859,score threshold,0.155,raw cri probability,y_any_risk
21448,0.5362134053351334,0.8685192092502797,0.7429802169751116,0.800859845227859,score threshold,0.156,raw cri probability,y_any_risk
21448,0.5362134053351334,0.8685192092502797,0.7429802169751116,0.800859845227859,score threshold,0.157,raw cri probability,y_any_risk
21448,0.5362134053351334,0.8685192092502797,0.7429802169751116,0.800859845227859,score threshold,0.158,raw cri probability,y_any_risk
21448,0.5362134053351334,0.8685192092502797,0.7429802169751116,0.800859845227859,score threshold,0.159,raw cri probability,y_any_risk
20989,0.5247381184529614,0.8751727095145077,0.7326499680918953,0.7975944942576149,score threshold,0.16,raw cri probability,y_any_risk
20989,0.5247381184529614,0.8751727095145077,0.7326499680918953,0.7975944942576149,score threshold,0.161,raw cri probability,y_any_risk
20989,0.5247381184529614,0.8751727095145077,0.7326499680918953,0.7975944942576149,score threshold,0.162,raw cri probability,y_any_risk
20989,0.5247381184529614,0.8751727095145077,0.7326499680918953,0.7975944942576149,score threshold,0.163,raw cri probability,y_any_risk
20989,0.5247381184529614,0.8751727095145077,0.7326499680918953,0.7975944942576149,score threshold,0.164,raw cri probability,y_any_risk
20989,0.5247381184529614,0.8751727095145077,0.7326499680918953,0.7975944942576149,score threshold,0.165,raw cri probability,y_any_risk
20989,0.5247381184529614,0.8751727095145077,0.7326499680918953,0.7975944942576149,score threshold,0.166,raw cri probability,y_any_risk
20650,0.5162629065726643,0.8832445520581114,0.7274649010848756,0.7978216176020296,score threshold,0.167,raw cri probability,y_any_risk
20650,0.5162629065726643,0.8832445520581114,0.7274649010848756,0.7978216176020296,score threshold,0.168,raw cri probability,y_any_risk
20650,0.5162629065726643,0.8832445520581114,0.7274649010848756,0.7978216176020296,score threshold,0.169,raw cri probability,y_any_risk
20650,0.5162629065726643,0.8832445520581114,0.7274649010848756,0.7978216176020296,score threshold,0.17,raw cri probability,y_any_risk
20650,0.5162629065726643,0.8832445520581114,0.7274649010848756,0.7978216176020296,score threshold,0.171,raw cri probability,y_any_risk
20650,0.5162629065726643,0.8832445520581114,0.7274649010848756,0.7978216176020296,score threshold,0.17200000000000001,raw cri probability,y_any_risk
20622,0.5155628890722268,0.8840073707690815,0.7271059349074664,0.7979165754803694,score threshold,0.17300000000000001,raw cri probability,y_any_risk
20622,0.5155628890722268,0.8840073707690815,0.7271059349074664,0.7979165754803694,score threshold,0.17400000000000002,raw cri probability,y_any_risk
20622,0.5155628890722268,0.8840073707690815,0.7271059349074664,0.7979165754803694,score threshold,0.17500000000000002,raw cri probability,y_any_risk
20622,0.5155628890722268,0.8840073707690815,0.7271059349074664,0.7979165754803694,score threshold,0.17600000000000002,raw cri probability,y_any_risk
20622,0.5155628890722268,0.8840073707690815,0.7271059349074664,0.7979165754803694,score threshold,0.177,raw cri probability,y_any_risk
20622,0.5155628890722268,0.8840073707690815,0.7271059349074664,0.7979165754803694,score threshold,0.178,raw cri probability,y_any_risk
20622,0.5155628890722268,0.8840073707690815,0.7271059349074664,0.7979165754803694,score threshold,0.179,raw cri probability,y_any_risk
20622,0.5155628890722268,0.8840073707690815,0.7271059349074664,0.7979165754803694,score threshold,0.18,raw cri probability,y_any_risk
19882,0.497062426560664,0.8945780102605372,0.7093969368219528,0.7912977710548561,score threshold,0.181,raw cri probability,y_any_risk
19882,0.497062426560664,0.8945780102605372,0.7093969368219528,0.7912977710548561,score threshold,0.182,raw cri probability,y_any_risk
19882,0.497062426560664,0.8945780102605372,0.7093969368219528,0.7912977710548561,score threshold,0.183,raw cri probability,y_any_risk
19882,0.497062426560664,0.8945780102605372,0.7093969368219528,0.7912977710548561,score threshold,0.184,raw cri probability,y_any_risk
19882,0.497062426560664,0.8945780102605372,0.7093969368219528,0.7912977710548561,score threshold,0.185,raw cri probability,y_any_risk
19882,0.497062426560664,0.8945780102605372,0.7093969368219528,0.7912977710548561,score threshold,0.186,raw cri probability,y_any_risk
19882,0.497062426560664,0.8945780102605372,0.7093969368219528,0.7912977710548561,score threshold,0.187,raw cri probability,y_any_risk
19882,0.497062426560664,0.8945780102605372,0.7093969368219528,0.7912977710548561,score threshold,0.188,raw cri probability,y_any_risk
19882,0.497062426560664,0.8945780102605372,0.7093969368219528,0.7912977710548561,score threshold,0.189,raw cri probability,y_any_risk
19882,0.497062426560664,0.8945780102605372,0.7093969368219528,0.7912977710548561,score threshold,0.19,raw cri probability,y_any_risk
19882,0.497062426560664,0.8945780102605372,0.7093969368219528,0.7912977710548561,score threshold,0.191,raw cri probability,y_any_risk
19882,0.497062426560664,0.8945780102605372,0.7093969368219528,0.7912977710548561,score threshold,0.192,raw cri probability,y_any_risk
19882,0.497062426560664,0.8945780102605372,0.7093969368219528,0.7912977710548561,score threshold,0.193,raw cri probability,y_any_risk
19882,0.497062426560664,0.8945780102605372,0.7093969368219528,0.7912977710548561,score threshold,0.194,raw cri probability,y_any_risk
19882,0.497062426560664,0.8945780102605372,0.7093969368219528,0.7912977710548561,score threshold,0.195,raw cri probability,y_any_risk
19882,0.497062426560664,0.8945780102605372,0.7093969368219528,0.7912977710548561,score threshold,0.196,raw cri probability,y_any_risk
19882,0.497062426560664,0.8945780102605372,0.7093969368219528,0.7912977710548561,score threshold,0.197,raw cri probability,y_any_risk
19882,0.497062426560664,0.8945780102605372,0.7093969368219528,0.7912977710548561,score threshold,0.198,raw cri probability,y_any_risk
19882,0.497062426560664,0.8945780102605372,0.7093969368219528,0.7912977710548561,score threshold,0.199,raw cri probability,y_any_risk
19882,0.497062426560664,0.8945780102605372,0.7093969368219528,0.7912977710548561,score threshold,0.2,raw cri probability,y_any_risk
19882,0.497062426560664,0.8945780102605372,0.7093969368219528,0.7912977710548561,score threshold,0.201,raw cri probability,y_any_risk
19882,0.497062426560664,0.8945780102605372,0.7093969368219528,0.7912977710548561,score threshold,0.202,raw cri probability,y_any_risk
19882,0.497062426560664,0.8945780102605372,0.7093969368219528,0.7912977710548561,score threshold,0.203,raw cri probability,y_any_risk
19882,0.497062426560664,0.8945780102605372,0.7093969368219528,0.7912977710548561,score threshold,0.20400000000000001,raw cri probability,y_any_risk
19882,0.497062426560664,0.8945780102605372,0.7093969368219528,0.7912977710548561,score threshold,0.20500000000000002,raw cri probability,y_any_risk
19882,0.497062426560664,0.8945780102605372,0.7093969368219528,0.7912977710548561,score threshold,0.20600000000000002,raw cri probability,y_any_risk
19882,0.497062426560664,0.8945780102605372,0.7093969368219528,0.7912977710548561,score threshold,0.20700000000000002,raw cri probability,y_any_risk
19882,0.497062426560664,0.8945780102605372,0.7093969368219528,0.7912977710548561,score threshold,0.20800000000000002,raw cri probability,y_any_risk
19882,0.497062426560664,0.8945780102605372,0.7093969368219528,0.7912977710548561,score threshold,0.20900000000000002,raw cri probability,y_any_risk
19882,0.497062426560664,0.8945780102605372,0.7093969368219528,0.7912977710548561,score threshold,0.21,raw cri probability,y_any_risk
19882,0.497062426560664,0.8945780102605372,0.7093969368219528,0.7912977710548561,score threshold,0.211,raw cri probability,y_any_risk
19882,0.497062426560664,0.8945780102605372,0.7093969368219528,0.7912977710548561,score threshold,0.212,raw cri probability,y_any_risk
19457,0.4864371609290232,0.8980829521508968,0.6969527760051053,0.7848368478968762,score threshold,0.213,raw cri probability,y_any_risk
19457,0.4864371609290232,0.8980829521508968,0.6969527760051053,0.7848368478968762,score threshold,0.214,raw cri probability,y_any_risk
19457,0.4864371609290232,0.8980829521508968,0.6969527760051053,0.7848368478968762,score threshold,0.215,raw cri probability,y_any_risk
19457,0.4864371609290232,0.8980829521508968,0.6969527760051053,0.7848368478968762,score threshold,0.216,raw cri probability,y_any_risk
19457,0.4864371609290232,0.8980829521508968,0.6969527760051053,0.7848368478968762,score threshold,0.217,raw cri probability,y_any_risk
19457,0.4864371609290232,0.8980829521508968,0.6969527760051053,0.7848368478968762,score threshold,0.218,raw cri probability,y_any_risk
19457,0.4864371609290232,0.8980829521508968,0.6969527760051053,0.7848368478968762,score threshold,0.219,raw cri probability,y_any_risk
19457,0.4864371609290232,0.8980829521508968,0.6969527760051053,0.7848368478968762,score threshold,0.22,raw cri probability,y_any_risk
19457,0.4864371609290232,0.8980829521508968,0.6969527760051053,0.7848368478968762,score threshold,0.221,raw cri probability,y_any_risk
19457,0.4864371609290232,0.8980829521508968,0.6969527760051053,0.7848368478968762,score threshold,0.222,raw cri probability,y_any_risk
19457,0.4864371609290232,0.8980829521508968,0.6969527760051053,0.7848368478968762,score threshold,0.223,raw cri probability,y_any_risk
19457,0.4864371609290232,0.8980829521508968,0.6969527760051053,0.7848368478968762,score threshold,0.224,raw cri probability,y_any_risk
19457,0.4864371609290232,0.8980829521508968,0.6969527760051053,0.7848368478968762,score threshold,0.225,raw cri probability,y_any_risk
19457,0.4864371609290232,0.8980829521508968,0.6969527760051053,0.7848368478968762,score threshold,0.226,raw cri probability,y_any_risk
19457,0.4864371609290232,0.8980829521508968,0.6969527760051053,0.7848368478968762,score threshold,0.227,raw cri probability,y_any_risk
19457,0.4864371609290232,0.8980829521508968,0.6969527760051053,0.7848368478968762,score threshold,0.228,raw cri probability,y_any_risk
19457,0.4864371609290232,0.8980829521508968,0.6969527760051053,0.7848368478968762,score threshold,0.229,raw cri probability,y_any_risk
19457,0.4864371609290232,0.8980829521508968,0.6969527760051053,0.7848368478968762,score threshold,0.23,raw cri probability,y_any_risk
19440,0.4860121503037576,0.8983024691358025,0.6965140395660497,0.7846423436376707,score threshold,0.231,raw cri probability,y_any_risk
19440,0.4860121503037576,0.8983024691358025,0.6965140395660497,0.7846423436376707,score threshold,0.232,raw cri probability,y_any_risk
19440,0.4860121503037576,0.8983024691358025,0.6965140395660497,0.7846423436376707,score threshold,0.233,raw cri probability,y_any_risk
19440,0.4860121503037576,0.8983024691358025,0.6965140395660497,0.7846423436376707,score threshold,0.234,raw cri probability,y_any_risk
19440,0.4860121503037576,0.8983024691358025,0.6965140395660497,0.7846423436376707,score threshold,0.23500000000000001,raw cri probability,y_any_risk
19440,0.4860121503037576,0.8983024691358025,0.6965140395660497,0.7846423436376707,score threshold,0.23600000000000002,raw cri probability,y_any_risk
19440,0.4860121503037576,0.8983024691358025,0.6965140395660497,0.7846423436376707,score threshold,0.23700000000000002,raw cri probability,y_any_risk
19440,0.4860121503037576,0.8983024691358025,0.6965140395660497,0.7846423436376707,score threshold,0.23800000000000002,raw cri probability,y_any_risk
19440,0.4860121503037576,0.8983024691358025,0.6965140395660497,0.7846423436376707,score threshold,0.23900000000000002,raw cri probability,y_any_risk
19440,0.4860121503037576,0.8983024691358025,0.6965140395660497,0.7846423436376707,score threshold,0.24000000000000002,raw cri probability,y_any_risk
19440,0.4860121503037576,0.8983024691358025,0.6965140395660497,0.7846423436376707,score threshold,0.241,raw cri probability,y_any_risk
19440,0.4860121503037576,0.8983024691358025,0.6965140395660497,0.7846423436376707,score threshold,0.242,raw cri probability,y_any_risk
19440,0.4860121503037576,0.8983024691358025,0.6965140395660497,0.7846423436376707,score threshold,0.243,raw cri probability,y_any_risk
19440,0.4860121503037576,0.8983024691358025,0.6965140395660497,0.7846423436376707,score threshold,0.244,raw cri probability,y_any_risk
19440,0.4860121503037576,0.8983024691358025,0.6965140395660497,0.7846423436376707,score threshold,0.245,raw cri probability,y_any_risk
19440,0.4860121503037576,0.8983024691358025,0.6965140395660497,0.7846423436376707,score threshold,0.246,raw cri probability,y_any_risk
19440,0.4860121503037576,0.8983024691358025,0.6965140395660497,0.7846423436376707,score threshold,0.247,raw cri probability,y_any_risk
19440,0.4860121503037576,0.8983024691358025,0.6965140395660497,0.7846423436376707,score threshold,0.248,raw cri probability,y_any_risk
19440,0.4860121503037576,0.8983024691358025,0.6965140395660497,0.7846423436376707,score threshold,0.249,raw cri probability,y_any_risk
19440,0.4860121503037576,0.8983024691358025,0.6965140395660497,0.7846423436376707,score threshold,0.25,raw cri probability,y_any_risk
19440,0.4860121503037576,0.8983024691358025,0.6965140395660497,0.7846423436376707,score threshold,0.251,raw cri probability,y_any_risk
19440,0.4860121503037576,0.8983024691358025,0.6965140395660497,0.7846423436376707,score threshold,0.252,raw cri probability,y_any_risk
19440,0.4860121503037576,0.8983024691358025,0.6965140395660497,0.7846423436376707,score threshold,0.253,raw cri probability,y_any_risk
19440,0.4860121503037576,0.8983024691358025,0.6965140395660497,0.7846423436376707,score threshold,0.254,raw cri probability,y_any_risk
19440,0.4860121503037576,0.8983024691358025,0.6965140395660497,0.7846423436376707,score threshold,0.255,raw cri probability,y_any_risk
19440,0.4860121503037576,0.8983024691358025,0.6965140395660497,0.7846423436376707,score threshold,0.256,raw cri probability,y_any_risk
19440,0.4860121503037576,0.8983024691358025,0.6965140395660497,0.7846423436376707,score threshold,0.257,raw cri probability,y_any_risk
19440,0.4860121503037576,0.8983024691358025,0.6965140395660497,0.7846423436376707,score threshold,0.258,raw cri probability,y_any_risk
19440,0.4860121503037576,0.8983024691358025,0.6965140395660497,0.7846423436376707,score threshold,0.259,raw cri probability,y_any_risk
19440,0.4860121503037576,0.8983024691358025,0.6965140395660497,0.7846423436376707,score threshold,0.26,raw cri probability,y_any_risk
19440,0.4860121503037576,0.8983024691358025,0.6965140395660497,0.7846423436376707,score threshold,0.261,raw cri probability,y_any_risk
19440,0.4860121503037576,0.8983024691358025,0.6965140395660497,0.7846423436376707,score threshold,0.262,raw cri probability,y_any_risk
19438,0.48596214905372637,0.8982920053503447,0.6964342693044033,0.7845877330936868,score threshold,0.263,raw cri probability,y_any_risk
19438,0.48596214905372637,0.8982920053503447,0.6964342693044033,0.7845877330936868,score threshold,0.264,raw cri probability,y_any_risk
19437,0.4859371484287107,0.8983382209188661,0.6964342693044033,0.7846053607135636,score threshold,0.265,raw cri probability,y_any_risk
19437,0.4859371484287107,0.8983382209188661,0.6964342693044033,0.7846053607135636,score threshold,0.266,raw cri probability,y_any_risk
19437,0.4859371484287107,0.8983382209188661,0.6964342693044033,0.7846053607135636,score threshold,0.267,raw cri probability,y_any_risk
19437,0.4859371484287107,0.8983382209188661,0.6964342693044033,0.7846053607135636,score threshold,0.268,raw cri probability,y_any_risk
19437,0.4859371484287107,0.8983382209188661,0.6964342693044033,0.7846053607135636,score threshold,0.269,raw cri probability,y_any_risk
19437,0.4859371484287107,0.8983382209188661,0.6964342693044033,0.7846053607135636,score threshold,0.27,raw cri probability,y_any_risk
19437,0.4859371484287107,0.8983382209188661,0.6964342693044033,0.7846053607135636,score threshold,0.271,raw cri probability,y_any_risk
19437,0.4859371484287107,0.8983382209188661,0.6964342693044033,0.7846053607135636,score threshold,0.272,raw cri probability,y_any_risk
19437,0.4859371484287107,0.8983382209188661,0.6964342693044033,0.7846053607135636,score threshold,0.273,raw cri probability,y_any_risk
19437,0.4859371484287107,0.8983382209188661,0.6964342693044033,0.7846053607135636,score threshold,0.274,raw cri probability,y_any_risk
19437,0.4859371484287107,0.8983382209188661,0.6964342693044033,0.7846053607135636,score threshold,0.275,raw cri probability,y_any_risk
19437,0.4859371484287107,0.8983382209188661,0.6964342693044033,0.7846053607135636,score threshold,0.276,raw cri probability,y_any_risk
19437,0.4859371484287107,0.8983382209188661,0.6964342693044033,0.7846053607135636,score threshold,0.277,raw cri probability,y_any_risk
19199,0.47998699967499187,0.8997864472107923,0.6890156349712827,0.7804205913577738,score threshold,0.278,raw cri probability,y_any_risk
19199,0.47998699967499187,0.8997864472107923,0.6890156349712827,0.7804205913577738,score threshold,0.279,raw cri probability,y_any_risk
19199,0.47998699967499187,0.8997864472107923,0.6890156349712827,0.7804205913577738,score threshold,0.28,raw cri probability,y_any_risk
19199,0.47998699967499187,0.8997864472107923,0.6890156349712827,0.7804205913577738,score threshold,0.281,raw cri probability,y_any_risk
19199,0.47998699967499187,0.8997864472107923,0.6890156349712827,0.7804205913577738,score threshold,0.28200000000000003,raw cri probability,y_any_risk
19199,0.47998699967499187,0.8997864472107923,0.6890156349712827,0.7804205913577738,score threshold,0.28300000000000003,raw cri probability,y_any_risk
19199,0.47998699967499187,0.8997864472107923,0.6890156349712827,0.7804205913577738,score threshold,0.28400000000000003,raw cri probability,y_any_risk
19199,0.47998699967499187,0.8997864472107923,0.6890156349712827,0.7804205913577738,score threshold,0.28500000000000003,raw cri probability,y_any_risk
19199,0.47998699967499187,0.8997864472107923,0.6890156349712827,0.7804205913577738,score threshold,0.28600000000000003,raw cri probability,y_any_risk
19199,0.47998699967499187,0.8997864472107923,0.6890156349712827,0.7804205913577738,score threshold,0.28700000000000003,raw cri probability,y_any_risk
19199,0.47998699967499187,0.8997864472107923,0.6890156349712827,0.7804205913577738,score threshold,0.28800000000000003,raw cri probability,y_any_risk
19199,0.47998699967499187,0.8997864472107923,0.6890156349712827,0.7804205913577738,score threshold,0.28900000000000003,raw cri probability,y_any_risk
19143,0.4785869646741169,0.899911194692577,0.6871011486917677,0.7792378152210788,score threshold,0.29,raw cri probability,y_any_risk
19143,0.4785869646741169,0.899911194692577,0.6871011486917677,0.7792378152210788,score threshold,0.291,raw cri probability,y_any_risk
19143,0.4785869646741169,0.899911194692577,0.6871011486917677,0.7792378152210788,score threshold,0.292,raw cri probability,y_any_risk
19143,0.4785869646741169,0.899911194692577,0.6871011486917677,0.7792378152210788,score threshold,0.293,raw cri probability,y_any_risk
19142,0.47856196404910123,0.8999059659387734,0.6870612635609444,0.7792102049124712,score threshold,0.294,raw cri probability,y_any_risk
19142,0.47856196404910123,0.8999059659387734,0.6870612635609444,0.7792102049124712,score threshold,0.295,raw cri probability,y_any_risk
19142,0.47856196404910123,0.8999059659387734,0.6870612635609444,0.7792102049124712,score threshold,0.296,raw cri probability,y_any_risk
19142,0.47856196404910123,0.8999059659387734,0.6870612635609444,0.7792102049124712,score threshold,0.297,raw cri probability,y_any_risk
19142,0.47856196404910123,0.8999059659387734,0.6870612635609444,0.7792102049124712,score threshold,0.298,raw cri probability,y_any_risk
19142,0.47856196404910123,0.8999059659387734,0.6870612635609444,0.7792102049124712,score threshold,0.299,raw cri probability,y_any_risk
19142,0.47856196404910123,0.8999059659387734,0.6870612635609444,0.7792102049124712,score threshold,0.3,raw cri probability,y_any_risk
19142,0.47856196404910123,0.8999059659387734,0.6870612635609444,0.7792102049124712,score threshold,0.301,raw cri probability,y_any_risk
19142,0.47856196404910123,0.8999059659387734,0.6870612635609444,0.7792102049124712,score threshold,0.302,raw cri probability,y_any_risk
19142,0.47856196404910123,0.8999059659387734,0.6870612635609444,0.7792102049124712,score threshold,0.303,raw cri probability,y_any_risk
19142,0.47856196404910123,0.8999059659387734,0.6870612635609444,0.7792102049124712,score threshold,0.304,raw cri probability,y_any_risk
19142,0.47856196404910123,0.8999059659387734,0.6870612635609444,0.7792102049124712,score threshold,0.305,raw cri probability,y_any_risk
19142,0.47856196404910123,0.8999059659387734,0.6870612635609444,0.7792102049124712,score threshold,0.306,raw cri probability,y_any_risk
19142,0.47856196404910123,0.8999059659387734,0.6870612635609444,0.7792102049124712,score threshold,0.307,raw cri probability,y_any_risk
19142,0.47856196404910123,0.8999059659387734,0.6870612635609444,0.7792102049124712,score threshold,0.308,raw cri probability,y_any_risk
19142,0.47856196404910123,0.8999059659387734,0.6870612635609444,0.7792102049124712,score threshold,0.309,raw cri probability,y_any_risk
19142,0.47856196404910123,0.8999059659387734,0.6870612635609444,0.7792102049124712,score threshold,0.31,raw cri probability,y_any_risk
19142,0.47856196404910123,0.8999059659387734,0.6870612635609444,0.7792102049124712,score threshold,0.311,raw cri probability,y_any_risk
19142,0.47856196404910123,0.8999059659387734,0.6870612635609444,0.7792102049124712,score threshold,0.312,raw cri probability,y_any_risk
19142,0.47856196404910123,0.8999059659387734,0.6870612635609444,0.7792102049124712,score threshold,0.313,raw cri probability,y_any_risk
19142,0.47856196404910123,0.8999059659387734,0.6870612635609444,0.7792102049124712,score threshold,0.314,raw cri probability,y_any_risk
19142,0.47856196404910123,0.8999059659387734,0.6870612635609444,0.7792102049124712,score threshold,0.315,raw cri probability,y_any_risk
19142,0.47856196404910123,0.8999059659387734,0.6870612635609444,0.7792102049124712,score threshold,0.316,raw cri probability,y_any_risk
19142,0.47856196404910123,0.8999059659387734,0.6870612635609444,0.7792102049124712,score threshold,0.317,raw cri probability,y_any_risk
19142,0.47856196404910123,0.8999059659387734,0.6870612635609444,0.7792102049124712,score threshold,0.318,raw cri probability,y_any_risk
19142,0.47856196404910123,0.8999059659387734,0.6870612635609444,0.7792102049124712,score threshold,0.319,raw cri probability,y_any_risk
19058,0.4764619115477887,0.9000419771224683,0.6841496490108487,0.7773849988669839,score threshold,0.32,raw cri probability,y_any_risk
19058,0.4764619115477887,0.9000419771224683,0.6841496490108487,0.7773849988669839,score threshold,0.321,raw cri probability,y_any_risk
19058,0.4764619115477887,0.9000419771224683,0.6841496490108487,0.7773849988669839,score threshold,0.322,raw cri probability,y_any_risk
19058,0.4764619115477887,0.9000419771224683,0.6841496490108487,0.7773849988669839,score threshold,0.323,raw cri probability,y_any_risk
19058,0.4764619115477887,0.9000419771224683,0.6841496490108487,0.7773849988669839,score threshold,0.324,raw cri probability,y_any_risk
19058,0.4764619115477887,0.9000419771224683,0.6841496490108487,0.7773849988669839,score threshold,0.325,raw cri probability,y_any_risk
19058,0.4764619115477887,0.9000419771224683,0.6841496490108487,0.7773849988669839,score threshold,0.326,raw cri probability,y_any_risk
19058,0.4764619115477887,0.9000419771224683,0.6841496490108487,0.7773849988669839,score threshold,0.327,raw cri probability,y_any_risk
19058,0.4764619115477887,0.9000419771224683,0.6841496490108487,0.7773849988669839,score threshold,0.328,raw cri probability,y_any_risk
19058,0.4764619115477887,0.9000419771224683,0.6841496490108487,0.7773849988669839,score threshold,0.329,raw cri probability,y_any_risk
19058,0.4764619115477887,0.9000419771224683,0.6841496490108487,0.7773849988669839,score threshold,0.33,raw cri probability,y_any_risk
19058,0.4764619115477887,0.9000419771224683,0.6841496490108487,0.7773849988669839,score threshold,0.331,raw cri probability,y_any_risk
19058,0.4764619115477887,0.9000419771224683,0.6841496490108487,0.7773849988669839,score threshold,0.332,raw cri probability,y_any_risk
19058,0.4764619115477887,0.9000419771224683,0.6841496490108487,0.7773849988669839,score threshold,0.333,raw cri probability,y_any_risk
19058,0.4764619115477887,0.9000419771224683,0.6841496490108487,0.7773849988669839,score threshold,0.334,raw cri probability,y_any_risk
19058,0.4764619115477887,0.9000419771224683,0.6841496490108487,0.7773849988669839,score threshold,0.335,raw cri probability,y_any_risk
19058,0.4764619115477887,0.9000419771224683,0.6841496490108487,0.7773849988669839,score threshold,0.336,raw cri probability,y_any_risk
19058,0.4764619115477887,0.9000419771224683,0.6841496490108487,0.7773849988669839,score threshold,0.337,raw cri probability,y_any_risk
18964,0.4741118527963199,0.9004956760177177,0.6811183790682833,0.7755926968843674,score threshold,0.338,raw cri probability,y_any_risk
18964,0.4741118527963199,0.9004956760177177,0.6811183790682833,0.7755926968843674,score threshold,0.339,raw cri probability,y_any_risk
18964,0.4741118527963199,0.9004956760177177,0.6811183790682833,0.7755926968843674,score threshold,0.34,raw cri probability,y_any_risk
18964,0.4741118527963199,0.9004956760177177,0.6811183790682833,0.7755926968843674,score threshold,0.341,raw cri probability,y_any_risk
18964,0.4741118527963199,0.9004956760177177,0.6811183790682833,0.7755926968843674,score threshold,0.342,raw cri probability,y_any_risk
18964,0.4741118527963199,0.9004956760177177,0.6811183790682833,0.7755926968843674,score threshold,0.343,raw cri probability,y_any_risk
18964,0.4741118527963199,0.9004956760177177,0.6811183790682833,0.7755926968843674,score threshold,0.34400000000000003,raw cri probability,y_any_risk
18964,0.4741118527963199,0.9004956760177177,0.6811183790682833,0.7755926968843674,score threshold,0.34500000000000003,raw cri probability,y_any_risk
18964,0.4741118527963199,0.9004956760177177,0.6811183790682833,0.7755926968843674,score threshold,0.34600000000000003,raw cri probability,y_any_risk
18964,0.4741118527963199,0.9004956760177177,0.6811183790682833,0.7755926968843674,score threshold,0.34700000000000003,raw cri probability,y_any_risk
18964,0.4741118527963199,0.9004956760177177,0.6811183790682833,0.7755926968843674,score threshold,0.34800000000000003,raw cri probability,y_any_risk
18964,0.4741118527963199,0.9004956760177177,0.6811183790682833,0.7755926968843674,score threshold,0.34900000000000003,raw cri probability,y_any_risk
18964,0.4741118527963199,0.9004956760177177,0.6811183790682833,0.7755926968843674,score threshold,0.35000000000000003,raw cri probability,y_any_risk
18579,0.4644866121653041,0.9026320038753431,0.668873643905552,0.7683672768092369,score threshold,0.35100000000000003,raw cri probability,y_any_risk
18579,0.4644866121653041,0.9026320038753431,0.668873643905552,0.7683672768092369,score threshold,0.35200000000000004,raw cri probability,y_any_risk
18579,0.4644866121653041,0.9026320038753431,0.668873643905552,0.7683672768092369,score threshold,0.353,raw cri probability,y_any_risk
18579,0.4644866121653041,0.9026320038753431,0.668873643905552,0.7683672768092369,score threshold,0.354,raw cri probability,y_any_risk
18579,0.4644866121653041,0.9026320038753431,0.668873643905552,0.7683672768092369,score threshold,0.355,raw cri probability,y_any_risk
18579,0.4644866121653041,0.9026320038753431,0.668873643905552,0.7683672768092369,score threshold,0.356,raw cri probability,y_any_risk
18579,0.4644866121653041,0.9026320038753431,0.668873643905552,0.7683672768092369,score threshold,0.357,raw cri probability,y_any_risk
18579,0.4644866121653041,0.9026320038753431,0.668873643905552,0.7683672768092369,score threshold,0.358,raw cri probability,y_any_risk
18579,0.4644866121653041,0.9026320038753431,0.668873643905552,0.7683672768092369,score threshold,0.359,raw cri probability,y_any_risk
18579,0.4644866121653041,0.9026320038753431,0.668873643905552,0.7683672768092369,score threshold,0.36,raw cri probability,y_any_risk
18579,0.4644866121653041,0.9026320038753431,0.668873643905552,0.7683672768092369,score threshold,0.361,raw cri probability,y_any_risk
18577,0.4644366109152729,0.9026215212359369,0.6687938736439055,0.768310843318289,score threshold,0.362,raw cri probability,y_any_risk
17887,0.44718617965449137,0.9060211326661821,0.6463784301212508,0.7544868362857609,score threshold,0.363,raw cri probability,y_any_risk
17855,0.44638615965399137,0.9064687762531504,0.645540842373963,0.7540708644908799,score threshold,0.364,raw cri probability,y_any_risk
17855,0.44638615965399137,0.9064687762531504,0.645540842373963,0.7540708644908799,score threshold,0.365,raw cri probability,y_any_risk
17855,0.44638615965399137,0.9064687762531504,0.645540842373963,0.7540708644908799,score threshold,0.366,raw cri probability,y_any_risk
17854,0.4463611590289757,0.9064635375826146,0.6455009572431397,0.7540418394446257,score threshold,0.367,raw cri probability,y_any_risk
17854,0.4463611590289757,0.9064635375826146,0.6455009572431397,0.7540418394446257,score threshold,0.368,raw cri probability,y_any_risk
17854,0.4463611590289757,0.9064635375826146,0.6455009572431397,0.7540418394446257,score threshold,0.369,raw cri probability,y_any_risk
17854,0.4463611590289757,0.9064635375826146,0.6455009572431397,0.7540418394446257,score threshold,0.37,raw cri probability,y_any_risk
17854,0.4463611590289757,0.9064635375826146,0.6455009572431397,0.7540418394446257,score threshold,0.371,raw cri probability,y_any_risk
17854,0.4463611590289757,0.9064635375826146,0.6455009572431397,0.7540418394446257,score threshold,0.372,raw cri probability,y_any_risk
17854,0.4463611590289757,0.9064635375826146,0.6455009572431397,0.7540418394446257,score threshold,0.373,raw cri probability,y_any_risk
17854,0.4463611590289757,0.9064635375826146,0.6455009572431397,0.7540418394446257,score threshold,0.374,raw cri probability,y_any_risk
17854,0.4463611590289757,0.9064635375826146,0.6455009572431397,0.7540418394446257,score threshold,0.375,raw cri probability,y_any_risk
17854,0.4463611590289757,0.9064635375826146,0.6455009572431397,0.7540418394446257,score threshold,0.376,raw cri probability,y_any_risk
17854,0.4463611590289757,0.9064635375826146,0.6455009572431397,0.7540418394446257,score threshold,0.377,raw cri probability,y_any_risk
17854,0.4463611590289757,0.9064635375826146,0.6455009572431397,0.7540418394446257,score threshold,0.378,raw cri probability,y_any_risk
17854,0.4463611590289757,0.9064635375826146,0.6455009572431397,0.7540418394446257,score threshold,0.379,raw cri probability,y_any_risk
17854,0.4463611590289757,0.9064635375826146,0.6455009572431397,0.7540418394446257,score threshold,0.38,raw cri probability,y_any_risk
17854,0.4463611590289757,0.9064635375826146,0.6455009572431397,0.7540418394446257,score threshold,0.381,raw cri probability,y_any_risk
17854,0.4463611590289757,0.9064635375826146,0.6455009572431397,0.7540418394446257,score threshold,0.382,raw cri probability,y_any_risk
17854,0.4463611590289757,0.9064635375826146,0.6455009572431397,0.7540418394446257,score threshold,0.383,raw cri probability,y_any_risk
17854,0.4463611590289757,0.9064635375826146,0.6455009572431397,0.7540418394446257,score threshold,0.384,raw cri probability,y_any_risk
17854,0.4463611590289757,0.9064635375826146,0.6455009572431397,0.7540418394446257,score threshold,0.385,raw cri probability,y_any_risk
17854,0.4463611590289757,0.9064635375826146,0.6455009572431397,0.7540418394446257,score threshold,0.386,raw cri probability,y_any_risk
17854,0.4463611590289757,0.9064635375826146,0.6455009572431397,0.7540418394446257,score threshold,0.387,raw cri probability,y_any_risk
17854,0.4463611590289757,0.9064635375826146,0.6455009572431397,0.7540418394446257,score threshold,0.388,raw cri probability,y_any_risk
17854,0.4463611590289757,0.9064635375826146,0.6455009572431397,0.7540418394446257,score threshold,0.389,raw cri probability,y_any_risk
17854,0.4463611590289757,0.9064635375826146,0.6455009572431397,0.7540418394446257,score threshold,0.39,raw cri probability,y_any_risk
17854,0.4463611590289757,0.9064635375826146,0.6455009572431397,0.7540418394446257,score threshold,0.391,raw cri probability,y_any_risk
17854,0.4463611590289757,0.9064635375826146,0.6455009572431397,0.7540418394446257,score threshold,0.392,raw cri probability,y_any_risk
17854,0.4463611590289757,0.9064635375826146,0.6455009572431397,0.7540418394446257,score threshold,0.393,raw cri probability,y_any_risk
17854,0.4463611590289757,0.9064635375826146,0.6455009572431397,0.7540418394446257,score threshold,0.394,raw cri probability,y_any_risk
17854,0.4463611590289757,0.9064635375826146,0.6455009572431397,0.7540418394446257,score threshold,0.395,raw cri probability,y_any_risk
17854,0.4463611590289757,0.9064635375826146,0.6455009572431397,0.7540418394446257,score threshold,0.396,raw cri probability,y_any_risk
17854,0.4463611590289757,0.9064635375826146,0.6455009572431397,0.7540418394446257,score threshold,0.397,raw cri probability,y_any_risk
17854,0.4463611590289757,0.9064635375826146,0.6455009572431397,0.7540418394446257,score threshold,0.398,raw cri probability,y_any_risk
17854,0.4463611590289757,0.9064635375826146,0.6455009572431397,0.7540418394446257,score threshold,0.399,raw cri probability,y_any_risk
17854,0.4463611590289757,0.9064635375826146,0.6455009572431397,0.7540418394446257,score threshold,0.4,raw cri probability,y_any_risk
17854,0.4463611590289757,0.9064635375826146,0.6455009572431397,0.7540418394446257,score threshold,0.401,raw cri probability,y_any_risk
17854,0.4463611590289757,0.9064635375826146,0.6455009572431397,0.7540418394446257,score threshold,0.402,raw cri probability,y_any_risk
17854,0.4463611590289757,0.9064635375826146,0.6455009572431397,0.7540418394446257,score threshold,0.403,raw cri probability,y_any_risk
17854,0.4463611590289757,0.9064635375826146,0.6455009572431397,0.7540418394446257,score threshold,0.404,raw cri probability,y_any_risk
17854,0.4463611590289757,0.9064635375826146,0.6455009572431397,0.7540418394446257,score threshold,0.405,raw cri probability,y_any_risk
17854,0.4463611590289757,0.9064635375826146,0.6455009572431397,0.7540418394446257,score threshold,0.406,raw cri probability,y_any_risk
17854,0.4463611590289757,0.9064635375826146,0.6455009572431397,0.7540418394446257,score threshold,0.40700000000000003,raw cri probability,y_any_risk
17854,0.4463611590289757,0.9064635375826146,0.6455009572431397,0.7540418394446257,score threshold,0.40800000000000003,raw cri probability,y_any_risk
17854,0.4463611590289757,0.9064635375826146,0.6455009572431397,0.7540418394446257,score threshold,0.40900000000000003,raw cri probability,y_any_risk
17608,0.4402110052751319,0.90765561108587,0.6374441608168475,0.7489222118088098,score threshold,0.41000000000000003,raw cri probability,y_any_risk
17607,0.44018600465011626,0.9076503663315727,0.6374042756860242,0.7488928981466295,score threshold,0.41100000000000003,raw cri probability,y_any_risk
17301,0.43253581339533487,0.9080399976879949,0.6265954052329291,0.7415099237722135,score threshold,0.41200000000000003,raw cri probability,y_any_risk
17301,0.43253581339533487,0.9080399976879949,0.6265954052329291,0.7415099237722135,score threshold,0.41300000000000003,raw cri probability,y_any_risk
17301,0.43253581339533487,0.9080399976879949,0.6265954052329291,0.7415099237722135,score threshold,0.41400000000000003,raw cri probability,y_any_risk
17301,0.43253581339533487,0.9080399976879949,0.6265954052329291,0.7415099237722135,score threshold,0.41500000000000004,raw cri probability,y_any_risk
17301,0.43253581339533487,0.9080399976879949,0.6265954052329291,0.7415099237722135,score threshold,0.41600000000000004,raw cri probability,y_any_risk
17301,0.43253581339533487,0.9080399976879949,0.6265954052329291,0.7415099237722135,score threshold,0.41700000000000004,raw cri probability,y_any_risk
17301,0.43253581339533487,0.9080399976879949,0.6265954052329291,0.7415099237722135,score threshold,0.418,raw cri probability,y_any_risk
17301,0.43253581339533487,0.9080399976879949,0.6265954052329291,0.7415099237722135,score threshold,0.419,raw cri probability,y_any_risk
17301,0.43253581339533487,0.9080399976879949,0.6265954052329291,0.7415099237722135,score threshold,0.42,raw cri probability,y_any_risk
17301,0.43253581339533487,0.9080399976879949,0.6265954052329291,0.7415099237722135,score threshold,0.421,raw cri probability,y_any_risk
17301,0.43253581339533487,0.9080399976879949,0.6265954052329291,0.7415099237722135,score threshold,0.422,raw cri probability,y_any_risk
17301,0.43253581339533487,0.9080399976879949,0.6265954052329291,0.7415099237722135,score threshold,0.423,raw cri probability,y_any_risk
17301,0.43253581339533487,0.9080399976879949,0.6265954052329291,0.7415099237722135,score threshold,0.424,raw cri probability,y_any_risk
17301,0.43253581339533487,0.9080399976879949,0.6265954052329291,0.7415099237722135,score threshold,0.425,raw cri probability,y_any_risk
17301,0.43253581339533487,0.9080399976879949,0.6265954052329291,0.7415099237722135,score threshold,0.426,raw cri probability,y_any_risk
17301,0.43253581339533487,0.9080399976879949,0.6265954052329291,0.7415099237722135,score threshold,0.427,raw cri probability,y_any_risk
17301,0.43253581339533487,0.9080399976879949,0.6265954052329291,0.7415099237722135,score threshold,0.428,raw cri probability,y_any_risk
17301,0.43253581339533487,0.9080399976879949,0.6265954052329291,0.7415099237722135,score threshold,0.429,raw cri probability,y_any_risk
17301,0.43253581339533487,0.9080399976879949,0.6265954052329291,0.7415099237722135,score threshold,0.43,raw cri probability,y_any_risk
17300,0.4325108127703193,0.9080346820809249,0.6265555201021059,0.741480222788634,score threshold,0.431,raw cri probability,y_any_risk
17300,0.4325108127703193,0.9080346820809249,0.6265555201021059,0.741480222788634,score threshold,0.432,raw cri probability,y_any_risk
17300,0.4325108127703193,0.9080346820809249,0.6265555201021059,0.741480222788634,score threshold,0.433,raw cri probability,y_any_risk
17300,0.4325108127703193,0.9080346820809249,0.6265555201021059,0.741480222788634,score threshold,0.434,raw cri probability,y_any_risk
17300,0.4325108127703193,0.9080346820809249,0.6265555201021059,0.741480222788634,score threshold,0.435,raw cri probability,y_any_risk
17300,0.4325108127703193,0.9080346820809249,0.6265555201021059,0.741480222788634,score threshold,0.436,raw cri probability,y_any_risk
17300,0.4325108127703193,0.9080346820809249,0.6265555201021059,0.741480222788634,score threshold,0.437,raw cri probability,y_any_risk
17300,0.4325108127703193,0.9080346820809249,0.6265555201021059,0.741480222788634,score threshold,0.438,raw cri probability,y_any_risk
17300,0.4325108127703193,0.9080346820809249,0.6265555201021059,0.741480222788634,score threshold,0.439,raw cri probability,y_any_risk
17300,0.4325108127703193,0.9080346820809249,0.6265555201021059,0.741480222788634,score threshold,0.44,raw cri probability,y_any_risk
17300,0.4325108127703193,0.9080346820809249,0.6265555201021059,0.741480222788634,score threshold,0.441,raw cri probability,y_any_risk
17300,0.4325108127703193,0.9080346820809249,0.6265555201021059,0.741480222788634,score threshold,0.442,raw cri probability,y_any_risk
17300,0.4325108127703193,0.9080346820809249,0.6265555201021059,0.741480222788634,score threshold,0.443,raw cri probability,y_any_risk
17300,0.4325108127703193,0.9080346820809249,0.6265555201021059,0.741480222788634,score threshold,0.444,raw cri probability,y_any_risk
17300,0.4325108127703193,0.9080346820809249,0.6265555201021059,0.741480222788634,score threshold,0.445,raw cri probability,y_any_risk
17300,0.4325108127703193,0.9080346820809249,0.6265555201021059,0.741480222788634,score threshold,0.446,raw cri probability,y_any_risk
17300,0.4325108127703193,0.9080346820809249,0.6265555201021059,0.741480222788634,score threshold,0.447,raw cri probability,y_any_risk
17300,0.4325108127703193,0.9080346820809249,0.6265555201021059,0.741480222788634,score threshold,0.448,raw cri probability,y_any_risk
17300,0.4325108127703193,0.9080346820809249,0.6265555201021059,0.741480222788634,score threshold,0.449,raw cri probability,y_any_risk
17028,0.4257106427660691,0.909501996711299,0.6177010210593491,0.7357244655581948,score threshold,0.45,raw cri probability,y_any_risk
16941,0.4235355883897097,0.9100407295909332,0.614909061901723,0.7339156927617643,score threshold,0.451,raw cri probability,y_any_risk
16941,0.4235355883897097,0.9100407295909332,0.614909061901723,0.7339156927617643,score threshold,0.452,raw cri probability,y_any_risk
16941,0.4235355883897097,0.9100407295909332,0.614909061901723,0.7339156927617643,score threshold,0.453,raw cri probability,y_any_risk
16941,0.4235355883897097,0.9100407295909332,0.614909061901723,0.7339156927617643,score threshold,0.454,raw cri probability,y_any_risk
16941,0.4235355883897097,0.9100407295909332,0.614909061901723,0.7339156927617643,score threshold,0.455,raw cri probability,y_any_risk
16941,0.4235355883897097,0.9100407295909332,0.614909061901723,0.7339156927617643,score threshold,0.456,raw cri probability,y_any_risk
16941,0.4235355883897097,0.9100407295909332,0.614909061901723,0.7339156927617643,score threshold,0.457,raw cri probability,y_any_risk
16941,0.4235355883897097,0.9100407295909332,0.614909061901723,0.7339156927617643,score threshold,0.458,raw cri probability,y_any_risk
16941,0.4235355883897097,0.9100407295909332,0.614909061901723,0.7339156927617643,score threshold,0.459,raw cri probability,y_any_risk
16941,0.4235355883897097,0.9100407295909332,0.614909061901723,0.7339156927617643,score threshold,0.46,raw cri probability,y_any_risk
16941,0.4235355883897097,0.9100407295909332,0.614909061901723,0.7339156927617643,score threshold,0.461,raw cri probability,y_any_risk
16940,0.42351058776469414,0.9100354191263282,0.6148691767708998,0.7338855565076645,score threshold,0.462,raw cri probability,y_any_risk
16940,0.42351058776469414,0.9100354191263282,0.6148691767708998,0.7338855565076645,score threshold,0.463,raw cri probability,y_any_risk
16940,0.42351058776469414,0.9100354191263282,0.6148691767708998,0.7338855565076645,score threshold,0.464,raw cri probability,y_any_risk
16940,0.42351058776469414,0.9100354191263282,0.6148691767708998,0.7338855565076645,score threshold,0.465,raw cri probability,y_any_risk
16940,0.42351058776469414,0.9100354191263282,0.6148691767708998,0.7338855565076645,score threshold,0.466,raw cri probability,y_any_risk
16940,0.42351058776469414,0.9100354191263282,0.6148691767708998,0.7338855565076645,score threshold,0.467,raw cri probability,y_any_risk
16940,0.42351058776469414,0.9100354191263282,0.6148691767708998,0.7338855565076645,score threshold,0.468,raw cri probability,y_any_risk
16939,0.4234855871396785,0.9100301080347128,0.6148292916400766,0.7338554188188807,score threshold,0.46900000000000003,raw cri probability,y_any_risk
16939,0.4234855871396785,0.9100301080347128,0.6148292916400766,0.7338554188188807,score threshold,0.47000000000000003,raw cri probability,y_any_risk
16939,0.4234855871396785,0.9100301080347128,0.6148292916400766,0.7338554188188807,score threshold,0.47100000000000003,raw cri probability,y_any_risk
16939,0.4234855871396785,0.9100301080347128,0.6148292916400766,0.7338554188188807,score threshold,0.47200000000000003,raw cri probability,y_any_risk
16939,0.4234855871396785,0.9100301080347128,0.6148292916400766,0.7338554188188807,score threshold,0.47300000000000003,raw cri probability,y_any_risk
16939,0.4234855871396785,0.9100301080347128,0.6148292916400766,0.7338554188188807,score threshold,0.47400000000000003,raw cri probability,y_any_risk
16939,0.4234855871396785,0.9100301080347128,0.6148292916400766,0.7338554188188807,score threshold,0.47500000000000003,raw cri probability,y_any_risk
16939,0.4234855871396785,0.9100301080347128,0.6148292916400766,0.7338554188188807,score threshold,0.47600000000000003,raw cri probability,y_any_risk
16939,0.4234855871396785,0.9100301080347128,0.6148292916400766,0.7338554188188807,score threshold,0.47700000000000004,raw cri probability,y_any_risk
16939,0.4234855871396785,0.9100301080347128,0.6148292916400766,0.7338554188188807,score threshold,0.47800000000000004,raw cri probability,y_any_risk
16939,0.4234855871396785,0.9100301080347128,0.6148292916400766,0.7338554188188807,score threshold,0.47900000000000004,raw cri probability,y_any_risk
16939,0.4234855871396785,0.9100301080347128,0.6148292916400766,0.7338554188188807,score threshold,0.48000000000000004,raw cri probability,y_any_risk
16939,0.4234855871396785,0.9100301080347128,0.6148292916400766,0.7338554188188807,score threshold,0.481,raw cri probability,y_any_risk
16908,0.4227105677641941,0.9099834397918145,0.6136726228462029,0.7330157217722725,score threshold,0.482,raw cri probability,y_any_risk
16908,0.4227105677641941,0.9099834397918145,0.6136726228462029,0.7330157217722725,score threshold,0.483,raw cri probability,y_any_risk
16908,0.4227105677641941,0.9099834397918145,0.6136726228462029,0.7330157217722725,score threshold,0.484,raw cri probability,y_any_risk
16908,0.4227105677641941,0.9099834397918145,0.6136726228462029,0.7330157217722725,score threshold,0.485,raw cri probability,y_any_risk
16908,0.4227105677641941,0.9099834397918145,0.6136726228462029,0.7330157217722725,score threshold,0.486,raw cri probability,y_any_risk
16908,0.4227105677641941,0.9099834397918145,0.6136726228462029,0.7330157217722725,score threshold,0.487,raw cri probability,y_any_risk
16908,0.4227105677641941,0.9099834397918145,0.6136726228462029,0.7330157217722725,score threshold,0.488,raw cri probability,y_any_risk
16907,0.4226855671391785,0.9099781155734311,0.6136327377153797,0.7329855403892422,score threshold,0.489,raw cri probability,y_any_risk
16907,0.4226855671391785,0.9099781155734311,0.6136327377153797,0.7329855403892422,score threshold,0.49,raw cri probability,y_any_risk
16478,0.41196029900747516,0.9138851802403204,0.600630185067007,0.7248616125150421,score threshold,0.491,raw cri probability,y_any_risk
16478,0.41196029900747516,0.9138851802403204,0.600630185067007,0.7248616125150421,score threshold,0.492,raw cri probability,y_any_risk
16478,0.41196029900747516,0.9138851802403204,0.600630185067007,0.7248616125150421,score threshold,0.493,raw cri probability,y_any_risk
16478,0.41196029900747516,0.9138851802403204,0.600630185067007,0.7248616125150421,score threshold,0.494,raw cri probability,y_any_risk
16478,0.41196029900747516,0.9138851802403204,0.600630185067007,0.7248616125150421,score threshold,0.495,raw cri probability,y_any_risk
16478,0.41196029900747516,0.9138851802403204,0.600630185067007,0.7248616125150421,score threshold,0.496,raw cri probability,y_any_risk
16478,0.41196029900747516,0.9138851802403204,0.600630185067007,0.7248616125150421,score threshold,0.497,raw cri probability,y_any_risk
16478,0.41196029900747516,0.9138851802403204,0.600630185067007,0.7248616125150421,score threshold,0.498,raw cri probability,y_any_risk
16478,0.41196029900747516,0.9138851802403204,0.600630185067007,0.7248616125150421,score threshold,0.499,raw cri probability,y_any_risk
16478,0.41196029900747516,0.9138851802403204,0.600630185067007,0.7248616125150421,score threshold,0.5,raw cri probability,y_any_risk
16478,0.41196029900747516,0.9138851802403204,0.600630185067007,0.7248616125150421,score threshold,0.501,raw cri probability,y_any_risk
16478,0.41196029900747516,0.9138851802403204,0.600630185067007,0.7248616125150421,score threshold,0.502,raw cri probability,y_any_risk
16478,0.41196029900747516,0.9138851802403204,0.600630185067007,0.7248616125150421,score threshold,0.503,raw cri probability,y_any_risk
16478,0.41196029900747516,0.9138851802403204,0.600630185067007,0.7248616125150421,score threshold,0.504,raw cri probability,y_any_risk
16478,0.41196029900747516,0.9138851802403204,0.600630185067007,0.7248616125150421,score threshold,0.505,raw cri probability,y_any_risk
16478,0.41196029900747516,0.9138851802403204,0.600630185067007,0.7248616125150421,score threshold,0.506,raw cri probability,y_any_risk
16478,0.41196029900747516,0.9138851802403204,0.600630185067007,0.7248616125150421,score threshold,0.507,raw cri probability,y_any_risk
16478,0.41196029900747516,0.9138851802403204,0.600630185067007,0.7248616125150421,score threshold,0.508,raw cri probability,y_any_risk
16478,0.41196029900747516,0.9138851802403204,0.600630185067007,0.7248616125150421,score threshold,0.509,raw cri probability,y_any_risk
16478,0.41196029900747516,0.9138851802403204,0.600630185067007,0.7248616125150421,score threshold,0.51,raw cri probability,y_any_risk
16478,0.41196029900747516,0.9138851802403204,0.600630185067007,0.7248616125150421,score threshold,0.511,raw cri probability,y_any_risk
16478,0.41196029900747516,0.9138851802403204,0.600630185067007,0.7248616125150421,score threshold,0.512,raw cri probability,y_any_risk
16478,0.41196029900747516,0.9138851802403204,0.600630185067007,0.7248616125150421,score threshold,0.513,raw cri probability,y_any_risk
16478,0.41196029900747516,0.9138851802403204,0.600630185067007,0.7248616125150421,score threshold,0.514,raw cri probability,y_any_risk
16478,0.41196029900747516,0.9138851802403204,0.600630185067007,0.7248616125150421,score threshold,0.515,raw cri probability,y_any_risk
16478,0.41196029900747516,0.9138851802403204,0.600630185067007,0.7248616125150421,score threshold,0.516,raw cri probability,y_any_risk
16478,0.41196029900747516,0.9138851802403204,0.600630185067007,0.7248616125150421,score threshold,0.517,raw cri probability,y_any_risk
16478,0.41196029900747516,0.9138851802403204,0.600630185067007,0.7248616125150421,score threshold,0.518,raw cri probability,y_any_risk
16478,0.41196029900747516,0.9138851802403204,0.600630185067007,0.7248616125150421,score threshold,0.519,raw cri probability,y_any_risk
16478,0.41196029900747516,0.9138851802403204,0.600630185067007,0.7248616125150421,score threshold,0.52,raw cri probability,y_any_risk
16478,0.41196029900747516,0.9138851802403204,0.600630185067007,0.7248616125150421,score threshold,0.521,raw cri probability,y_any_risk
16478,0.41196029900747516,0.9138851802403204,0.600630185067007,0.7248616125150421,score threshold,0.522,raw cri probability,y_any_risk
16478,0.41196029900747516,0.9138851802403204,0.600630185067007,0.7248616125150421,score threshold,0.523,raw cri probability,y_any_risk
16478,0.41196029900747516,0.9138851802403204,0.600630185067007,0.7248616125150421,score threshold,0.524,raw cri probability,y_any_risk
16478,0.41196029900747516,0.9138851802403204,0.600630185067007,0.7248616125150421,score threshold,0.525,raw cri probability,y_any_risk
16478,0.41196029900747516,0.9138851802403204,0.600630185067007,0.7248616125150421,score threshold,0.526,raw cri probability,y_any_risk
16478,0.41196029900747516,0.9138851802403204,0.600630185067007,0.7248616125150421,score threshold,0.527,raw cri probability,y_any_risk
16478,0.41196029900747516,0.9138851802403204,0.600630185067007,0.7248616125150421,score threshold,0.528,raw cri probability,y_any_risk
16478,0.41196029900747516,0.9138851802403204,0.600630185067007,0.7248616125150421,score threshold,0.529,raw cri probability,y_any_risk
16478,0.41196029900747516,0.9138851802403204,0.600630185067007,0.7248616125150421,score threshold,0.53,raw cri probability,y_any_risk
16478,0.41196029900747516,0.9138851802403204,0.600630185067007,0.7248616125150421,score threshold,0.531,raw cri probability,y_any_risk
16478,0.41196029900747516,0.9138851802403204,0.600630185067007,0.7248616125150421,score threshold,0.532,raw cri probability,y_any_risk
15036,0.37590939773494336,0.9279063580739558,0.5564773452456924,0.6957215518101127,score threshold,0.533,raw cri probability,y_any_risk
15036,0.37590939773494336,0.9279063580739558,0.5564773452456924,0.6957215518101127,score threshold,0.534,raw cri probability,y_any_risk
15036,0.37590939773494336,0.9279063580739558,0.5564773452456924,0.6957215518101127,score threshold,0.535,raw cri probability,y_any_risk
15036,0.37590939773494336,0.9279063580739558,0.5564773452456924,0.6957215518101127,score threshold,0.536,raw cri probability,y_any_risk
15036,0.37590939773494336,0.9279063580739558,0.5564773452456924,0.6957215518101127,score threshold,0.537,raw cri probability,y_any_risk
15036,0.37590939773494336,0.9279063580739558,0.5564773452456924,0.6957215518101127,score threshold,0.538,raw cri probability,y_any_risk
15036,0.37590939773494336,0.9279063580739558,0.5564773452456924,0.6957215518101127,score threshold,0.539,raw cri probability,y_any_risk
15035,0.37588439710992777,0.9279015630196209,0.5564374601148692,0.6956890318398284,score threshold,0.54,raw cri probability,y_any_risk
15035,0.37588439710992777,0.9279015630196209,0.5564374601148692,0.6956890318398284,score threshold,0.541,raw cri probability,y_any_risk
15035,0.37588439710992777,0.9279015630196209,0.5564374601148692,0.6956890318398284,score threshold,0.542,raw cri probability,y_any_risk
15035,0.37588439710992777,0.9279015630196209,0.5564374601148692,0.6956890318398284,score threshold,0.543,raw cri probability,y_any_risk
15035,0.37588439710992777,0.9279015630196209,0.5564374601148692,0.6956890318398284,score threshold,0.544,raw cri probability,y_any_risk
15035,0.37588439710992777,0.9279015630196209,0.5564374601148692,0.6956890318398284,score threshold,0.545,raw cri probability,y_any_risk
15035,0.37588439710992777,0.9279015630196209,0.5564374601148692,0.6956890318398284,score threshold,0.546,raw cri probability,y_any_risk
15035,0.37588439710992777,0.9279015630196209,0.5564374601148692,0.6956890318398284,score threshold,0.547,raw cri probability,y_any_risk
15035,0.37588439710992777,0.9279015630196209,0.5564374601148692,0.6956890318398284,score threshold,0.548,raw cri probability,y_any_risk
15035,0.37588439710992777,0.9279015630196209,0.5564374601148692,0.6956890318398284,score threshold,0.549,raw cri probability,y_any_risk
15035,0.37588439710992777,0.9279015630196209,0.5564374601148692,0.6956890318398284,score threshold,0.55,raw cri probability,y_any_risk
15035,0.37588439710992777,0.9279015630196209,0.5564374601148692,0.6956890318398284,score threshold,0.551,raw cri probability,y_any_risk
15035,0.37588439710992777,0.9279015630196209,0.5564374601148692,0.6956890318398284,score threshold,0.552,raw cri probability,y_any_risk
15035,0.37588439710992777,0.9279015630196209,0.5564374601148692,0.6956890318398284,score threshold,0.553,raw cri probability,y_any_risk
15035,0.37588439710992777,0.9279015630196209,0.5564374601148692,0.6956890318398284,score threshold,0.554,raw cri probability,y_any_risk
15035,0.37588439710992777,0.9279015630196209,0.5564374601148692,0.6956890318398284,score threshold,0.555,raw cri probability,y_any_risk
15035,0.37588439710992777,0.9279015630196209,0.5564374601148692,0.6956890318398284,score threshold,0.556,raw cri probability,y_any_risk
14834,0.37085927148178705,0.928475124713496,0.5493379068283344,0.6902721395278906,score threshold,0.557,raw cri probability,y_any_risk
14834,0.37085927148178705,0.928475124713496,0.5493379068283344,0.6902721395278906,score threshold,0.558,raw cri probability,y_any_risk
14834,0.37085927148178705,0.928475124713496,0.5493379068283344,0.6902721395278906,score threshold,0.559,raw cri probability,y_any_risk
14834,0.37085927148178705,0.928475124713496,0.5493379068283344,0.6902721395278906,score threshold,0.56,raw cri probability,y_any_risk
14834,0.37085927148178705,0.928475124713496,0.5493379068283344,0.6902721395278906,score threshold,0.561,raw cri probability,y_any_risk
14834,0.37085927148178705,0.928475124713496,0.5493379068283344,0.6902721395278906,score threshold,0.562,raw cri probability,y_any_risk
14834,0.37085927148178705,0.928475124713496,0.5493379068283344,0.6902721395278906,score threshold,0.5630000000000001,raw cri probability,y_any_risk
14834,0.37085927148178705,0.928475124713496,0.5493379068283344,0.6902721395278906,score threshold,0.5640000000000001,raw cri probability,y_any_risk
14834,0.37085927148178705,0.928475124713496,0.5493379068283344,0.6902721395278906,score threshold,0.5650000000000001,raw cri probability,y_any_risk
14834,0.37085927148178705,0.928475124713496,0.5493379068283344,0.6902721395278906,score threshold,0.5660000000000001,raw cri probability,y_any_risk
14834,0.37085927148178705,0.928475124713496,0.5493379068283344,0.6902721395278906,score threshold,0.5670000000000001,raw cri probability,y_any_risk
14834,0.37085927148178705,0.928475124713496,0.5493379068283344,0.6902721395278906,score threshold,0.5680000000000001,raw cri probability,y_any_risk
14834,0.37085927148178705,0.928475124713496,0.5493379068283344,0.6902721395278906,score threshold,0.5690000000000001,raw cri probability,y_any_risk
14834,0.37085927148178705,0.928475124713496,0.5493379068283344,0.6902721395278906,score threshold,0.5700000000000001,raw cri probability,y_any_risk
14834,0.37085927148178705,0.928475124713496,0.5493379068283344,0.6902721395278906,score threshold,0.5710000000000001,raw cri probability,y_any_risk
14834,0.37085927148178705,0.928475124713496,0.5493379068283344,0.6902721395278906,score threshold,0.5720000000000001,raw cri probability,y_any_risk
14834,0.37085927148178705,0.928475124713496,0.5493379068283344,0.6902721395278906,score threshold,0.5730000000000001,raw cri probability,y_any_risk
14834,0.37085927148178705,0.928475124713496,0.5493379068283344,0.6902721395278906,score threshold,0.5740000000000001,raw cri probability,y_any_risk
14834,0.37085927148178705,0.928475124713496,0.5493379068283344,0.6902721395278906,score threshold,0.5750000000000001,raw cri probability,y_any_risk
14834,0.37085927148178705,0.928475124713496,0.5493379068283344,0.6902721395278906,score threshold,0.5760000000000001,raw cri probability,y_any_risk
14834,0.37085927148178705,0.928475124713496,0.5493379068283344,0.6902721395278906,score threshold,0.5770000000000001,raw cri probability,y_any_risk
14834,0.37085927148178705,0.928475124713496,0.5493379068283344,0.6902721395278906,score threshold,0.578,raw cri probability,y_any_risk
14834,0.37085927148178705,0.928475124713496,0.5493379068283344,0.6902721395278906,score threshold,0.579,raw cri probability,y_any_risk
14834,0.37085927148178705,0.928475124713496,0.5493379068283344,0.6902721395278906,score threshold,0.58,raw cri probability,y_any_risk
14834,0.37085927148178705,0.928475124713496,0.5493379068283344,0.6902721395278906,score threshold,0.581,raw cri probability,y_any_risk
14834,0.37085927148178705,0.928475124713496,0.5493379068283344,0.6902721395278906,score threshold,0.582,raw cri probability,y_any_risk
14834,0.37085927148178705,0.928475124713496,0.5493379068283344,0.6902721395278906,score threshold,0.583,raw cri probability,y_any_risk
14834,0.37085927148178705,0.928475124713496,0.5493379068283344,0.6902721395278906,score threshold,0.584,raw cri probability,y_any_risk
14834,0.37085927148178705,0.928475124713496,0.5493379068283344,0.6902721395278906,score threshold,0.585,raw cri probability,y_any_risk
14834,0.37085927148178705,0.928475124713496,0.5493379068283344,0.6902721395278906,score threshold,0.586,raw cri probability,y_any_risk
14834,0.37085927148178705,0.928475124713496,0.5493379068283344,0.6902721395278906,score threshold,0.587,raw cri probability,y_any_risk
14834,0.37085927148178705,0.928475124713496,0.5493379068283344,0.6902721395278906,score threshold,0.588,raw cri probability,y_any_risk
14834,0.37085927148178705,0.928475124713496,0.5493379068283344,0.6902721395278906,score threshold,0.589,raw cri probability,y_any_risk
14834,0.37085927148178705,0.928475124713496,0.5493379068283344,0.6902721395278906,score threshold,0.59,raw cri probability,y_any_risk
14834,0.37085927148178705,0.928475124713496,0.5493379068283344,0.6902721395278906,score threshold,0.591,raw cri probability,y_any_risk
14834,0.37085927148178705,0.928475124713496,0.5493379068283344,0.6902721395278906,score threshold,0.592,raw cri probability,y_any_risk
14834,0.37085927148178705,0.928475124713496,0.5493379068283344,0.6902721395278906,score threshold,0.593,raw cri probability,y_any_risk
14834,0.37085927148178705,0.928475124713496,0.5493379068283344,0.6902721395278906,score threshold,0.594,raw cri probability,y_any_risk
14834,0.37085927148178705,0.928475124713496,0.5493379068283344,0.6902721395278906,score threshold,0.595,raw cri probability,y_any_risk
14834,0.37085927148178705,0.928475124713496,0.5493379068283344,0.6902721395278906,score threshold,0.596,raw cri probability,y_any_risk
14834,0.37085927148178705,0.928475124713496,0.5493379068283344,0.6902721395278906,score threshold,0.597,raw cri probability,y_any_risk
14834,0.37085927148178705,0.928475124713496,0.5493379068283344,0.6902721395278906,score threshold,0.598,raw cri probability,y_any_risk
14834,0.37085927148178705,0.928475124713496,0.5493379068283344,0.6902721395278906,score threshold,0.599,raw cri probability,y_any_risk
14834,0.37085927148178705,0.928475124713496,0.5493379068283344,0.6902721395278906,score threshold,0.6,raw cri probability,y_any_risk
14834,0.37085927148178705,0.928475124713496,0.5493379068283344,0.6902721395278906,score threshold,0.601,raw cri probability,y_any_risk
14834,0.37085927148178705,0.928475124713496,0.5493379068283344,0.6902721395278906,score threshold,0.602,raw cri probability,y_any_risk
14834,0.37085927148178705,0.928475124713496,0.5493379068283344,0.6902721395278906,score threshold,0.603,raw cri probability,y_any_risk
14834,0.37085927148178705,0.928475124713496,0.5493379068283344,0.6902721395278906,score threshold,0.604,raw cri probability,y_any_risk
14834,0.37085927148178705,0.928475124713496,0.5493379068283344,0.6902721395278906,score threshold,0.605,raw cri probability,y_any_risk
14834,0.37085927148178705,0.928475124713496,0.5493379068283344,0.6902721395278906,score threshold,0.606,raw cri probability,y_any_risk
14834,0.37085927148178705,0.928475124713496,0.5493379068283344,0.6902721395278906,score threshold,0.607,raw cri probability,y_any_risk
14834,0.37085927148178705,0.928475124713496,0.5493379068283344,0.6902721395278906,score threshold,0.608,raw cri probability,y_any_risk
14834,0.37085927148178705,0.928475124713496,0.5493379068283344,0.6902721395278906,score threshold,0.609,raw cri probability,y_any_risk
14834,0.37085927148178705,0.928475124713496,0.5493379068283344,0.6902721395278906,score threshold,0.61,raw cri probability,y_any_risk
14834,0.37085927148178705,0.928475124713496,0.5493379068283344,0.6902721395278906,score threshold,0.611,raw cri probability,y_any_risk
14834,0.37085927148178705,0.928475124713496,0.5493379068283344,0.6902721395278906,score threshold,0.612,raw cri probability,y_any_risk
14834,0.37085927148178705,0.928475124713496,0.5493379068283344,0.6902721395278906,score threshold,0.613,raw cri probability,y_any_risk
14834,0.37085927148178705,0.928475124713496,0.5493379068283344,0.6902721395278906,score threshold,0.614,raw cri probability,y_any_risk
14834,0.37085927148178705,0.928475124713496,0.5493379068283344,0.6902721395278906,score threshold,0.615,raw cri probability,y_any_risk
14834,0.37085927148178705,0.928475124713496,0.5493379068283344,0.6902721395278906,score threshold,0.616,raw cri probability,y_any_risk
14834,0.37085927148178705,0.928475124713496,0.5493379068283344,0.6902721395278906,score threshold,0.617,raw cri probability,y_any_risk
14834,0.37085927148178705,0.928475124713496,0.5493379068283344,0.6902721395278906,score threshold,0.618,raw cri probability,y_any_risk
14834,0.37085927148178705,0.928475124713496,0.5493379068283344,0.6902721395278906,score threshold,0.619,raw cri probability,y_any_risk
14834,0.37085927148178705,0.928475124713496,0.5493379068283344,0.6902721395278906,score threshold,0.62,raw cri probability,y_any_risk
14834,0.37085927148178705,0.928475124713496,0.5493379068283344,0.6902721395278906,score threshold,0.621,raw cri probability,y_any_risk
14834,0.37085927148178705,0.928475124713496,0.5493379068283344,0.6902721395278906,score threshold,0.622,raw cri probability,y_any_risk
14834,0.37085927148178705,0.928475124713496,0.5493379068283344,0.6902721395278906,score threshold,0.623,raw cri probability,y_any_risk
14834,0.37085927148178705,0.928475124713496,0.5493379068283344,0.6902721395278906,score threshold,0.624,raw cri probability,y_any_risk
14834,0.37085927148178705,0.928475124713496,0.5493379068283344,0.6902721395278906,score threshold,0.625,raw cri probability,y_any_risk
14398,0.35995899897497435,0.9287401027920544,0.5333439693682195,0.6775779072713454,score threshold,0.626,raw cri probability,y_any_risk
14398,0.35995899897497435,0.9287401027920544,0.5333439693682195,0.6775779072713454,score threshold,0.627,raw cri probability,y_any_risk
14398,0.35995899897497435,0.9287401027920544,0.5333439693682195,0.6775779072713454,score threshold,0.628,raw cri probability,y_any_risk
14398,0.35995899897497435,0.9287401027920544,0.5333439693682195,0.6775779072713454,score threshold,0.629,raw cri probability,y_any_risk
14398,0.35995899897497435,0.9287401027920544,0.5333439693682195,0.6775779072713454,score threshold,0.63,raw cri probability,y_any_risk
14398,0.35995899897497435,0.9287401027920544,0.5333439693682195,0.6775779072713454,score threshold,0.631,raw cri probability,y_any_risk
13383,0.3345833645841146,0.9254277815138608,0.4939773452456924,0.6441295020153426,score threshold,0.632,raw cri probability,y_any_risk
13383,0.3345833645841146,0.9254277815138608,0.4939773452456924,0.6441295020153426,score threshold,0.633,raw cri probability,y_any_risk
13383,0.3345833645841146,0.9254277815138608,0.4939773452456924,0.6441295020153426,score threshold,0.634,raw cri probability,y_any_risk
13383,0.3345833645841146,0.9254277815138608,0.4939773452456924,0.6441295020153426,score threshold,0.635,raw cri probability,y_any_risk
13383,0.3345833645841146,0.9254277815138608,0.4939773452456924,0.6441295020153426,score threshold,0.636,raw cri probability,y_any_risk
13383,0.3345833645841146,0.9254277815138608,0.4939773452456924,0.6441295020153426,score threshold,0.637,raw cri probability,y_any_risk
13383,0.3345833645841146,0.9254277815138608,0.4939773452456924,0.6441295020153426,score threshold,0.638,raw cri probability,y_any_risk
13383,0.3345833645841146,0.9254277815138608,0.4939773452456924,0.6441295020153426,score threshold,0.639,raw cri probability,y_any_risk
13383,0.3345833645841146,0.9254277815138608,0.4939773452456924,0.6441295020153426,score threshold,0.64,raw cri probability,y_any_risk
13383,0.3345833645841146,0.9254277815138608,0.4939773452456924,0.6441295020153426,score threshold,0.641,raw cri probability,y_any_risk
13383,0.3345833645841146,0.9254277815138608,0.4939773452456924,0.6441295020153426,score threshold,0.642,raw cri probability,y_any_risk
13383,0.3345833645841146,0.9254277815138608,0.4939773452456924,0.6441295020153426,score threshold,0.643,raw cri probability,y_any_risk
13383,0.3345833645841146,0.9254277815138608,0.4939773452456924,0.6441295020153426,score threshold,0.644,raw cri probability,y_any_risk
13383,0.3345833645841146,0.9254277815138608,0.4939773452456924,0.6441295020153426,score threshold,0.645,raw cri probability,y_any_risk
13383,0.3345833645841146,0.9254277815138608,0.4939773452456924,0.6441295020153426,score threshold,0.646,raw cri probability,y_any_risk
13383,0.3345833645841146,0.9254277815138608,0.4939773452456924,0.6441295020153426,score threshold,0.647,raw cri probability,y_any_risk
13383,0.3345833645841146,0.9254277815138608,0.4939773452456924,0.6441295020153426,score threshold,0.648,raw cri probability,y_any_risk
13383,0.3345833645841146,0.9254277815138608,0.4939773452456924,0.6441295020153426,score threshold,0.649,raw cri probability,y_any_risk
13383,0.3345833645841146,0.9254277815138608,0.4939773452456924,0.6441295020153426,score threshold,0.65,raw cri probability,y_any_risk
13383,0.3345833645841146,0.9254277815138608,0.4939773452456924,0.6441295020153426,score threshold,0.651,raw cri probability,y_any_risk
13383,0.3345833645841146,0.9254277815138608,0.4939773452456924,0.6441295020153426,score threshold,0.652,raw cri probability,y_any_risk
13383,0.3345833645841146,0.9254277815138608,0.4939773452456924,0.6441295020153426,score threshold,0.653,raw cri probability,y_any_risk
13383,0.3345833645841146,0.9254277815138608,0.4939773452456924,0.6441295020153426,score threshold,0.654,raw cri probability,y_any_risk
13383,0.3345833645841146,0.9254277815138608,0.4939773452456924,0.6441295020153426,score threshold,0.655,raw cri probability,y_any_risk
13383,0.3345833645841146,0.9254277815138608,0.4939773452456924,0.6441295020153426,score threshold,0.656,raw cri probability,y_any_risk
13383,0.3345833645841146,0.9254277815138608,0.4939773452456924,0.6441295020153426,score threshold,0.657,raw cri probability,y_any_risk
13383,0.3345833645841146,0.9254277815138608,0.4939773452456924,0.6441295020153426,score threshold,0.658,raw cri probability,y_any_risk
13383,0.3345833645841146,0.9254277815138608,0.4939773452456924,0.6441295020153426,score threshold,0.659,raw cri probability,y_any_risk
13383,0.3345833645841146,0.9254277815138608,0.4939773452456924,0.6441295020153426,score threshold,0.66,raw cri probability,y_any_risk
13383,0.3345833645841146,0.9254277815138608,0.4939773452456924,0.6441295020153426,score threshold,0.661,raw cri probability,y_any_risk
13383,0.3345833645841146,0.9254277815138608,0.4939773452456924,0.6441295020153426,score threshold,0.662,raw cri probability,y_any_risk
13383,0.3345833645841146,0.9254277815138608,0.4939773452456924,0.6441295020153426,score threshold,0.663,raw cri probability,y_any_risk
13383,0.3345833645841146,0.9254277815138608,0.4939773452456924,0.6441295020153426,score threshold,0.664,raw cri probability,y_any_risk
13383,0.3345833645841146,0.9254277815138608,0.4939773452456924,0.6441295020153426,score threshold,0.665,raw cri probability,y_any_risk
13383,0.3345833645841146,0.9254277815138608,0.4939773452456924,0.6441295020153426,score threshold,0.666,raw cri probability,y_any_risk
13383,0.3345833645841146,0.9254277815138608,0.4939773452456924,0.6441295020153426,score threshold,0.667,raw cri probability,y_any_risk
13383,0.3345833645841146,0.9254277815138608,0.4939773452456924,0.6441295020153426,score threshold,0.668,raw cri probability,y_any_risk
13383,0.3345833645841146,0.9254277815138608,0.4939773452456924,0.6441295020153426,score threshold,0.669,raw cri probability,y_any_risk
13383,0.3345833645841146,0.9254277815138608,0.4939773452456924,0.6441295020153426,score threshold,0.67,raw cri probability,y_any_risk
13383,0.3345833645841146,0.9254277815138608,0.4939773452456924,0.6441295020153426,score threshold,0.671,raw cri probability,y_any_risk
13383,0.3345833645841146,0.9254277815138608,0.4939773452456924,0.6441295020153426,score threshold,0.672,raw cri probability,y_any_risk
13383,0.3345833645841146,0.9254277815138608,0.4939773452456924,0.6441295020153426,score threshold,0.673,raw cri probability,y_any_risk
13383,0.3345833645841146,0.9254277815138608,0.4939773452456924,0.6441295020153426,score threshold,0.674,raw cri probability,y_any_risk
13383,0.3345833645841146,0.9254277815138608,0.4939773452456924,0.6441295020153426,score threshold,0.675,raw cri probability,y_any_risk
13383,0.3345833645841146,0.9254277815138608,0.4939773452456924,0.6441295020153426,score threshold,0.676,raw cri probability,y_any_risk
13383,0.3345833645841146,0.9254277815138608,0.4939773452456924,0.6441295020153426,score threshold,0.677,raw cri probability,y_any_risk
13383,0.3345833645841146,0.9254277815138608,0.4939773452456924,0.6441295020153426,score threshold,0.678,raw cri probability,y_any_risk
13383,0.3345833645841146,0.9254277815138608,0.4939773452456924,0.6441295020153426,score threshold,0.679,raw cri probability,y_any_risk
13383,0.3345833645841146,0.9254277815138608,0.4939773452456924,0.6441295020153426,score threshold,0.68,raw cri probability,y_any_risk
13383,0.3345833645841146,0.9254277815138608,0.4939773452456924,0.6441295020153426,score threshold,0.681,raw cri probability,y_any_risk
13383,0.3345833645841146,0.9254277815138608,0.4939773452456924,0.6441295020153426,score threshold,0.682,raw cri probability,y_any_risk
13383,0.3345833645841146,0.9254277815138608,0.4939773452456924,0.6441295020153426,score threshold,0.683,raw cri probability,y_any_risk
13383,0.3345833645841146,0.9254277815138608,0.4939773452456924,0.6441295020153426,score threshold,0.684,raw cri probability,y_any_risk
13383,0.3345833645841146,0.9254277815138608,0.4939773452456924,0.6441295020153426,score threshold,0.685,raw cri probability,y_any_risk
13383,0.3345833645841146,0.9254277815138608,0.4939773452456924,0.6441295020153426,score threshold,0.686,raw cri probability,y_any_risk
13383,0.3345833645841146,0.9254277815138608,0.4939773452456924,0.6441295020153426,score threshold,0.687,raw cri probability,y_any_risk
13383,0.3345833645841146,0.9254277815138608,0.4939773452456924,0.6441295020153426,score threshold,0.6880000000000001,raw cri probability,y_any_risk
13383,0.3345833645841146,0.9254277815138608,0.4939773452456924,0.6441295020153426,score threshold,0.6890000000000001,raw cri probability,y_any_risk
13383,0.3345833645841146,0.9254277815138608,0.4939773452456924,0.6441295020153426,score threshold,0.6900000000000001,raw cri probability,y_any_risk
13383,0.3345833645841146,0.9254277815138608,0.4939773452456924,0.6441295020153426,score threshold,0.6910000000000001,raw cri probability,y_any_risk
13383,0.3345833645841146,0.9254277815138608,0.4939773452456924,0.6441295020153426,score threshold,0.6920000000000001,raw cri probability,y_any_risk
13383,0.3345833645841146,0.9254277815138608,0.4939773452456924,0.6441295020153426,score threshold,0.6930000000000001,raw cri probability,y_any_risk
13383,0.3345833645841146,0.9254277815138608,0.4939773452456924,0.6441295020153426,score threshold,0.6940000000000001,raw cri probability,y_any_risk
13383,0.3345833645841146,0.9254277815138608,0.4939773452456924,0.6441295020153426,score threshold,0.6950000000000001,raw cri probability,y_any_risk
13383,0.3345833645841146,0.9254277815138608,0.4939773452456924,0.6441295020153426,score threshold,0.6960000000000001,raw cri probability,y_any_risk
13383,0.3345833645841146,0.9254277815138608,0.4939773452456924,0.6441295020153426,score threshold,0.6970000000000001,raw cri probability,y_any_risk
13383,0.3345833645841146,0.9254277815138608,0.4939773452456924,0.6441295020153426,score threshold,0.6980000000000001,raw cri probability,y_any_risk
13383,0.3345833645841146,0.9254277815138608,0.4939773452456924,0.6441295020153426,score threshold,0.6990000000000001,raw cri probability,y_any_risk
13383,0.3345833645841146,0.9254277815138608,0.4939773452456924,0.6441295020153426,score threshold,0.7000000000000001,raw cri probability,y_any_risk
13383,0.3345833645841146,0.9254277815138608,0.4939773452456924,0.6441295020153426,score threshold,0.7010000000000001,raw cri probability,y_any_risk
13383,0.3345833645841146,0.9254277815138608,0.4939773452456924,0.6441295020153426,score threshold,0.7020000000000001,raw cri probability,y_any_risk
12723,0.31808295207380183,0.9272184233278314,0.4705248883216337,0.6242624685805,score threshold,0.7030000000000001,raw cri probability,y_any_risk
12723,0.31808295207380183,0.9272184233278314,0.4705248883216337,0.6242624685805,score threshold,0.7040000000000001,raw cri probability,y_any_risk
12722,0.31805795144878624,0.9272127024052822,0.4704850031908105,0.6242260676297825,score threshold,0.705,raw cri probability,y_any_risk
12578,0.31445786144653615,0.9275719510256003,0.46533982131461393,0.6197609561752988,score threshold,0.706,raw cri probability,y_any_risk
12578,0.31445786144653615,0.9275719510256003,0.46533982131461393,0.6197609561752988,score threshold,0.707,raw cri probability,y_any_risk
12578,0.31445786144653615,0.9275719510256003,0.46533982131461393,0.6197609561752988,score threshold,0.708,raw cri probability,y_any_risk
12438,0.3109577739443486,0.9282842900787908,0.46051372048500316,0.6156225006664889,score threshold,0.709,raw cri probability,y_any_risk
12438,0.3109577739443486,0.9282842900787908,0.46051372048500316,0.6156225006664889,score threshold,0.71,raw cri probability,y_any_risk
12437,0.310932773319333,0.9282785237597492,0.46047383535417996,0.6155855927910635,score threshold,0.711,raw cri probability,y_any_risk
12437,0.310932773319333,0.9282785237597492,0.46047383535417996,0.6155855927910635,score threshold,0.712,raw cri probability,y_any_risk
12437,0.310932773319333,0.9282785237597492,0.46047383535417996,0.6155855927910635,score threshold,0.713,raw cri probability,y_any_risk
12437,0.310932773319333,0.9282785237597492,0.46047383535417996,0.6155855927910635,score threshold,0.714,raw cri probability,y_any_risk
12437,0.310932773319333,0.9282785237597492,0.46047383535417996,0.6155855927910635,score threshold,0.715,raw cri probability,y_any_risk
12437,0.310932773319333,0.9282785237597492,0.46047383535417996,0.6155855927910635,score threshold,0.716,raw cri probability,y_any_risk
12437,0.310932773319333,0.9282785237597492,0.46047383535417996,0.6155855927910635,score threshold,0.717,raw cri probability,y_any_risk
12437,0.310932773319333,0.9282785237597492,0.46047383535417996,0.6155855927910635,score threshold,0.718,raw cri probability,y_any_risk
12437,0.310932773319333,0.9282785237597492,0.46047383535417996,0.6155855927910635,score threshold,0.719,raw cri probability,y_any_risk
12437,0.310932773319333,0.9282785237597492,0.46047383535417996,0.6155855927910635,score threshold,0.72,raw cri probability,y_any_risk
12437,0.310932773319333,0.9282785237597492,0.46047383535417996,0.6155855927910635,score threshold,0.721,raw cri probability,y_any_risk
12437,0.310932773319333,0.9282785237597492,0.46047383535417996,0.6155855927910635,score threshold,0.722,raw cri probability,y_any_risk
12437,0.310932773319333,0.9282785237597492,0.46047383535417996,0.6155855927910635,score threshold,0.723,raw cri probability,y_any_risk
12437,0.310932773319333,0.9282785237597492,0.46047383535417996,0.6155855927910635,score threshold,0.724,raw cri probability,y_any_risk
12437,0.310932773319333,0.9282785237597492,0.46047383535417996,0.6155855927910635,score threshold,0.725,raw cri probability,y_any_risk
12437,0.310932773319333,0.9282785237597492,0.46047383535417996,0.6155855927910635,score threshold,0.726,raw cri probability,y_any_risk
12437,0.310932773319333,0.9282785237597492,0.46047383535417996,0.6155855927910635,score threshold,0.727,raw cri probability,y_any_risk
12437,0.310932773319333,0.9282785237597492,0.46047383535417996,0.6155855927910635,score threshold,0.728,raw cri probability,y_any_risk
12437,0.310932773319333,0.9282785237597492,0.46047383535417996,0.6155855927910635,score threshold,0.729,raw cri probability,y_any_risk
12437,0.310932773319333,0.9282785237597492,0.46047383535417996,0.6155855927910635,score threshold,0.73,raw cri probability,y_any_risk
12437,0.310932773319333,0.9282785237597492,0.46047383535417996,0.6155855927910635,score threshold,0.731,raw cri probability,y_any_risk
12437,0.310932773319333,0.9282785237597492,0.46047383535417996,0.6155855927910635,score threshold,0.732,raw cri probability,y_any_risk
12437,0.310932773319333,0.9282785237597492,0.46047383535417996,0.6155855927910635,score threshold,0.733,raw cri probability,y_any_risk
12437,0.310932773319333,0.9282785237597492,0.46047383535417996,0.6155855927910635,score threshold,0.734,raw cri probability,y_any_risk
12437,0.310932773319333,0.9282785237597492,0.46047383535417996,0.6155855927910635,score threshold,0.735,raw cri probability,y_any_risk
12437,0.310932773319333,0.9282785237597492,0.46047383535417996,0.6155855927910635,score threshold,0.736,raw cri probability,y_any_risk
11966,0.2991574789369734,0.9322246364699983,0.4449186343331206,0.6023543387871916,score threshold,0.737,raw cri probability,y_any_risk
11966,0.2991574789369734,0.9322246364699983,0.4449186343331206,0.6023543387871916,score threshold,0.738,raw cri probability,y_any_risk
11966,0.2991574789369734,0.9322246364699983,0.4449186343331206,0.6023543387871916,score threshold,0.739,raw cri probability,y_any_risk
11966,0.2991574789369734,0.9322246364699983,0.4449186343331206,0.6023543387871916,score threshold,0.74,raw cri probability,y_any_risk
11966,0.2991574789369734,0.9322246364699983,0.4449186343331206,0.6023543387871916,score threshold,0.741,raw cri probability,y_any_risk
11966,0.2991574789369734,0.9322246364699983,0.4449186343331206,0.6023543387871916,score threshold,0.742,raw cri probability,y_any_risk
11934,0.2983574589364734,0.9324618736383442,0.4438417358008934,0.6014159865967681,score threshold,0.743,raw cri probability,y_any_risk
11934,0.2983574589364734,0.9324618736383442,0.4438417358008934,0.6014159865967681,score threshold,0.744,raw cri probability,y_any_risk
11934,0.2983574589364734,0.9324618736383442,0.4438417358008934,0.6014159865967681,score threshold,0.745,raw cri probability,y_any_risk
11933,0.29833245831145777,0.9324562138607224,0.4438018506700702,0.6013781921361978,score threshold,0.746,raw cri probability,y_any_risk
11933,0.29833245831145777,0.9324562138607224,0.4438018506700702,0.6013781921361978,score threshold,0.747,raw cri probability,y_any_risk
11933,0.29833245831145777,0.9324562138607224,0.4438018506700702,0.6013781921361978,score threshold,0.748,raw cri probability,y_any_risk
11933,0.29833245831145777,0.9324562138607224,0.4438018506700702,0.6013781921361978,score threshold,0.749,raw cri probability,y_any_risk
11933,0.29833245831145777,0.9324562138607224,0.4438018506700702,0.6013781921361978,score threshold,0.75,raw cri probability,y_any_risk
11621,0.29053226330658266,0.9347732553136563,0.4332721761327377,0.5921020358106451,score threshold,0.751,raw cri probability,y_any_risk
11621,0.29053226330658266,0.9347732553136563,0.4332721761327377,0.5921020358106451,score threshold,0.752,raw cri probability,y_any_risk
11621,0.29053226330658266,0.9347732553136563,0.4332721761327377,0.5921020358106451,score threshold,0.753,raw cri probability,y_any_risk
11621,0.29053226330658266,0.9347732553136563,0.4332721761327377,0.5921020358106451,score threshold,0.754,raw cri probability,y_any_risk
11621,0.29053226330658266,0.9347732553136563,0.4332721761327377,0.5921020358106451,score threshold,0.755,raw cri probability,y_any_risk
11621,0.29053226330658266,0.9347732553136563,0.4332721761327377,0.5921020358106451,score threshold,0.756,raw cri probability,y_any_risk
11621,0.29053226330658266,0.9347732553136563,0.4332721761327377,0.5921020358106451,score threshold,0.757,raw cri probability,y_any_risk
11621,0.29053226330658266,0.9347732553136563,0.4332721761327377,0.5921020358106451,score threshold,0.758,raw cri probability,y_any_risk
11621,0.29053226330658266,0.9347732553136563,0.4332721761327377,0.5921020358106451,score threshold,0.759,raw cri probability,y_any_risk
11619,0.2904822620565514,0.9347620277132284,0.43319240587109126,0.5920252923060151,score threshold,0.76,raw cri probability,y_any_risk
11619,0.2904822620565514,0.9347620277132284,0.43319240587109126,0.5920252923060151,score threshold,0.761,raw cri probability,y_any_risk
11619,0.2904822620565514,0.9347620277132284,0.43319240587109126,0.5920252923060151,score threshold,0.762,raw cri probability,y_any_risk
11618,0.2904572614315358,0.9347564124634188,0.43315252074026805,0.5919869174161897,score threshold,0.763,raw cri probability,y_any_risk
11617,0.2904322608065202,0.9347507962468796,0.4331126356094448,0.5919485404344627,score threshold,0.764,raw cri probability,y_any_risk
10273,0.2568314207855196,0.9462669132677893,0.3877233567326101,0.5500636582260574,score threshold,0.765,raw cri probability,y_any_risk
10273,0.2568314207855196,0.9462669132677893,0.3877233567326101,0.5500636582260574,score threshold,0.766,raw cri probability,y_any_risk
10273,0.2568314207855196,0.9462669132677893,0.3877233567326101,0.5500636582260574,score threshold,0.767,raw cri probability,y_any_risk
10273,0.2568314207855196,0.9462669132677893,0.3877233567326101,0.5500636582260574,score threshold,0.768,raw cri probability,y_any_risk
10273,0.2568314207855196,0.9462669132677893,0.3877233567326101,0.5500636582260574,score threshold,0.769,raw cri probability,y_any_risk
10273,0.2568314207855196,0.9462669132677893,0.3877233567326101,0.5500636582260574,score threshold,0.77,raw cri probability,y_any_risk
10273,0.2568314207855196,0.9462669132677893,0.3877233567326101,0.5500636582260574,score threshold,0.771,raw cri probability,y_any_risk
10273,0.2568314207855196,0.9462669132677893,0.3877233567326101,0.5500636582260574,score threshold,0.772,raw cri probability,y_any_risk
10273,0.2568314207855196,0.9462669132677893,0.3877233567326101,0.5500636582260574,score threshold,0.773,raw cri probability,y_any_risk
10273,0.2568314207855196,0.9462669132677893,0.3877233567326101,0.5500636582260574,score threshold,0.774,raw cri probability,y_any_risk
10273,0.2568314207855196,0.9462669132677893,0.3877233567326101,0.5500636582260574,score threshold,0.775,raw cri probability,y_any_risk
10273,0.2568314207855196,0.9462669132677893,0.3877233567326101,0.5500636582260574,score threshold,0.776,raw cri probability,y_any_risk
10273,0.2568314207855196,0.9462669132677893,0.3877233567326101,0.5500636582260574,score threshold,0.777,raw cri probability,y_any_risk
10273,0.2568314207855196,0.9462669132677893,0.3877233567326101,0.5500636582260574,score threshold,0.778,raw cri probability,y_any_risk
10273,0.2568314207855196,0.9462669132677893,0.3877233567326101,0.5500636582260574,score threshold,0.779,raw cri probability,y_any_risk
9204,0.2301057526438161,0.9551282051282052,0.350630185067007,0.5129536702065586,score threshold,0.78,raw cri probability,y_any_risk
9204,0.2301057526438161,0.9551282051282052,0.350630185067007,0.5129536702065586,score threshold,0.781,raw cri probability,y_any_risk
9204,0.2301057526438161,0.9551282051282052,0.350630185067007,0.5129536702065586,score threshold,0.782,raw cri probability,y_any_risk
9204,0.2301057526438161,0.9551282051282052,0.350630185067007,0.5129536702065586,score threshold,0.783,raw cri probability,y_any_risk
9204,0.2301057526438161,0.9551282051282052,0.350630185067007,0.5129536702065586,score threshold,0.784,raw cri probability,y_any_risk
9204,0.2301057526438161,0.9551282051282052,0.350630185067007,0.5129536702065586,score threshold,0.785,raw cri probability,y_any_risk
9204,0.2301057526438161,0.9551282051282052,0.350630185067007,0.5129536702065586,score threshold,0.786,raw cri probability,y_any_risk
9204,0.2301057526438161,0.9551282051282052,0.350630185067007,0.5129536702065586,score threshold,0.787,raw cri probability,y_any_risk
9204,0.2301057526438161,0.9551282051282052,0.350630185067007,0.5129536702065586,score threshold,0.788,raw cri probability,y_any_risk
9204,0.2301057526438161,0.9551282051282052,0.350630185067007,0.5129536702065586,score threshold,0.789,raw cri probability,y_any_risk
9204,0.2301057526438161,0.9551282051282052,0.350630185067007,0.5129536702065586,score threshold,0.79,raw cri probability,y_any_risk
7787,0.19467986699667492,0.9671246950044947,0.30037492022973833,0.45838278705986185,score threshold,0.791,raw cri probability,y_any_risk
7787,0.19467986699667492,0.9671246950044947,0.30037492022973833,0.45838278705986185,score threshold,0.792,raw cri probability,y_any_risk
7787,0.19467986699667492,0.9671246950044947,0.30037492022973833,0.45838278705986185,score threshold,0.793,raw cri probability,y_any_risk
7787,0.19467986699667492,0.9671246950044947,0.30037492022973833,0.45838278705986185,score threshold,0.794,raw cri probability,y_any_risk
7787,0.19467986699667492,0.9671246950044947,0.30037492022973833,0.45838278705986185,score threshold,0.795,raw cri probability,y_any_risk
7787,0.19467986699667492,0.9671246950044947,0.30037492022973833,0.45838278705986185,score threshold,0.796,raw cri probability,y_any_risk
7787,0.19467986699667492,0.9671246950044947,0.30037492022973833,0.45838278705986185,score threshold,0.797,raw cri probability,y_any_risk
7787,0.19467986699667492,0.9671246950044947,0.30037492022973833,0.45838278705986185,score threshold,0.798,raw cri probability,y_any_risk
7787,0.19467986699667492,0.9671246950044947,0.30037492022973833,0.45838278705986185,score threshold,0.799,raw cri probability,y_any_risk
7787,0.19467986699667492,0.9671246950044947,0.30037492022973833,0.45838278705986185,score threshold,0.8,raw cri probability,y_any_risk
7787,0.19467986699667492,0.9671246950044947,0.30037492022973833,0.45838278705986185,score threshold,0.801,raw cri probability,y_any_risk
7787,0.19467986699667492,0.9671246950044947,0.30037492022973833,0.45838278705986185,score threshold,0.802,raw cri probability,y_any_risk
7787,0.19467986699667492,0.9671246950044947,0.30037492022973833,0.45838278705986185,score threshold,0.803,raw cri probability,y_any_risk
7787,0.19467986699667492,0.9671246950044947,0.30037492022973833,0.45838278705986185,score threshold,0.804,raw cri probability,y_any_risk
7787,0.19467986699667492,0.9671246950044947,0.30037492022973833,0.45838278705986185,score threshold,0.805,raw cri probability,y_any_risk
7787,0.19467986699667492,0.9671246950044947,0.30037492022973833,0.45838278705986185,score threshold,0.806,raw cri probability,y_any_risk
7787,0.19467986699667492,0.9671246950044947,0.30037492022973833,0.45838278705986185,score threshold,0.807,raw cri probability,y_any_risk
7787,0.19467986699667492,0.9671246950044947,0.30037492022973833,0.45838278705986185,score threshold,0.808,raw cri probability,y_any_risk
7787,0.19467986699667492,0.9671246950044947,0.30037492022973833,0.45838278705986185,score threshold,0.809,raw cri probability,y_any_risk
7787,0.19467986699667492,0.9671246950044947,0.30037492022973833,0.45838278705986185,score threshold,0.81,raw cri probability,y_any_risk
7787,0.19467986699667492,0.9671246950044947,0.30037492022973833,0.45838278705986185,score threshold,0.811,raw cri probability,y_any_risk
7787,0.19467986699667492,0.9671246950044947,0.30037492022973833,0.45838278705986185,score threshold,0.812,raw cri probability,y_any_risk
7787,0.19467986699667492,0.9671246950044947,0.30037492022973833,0.45838278705986185,score threshold,0.8130000000000001,raw cri probability,y_any_risk
7787,0.19467986699667492,0.9671246950044947,0.30037492022973833,0.45838278705986185,score threshold,0.8140000000000001,raw cri probability,y_any_risk
7787,0.19467986699667492,0.9671246950044947,0.30037492022973833,0.45838278705986185,score threshold,0.8150000000000001,raw cri probability,y_any_risk
7787,0.19467986699667492,0.9671246950044947,0.30037492022973833,0.45838278705986185,score threshold,0.8160000000000001,raw cri probability,y_any_risk
7787,0.19467986699667492,0.9671246950044947,0.30037492022973833,0.45838278705986185,score threshold,0.8170000000000001,raw cri probability,y_any_risk
7787,0.19467986699667492,0.9671246950044947,0.30037492022973833,0.45838278705986185,score threshold,0.8180000000000001,raw cri probability,y_any_risk
7787,0.19467986699667492,0.9671246950044947,0.30037492022973833,0.45838278705986185,score threshold,0.8190000000000001,raw cri probability,y_any_risk
7787,0.19467986699667492,0.9671246950044947,0.30037492022973833,0.45838278705986185,score threshold,0.8200000000000001,raw cri probability,y_any_risk
7787,0.19467986699667492,0.9671246950044947,0.30037492022973833,0.45838278705986185,score threshold,0.8210000000000001,raw cri probability,y_any_risk
7787,0.19467986699667492,0.9671246950044947,0.30037492022973833,0.45838278705986185,score threshold,0.8220000000000001,raw cri probability,y_any_risk
7787,0.19467986699667492,0.9671246950044947,0.30037492022973833,0.45838278705986185,score threshold,0.8230000000000001,raw cri probability,y_any_risk
7787,0.19467986699667492,0.9671246950044947,0.30037492022973833,0.45838278705986185,score threshold,0.8240000000000001,raw cri probability,y_any_risk
7787,0.19467986699667492,0.9671246950044947,0.30037492022973833,0.45838278705986185,score threshold,0.8250000000000001,raw cri probability,y_any_risk
7787,0.19467986699667492,0.9671246950044947,0.30037492022973833,0.45838278705986185,score threshold,0.8260000000000001,raw cri probability,y_any_risk
7787,0.19467986699667492,0.9671246950044947,0.30037492022973833,0.45838278705986185,score threshold,0.8270000000000001,raw cri probability,y_any_risk
7303,0.18257956448911222,0.9730247843352047,0.283423739629866,0.438980694980695,score threshold,0.8280000000000001,raw cri probability,y_any_risk
7303,0.18257956448911222,0.9730247843352047,0.283423739629866,0.438980694980695,score threshold,0.8290000000000001,raw cri probability,y_any_risk
7303,0.18257956448911222,0.9730247843352047,0.283423739629866,0.438980694980695,score threshold,0.8300000000000001,raw cri probability,y_any_risk
7303,0.18257956448911222,0.9730247843352047,0.283423739629866,0.438980694980695,score threshold,0.8310000000000001,raw cri probability,y_any_risk
7303,0.18257956448911222,0.9730247843352047,0.283423739629866,0.438980694980695,score threshold,0.8320000000000001,raw cri probability,y_any_risk
7303,0.18257956448911222,0.9730247843352047,0.283423739629866,0.438980694980695,score threshold,0.8330000000000001,raw cri probability,y_any_risk
7286,0.1821545538638466,0.9730990941531704,0.2827855775366943,0.43822238704493477,score threshold,0.834,raw cri probability,y_any_risk
7286,0.1821545538638466,0.9730990941531704,0.2827855775366943,0.43822238704493477,score threshold,0.835,raw cri probability,y_any_risk
7286,0.1821545538638466,0.9730990941531704,0.2827855775366943,0.43822238704493477,score threshold,0.836,raw cri probability,y_any_risk
7286,0.1821545538638466,0.9730990941531704,0.2827855775366943,0.43822238704493477,score threshold,0.837,raw cri probability,y_any_risk
7286,0.1821545538638466,0.9730990941531704,0.2827855775366943,0.43822238704493477,score threshold,0.838,raw cri probability,y_any_risk
7286,0.1821545538638466,0.9730990941531704,0.2827855775366943,0.43822238704493477,score threshold,0.839,raw cri probability,y_any_risk
6519,0.1629790744768619,0.9852738150023009,0.2561821952776005,0.40663480105093225,score threshold,0.84,raw cri probability,y_any_risk
6519,0.1629790744768619,0.9852738150023009,0.2561821952776005,0.40663480105093225,score threshold,0.841,raw cri probability,y_any_risk
6519,0.1629790744768619,0.9852738150023009,0.2561821952776005,0.40663480105093225,score threshold,0.842,raw cri probability,y_any_risk
6519,0.1629790744768619,0.9852738150023009,0.2561821952776005,0.40663480105093225,score threshold,0.843,raw cri probability,y_any_risk
6519,0.1629790744768619,0.9852738150023009,0.2561821952776005,0.40663480105093225,score threshold,0.844,raw cri probability,y_any_risk
6519,0.1629790744768619,0.9852738150023009,0.2561821952776005,0.40663480105093225,score threshold,0.845,raw cri probability,y_any_risk
6519,0.1629790744768619,0.9852738150023009,0.2561821952776005,0.40663480105093225,score threshold,0.846,raw cri probability,y_any_risk
6506,0.1626540663516588,0.9853980940670151,0.2557035737077218,0.40604218126543795,score threshold,0.847,raw cri probability,y_any_risk
6506,0.1626540663516588,0.9853980940670151,0.2557035737077218,0.40604218126543795,score threshold,0.848,raw cri probability,y_any_risk
6506,0.1626540663516588,0.9853980940670151,0.2557035737077218,0.40604218126543795,score threshold,0.849,raw cri probability,y_any_risk
6506,0.1626540663516588,0.9853980940670151,0.2557035737077218,0.40604218126543795,score threshold,0.85,raw cri probability,y_any_risk
6506,0.1626540663516588,0.9853980940670151,0.2557035737077218,0.40604218126543795,score threshold,0.851,raw cri probability,y_any_risk
6506,0.1626540663516588,0.9853980940670151,0.2557035737077218,0.40604218126543795,score threshold,0.852,raw cri probability,y_any_risk
6504,0.16260406510162753,0.9853936039360394,0.2556238034460753,0.4059412211806435,score threshold,0.853,raw cri probability,y_any_risk
6452,0.16130403260081502,0.9855858648481091,0.25362954690491385,0.40343864991752315,score threshold,0.854,raw cri probability,y_any_risk
6452,0.16130403260081502,0.9855858648481091,0.25362954690491385,0.40343864991752315,score threshold,0.855,raw cri probability,y_any_risk
6452,0.16130403260081502,0.9855858648481091,0.25362954690491385,0.40343864991752315,score threshold,0.856,raw cri probability,y_any_risk
6452,0.16130403260081502,0.9855858648481091,0.25362954690491385,0.40343864991752315,score threshold,0.857,raw cri probability,y_any_risk
6452,0.16130403260081502,0.9855858648481091,0.25362954690491385,0.40343864991752315,score threshold,0.858,raw cri probability,y_any_risk
6452,0.16130403260081502,0.9855858648481091,0.25362954690491385,0.40343864991752315,score threshold,0.859,raw cri probability,y_any_risk
6452,0.16130403260081502,0.9855858648481091,0.25362954690491385,0.40343864991752315,score threshold,0.86,raw cri probability,y_any_risk
6452,0.16130403260081502,0.9855858648481091,0.25362954690491385,0.40343864991752315,score threshold,0.861,raw cri probability,y_any_risk
6452,0.16130403260081502,0.9855858648481091,0.25362954690491385,0.40343864991752315,score threshold,0.862,raw cri probability,y_any_risk
6452,0.16130403260081502,0.9855858648481091,0.25362954690491385,0.40343864991752315,score threshold,0.863,raw cri probability,y_any_risk
6452,0.16130403260081502,0.9855858648481091,0.25362954690491385,0.40343864991752315,score threshold,0.864,raw cri probability,y_any_risk
6452,0.16130403260081502,0.9855858648481091,0.25362954690491385,0.40343864991752315,score threshold,0.865,raw cri probability,y_any_risk
6452,0.16130403260081502,0.9855858648481091,0.25362954690491385,0.40343864991752315,score threshold,0.866,raw cri probability,y_any_risk
6452,0.16130403260081502,0.9855858648481091,0.25362954690491385,0.40343864991752315,score threshold,0.867,raw cri probability,y_any_risk
6452,0.16130403260081502,0.9855858648481091,0.25362954690491385,0.40343864991752315,score threshold,0.868,raw cri probability,y_any_risk
6452,0.16130403260081502,0.9855858648481091,0.25362954690491385,0.40343864991752315,score threshold,0.869,raw cri probability,y_any_risk
6452,0.16130403260081502,0.9855858648481091,0.25362954690491385,0.40343864991752315,score threshold,0.87,raw cri probability,y_any_risk
6452,0.16130403260081502,0.9855858648481091,0.25362954690491385,0.40343864991752315,score threshold,0.871,raw cri probability,y_any_risk
6452,0.16130403260081502,0.9855858648481091,0.25362954690491385,0.40343864991752315,score threshold,0.872,raw cri probability,y_any_risk
6452,0.16130403260081502,0.9855858648481091,0.25362954690491385,0.40343864991752315,score threshold,0.873,raw cri probability,y_any_risk
6452,0.16130403260081502,0.9855858648481091,0.25362954690491385,0.40343864991752315,score threshold,0.874,raw cri probability,y_any_risk
6452,0.16130403260081502,0.9855858648481091,0.25362954690491385,0.40343864991752315,score threshold,0.875,raw cri probability,y_any_risk
6452,0.16130403260081502,0.9855858648481091,0.25362954690491385,0.40343864991752315,score threshold,0.876,raw cri probability,y_any_risk
6452,0.16130403260081502,0.9855858648481091,0.25362954690491385,0.40343864991752315,score threshold,0.877,raw cri probability,y_any_risk
6452,0.16130403260081502,0.9855858648481091,0.25362954690491385,0.40343864991752315,score threshold,0.878,raw cri probability,y_any_risk
6452,0.16130403260081502,0.9855858648481091,0.25362954690491385,0.40343864991752315,score threshold,0.879,raw cri probability,y_any_risk
6452,0.16130403260081502,0.9855858648481091,0.25362954690491385,0.40343864991752315,score threshold,0.88,raw cri probability,y_any_risk
6452,0.16130403260081502,0.9855858648481091,0.25362954690491385,0.40343864991752315,score threshold,0.881,raw cri probability,y_any_risk
6452,0.16130403260081502,0.9855858648481091,0.25362954690491385,0.40343864991752315,score threshold,0.882,raw cri probability,y_any_risk
6452,0.16130403260081502,0.9855858648481091,0.25362954690491385,0.40343864991752315,score threshold,0.883,raw cri probability,y_any_risk
6452,0.16130403260081502,0.9855858648481091,0.25362954690491385,0.40343864991752315,score threshold,0.884,raw cri probability,y_any_risk
6452,0.16130403260081502,0.9855858648481091,0.25362954690491385,0.40343864991752315,score threshold,0.885,raw cri probability,y_any_risk
6452,0.16130403260081502,0.9855858648481091,0.25362954690491385,0.40343864991752315,score threshold,0.886,raw cri probability,y_any_risk
6452,0.16130403260081502,0.9855858648481091,0.25362954690491385,0.40343864991752315,score threshold,0.887,raw cri probability,y_any_risk
5775,0.14437860946523662,0.9925541125541125,0.2286215698787492,0.3716406781858852,score threshold,0.888,raw cri probability,y_any_risk
5775,0.14437860946523662,0.9925541125541125,0.2286215698787492,0.3716406781858852,score threshold,0.889,raw cri probability,y_any_risk
5775,0.14437860946523662,0.9925541125541125,0.2286215698787492,0.3716406781858852,score threshold,0.89,raw cri probability,y_any_risk
5774,0.144353608840221,0.9925528229996536,0.22858168474792598,0.3715878882188939,score threshold,0.891,raw cri probability,y_any_risk
5774,0.144353608840221,0.9925528229996536,0.22858168474792598,0.3715878882188939,score threshold,0.892,raw cri probability,y_any_risk
5773,0.14432860821520538,0.992551532998441,0.22854179961710275,0.3715350948289836,score threshold,0.893,raw cri probability,y_any_risk
5773,0.14432860821520538,0.992551532998441,0.22854179961710275,0.3715350948289836,score threshold,0.894,raw cri probability,y_any_risk
5772,0.14430360759018976,0.9927234927234927,0.22854179961710275,0.3715471404487096,score threshold,0.895,raw cri probability,y_any_risk
5772,0.14430360759018976,0.9927234927234927,0.22854179961710275,0.3715471404487096,score threshold,0.896,raw cri probability,y_any_risk
5772,0.14430360759018976,0.9927234927234927,0.22854179961710275,0.3715471404487096,score threshold,0.897,raw cri probability,y_any_risk
5772,0.14430360759018976,0.9927234927234927,0.22854179961710275,0.3715471404487096,score threshold,0.898,raw cri probability,y_any_risk
5772,0.14430360759018976,0.9927234927234927,0.22854179961710275,0.3715471404487096,score threshold,0.899,raw cri probability,y_any_risk
5772,0.14430360759018976,0.9927234927234927,0.22854179961710275,0.3715471404487096,score threshold,0.9,raw cri probability,y_any_risk
5772,0.14430360759018976,0.9927234927234927,0.22854179961710275,0.3715471404487096,score threshold,0.901,raw cri probability,y_any_risk
5155,0.12887822195554888,0.9967022308438409,0.20492980216975112,0.33996096205379295,score threshold,0.902,raw cri probability,y_any_risk
5155,0.12887822195554888,0.9967022308438409,0.20492980216975112,0.33996096205379295,score threshold,0.903,raw cri probability,y_any_risk
5155,0.12887822195554888,0.9967022308438409,0.20492980216975112,0.33996096205379295,score threshold,0.904,raw cri probability,y_any_risk
5155,0.12887822195554888,0.9967022308438409,0.20492980216975112,0.33996096205379295,score threshold,0.905,raw cri probability,y_any_risk
5155,0.12887822195554888,0.9967022308438409,0.20492980216975112,0.33996096205379295,score threshold,0.906,raw cri probability,y_any_risk
5155,0.12887822195554888,0.9967022308438409,0.20492980216975112,0.33996096205379295,score threshold,0.907,raw cri probability,y_any_risk
5155,0.12887822195554888,0.9967022308438409,0.20492980216975112,0.33996096205379295,score threshold,0.908,raw cri probability,y_any_risk
5155,0.12887822195554888,0.9967022308438409,0.20492980216975112,0.33996096205379295,score threshold,0.909,raw cri probability,y_any_risk
5155,0.12887822195554888,0.9967022308438409,0.20492980216975112,0.33996096205379295,score threshold,0.91,raw cri probability,y_any_risk
5155,0.12887822195554888,0.9967022308438409,0.20492980216975112,0.33996096205379295,score threshold,0.911,raw cri probability,y_any_risk
5155,0.12887822195554888,0.9967022308438409,0.20492980216975112,0.33996096205379295,score threshold,0.912,raw cri probability,y_any_risk
5155,0.12887822195554888,0.9967022308438409,0.20492980216975112,0.33996096205379295,score threshold,0.913,raw cri probability,y_any_risk
5155,0.12887822195554888,0.9967022308438409,0.20492980216975112,0.33996096205379295,score threshold,0.914,raw cri probability,y_any_risk
5155,0.12887822195554888,0.9967022308438409,0.20492980216975112,0.33996096205379295,score threshold,0.915,raw cri probability,y_any_risk
5155,0.12887822195554888,0.9967022308438409,0.20492980216975112,0.33996096205379295,score threshold,0.916,raw cri probability,y_any_risk
5155,0.12887822195554888,0.9967022308438409,0.20492980216975112,0.33996096205379295,score threshold,0.917,raw cri probability,y_any_risk
5155,0.12887822195554888,0.9967022308438409,0.20492980216975112,0.33996096205379295,score threshold,0.918,raw cri probability,y_any_risk
5155,0.12887822195554888,0.9967022308438409,0.20492980216975112,0.33996096205379295,score threshold,0.919,raw cri probability,y_any_risk
5155,0.12887822195554888,0.9967022308438409,0.20492980216975112,0.33996096205379295,score threshold,0.92,raw cri probability,y_any_risk
5155,0.12887822195554888,0.9967022308438409,0.20492980216975112,0.33996096205379295,score threshold,0.921,raw cri probability,y_any_risk
5155,0.12887822195554888,0.9967022308438409,0.20492980216975112,0.33996096205379295,score threshold,0.922,raw cri probability,y_any_risk
4833,0.12082802070051751,0.9973101593213325,0.19224633056796425,0.3223541213843839,score threshold,0.923,raw cri probability,y_any_risk
4833,0.12082802070051751,0.9973101593213325,0.19224633056796425,0.3223541213843839,score threshold,0.924,raw cri probability,y_any_risk
4833,0.12082802070051751,0.9973101593213325,0.19224633056796425,0.3223541213843839,score threshold,0.925,raw cri probability,y_any_risk
4833,0.12082802070051751,0.9973101593213325,0.19224633056796425,0.3223541213843839,score threshold,0.926,raw cri probability,y_any_risk
4833,0.12082802070051751,0.9973101593213325,0.19224633056796425,0.3223541213843839,score threshold,0.927,raw cri probability,y_any_risk
4833,0.12082802070051751,0.9973101593213325,0.19224633056796425,0.3223541213843839,score threshold,0.928,raw cri probability,y_any_risk
4833,0.12082802070051751,0.9973101593213325,0.19224633056796425,0.3223541213843839,score threshold,0.929,raw cri probability,y_any_risk
4833,0.12082802070051751,0.9973101593213325,0.19224633056796425,0.3223541213843839,score threshold,0.93,raw cri probability,y_any_risk
4833,0.12082802070051751,0.9973101593213325,0.19224633056796425,0.3223541213843839,score threshold,0.931,raw cri probability,y_any_risk
4833,0.12082802070051751,0.9973101593213325,0.19224633056796425,0.3223541213843839,score threshold,0.932,raw cri probability,y_any_risk
4833,0.12082802070051751,0.9973101593213325,0.19224633056796425,0.3223541213843839,score threshold,0.933,raw cri probability,y_any_risk
4833,0.12082802070051751,0.9973101593213325,0.19224633056796425,0.3223541213843839,score threshold,0.934,raw cri probability,y_any_risk
4833,0.12082802070051751,0.9973101593213325,0.19224633056796425,0.3223541213843839,score threshold,0.935,raw cri probability,y_any_risk
4833,0.12082802070051751,0.9973101593213325,0.19224633056796425,0.3223541213843839,score threshold,0.936,raw cri probability,y_any_risk
4833,0.12082802070051751,0.9973101593213325,0.19224633056796425,0.3223541213843839,score threshold,0.937,raw cri probability,y_any_risk
4833,0.12082802070051751,0.9973101593213325,0.19224633056796425,0.3223541213843839,score threshold,0.9380000000000001,raw cri probability,y_any_risk
4833,0.12082802070051751,0.9973101593213325,0.19224633056796425,0.3223541213843839,score threshold,0.9390000000000001,raw cri probability,y_any_risk
4833,0.12082802070051751,0.9973101593213325,0.19224633056796425,0.3223541213843839,score threshold,0.9400000000000001,raw cri probability,y_any_risk
4833,0.12082802070051751,0.9973101593213325,0.19224633056796425,0.3223541213843839,score threshold,0.9410000000000001,raw cri probability,y_any_risk
4833,0.12082802070051751,0.9973101593213325,0.19224633056796425,0.3223541213843839,score threshold,0.9420000000000001,raw cri probability,y_any_risk
4832,0.1208030200755019,0.9973096026490066,0.19220644543714102,0.3222980203317282,score threshold,0.9430000000000001,raw cri probability,y_any_risk
4832,0.1208030200755019,0.9973096026490066,0.19220644543714102,0.3222980203317282,score threshold,0.9440000000000001,raw cri probability,y_any_risk
4832,0.1208030200755019,0.9973096026490066,0.19220644543714102,0.3222980203317282,score threshold,0.9450000000000001,raw cri probability,y_any_risk
4831,0.12077801945048626,0.9973090457462224,0.19216656030631782,0.3222419155268702,score threshold,0.9460000000000001,raw cri probability,y_any_risk
4831,0.12077801945048626,0.9973090457462224,0.19216656030631782,0.3222419155268702,score threshold,0.9470000000000001,raw cri probability,y_any_risk
3945,0.09862746568664217,0.9979721166032953,0.15702776005105296,0.2713581693490023,score threshold,0.9480000000000001,raw cri probability,y_any_risk
3945,0.09862746568664217,0.9979721166032953,0.15702776005105296,0.2713581693490023,score threshold,0.9490000000000001,raw cri probability,y_any_risk
3945,0.09862746568664217,0.9979721166032953,0.15702776005105296,0.2713581693490023,score threshold,0.9500000000000001,raw cri probability,y_any_risk
3945,0.09862746568664217,0.9979721166032953,0.15702776005105296,0.2713581693490023,score threshold,0.9510000000000001,raw cri probability,y_any_risk
3945,0.09862746568664217,0.9979721166032953,0.15702776005105296,0.2713581693490023,score threshold,0.9520000000000001,raw cri probability,y_any_risk
3945,0.09862746568664217,0.9979721166032953,0.15702776005105296,0.2713581693490023,score threshold,0.9530000000000001,raw cri probability,y_any_risk
3945,0.09862746568664217,0.9979721166032953,0.15702776005105296,0.2713581693490023,score threshold,0.9540000000000001,raw cri probability,y_any_risk
3945,0.09862746568664217,0.9979721166032953,0.15702776005105296,0.2713581693490023,score threshold,0.9550000000000001,raw cri probability,y_any_risk
3945,0.09862746568664217,0.9979721166032953,0.15702776005105296,0.2713581693490023,score threshold,0.9560000000000001,raw cri probability,y_any_risk
3945,0.09862746568664217,0.9979721166032953,0.15702776005105296,0.2713581693490023,score threshold,0.9570000000000001,raw cri probability,y_any_risk
3945,0.09862746568664217,0.9979721166032953,0.15702776005105296,0.2713581693490023,score threshold,0.9580000000000001,raw cri probability,y_any_risk
3945,0.09862746568664217,0.9979721166032953,0.15702776005105296,0.2713581693490023,score threshold,0.9590000000000001,raw cri probability,y_any_risk
3944,0.09860246506162654,0.9979716024340771,0.15698787492022973,0.27129859387923905,score threshold,0.9600000000000001,raw cri probability,y_any_risk
3944,0.09860246506162654,0.9979716024340771,0.15698787492022973,0.27129859387923905,score threshold,0.961,raw cri probability,y_any_risk
3944,0.09860246506162654,0.9979716024340771,0.15698787492022973,0.27129859387923905,score threshold,0.962,raw cri probability,y_any_risk
3944,0.09860246506162654,0.9979716024340771,0.15698787492022973,0.27129859387923905,score threshold,0.963,raw cri probability,y_any_risk
3944,0.09860246506162654,0.9979716024340771,0.15698787492022973,0.27129859387923905,score threshold,0.964,raw cri probability,y_any_risk
3944,0.09860246506162654,0.9979716024340771,0.15698787492022973,0.27129859387923905,score threshold,0.965,raw cri probability,y_any_risk
3944,0.09860246506162654,0.9979716024340771,0.15698787492022973,0.27129859387923905,score threshold,0.966,raw cri probability,y_any_risk
3944,0.09860246506162654,0.9979716024340771,0.15698787492022973,0.27129859387923905,score threshold,0.967,raw cri probability,y_any_risk
3944,0.09860246506162654,0.9979716024340771,0.15698787492022973,0.27129859387923905,score threshold,0.968,raw cri probability,y_any_risk
3944,0.09860246506162654,0.9979716024340771,0.15698787492022973,0.27129859387923905,score threshold,0.969,raw cri probability,y_any_risk
3944,0.09860246506162654,0.9979716024340771,0.15698787492022973,0.27129859387923905,score threshold,0.97,raw cri probability,y_any_risk
3944,0.09860246506162654,0.9979716024340771,0.15698787492022973,0.27129859387923905,score threshold,0.971,raw cri probability,y_any_risk
3944,0.09860246506162654,0.9979716024340771,0.15698787492022973,0.27129859387923905,score threshold,0.972,raw cri probability,y_any_risk
3944,0.09860246506162654,0.9979716024340771,0.15698787492022973,0.27129859387923905,score threshold,0.973,raw cri probability,y_any_risk
3944,0.09860246506162654,0.9979716024340771,0.15698787492022973,0.27129859387923905,score threshold,0.974,raw cri probability,y_any_risk
3944,0.09860246506162654,0.9979716024340771,0.15698787492022973,0.27129859387923905,score threshold,0.975,raw cri probability,y_any_risk
3944,0.09860246506162654,0.9979716024340771,0.15698787492022973,0.27129859387923905,score threshold,0.976,raw cri probability,y_any_risk
3944,0.09860246506162654,0.9979716024340771,0.15698787492022973,0.27129859387923905,score threshold,0.977,raw cri probability,y_any_risk
3861,0.09652741318532963,0.9979279979279979,0.15367740906190172,0.26633947395707325,score threshold,0.978,raw cri probability,y_any_risk
3861,0.09652741318532963,0.9979279979279979,0.15367740906190172,0.26633947395707325,score threshold,0.979,raw cri probability,y_any_risk
3861,0.09652741318532963,0.9979279979279979,0.15367740906190172,0.26633947395707325,score threshold,0.98,raw cri probability,y_any_risk
3859,0.09647741193529838,0.9979269240735942,0.15359763880025526,0.2662196260067056,score threshold,0.981,raw cri probability,y_any_risk
3859,0.09647741193529838,0.9979269240735942,0.15359763880025526,0.2662196260067056,score threshold,0.982,raw cri probability,y_any_risk
3859,0.09647741193529838,0.9979269240735942,0.15359763880025526,0.2662196260067056,score threshold,0.983,raw cri probability,y_any_risk
3859,0.09647741193529838,0.9979269240735942,0.15359763880025526,0.2662196260067056,score threshold,0.984,raw cri probability,y_any_risk
3859,0.09647741193529838,0.9979269240735942,0.15359763880025526,0.2662196260067056,score threshold,0.985,raw cri probability,y_any_risk
3859,0.09647741193529838,0.9979269240735942,0.15359763880025526,0.2662196260067056,score threshold,0.986,raw cri probability,y_any_risk
3716,0.09290232255806395,0.9983853606027987,0.14797383535417996,0.25774628317354453,score threshold,0.987,raw cri probability,y_any_risk
3716,0.09290232255806395,0.9983853606027987,0.14797383535417996,0.25774628317354453,score threshold,0.988,raw cri probability,y_any_risk
3716,0.09290232255806395,0.9983853606027987,0.14797383535417996,0.25774628317354453,score threshold,0.989,raw cri probability,y_any_risk
3716,0.09290232255806395,0.9983853606027987,0.14797383535417996,0.25774628317354453,score threshold,0.99,raw cri probability,y_any_risk
3716,0.09290232255806395,0.9983853606027987,0.14797383535417996,0.25774628317354453,score threshold,0.991,raw cri probability,y_any_risk
3450,0.0862521563039076,0.9994202898550725,0.13752393107849395,0.24177827641820349,score threshold,0.992,raw cri probability,y_any_risk
3449,0.08622715567889197,0.9994201217744274,0.13748404594767072,0.24171662985168824,score threshold,0.993,raw cri probability,y_any_risk
3449,0.08622715567889197,0.9994201217744274,0.13748404594767072,0.24171662985168824,score threshold,0.994,raw cri probability,y_any_risk
3445,0.08612715317882948,0.9994194484760522,0.1373245054243778,0.241470000350668,score threshold,0.995,raw cri probability,y_any_risk
3445,0.08612715317882948,0.9994194484760522,0.1373245054243778,0.241470000350668,score threshold,0.996,raw cri probability,y_any_risk
3445,0.08612715317882948,0.9994194484760522,0.1373245054243778,0.241470000350668,score threshold,0.997,raw cri probability,y_any_risk
3445,0.08612715317882948,0.9994194484760522,0.1373245054243778,0.241470000350668,score threshold,0.998,raw cri probability,y_any_risk
1340,0.03350083752093802,1.0,0.05344607530312699,0.10146902922913827,score threshold,0.999,raw cri probability,y_any_risk
400,0.010000250006250157,0.995,0.02518987341772152,0.049135802469135806,top k rate,0.01,baseline auto mcdm,y_cri_high
800,0.020000500012500314,0.985,0.04987341772151899,0.09493975903614457,top k rate,0.02,baseline auto mcdm,y_cri_high
1200,0.03000075001875047,0.9566666666666667,0.07265822784810126,0.13505882352941176,top k rate,0.03,baseline auto mcdm,y_cri_high
1600,0.04000100002500063,0.965,0.09772151898734177,0.1774712643678161,top k rate,0.04,baseline auto mcdm,y_cri_high
2000,0.050001250031250784,0.9495,0.12018987341772151,0.21337078651685393,top k rate,0.05,baseline auto mcdm,y_cri_high
2400,0.06000150003750094,0.9366666666666666,0.14227848101265822,0.24703296703296704,top k rate,0.060000000000000005,baseline auto mcdm,y_cri_high
2800,0.07000175004375109,0.9285714285714286,0.16455696202531644,0.27956989247311825,top k rate,0.06999999999999999,baseline auto mcdm,y_cri_high
3200,0.08000200005000126,0.9153125,0.18537974683544303,0.3083157894736842,top k rate,0.08,baseline auto mcdm,y_cri_high
3600,0.09000225005625141,0.9086111111111111,0.2070253164556962,0.3372164948453608,top k rate,0.09,baseline auto mcdm,y_cri_high
4000,0.10000250006250157,0.90975,0.23031645569620254,0.36757575757575756,top k rate,0.09999999999999999,baseline auto mcdm,y_cri_high
4400,0.11000275006875172,0.8954545454545455,0.24936708860759493,0.3900990099009901,top k rate,0.11,baseline auto mcdm,y_cri_high
4800,0.12000300007500188,0.8877083333333333,0.2696835443037975,0.4136893203883495,top k rate,0.12,baseline auto mcdm,y_cri_high
5200,0.13000325008125202,0.8775,0.2887974683544304,0.43457142857142855,top k rate,0.13,baseline auto mcdm,y_cri_high
5600,0.14000350008750218,0.8753571428571428,0.310253164556962,0.4581308411214953,top k rate,0.14,baseline auto mcdm,y_cri_high
6000,0.15000375009375233,0.8673333333333333,0.32936708860759495,0.47743119266055045,top k rate,0.15000000000000002,baseline auto mcdm,y_cri_high
6400,0.1600040001000025,0.86375,0.349873417721519,0.49801801801801804,top k rate,0.16,baseline auto mcdm,y_cri_high
6800,0.17000425010625267,0.8579411764705882,0.3692405063291139,0.516283185840708,top k rate,0.17,baseline auto mcdm,y_cri_high
7200,0.18000450011250282,0.8511111111111112,0.3878481012658228,0.5328695652173913,top k rate,0.18000000000000002,baseline auto mcdm,y_cri_high
7600,0.19000475011875298,0.8446052631578947,0.4062658227848101,0.5486324786324787,top k rate,0.19,baseline auto mcdm,y_cri_high
8000,0.20000500012500314,0.84225,0.42645569620253165,0.566218487394958,top k rate,0.2,baseline auto mcdm,y_cri_high
8400,0.2100052501312533,0.8372619047619048,0.445126582278481,0.5812396694214876,top k rate,0.21000000000000002,baseline auto mcdm,y_cri_high
8800,0.22000550013750345,0.8323863636363636,0.46360759493670883,0.5955284552845529,top k rate,0.22,baseline auto mcdm,y_cri_high
9200,0.2300057501437536,0.8309782608695652,0.4838607594936709,0.6116,top k rate,0.23,baseline auto mcdm,y_cri_high
9600,0.24000600015000376,0.8302083333333333,0.5044303797468355,0.6275590551181103,top k rate,0.24000000000000002,baseline auto mcdm,y_cri_high
10000,0.2500062501562539,0.8262,0.5229113924050633,0.6404651162790698,top k rate,0.25,baseline auto mcdm,y_cri_high
10400,0.26000650016250404,0.8183653846153847,0.5386708860759494,0.6496946564885496,top k rate,0.26,baseline auto mcdm,y_cri_high
10800,0.2700067501687542,0.8147222222222222,0.5568987341772151,0.661578947368421,top k rate,0.27,baseline auto mcdm,y_cri_high
11200,0.28000700017500435,0.8098214285714286,0.5740506329113924,0.6718518518518518,top k rate,0.28,baseline auto mcdm,y_cri_high
11600,0.2900072501812545,0.8063793103448276,0.5920253164556962,0.6827737226277373,top k rate,0.29000000000000004,baseline auto mcdm,y_cri_high
12000,0.30000750018750466,0.8039166666666666,0.6105696202531645,0.6940287769784173,top k rate,0.3,baseline auto mcdm,y_cri_high
12400,0.3100077501937548,0.802741935483871,0.63,0.7059574468085107,top k rate,0.31,baseline auto mcdm,y_cri_high
12800,0.320008000200005,0.802578125,0.6501898734177215,0.7183916083916084,top k rate,0.32,baseline auto mcdm,y_cri_high
13200,0.3300082502062552,0.8000757575757576,0.6684177215189874,0.7283448275862069,top k rate,0.33,baseline auto mcdm,y_cri_high
13600,0.34000850021250534,0.7979411764705883,0.6868354430379747,0.7382312925170068,top k rate,0.34,baseline auto mcdm,y_cri_high
14000,0.3500087502187555,0.7968571428571428,0.7060759493670886,0.748724832214765,top k rate,0.35000000000000003,baseline auto mcdm,y_cri_high
14400,0.36000900022500565,0.7935416666666667,0.7232278481012658,0.7567549668874172,top k rate,0.36000000000000004,baseline auto mcdm,y_cri_high
14800,0.3700092502312558,0.7902702702702703,0.740253164556962,0.7644444444444445,top k rate,0.37,baseline auto mcdm,y_cri_high
15200,0.38000950023750596,0.7878947368421053,0.7579746835443038,0.7726451612903226,top k rate,0.38,baseline auto mcdm,y_cri_high
15600,0.3900097502437561,0.7845512820512821,0.774620253164557,0.7795541401273886,top k rate,0.39,baseline auto mcdm,y_cri_high
16000,0.40001000025000627,0.7806875,0.7905696202531646,0.7855974842767296,top k rate,0.4,baseline auto mcdm,y_cri_high
16400,0.4100102502562564,0.7748170731707317,0.8042405063291139,0.7892546583850931,top k rate,0.41000000000000003,baseline auto mcdm,y_cri_high
16800,0.4200105002625066,0.7670833333333333,0.815632911392405,0.7906134969325154,top k rate,0.42000000000000004,baseline auto mcdm,y_cri_high
17200,0.43001075026875674,0.7606976744186047,0.8281012658227848,0.792969696969697,top k rate,0.43,baseline auto mcdm,y_cri_high
17600,0.4400110002750069,0.7555681818181819,0.8416455696202532,0.7962874251497006,top k rate,0.44,baseline auto mcdm,y_cri_high
18000,0.45001125028125705,0.7506666666666667,0.8551898734177216,0.7995266272189349,top k rate,0.45,baseline auto mcdm,y_cri_high
18400,0.4600115002875072,0.7450543478260869,0.8676582278481013,0.8016959064327486,top k rate,0.46,baseline auto mcdm,y_cri_high
18800,0.47001175029375736,0.7381914893617021,0.8783544303797468,0.8021965317919075,top k rate,0.47000000000000003,baseline auto mcdm,y_cri_high
19200,0.4800120003000075,0.73046875,0.8876582278481012,0.8014285714285714,top k rate,0.48000000000000004,baseline auto mcdm,y_cri_high
19600,0.49001225030625767,0.7239795918367347,0.8981012658227848,0.8016949152542373,top k rate,0.49,baseline auto mcdm,y_cri_high
20000,0.5000125003125078,0.7166,0.9070886075949367,0.8006703910614525,top k rate,0.5,baseline auto mcdm,y_cri_high
20400,0.5100127503187579,0.7096568627450981,0.9162658227848102,0.7998342541436464,top k rate,0.51,baseline auto mcdm,y_cri_high
20800,0.5200130003250081,0.7026442307692308,0.925,0.7986338797814208,top k rate,0.52,baseline auto mcdm,y_cri_high
21200,0.5300132503312582,0.6939150943396226,0.9310759493670886,0.7951891891891892,top k rate,0.53,baseline auto mcdm,y_cri_high
21600,0.5400135003375084,0.6844907407407408,0.9357594936708861,0.7906417112299465,top k rate,0.54,baseline auto mcdm,y_cri_high
22000,0.5500137503437585,0.6752272727272727,0.9401898734177215,0.785978835978836,top k rate,0.55,baseline auto mcdm,y_cri_high
22400,0.5600140003500087,0.6654910714285714,0.9434810126582278,0.7804712041884817,top k rate,0.56,baseline auto mcdm,y_cri_high
22800,0.5700142503562589,0.656140350877193,0.9468354430379747,0.7751295336787565,top k rate,0.5700000000000001,baseline auto mcdm,y_cri_high
23200,0.580014500362509,0.6469827586206897,0.95,0.7697435897435897,top k rate,0.5800000000000001,baseline auto mcdm,y_cri_high
23600,0.5900147503687592,0.6375,0.9522151898734177,0.7637055837563452,top k rate,0.59,baseline auto mcdm,y_cri_high
24000,0.6000150003750093,0.6287916666666666,0.955126582278481,0.7583417085427135,top k rate,0.6,baseline auto mcdm,y_cri_high
24400,0.6100152503812595,0.6194262295081967,0.9565822784810126,0.7519402985074627,top k rate,0.61,baseline auto mcdm,y_cri_high
24800,0.6200155003875096,0.6102016129032258,0.9577848101265822,0.7454679802955665,top k rate,0.62,baseline auto mcdm,y_cri_high
25200,0.6300157503937599,0.6013888888888889,0.9591772151898734,0.7392682926829268,top k rate,0.63,baseline auto mcdm,y_cri_high
25600,0.64001600040001,0.5926171875,0.9601898734177216,0.7328985507246377,top k rate,0.64,baseline auto mcdm,y_cri_high
26000,0.6500162504062602,0.5843846153846154,0.9616455696202532,0.7269856459330144,top k rate,0.65,baseline auto mcdm,y_cri_high
26400,0.6600165004125104,0.576590909090909,0.9634177215189873,0.7214218009478673,top k rate,0.66,baseline auto mcdm,y_cri_high
26800,0.6700167504187605,0.5690671641791045,0.965253164556962,0.7160093896713615,top k rate,0.67,baseline auto mcdm,y_cri_high
27200,0.6800170004250107,0.5616544117647059,0.9668987341772152,0.7105581395348837,top k rate,0.68,baseline auto mcdm,y_cri_high
27600,0.6900172504312608,0.5546376811594202,0.9688607594936709,0.7054377880184332,top k rate,0.6900000000000001,baseline auto mcdm,y_cri_high
28000,0.700017500437511,0.5475357142857142,0.9703164556962025,0.7000456621004566,top k rate,0.7000000000000001,baseline auto mcdm,y_cri_high
28400,0.7100177504437611,0.5404929577464789,0.9715189873417721,0.6945701357466063,top k rate,0.7100000000000001,baseline auto mcdm,y_cri_high
28800,0.7200180004500113,0.5334027777777778,0.9722784810126582,0.6888789237668161,top k rate,0.72,baseline auto mcdm,y_cri_high
29200,0.7300182504562615,0.5271232876712328,0.9741772151898734,0.6840888888888889,top k rate,0.73,baseline auto mcdm,y_cri_high
29600,0.7400185004625116,0.5205405405405406,0.9751898734177216,0.6787665198237885,top k rate,0.74,baseline auto mcdm,y_cri_high
30000,0.7500187504687618,0.5139333333333334,0.9758227848101266,0.6732751091703056,top k rate,0.75,baseline auto mcdm,y_cri_high
30400,0.7600190004750119,0.5077960526315789,0.9770253164556962,0.6682683982683982,top k rate,0.76,baseline auto mcdm,y_cri_high
30800,0.7700192504812621,0.5017857142857143,0.9781645569620253,0.6633047210300429,top k rate,0.77,baseline auto mcdm,y_cri_high
31200,0.7800195004875122,0.49599358974358976,0.9794303797468354,0.6585106382978724,top k rate,0.78,baseline auto mcdm,y_cri_high
31600,0.7900197504937624,0.4905379746835443,0.9810759493670886,0.6540506329113924,top k rate,0.79,baseline auto mcdm,y_cri_high
32000,0.8000200005000125,0.4851875,0.9826582278481013,0.6496234309623431,top k rate,0.8,baseline auto mcdm,y_cri_high
39998,0.9999749993749844,0.3950197509875494,1.0,0.5663285422416574,score threshold,0.001,baseline auto mcdm,y_cri_high
39998,0.9999749993749844,0.3950197509875494,1.0,0.5663285422416574,score threshold,0.002,baseline auto mcdm,y_cri_high
39998,0.9999749993749844,0.3950197509875494,1.0,0.5663285422416574,score threshold,0.003,baseline auto mcdm,y_cri_high
39998,0.9999749993749844,0.3950197509875494,1.0,0.5663285422416574,score threshold,0.004,baseline auto mcdm,y_cri_high
39998,0.9999749993749844,0.3950197509875494,1.0,0.5663285422416574,score threshold,0.005,baseline auto mcdm,y_cri_high
39998,0.9999749993749844,0.3950197509875494,1.0,0.5663285422416574,score threshold,0.006,baseline auto mcdm,y_cri_high
39998,0.9999749993749844,0.3950197509875494,1.0,0.5663285422416574,score threshold,0.007,baseline auto mcdm,y_cri_high
39998,0.9999749993749844,0.3950197509875494,1.0,0.5663285422416574,score threshold,0.008,baseline auto mcdm,y_cri_high
39998,0.9999749993749844,0.3950197509875494,1.0,0.5663285422416574,score threshold,0.009000000000000001,baseline auto mcdm,y_cri_high
39997,0.9999499987499687,0.39502962722204166,1.0,0.5663386920443751,score threshold,0.010000000000000002,baseline auto mcdm,y_cri_high
39996,0.9999249981249532,0.39503950395039505,1.0,0.5663488422109112,score threshold,0.011,baseline auto mcdm,y_cri_high
39975,0.999399984999625,0.39524702939337086,1.0,0.5665620797848498,score threshold,0.012,baseline auto mcdm,y_cri_high
39971,0.9992999824995625,0.39528658277251005,1.0,0.5666027146725,score threshold,0.013000000000000001,baseline auto mcdm,y_cri_high
39968,0.9992249806245156,0.3953162530024019,1.0,0.5666331946636064,score threshold,0.014000000000000002,baseline auto mcdm,y_cri_high
39966,0.9991749793744844,0.39533603563028574,1.0,0.5666535164795754,score threshold,0.015,baseline auto mcdm,y_cri_high
39965,0.9991499787494688,0.3953459276867259,1.0,0.5666636779341881,score threshold,0.016,baseline auto mcdm,y_cri_high
39963,0.9990999774994375,0.3953657132847884,1.0,0.5666840019367682,score threshold,0.017,baseline auto mcdm,y_cri_high
39961,0.9990499762494063,0.39538550086334173,1.0,0.5667043273972848,score threshold,0.018000000000000002,baseline auto mcdm,y_cri_high
39954,0.9988749718742969,0.3954547729889373,1.0,0.5667754779926104,score threshold,0.019000000000000003,baseline auto mcdm,y_cri_high
39945,0.9986499662491563,0.39551883840280383,0.9999367088607595,0.5668311059287828,score threshold,0.02,baseline auto mcdm,y_cri_high
39942,0.9985749643741093,0.3955485453908167,0.9999367088607595,0.5668616124286893,score threshold,0.021,baseline auto mcdm,y_cri_high
39942,0.9985749643741093,0.3955485453908167,0.9999367088607595,0.5668616124286893,score threshold,0.022000000000000002,baseline auto mcdm,y_cri_high
39941,0.9985499637490938,0.39555844871185,0.9999367088607595,0.5668717819917116,score threshold,0.023,baseline auto mcdm,y_cri_high
39937,0.9984499612490312,0.39559806695545485,0.9999367088607595,0.5669124638929257,score threshold,0.024,baseline auto mcdm,y_cri_high
39932,0.998324958123953,0.39564760092156664,0.9999367088607595,0.5669633244814469,score threshold,0.025,baseline auto mcdm,y_cri_high
39926,0.9981749543738594,0.3957070580574062,0.9999367088607595,0.5670243692351864,score threshold,0.026000000000000002,baseline auto mcdm,y_cri_high
39923,0.9980999524988124,0.3957367933271548,0.9999367088607595,0.567054896541823,score threshold,0.027000000000000003,baseline auto mcdm,y_cri_high
39917,0.9979499487487187,0.39579627727534633,0.9999367088607595,0.5671159610172838,score threshold,0.028,baseline auto mcdm,y_cri_high
39914,0.9978749468736718,0.39582602595580496,0.9999367088607595,0.5671464981871702,score threshold,0.029,baseline auto mcdm,y_cri_high
39909,0.9977499437485937,0.3958505600240547,0.9998734177215189,0.5671614999371736,score threshold,0.030000000000000002,baseline auto mcdm,y_cri_high
39908,0.9977249431235781,0.39583542146937956,0.9998101265822785,0.567135779421268,score threshold,0.031,baseline auto mcdm,y_cri_high
39908,0.9977249431235781,0.39583542146937956,0.9998101265822785,0.567135779421268,score threshold,0.032,baseline auto mcdm,y_cri_high
39906,0.9976749418735469,0.3958552598606726,0.9998101265822785,0.5671561411697125,score threshold,0.033,baseline auto mcdm,y_cri_high
39898,0.9974749368734218,0.39593463331495315,0.9998101265822785,0.5672376027864555,score threshold,0.034,baseline auto mcdm,y_cri_high
39891,0.9972999324983125,0.39600411120302825,0.9998101265822785,0.5673089008996067,score threshold,0.035,baseline auto mcdm,y_cri_high
39882,0.9970749268731718,0.39609347575347276,0.9998101265822785,0.567400596242951,score threshold,0.036000000000000004,baseline auto mcdm,y_cri_high
39870,0.9967749193729843,0.3962126912465513,0.9998101265822785,0.5675229028201904,score threshold,0.037000000000000005,baseline auto mcdm,y_cri_high
39819,0.9954998874971874,0.3967201587181999,0.9998101265822785,0.5680432945576152,score threshold,0.038,baseline auto mcdm,y_cri_high
39771,0.9942998574964375,0.3971989640692967,0.9998101265822785,0.5685339475625776,score threshold,0.039,baseline auto mcdm,y_cri_high
39759,0.9939998499962499,0.3973188460474358,0.9998101265822785,0.5686567432819165,score threshold,0.04,baseline auto mcdm,y_cri_high
39746,0.9936748418710468,0.39744879987923315,0.9998101265822785,0.5687898318510783,score threshold,0.041,baseline auto mcdm,y_cri_high
39711,0.9927998199954999,0.3977990984865654,0.9998101265822785,0.5691484570625642,score threshold,0.042,baseline auto mcdm,y_cri_high
39672,0.9918247956198905,0.39819015930631174,0.9998101265822785,0.5695486010960484,score threshold,0.043000000000000003,baseline auto mcdm,y_cri_high
39608,0.9902247556188905,0.39880832155120177,0.999746835443038,0.570170372509385,score threshold,0.044000000000000004,baseline auto mcdm,y_cri_high
39565,0.9891497287432186,0.39924175407557183,0.999746835443038,0.5706132032872754,score threshold,0.045,baseline auto mcdm,y_cri_high
39557,0.9889497237430935,0.3993224966504032,0.999746835443038,0.5706956663113969,score threshold,0.046,baseline auto mcdm,y_cri_high
39520,0.9880247006175155,0.39969635627530364,0.999746835443038,0.5710773680404917,score threshold,0.047,baseline auto mcdm,y_cri_high
39494,0.9873746843671092,0.3999594875170912,0.999746835443038,0.5713458964806308,score threshold,0.048,baseline auto mcdm,y_cri_high
39480,0.9870246756168904,0.4000759878419453,0.9996835443037975,0.5714544138929089,score threshold,0.049,baseline auto mcdm,y_cri_high
39465,0.9866496662416561,0.40022805017103763,0.9996835443037975,0.5716095177779789,score threshold,0.05,baseline auto mcdm,y_cri_high
39450,0.9862746568664217,0.4003802281368821,0.9996835443037975,0.571764705882353,score threshold,0.051000000000000004,baseline auto mcdm,y_cri_high
39442,0.9860746518662966,0.4004614370468029,0.9996835443037975,0.5718475073313783,score threshold,0.052000000000000005,baseline auto mcdm,y_cri_high
39426,0.9856746418660467,0.4006239537361132,0.9996835443037975,0.5720131821967913,score threshold,0.053000000000000005,baseline auto mcdm,y_cri_high
39414,0.9853746343658591,0.4007459278428985,0.9996835443037975,0.5721375013583512,score threshold,0.054,baseline auto mcdm,y_cri_high
39382,0.9845746143653591,0.4010715555329846,0.9996835443037975,0.5724692834619984,score threshold,0.055,baseline auto mcdm,y_cri_high
39340,0.9835245881147029,0.4014997458057956,0.9996835443037975,0.5729053318824809,score threshold,0.056,baseline auto mcdm,y_cri_high
39332,0.9833245831145778,0.40158140953930643,0.9996835443037975,0.5729884640499165,score threshold,0.057,baseline auto mcdm,y_cri_high
39315,0.9828995724893123,0.401755055322396,0.9996835443037975,0.5731652000362878,score threshold,0.058,baseline auto mcdm,y_cri_high
39289,0.982249556238906,0.4020209218865331,0.9996835443037975,0.5734357131187714,score threshold,0.059000000000000004,baseline auto mcdm,y_cri_high
39266,0.9816745418635466,0.4022564050323435,0.9996835443037975,0.5736752260923256,score threshold,0.060000000000000005,baseline auto mcdm,y_cri_high
39252,0.9813245331133278,0.40239987771323754,0.9996835443037975,0.5738211145825765,score threshold,0.061,baseline auto mcdm,y_cri_high
39240,0.9810245256131404,0.4025229357798165,0.9996835443037975,0.5739462209302325,score threshold,0.062,baseline auto mcdm,y_cri_high
39231,0.9807995199879997,0.4026152787336545,0.9996835443037975,0.5740400864967019,score threshold,0.063,baseline auto mcdm,y_cri_high
39224,0.9806245156128903,0.4026871303283704,0.9996835443037975,0.5741131142774062,score threshold,0.064,baseline auto mcdm,y_cri_high
39213,0.9803495087377184,0.40280009180628873,0.9996835443037975,0.5742279097667824,score threshold,0.065,baseline auto mcdm,y_cri_high
39207,0.9801995049876246,0.40281072257505035,0.9995569620253164,0.5742178268220408,score threshold,0.066,baseline auto mcdm,y_cri_high
39203,0.9800995024875622,0.40285182256459967,0.9995569620253164,0.5742595858407723,score threshold,0.067,baseline auto mcdm,y_cri_high
39203,0.9800995024875622,0.40285182256459967,0.9995569620253164,0.5742595858407723,score threshold,0.068,baseline auto mcdm,y_cri_high
39198,0.979974499362484,0.4028776978417266,0.999493670886076,0.574275428197389,score threshold,0.069,baseline auto mcdm,y_cri_high
39196,0.9799244981124529,0.40289825492397185,0.999493670886076,0.574296312459088,score threshold,0.07,baseline auto mcdm,y_cri_high
39194,0.9798744968624216,0.4029188141041996,0.999493670886076,0.574317198239808,score threshold,0.07100000000000001,baseline auto mcdm,y_cri_high
39187,0.9796994924873121,0.40299078776124736,0.999493670886076,0.5743903104370124,score threshold,0.07200000000000001,baseline auto mcdm,y_cri_high
39181,0.9795494887372185,0.4030524999361936,0.999493670886076,0.5744529928520762,score threshold,0.07300000000000001,baseline auto mcdm,y_cri_high
39179,0.9794994874871872,0.403073074861533,0.999493670886076,0.574473890030739,score threshold,0.074,baseline auto mcdm,y_cri_high
39176,0.9794244856121403,0.40310394118848275,0.999493670886076,0.5745052386495926,score threshold,0.075,baseline auto mcdm,y_cri_high
39169,0.9792494812370309,0.40317598100538693,0.999493670886076,0.5745783987338318,score threshold,0.076,baseline auto mcdm,y_cri_high
39165,0.9791494787369684,0.4032171581769437,0.999493670886076,0.5746202128627308,score threshold,0.077,baseline auto mcdm,y_cri_high
39161,0.979049476236906,0.40325834376037384,0.999493670886076,0.5746620330780008,score threshold,0.078,baseline auto mcdm,y_cri_high
39151,0.9787994699867497,0.40336134453781514,0.999493670886076,0.5747666102527706,score threshold,0.079,baseline auto mcdm,y_cri_high
39123,0.9780994524863121,0.4036244664263988,0.9994303797468355,0.5750232143182273,score threshold,0.08,baseline auto mcdm,y_cri_high
39083,0.9770994274856871,0.40403756108794103,0.9994303797468355,0.575442304538746,score threshold,0.081,baseline auto mcdm,y_cri_high
39051,0.9762994074851872,0.40436864612942053,0.9994303797468355,0.575778016809174,score threshold,0.082,baseline auto mcdm,y_cri_high
39021,0.9755493887347184,0.40467953153430203,0.9994303797468355,0.5760931030079715,score threshold,0.083,baseline auto mcdm,y_cri_high
38961,0.9740493512337809,0.40530273863607197,0.9994303797468355,0.5767243110973138,score threshold,0.084,baseline auto mcdm,y_cri_high
38918,0.9729743243581089,0.40575055244359937,0.9994303797468355,0.5771775284184364,score threshold,0.085,baseline auto mcdm,y_cri_high
38866,0.9716742918572965,0.40629341841197963,0.9994303797468355,0.5777265576409468,score threshold,0.08600000000000001,baseline auto mcdm,y_cri_high
38824,0.9706242656066402,0.40673294869153104,0.9994303797468355,0.5781707674282367,score threshold,0.08700000000000001,baseline auto mcdm,y_cri_high
38792,0.9698242456061401,0.4070684677253042,0.9994303797468355,0.578509671746776,score threshold,0.08800000000000001,baseline auto mcdm,y_cri_high
38756,0.9689242231055777,0.40742078645887086,0.9993670886075949,0.5788547547474155,score threshold,0.089,baseline auto mcdm,y_cri_high
38718,0.9679741993549839,0.4078206518931763,0.9993670886075949,0.5792582266407426,score threshold,0.09,baseline auto mcdm,y_cri_high
38688,0.9672241806045151,0.4081368899917287,0.9993670886075949,0.5795771546028483,score threshold,0.091,baseline auto mcdm,y_cri_high
38675,0.966899172479312,0.40824822236586944,0.9993037974683544,0.5796787517209729,score threshold,0.092,baseline auto mcdm,y_cri_high
38638,0.9659741493537338,0.4086391635177804,0.9993037974683544,0.5800727433043095,score threshold,0.093,baseline auto mcdm,y_cri_high
38606,0.9651741293532339,0.40895197637672903,0.9992405063291139,0.5803771642833511,score threshold,0.094,baseline auto mcdm,y_cri_high
38594,0.9648741218530463,0.40907913147121316,0.9992405063291139,0.5805052027797184,score threshold,0.095,baseline auto mcdm,y_cri_high
38574,0.9643741093527338,0.40926530823871,0.9991772151898735,0.5806819435759738,score threshold,0.096,baseline auto mcdm,y_cri_high
38534,0.9633740843521088,0.4096641926610266,0.9991139240506329,0.5810726248757684,score threshold,0.097,baseline auto mcdm,y_cri_high
38498,0.9624740618515463,0.41002129980778224,0.9990506329113924,0.5814210468157206,score threshold,0.098,baseline auto mcdm,y_cri_high
38460,0.9615240381009525,0.4104004160166407,0.9989873417721519,0.5817913748617767,score threshold,0.099,baseline auto mcdm,y_cri_high
38426,0.9606740168504213,0.4107635455160568,0.9989873417721519,0.5821561612510604,score threshold,0.1,baseline auto mcdm,y_cri_high
38388,0.9597239930998275,0.4111701573408357,0.9989873417721519,0.5825644054034104,score threshold,0.101,baseline auto mcdm,y_cri_high
38351,0.9587989699742494,0.4115668431070898,0.9989873417721519,0.5829624568336688,score threshold,0.10200000000000001,baseline auto mcdm,y_cri_high
38330,0.9582739568489212,0.4117923297678059,0.9989873417721519,0.5831886199889156,score threshold,0.10300000000000001,baseline auto mcdm,y_cri_high
38297,0.9574489362234055,0.4121210538684492,0.9989240506329113,0.5835074033680241,score threshold,0.10400000000000001,baseline auto mcdm,y_cri_high
38265,0.9566489162229056,0.4124395661831961,0.9988607594936709,0.5838157773050957,score threshold,0.10500000000000001,baseline auto mcdm,y_cri_high
38210,0.9552738818470462,0.41292855273488616,0.9986075949367088,0.5842621736715423,score threshold,0.106,baseline auto mcdm,y_cri_high
38182,0.9545738643466086,0.41320517521345135,0.9985443037974684,0.5845281760586862,score threshold,0.107,baseline auto mcdm,y_cri_high
38155,0.9538988474711868,0.41347136679334295,0.9984810126582279,0.5847836159762765,score threshold,0.108,baseline auto mcdm,y_cri_high
38114,0.9528738218455461,0.41391614629794826,0.9984810126582279,0.5852283265942055,score threshold,0.109,baseline auto mcdm,y_cri_high
38059,0.9514987874696867,0.41446175674610475,0.9983544303797468,0.5857516849551607,score threshold,0.11,baseline auto mcdm,y_cri_high
38024,0.9506237655941399,0.4148169577109194,0.9982911392405063,0.586095422116528,score threshold,0.111,baseline auto mcdm,y_cri_high
37981,0.949548738718468,0.41528659066375295,0.9982911392405063,0.5865640281883937,score threshold,0.112,baseline auto mcdm,y_cri_high
37952,0.9488237205930148,0.4156039207419899,0.9982911392405063,0.5868804881678821,score threshold,0.113,baseline auto mcdm,y_cri_high
37924,0.9481237030925773,0.4158844003797068,0.9982278481012659,0.5871491326036781,score threshold,0.114,baseline auto mcdm,y_cri_high
37885,0.947148678716968,0.41631252474594166,0.9982278481012659,0.5875756729067709,score threshold,0.115,baseline auto mcdm,y_cri_high
37814,0.9453736343408585,0.416988416988417,0.9979746835443037,0.5882045734323125,score threshold,0.116,baseline auto mcdm,y_cri_high
37765,0.9441486037150929,0.4175294584933139,0.9979746835443037,0.5887426491178942,score threshold,0.117,baseline auto mcdm,y_cri_high
37728,0.9432235805895147,0.41788592027141647,0.9978481012658228,0.5890748767000449,score threshold,0.11800000000000001,baseline auto mcdm,y_cri_high
37684,0.9421235530888272,0.4183473092028447,0.9977848101265823,0.5895221000673099,score threshold,0.11900000000000001,baseline auto mcdm,y_cri_high
37655,0.9413985349633741,0.4186429425043155,0.9977215189873417,0.589804508465064,score threshold,0.12000000000000001,baseline auto mcdm,y_cri_high
37633,0.9408485212130303,0.4188611059442511,0.9976582278481013,0.5900099189639362,score threshold,0.121,baseline auto mcdm,y_cri_high
37615,0.9403985099627491,0.4190615445965705,0.9976582278481013,0.5902087428624918,score threshold,0.122,baseline auto mcdm,y_cri_high
37583,0.939598489962249,0.4193917462682596,0.9975949367088608,0.5905250735252796,score threshold,0.123,baseline auto mcdm,y_cri_high
37539,0.9384984624615615,0.4198300434215083,0.9974683544303797,0.5909372129211271,score threshold,0.124,baseline auto mcdm,y_cri_high
37507,0.9376984424610615,0.42016156984029646,0.9974050632911392,0.5912544318757387,score threshold,0.125,baseline auto mcdm,y_cri_high
37458,0.9364734118352959,0.42071119654012495,0.9974050632911392,0.591798415261557,score threshold,0.126,baseline auto mcdm,y_cri_high
37423,0.935598389959749,0.4210512251823745,0.9972784810126583,0.5921124325949307,score threshold,0.127,baseline auto mcdm,y_cri_high
37399,0.934998374959374,0.42126794834086473,0.9971518987341772,0.5923043666234328,score threshold,0.128,baseline auto mcdm,y_cri_high
37388,0.9347233680842021,0.42139189044613246,0.9971518987341772,0.592426863202226,score threshold,0.129,baseline auto mcdm,y_cri_high
37371,0.9342983574589365,0.42158358085146236,0.9971518987341772,0.5926162757894341,score threshold,0.13,baseline auto mcdm,y_cri_high
37353,0.9338483462086552,0.4217599657323374,0.9970886075949367,0.5927793351268978,score threshold,0.131,baseline auto mcdm,y_cri_high
37333,0.9333483337083427,0.4219859105884874,0.9970886075949367,0.5930024655110759,score threshold,0.132,baseline auto mcdm,y_cri_high
37302,0.9325733143328583,0.4223366039354458,0.9970886075949367,0.5933486497683703,score threshold,0.133,baseline auto mcdm,y_cri_high
37268,0.931723293082327,0.4226950735215198,0.9970253164556963,0.5936911132886108,score threshold,0.134,baseline auto mcdm,y_cri_high
37250,0.9312732818320458,0.4228724832214765,0.9969620253164557,0.5938548539114044,score threshold,0.135,baseline auto mcdm,y_cri_high
37235,0.9308982724568114,0.4229891231368336,0.9968354430379747,0.5939473932308853,score threshold,0.136,baseline auto mcdm,y_cri_high
37213,0.9303482587064676,0.4231854459463091,0.9967088607594937,0.5941184237828457,score threshold,0.137,baseline auto mcdm,y_cri_high
37196,0.9299232480812021,0.42335197333046565,0.9966455696202532,0.594271265755906,score threshold,0.138,baseline auto mcdm,y_cri_high
37159,0.9289982249556239,0.4237466024381711,0.9965822784810127,0.5946486904964218,score threshold,0.139,baseline auto mcdm,y_cri_high
37140,0.928523213080327,0.4239633817985999,0.9965822784810127,0.5948621080468455,score threshold,0.14,baseline auto mcdm,y_cri_high
37115,0.9278981974549364,0.42424895594773004,0.9965822784810127,0.5951431541150902,score threshold,0.14100000000000001,baseline auto mcdm,y_cri_high
37080,0.9270231755793895,0.42456850053937434,0.9963924050632912,0.5954236006051438,score threshold,0.14200000000000002,baseline auto mcdm,y_cri_high
37056,0.9264231605790145,0.42484348013816925,0.9963924050632912,0.5956939609505071,score threshold,0.14300000000000002,baseline auto mcdm,y_cri_high
37021,0.9255481387034676,0.42519110774965563,0.9962658227848101,0.596012949395127,score threshold,0.14400000000000002,baseline auto mcdm,y_cri_high
36978,0.9244731118277957,0.4256584996484396,0.9962025316455696,0.5964606464814886,score threshold,0.14500000000000002,baseline auto mcdm,y_cri_high
36962,0.9240731018275457,0.42581570261349494,0.9961392405063291,0.5966036162389599,score threshold,0.146,baseline auto mcdm,y_cri_high
36944,0.9236230905772644,0.4259961022087484,0.9960759493670887,0.5967693007735477,score threshold,0.147,baseline auto mcdm,y_cri_high
36935,0.9233980849521238,0.42609990523893326,0.9960759493670887,0.5968711481937992,score threshold,0.148,baseline auto mcdm,y_cri_high
36882,0.9220730518262956,0.4266851038446939,0.9960126582278481,0.5974336585551042,score threshold,0.149,baseline auto mcdm,y_cri_high
36847,0.9211980299507487,0.4270632615952452,0.9959493670886076,0.5977928466959181,score threshold,0.15,baseline auto mcdm,y_cri_high
36815,0.9203980099502488,0.4274344696455249,0.9959493670886076,0.5981564192720707,score threshold,0.151,baseline auto mcdm,y_cri_high
36777,0.919447986199655,0.4277945455039835,0.9957594936708861,0.5984746181790517,score threshold,0.152,baseline auto mcdm,y_cri_high
36697,0.9174479361984049,0.42869989372428263,0.9956962025316456,0.5993485342019544,score threshold,0.153,baseline auto mcdm,y_cri_high
36643,0.9160979024475612,0.4292770788417979,0.9955696202531645,0.5998894037335774,score threshold,0.154,baseline auto mcdm,y_cri_high
36569,0.9142478561964049,0.43011840630041837,0.995506329113924,0.6006988867459757,score threshold,0.155,baseline auto mcdm,y_cri_high
36515,0.9128978224455612,0.4306997124469396,0.9953797468354431,0.60124247347797,score threshold,0.156,baseline auto mcdm,y_cri_high
36471,0.9117977949448737,0.4311096487620301,0.995126582278481,0.6015955309827629,score threshold,0.157,baseline auto mcdm,y_cri_high
36444,0.9111227780694517,0.4313467237405334,0.9949367088607595,0.6017915932930097,score threshold,0.158,baseline auto mcdm,y_cri_high
36405,0.9101477536938424,0.4318088174701277,0.9949367088607595,0.6022411646394024,score threshold,0.159,baseline auto mcdm,y_cri_high
36375,0.9093977349433736,0.43213745704467355,0.9948734177215189,0.6025491135601342,score threshold,0.16,baseline auto mcdm,y_cri_high
36302,0.9075726893172329,0.43297889923420196,0.9948101265822785,0.6033549575832022,score threshold,0.161,baseline auto mcdm,y_cri_high
36213,0.9053476336908423,0.4339601800458399,0.9946202531645569,0.6042720089208468,score threshold,0.162,baseline auto mcdm,y_cri_high
36186,0.9046726168154204,0.4342563422318024,0.9945569620253164,0.6045473781402685,score threshold,0.163,baseline auto mcdm,y_cri_high
36149,0.9037475936898423,0.4346731583169659,0.994493670886076,0.6049394598548576,score threshold,0.164,baseline auto mcdm,y_cri_high
36111,0.9027975699392485,0.43513056963252195,0.994493670886076,0.6053822889175705,score threshold,0.165,baseline auto mcdm,y_cri_high
36063,0.9015975399384984,0.4356542716912071,0.9943670886075949,0.6058654532132735,score threshold,0.166,baseline auto mcdm,y_cri_high
36020,0.9005225130628266,0.4361188228761799,0.9942405063291139,0.6062910073330761,score threshold,0.167,baseline auto mcdm,y_cri_high
35986,0.8996724918122954,0.4365030845328739,0.9941772151898735,0.6066504460665044,score threshold,0.168,baseline auto mcdm,y_cri_high
35939,0.8984974624365609,0.43707393082723506,0.9941772151898735,0.6072015307601616,score threshold,0.169,baseline auto mcdm,y_cri_high
35908,0.8977224430610765,0.4374512643422079,0.9941772151898735,0.6075655604548619,score threshold,0.17,baseline auto mcdm,y_cri_high
35886,0.8971724293107328,0.4376358468483531,0.9939873417721519,0.6077080834268467,score threshold,0.171,baseline auto mcdm,y_cri_high
35858,0.8964724118102952,0.4379218026660717,0.9938607594936709,0.6079600449107593,score threshold,0.17200000000000001,baseline auto mcdm,y_cri_high
35822,0.8955723893097327,0.43830606889620904,0.9937341772151899,0.6083065359730347,score threshold,0.17300000000000001,baseline auto mcdm,y_cri_high
35792,0.894822370559264,0.43858962896736703,0.9935443037974684,0.6085439603039231,score threshold,0.17400000000000002,baseline auto mcdm,y_cri_high
35773,0.8943473586839671,0.43879462164202054,0.9934810126582279,0.6087293738971943,score threshold,0.17500000000000002,baseline auto mcdm,y_cri_high
35757,0.8939473486837171,0.43890706714769134,0.9932911392405064,0.6088019085672168,score threshold,0.17600000000000002,baseline auto mcdm,y_cri_high
35717,0.892947323683092,0.4393146120894812,0.9931012658227848,0.6091581419725528,score threshold,0.177,baseline auto mcdm,y_cri_high
35683,0.8920973024325608,0.43970518173920353,0.9930379746835443,0.6095215896509527,score threshold,0.178,baseline auto mcdm,y_cri_high
35642,0.8910722768069201,0.44018293025082766,0.9929746835443038,0.6099685082228529,score threshold,0.179,baseline auto mcdm,y_cri_high
35591,0.8897972449311233,0.44078559186311145,0.9929113924050633,0.6105349185655076,score threshold,0.18,baseline auto mcdm,y_cri_high
35529,0.8882472061801545,0.44149849418784654,0.9927848101265823,0.6111944514796703,score threshold,0.181,baseline auto mcdm,y_cri_high
35485,0.887147178679467,0.4419613921375229,0.9925949367088608,0.6116018328946086,score threshold,0.182,baseline auto mcdm,y_cri_high
35471,0.8867971699292483,0.4421358292689803,0.9925949367088608,0.6117688361841976,score threshold,0.183,baseline auto mcdm,y_cri_high
35417,0.8854471361784044,0.44275347996724734,0.9924683544303797,0.6123357478962064,score threshold,0.184,baseline auto mcdm,y_cri_high
35383,0.8845971149278732,0.4431506655738632,0.9924050632911392,0.6127034366879628,score threshold,0.185,baseline auto mcdm,y_cri_high
35338,0.88347208680217,0.4436583847416379,0.9922784810126583,0.6131643787398803,score threshold,0.186,baseline auto mcdm,y_cri_high
35268,0.8817220430510763,0.4444822501984802,0.9921518987341772,0.6139265293334377,score threshold,0.187,baseline auto mcdm,y_cri_high
35240,0.8810220255506388,0.44483541430192963,0.9921518987341772,0.6142633228840125,score threshold,0.188,baseline auto mcdm,y_cri_high
35208,0.8802220055501387,0.44521131561008864,0.9920886075949367,0.6146094730238394,score threshold,0.189,baseline auto mcdm,y_cri_high
35185,0.8796469911747794,0.44544550234474917,0.9919620253164557,0.6148082769441993,score threshold,0.19,baseline auto mcdm,y_cri_high
35146,0.87867196679917,0.44591134126216353,0.9918987341772152,0.6152396655282063,score threshold,0.191,baseline auto mcdm,y_cri_high
35107,0.8776969424235606,0.4464066995186145,0.9918987341772152,0.6157110024161707,score threshold,0.192,baseline auto mcdm,y_cri_high
35055,0.8763969099227481,0.44701183853943804,0.9917721518987341,0.616261921148363,score threshold,0.193,baseline auto mcdm,y_cri_high
35021,0.8755468886722169,0.4473601553353702,0.9915822784810127,0.6165561480490348,score threshold,0.194,baseline auto mcdm,y_cri_high
34964,0.8741218530463262,0.44797506006177784,0.9913291139240507,0.6170908517847293,score threshold,0.195,baseline auto mcdm,y_cri_high
34926,0.8731718292957323,0.44843383152951954,0.9912658227848101,0.6175137010606001,score threshold,0.196,baseline auto mcdm,y_cri_high
34886,0.8721718042951073,0.448919337269965,0.9912025316455696,0.6179615672966894,score threshold,0.197,baseline auto mcdm,y_cri_high
34787,0.8696967424185604,0.45019691263977923,0.9912025316455696,0.6191709332437187,score threshold,0.198,baseline auto mcdm,y_cri_high
34728,0.8682217055426386,0.4509329647546648,0.9911392405063291,0.619854338188727,score threshold,0.199,baseline auto mcdm,y_cri_high
34635,0.8658966474161854,0.4520860401328136,0.9910126582278481,0.6209180132844255,score threshold,0.2,baseline auto mcdm,y_cri_high
34510,0.8627715692892323,0.45354969574036513,0.9906329113924051,0.6222222222222222,score threshold,0.201,baseline auto mcdm,y_cri_high
34454,0.8613715342883572,0.4542288268415859,0.990506329113924,0.6228359931547738,score threshold,0.202,baseline auto mcdm,y_cri_high
34414,0.8603715092877322,0.45469866914627766,0.990379746835443,0.6232524793882184,score threshold,0.203,baseline auto mcdm,y_cri_high
34371,0.8592964824120602,0.45515114486049285,0.990126582278481,0.6236271949931235,score threshold,0.20400000000000001,baseline auto mcdm,y_cri_high
34287,0.8571964299107477,0.45617872663108466,0.9899367088607595,0.6245532772975023,score threshold,0.20500000000000002,baseline auto mcdm,y_cri_high
34039,0.8509962749068727,0.45929668909192395,0.989493670886076,0.6273801641284937,score threshold,0.20600000000000002,baseline auto mcdm,y_cri_high
33995,0.8498962474061852,0.4598323282835711,0.9893670886075949,0.6278542022291395,score threshold,0.20700000000000002,baseline auto mcdm,y_cri_high
33925,0.8481462036550914,0.4606632277081798,0.9891139240506329,0.6285771744595274,score threshold,0.20800000000000002,baseline auto mcdm,y_cri_high
33885,0.8471461786544664,0.4611775121735281,0.9890506329113924,0.6290429707155077,score threshold,0.20900000000000002,baseline auto mcdm,y_cri_high
33817,0.8454461361534038,0.4620457166513883,0.9889240506329114,0.6298244553278111,score threshold,0.21,baseline auto mcdm,y_cri_high
33761,0.8440461011525288,0.46260478066407984,0.9884810126582279,0.6302536268436876,score threshold,0.211,baseline auto mcdm,y_cri_high
33697,0.8424460611515288,0.4633943674511084,0.9882911392405064,0.6309473301412207,score threshold,0.212,baseline auto mcdm,y_cri_high
33652,0.8413210330258256,0.46401402591227864,0.9882911392405064,0.6315214753700558,score threshold,0.213,baseline auto mcdm,y_cri_high
33623,0.8405960149003725,0.46438449870624277,0.9882278481012658,0.6318515670841511,score threshold,0.214,baseline auto mcdm,y_cri_high
33582,0.8395709892747318,0.46492168423560243,0.9881645569620253,0.6323356688671986,score threshold,0.215,baseline auto mcdm,y_cri_high
33537,0.8384459611490287,0.4654560634523064,0.9879746835443038,0.6327908060887366,score threshold,0.216,baseline auto mcdm,y_cri_high
33510,0.8377709442736069,0.4657714115189496,0.9878481012658228,0.6330561752180085,score threshold,0.217,baseline auto mcdm,y_cri_high
33480,0.8370209255231381,0.46615890083632017,0.9877848101265823,0.6334009740259741,score threshold,0.218,baseline auto mcdm,y_cri_high
33401,0.8350458761469036,0.4672015807909943,0.9876582278481013,0.6343367004735676,score threshold,0.219,baseline auto mcdm,y_cri_high
33340,0.8335208380209506,0.4679364127174565,0.9874050632911392,0.634961334961335,score threshold,0.22,baseline auto mcdm,y_cri_high
33262,0.8315707892697317,0.46885334616078406,0.9870253164556962,0.6357262239615181,score threshold,0.221,baseline auto mcdm,y_cri_high
33162,0.8290707267681692,0.4701767082805621,0.9868354430379747,0.6369020873330338,score threshold,0.222,baseline auto mcdm,y_cri_high
33128,0.8282207055176379,0.4706290751026322,0.9867721518987341,0.6373037933289731,score threshold,0.223,baseline auto mcdm,y_cri_high
33074,0.8268706717667942,0.47124629618431396,0.9864556962025316,0.6378033310144453,score threshold,0.224,baseline auto mcdm,y_cri_high
33035,0.8258956473911848,0.47177236264567884,0.9863924050632912,0.6382717313402273,score threshold,0.225,baseline auto mcdm,y_cri_high
32897,0.8224455611390284,0.4736602121774022,0.9862025316455696,0.6399572868965234,score threshold,0.226,baseline auto mcdm,y_cri_high
32753,0.8188454711367784,0.4755900222880347,0.9858860759493671,0.6416493316581879,score threshold,0.227,baseline auto mcdm,y_cri_high
32702,0.8175704392609815,0.4762094061525289,0.985632911392405,0.6421590862232486,score threshold,0.228,baseline auto mcdm,y_cri_high
32650,0.816270406760169,0.4768147013782542,0.9853164556962025,0.642641898864809,score threshold,0.229,baseline auto mcdm,y_cri_high
32591,0.8147953698842471,0.4775858365806511,0.985126582278481,0.6433014403504784,score threshold,0.23,baseline auto mcdm,y_cri_high
32526,0.8131703292582314,0.4783865215519892,0.9848101265822785,0.6439597732069693,score threshold,0.231,baseline auto mcdm,y_cri_high
32461,0.8115452886322158,0.4793444441021534,0.9848101265822785,0.6448270860529206,score threshold,0.232,baseline auto mcdm,y_cri_high
32373,0.8093452336308408,0.48049300342878326,0.984493670886076,0.6457974383991032,score threshold,0.233,baseline auto mcdm,y_cri_high
32301,0.8075451886297157,0.481471161883533,0.9843037974683544,0.6466393630070061,score threshold,0.234,baseline auto mcdm,y_cri_high
32253,0.8063451586289657,0.48203267913062353,0.9839873417721519,0.6470771856075583,score threshold,0.23500000000000001,baseline auto mcdm,y_cri_high
32199,0.804995124878122,0.48262368396534056,0.9835443037974684,0.6475134898643722,score threshold,0.23600000000000002,baseline auto mcdm,y_cri_high
32156,0.80392009800245,0.48314466973504167,0.9832911392405064,0.647927266661106,score threshold,0.23700000000000002,baseline auto mcdm,y_cri_high
32068,0.801720043001075,0.48425221404515406,0.9828481012658228,0.6488259379961561,score threshold,0.23800000000000002,baseline auto mcdm,y_cri_high
31985,0.7996449911247782,0.48538377364389557,0.9825949367088608,0.6497854975410694,score threshold,0.23900000000000002,baseline auto mcdm,y_cri_high
31949,0.7987449686242156,0.4857429027512598,0.9822151898734177,0.6500240842740163,score threshold,0.24000000000000002,baseline auto mcdm,y_cri_high
31903,0.7975949398734968,0.4864119361815503,0.9821518987341772,0.6506089763746515,score threshold,0.241,baseline auto mcdm,y_cri_high
31876,0.7969199229980749,0.4868239427782658,0.9821518987341772,0.6509774309925329,score threshold,0.242,baseline auto mcdm,y_cri_high
31831,0.7957948948723718,0.4874493418365744,0.9820253164556962,0.6515084713736852,score threshold,0.243,baseline auto mcdm,y_cri_high
31778,0.7944698617465437,0.48813644659827554,0.9817721518987341,0.6520660809617891,score threshold,0.244,baseline auto mcdm,y_cri_high
31728,0.7932198304957624,0.4887796268280383,0.9815189873417721,0.6525837401110924,score threshold,0.245,baseline auto mcdm,y_cri_high
31656,0.7914197854946373,0.4898281526408896,0.9813924050632912,0.6534895482130816,score threshold,0.246,baseline auto mcdm,y_cri_high
31607,0.7901947548688717,0.49046097383491,0.9811392405063292,0.6539962452802329,score threshold,0.247,baseline auto mcdm,y_cri_high
31529,0.788244706117653,0.4914523137429034,0.9806962025316456,0.6547782543472289,score threshold,0.248,baseline auto mcdm,y_cri_high
31472,0.7868196704917623,0.4920882053889171,0.9801898734177216,0.6552293112201726,score threshold,0.249,baseline auto mcdm,y_cri_high
31447,0.7861946548663716,0.4924794098006169,0.9801898734177216,0.6555760154083857,score threshold,0.25,baseline auto mcdm,y_cri_high
31410,0.7852696317407936,0.4929958611907036,0.9800632911392405,0.6560050836687142,score threshold,0.251,baseline auto mcdm,y_cri_high
31345,0.7836445911147779,0.49398628170362097,0.98,0.6568671121009652,score threshold,0.252,baseline auto mcdm,y_cri_high
31291,0.782294557363934,0.49474289731871784,0.9798101265822785,0.65749293920282,score threshold,0.253,baseline auto mcdm,y_cri_high
31242,0.7810695267381684,0.49545483643812815,0.9796835443037974,0.6580927681646188,score threshold,0.254,baseline auto mcdm,y_cri_high
31188,0.7797194929873247,0.49615236629472875,0.9793670886075949,0.6586362475525667,score threshold,0.255,baseline auto mcdm,y_cri_high
31094,0.7773694342358559,0.4976522801826719,0.9793670886075949,0.6599564976329595,score threshold,0.256,baseline auto mcdm,y_cri_high
31066,0.7766694167354183,0.49800424901821927,0.9791772151898734,0.6602227627704519,score threshold,0.257,baseline auto mcdm,y_cri_high
30953,0.7738443461086527,0.4994992407844151,0.9785443037974684,0.6613907128954292,score threshold,0.258,baseline auto mcdm,y_cri_high
30875,0.771894297357434,0.5007611336032388,0.9785443037974684,0.6624959828602035,score threshold,0.259,baseline auto mcdm,y_cri_high
30805,0.7701442536063402,0.5017042687875345,0.9781645569620253,0.6632335586310482,score threshold,0.26,baseline auto mcdm,y_cri_high
30724,0.7681192029800745,0.5029293060799375,0.9779746835443038,0.6642593070243316,score threshold,0.261,baseline auto mcdm,y_cri_high
30683,0.7670941773544339,0.503568751425871,0.9779113924050633,0.6648021857453262,score threshold,0.262,baseline auto mcdm,y_cri_high
30644,0.7661191529788245,0.5040791019449158,0.9776582278481013,0.665188183618982,score threshold,0.263,baseline auto mcdm,y_cri_high
30587,0.7646941173529338,0.504920391015791,0.9774683544303797,0.6658762153189471,score threshold,0.264,baseline auto mcdm,y_cri_high
30448,0.7612190304757619,0.5070612191276931,0.9771518987341772,0.6676613042726172,score threshold,0.265,baseline auto mcdm,y_cri_high
30400,0.7600190004750119,0.5077960526315789,0.9770253164556962,0.6682683982683982,score threshold,0.266,baseline auto mcdm,y_cri_high
30354,0.7588689717242931,0.5084667589115108,0.9768354430379746,0.6688044373185422,score threshold,0.267,baseline auto mcdm,y_cri_high
30317,0.757943948598715,0.5090543259557344,0.9767721518987342,0.6692976559620096,score threshold,0.268,baseline auto mcdm,y_cri_high
30286,0.7571689292232305,0.5094763256950406,0.9765822784810126,0.6696176713101593,score threshold,0.269,baseline auto mcdm,y_cri_high
28715,0.7178929473236831,0.5349468918683615,0.9722151898734177,0.6901493878467932,score threshold,0.27,baseline auto mcdm,y_cri_high
28602,0.7150678766969174,0.5369904202503322,0.9720886075949368,0.6918156839781991,score threshold,0.271,baseline auto mcdm,y_cri_high
28552,0.7138178454461361,0.5378607453068086,0.9719620253164557,0.6925054112554112,score threshold,0.272,baseline auto mcdm,y_cri_high
28508,0.7127178179454486,0.538515504419812,0.9716455696202532,0.692967409948542,score threshold,0.273,baseline auto mcdm,y_cri_high
28451,0.711292782319558,0.5395592422058979,0.9715822784810126,0.6938148290434114,score threshold,0.274,baseline auto mcdm,y_cri_high
28371,0.7092927323183079,0.5410454337175284,0.9715189873417721,0.695026148377895,score threshold,0.275,baseline auto mcdm,y_cri_high
28279,0.7069926748168704,0.5426995296863397,0.9713291139240506,0.6963406610857779,score threshold,0.276,baseline auto mcdm,y_cri_high
28232,0.705817645441136,0.5435321620855766,0.9712025316455696,0.6969930959302325,score threshold,0.277,baseline auto mcdm,y_cri_high
28185,0.7046426160654017,0.5443320915380522,0.9710126582278481,0.6976014550414914,score threshold,0.278,baseline auto mcdm,y_cri_high
28133,0.7033425835645891,0.5452315785732058,0.9708227848101266,0.6982905788359548,score threshold,0.279,baseline auto mcdm,y_cri_high
28033,0.7008425210630266,0.5469268362287304,0.970379746835443,0.6995642552414847,score threshold,0.28,baseline auto mcdm,y_cri_high
27984,0.699617490437261,0.5478130360205832,0.970253164556962,0.70025580120592,score threshold,0.281,baseline auto mcdm,y_cri_high
27948,0.6987174679366984,0.5483397738657507,0.9699367088607594,0.7006034561579958,score threshold,0.28200000000000003,baseline auto mcdm,y_cri_high
27919,0.6979924498112453,0.5488377090870017,0.9698101265822785,0.7009766920560855,score threshold,0.28300000000000003,baseline auto mcdm,y_cri_high
27811,0.6952923823095577,0.5508971270360649,0.9696835443037974,0.7026208983971933,score threshold,0.28400000000000003,baseline auto mcdm,y_cri_high
27742,0.6935673391834796,0.5521591810251604,0.969493670886076,0.7035965274906987,score threshold,0.28500000000000003,baseline auto mcdm,y_cri_high
27699,0.6924923123078077,0.5529080472219213,0.9693037974683544,0.7041541184854824,score threshold,0.28600000000000003,baseline auto mcdm,y_cri_high
27671,0.6917922948073701,0.5533952513461747,0.9691772151898734,0.7045156541142371,score threshold,0.28700000000000003,baseline auto mcdm,y_cri_high
27642,0.691067276681917,0.5539034802112727,0.9690506329113924,0.7048938814971686,score threshold,0.28800000000000003,baseline auto mcdm,y_cri_high
27570,0.6892672316807921,0.5551323902792891,0.9686708860759494,0.7057874106525248,score threshold,0.28900000000000003,baseline auto mcdm,y_cri_high
27531,0.6882922073051826,0.5558461370818351,0.9685443037974684,0.7063303408645081,score threshold,0.29,baseline auto mcdm,y_cri_high
27481,0.6870421760544013,0.5566755212692406,0.9682278481012658,0.7069152746008641,score threshold,0.291,baseline auto mcdm,y_cri_high
27456,0.6864171604290107,0.5571095571095571,0.9681012658227848,0.7072313667468096,score threshold,0.292,baseline auto mcdm,y_cri_high
27401,0.6850421260531513,0.5578993467391701,0.9675316455696202,0.7077150991875188,score threshold,0.293,baseline auto mcdm,y_cri_high
27333,0.6833420835520888,0.5592507225697875,0.9674683544303797,0.708784457376023,score threshold,0.294,baseline auto mcdm,y_cri_high
27281,0.6820420510512762,0.5601334261940545,0.9671518987341772,0.7094078596132866,score threshold,0.295,baseline auto mcdm,y_cri_high
27221,0.6805420135503387,0.5613313250799016,0.9670886075949368,0.7103507589316845,score threshold,0.296,baseline auto mcdm,y_cri_high
27163,0.6790919772994325,0.5624194676582115,0.9668987341772152,0.7111700765775202,score threshold,0.297,baseline auto mcdm,y_cri_high
27112,0.6778169454236356,0.5633667748598407,0.9667088607594937,0.711875466070097,score threshold,0.298,baseline auto mcdm,y_cri_high
27026,0.6756668916722918,0.5650854732479834,0.9665822784810126,0.7132116004296455,score threshold,0.299,baseline auto mcdm,y_cri_high
26956,0.673916847921198,0.5662561210862146,0.9660759493670886,0.7140050519225372,score threshold,0.3,baseline auto mcdm,y_cri_high
26889,0.6722418060451512,0.5675555059689836,0.965886075949367,0.7149851249736466,score threshold,0.301,baseline auto mcdm,y_cri_high
26832,0.6708167704192605,0.5684630292188432,0.965379746835443,0.7155657721899042,score threshold,0.302,baseline auto mcdm,y_cri_high
26802,0.6700667516687917,0.5690246996492799,0.965253164556962,0.7159757757851744,score threshold,0.303,baseline auto mcdm,y_cri_high
26762,0.6690667266681667,0.5697257305134146,0.965,0.7164606926366243,score threshold,0.304,baseline auto mcdm,y_cri_high
26706,0.6676666916672916,0.5708455028832472,0.964873417721519,0.7173104973415518,score threshold,0.305,baseline auto mcdm,y_cri_high
26671,0.6667916697917448,0.5715196280604402,0.964746835443038,0.7178074450801724,score threshold,0.306,baseline auto mcdm,y_cri_high
26632,0.6658166454161354,0.5722063682787624,0.964493670886076,0.7182786576168929,score threshold,0.307,baseline auto mcdm,y_cri_high
26605,0.6651416285407136,0.5727118962601014,0.9643670886075949,0.7186416696144322,score threshold,0.308,baseline auto mcdm,y_cri_high
26546,0.6636665916647916,0.5738340992993295,0.9641139240506329,0.7194540216313229,score threshold,0.309,baseline auto mcdm,y_cri_high
26518,0.6629665741643541,0.5744022927822611,0.9640506329113924,0.7198827921924477,score threshold,0.31,baseline auto mcdm,y_cri_high
26464,0.6616165404135104,0.5753854292623942,0.9637341772151898,0.7205659663070225,score threshold,0.311,baseline auto mcdm,y_cri_high
26431,0.6607915197879947,0.5759903144035413,0.9635443037974684,0.7209869527124624,score threshold,0.312,baseline auto mcdm,y_cri_high
26386,0.6596664916622915,0.5768589403471538,0.9633544303797469,0.7216138055279002,score threshold,0.313,baseline auto mcdm,y_cri_high
26353,0.6588414710367759,0.5775433536978712,0.9632911392405064,0.7221312836571537,score threshold,0.314,baseline auto mcdm,y_cri_high
26308,0.6577164429110728,0.578379200243272,0.9630379746835444,0.7227130236534626,score threshold,0.315,baseline auto mcdm,y_cri_high
26273,0.6568414210355259,0.5789213260762,0.9626582278481013,0.7230290209873316,score threshold,0.316,baseline auto mcdm,y_cri_high
26238,0.655966399159979,0.579655461544325,0.9625949367088608,0.7235834245206718,score threshold,0.317,baseline auto mcdm,y_cri_high
26157,0.6539413485337133,0.5811063959934243,0.9620253164556962,0.7245513263579378,score threshold,0.318,baseline auto mcdm,y_cri_high
26046,0.6511662791569789,0.583429317361591,0.9617721518987342,0.7262820819194188,score threshold,0.319,baseline auto mcdm,y_cri_high
25954,0.6488662216555414,0.5853047699776528,0.9614556962025317,0.7276428605642573,score threshold,0.32,baseline auto mcdm,y_cri_high
25860,0.6465161629040727,0.5873936581593194,0.9613924050632912,0.7292366778684589,score threshold,0.321,baseline auto mcdm,y_cri_high
25769,0.6442411060276507,0.5893515464317591,0.9612025316455696,0.7306887343934182,score threshold,0.322,baseline auto mcdm,y_cri_high
25665,0.6416410410260257,0.5912721605299045,0.9604430379746836,0.7319426021946219,score threshold,0.323,baseline auto mcdm,y_cri_high
25597,0.6399409985249631,0.5926866429659726,0.9601898734177216,0.7329516631639974,score threshold,0.324,baseline auto mcdm,y_cri_high
25474,0.6368659216480412,0.5952736123105912,0.959746835443038,0.7347967243300867,score threshold,0.325,baseline auto mcdm,y_cri_high
25389,0.6347408685217131,0.5970695970695971,0.9594303797468354,0.7360703100342324,score threshold,0.326,baseline auto mcdm,y_cri_high
25317,0.632940823520588,0.5986491290437256,0.959240506329114,0.7372133180922733,score threshold,0.327,baseline auto mcdm,y_cri_high
25227,0.6306907672691817,0.6007452332818013,0.9591772151898734,0.7387817778536085,score threshold,0.328,baseline auto mcdm,y_cri_high
25140,0.6285157128928224,0.6026252983293556,0.9588607594936709,0.7401074743527113,score threshold,0.329,baseline auto mcdm,y_cri_high
25070,0.6267656691417286,0.6039489429597128,0.9582911392405064,0.7409346709077563,score threshold,0.33,baseline auto mcdm,y_cri_high
24963,0.6240906022650566,0.6064575571846332,0.9581645569620253,0.7427814439565292,score threshold,0.331,baseline auto mcdm,y_cri_high
24785,0.6196404910122753,0.6105305628404277,0.9577215189873418,0.7456942220032031,score threshold,0.332,baseline auto mcdm,y_cri_high
24712,0.6178154453861346,0.612253156361282,0.9575949367088608,0.7469391785150079,score threshold,0.333,baseline auto mcdm,y_cri_high
24642,0.6160654016350409,0.6137894651408164,0.9572784810126582,0.7479847683101726,score threshold,0.334,baseline auto mcdm,y_cri_high
24583,0.614590364759119,0.6152219013139161,0.9572151898734177,0.7490280563603496,score threshold,0.335,baseline auto mcdm,y_cri_high
24519,0.612990324758119,0.6166238427342061,0.9568987341772152,0.7499689972469555,score threshold,0.336,baseline auto mcdm,y_cri_high
24465,0.6116402910072751,0.6178213774780298,0.9566455696202532,0.7507761082826276,score threshold,0.337,baseline auto mcdm,y_cri_high
24384,0.6096152403810096,0.6197096456692913,0.9563924050632912,0.7520903842325304,score threshold,0.338,baseline auto mcdm,y_cri_high
24330,0.6082652066301657,0.6210439786272092,0.9563291139240506,0.7530525791178669,score threshold,0.339,baseline auto mcdm,y_cri_high
24282,0.6070651766294157,0.6221480932377893,0.9561392405063291,0.7538047003642533,score threshold,0.34,baseline auto mcdm,y_cri_high
24218,0.6054651366284157,0.6236683458584524,0.9559493670886076,0.7548603128592134,score threshold,0.341,baseline auto mcdm,y_cri_high
24176,0.6044151103777594,0.6246277299801456,0.9557594936708861,0.7555033019811888,score threshold,0.342,baseline auto mcdm,y_cri_high
24074,0.6018650466261657,0.627149621998837,0.9555696202531646,0.7572854491648693,score threshold,0.343,baseline auto mcdm,y_cri_high
24014,0.6003650091252282,0.6284250853668694,0.955126582278481,0.7580750489777465,score threshold,0.34400000000000003,baseline auto mcdm,y_cri_high
23963,0.5990899772494312,0.6295538955890331,0.9548101265822785,0.7587958655031058,score threshold,0.34500000000000003,baseline auto mcdm,y_cri_high
23924,0.5981149528738219,0.6304547734492559,0.954620253164557,0.7593897895478804,score threshold,0.34600000000000003,baseline auto mcdm,y_cri_high
23878,0.5969649241231031,0.6315018008208393,0.9543670886075949,0.7600685518423308,score threshold,0.34700000000000003,baseline auto mcdm,y_cri_high
23845,0.5961399034975874,0.6323338226043196,0.9543037974683545,0.7606507756337495,score threshold,0.34800000000000003,baseline auto mcdm,y_cri_high
23816,0.5954148853721343,0.6330198186093383,0.9541772151898734,0.7611066235864298,score threshold,0.34900000000000003,baseline auto mcdm,y_cri_high
23782,0.594564864121603,0.6335884282230259,0.9536708860759494,0.7613561719973725,score threshold,0.35000000000000003,baseline auto mcdm,y_cri_high
23742,0.593564839120978,0.6344452868334597,0.9533544303797469,0.7618734510141115,score threshold,0.35100000000000003,baseline auto mcdm,y_cri_high
23702,0.592564814120353,0.6353050375495739,0.9530379746835443,0.7623917776315123,score threshold,0.35200000000000004,baseline auto mcdm,y_cri_high
23660,0.5915147878696967,0.6363482671174979,0.9529113924050633,0.7631018753167765,score threshold,0.353,baseline auto mcdm,y_cri_high
23629,0.5907397684942124,0.636971518049854,0.9525949367088608,0.7634482233888762,score threshold,0.354,baseline auto mcdm,y_cri_high
23585,0.5896397409935248,0.6378206487174052,0.9520886075949367,0.763894883839025,score threshold,0.355,baseline auto mcdm,y_cri_high
23528,0.5882147053676342,0.639195851751105,0.9518354430379747,0.7647986167615948,score threshold,0.356,baseline auto mcdm,y_cri_high
23494,0.587364684117103,0.640078317868392,0.9517721518987342,0.7654094772738841,score threshold,0.357,baseline auto mcdm,y_cri_high
23457,0.5864396609915248,0.6410026857654432,0.9516455696202532,0.7660289884606567,score threshold,0.358,baseline auto mcdm,y_cri_high
23422,0.5855646391159779,0.641789770301426,0.9513924050632911,0.7665085921166692,score threshold,0.359,baseline auto mcdm,y_cri_high
23387,0.584689617240431,0.6426647282678412,0.9512658227848101,0.7670911271595172,score threshold,0.36,baseline auto mcdm,y_cri_high
23367,0.5841896047401185,0.6431719946933709,0.9512025316455697,0.7674317665381571,score threshold,0.361,baseline auto mcdm,y_cri_high
23331,0.583289582239556,0.643950109296644,0.9508860759493671,0.7678822417009532,score threshold,0.362,baseline auto mcdm,y_cri_high
23312,0.5828145703642591,0.6442604667124228,0.9505696202531646,0.7679995909183882,score threshold,0.363,baseline auto mcdm,y_cri_high
23278,0.5819645491137279,0.6451155597559928,0.9504430379746835,0.7685654332360919,score threshold,0.364,baseline auto mcdm,y_cri_high
23234,0.5808645216130404,0.6461651028664888,0.9501898734177215,0.7692268278936312,score threshold,0.365,baseline auto mcdm,y_cri_high
23213,0.5803395084877122,0.6466635075173395,0.9500632911392405,0.7695383590085356,score threshold,0.366,baseline auto mcdm,y_cri_high
23181,0.5795394884872122,0.6472973555929425,0.9496835443037974,0.7698622405787435,score threshold,0.367,baseline auto mcdm,y_cri_high
23153,0.5788394709867747,0.647864207662074,0.9493670886075949,0.7701589094549842,score threshold,0.368,baseline auto mcdm,y_cri_high
23133,0.5783394584864622,0.6481649591492673,0.9489873417721519,0.77024632060206,score threshold,0.369,baseline auto mcdm,y_cri_high
23106,0.5776644416110402,0.6488790790270925,0.9489240506329114,0.7707294504703645,score threshold,0.37,baseline auto mcdm,y_cri_high
23062,0.5765644141103528,0.6499002688405169,0.9486075949367089,0.7713447583757913,score threshold,0.371,baseline auto mcdm,y_cri_high
22997,0.5749393734843371,0.6513893116493455,0.9481012658227848,0.7722246565456092,score threshold,0.372,baseline auto mcdm,y_cri_high
22956,0.5739143478586964,0.6524655863390835,0.9479746835443038,0.7729383837341315,score threshold,0.373,baseline auto mcdm,y_cri_high
22913,0.5728393209830246,0.6534718282197879,0.9476582278481013,0.7735386046031049,score threshold,0.374,baseline auto mcdm,y_cri_high
22881,0.5720393009825245,0.6542109173550107,0.9474050632911393,0.7739717173806262,score threshold,0.375,baseline auto mcdm,y_cri_high
22865,0.5716392909822745,0.6545812376995408,0.9472784810126582,0.7741885426095952,score threshold,0.376,baseline auto mcdm,y_cri_high
22832,0.5708142703567589,0.6553083391730904,0.9469620253164557,0.7745910126320149,score threshold,0.377,baseline auto mcdm,y_cri_high
22802,0.5700642516062902,0.6560827997544075,0.9468354430379747,0.7750893736075851,score threshold,0.378,baseline auto mcdm,y_cri_high
22774,0.5693642341058527,0.6567137964345307,0.9465822784810126,0.7754445999896303,score threshold,0.379,baseline auto mcdm,y_cri_high
22718,0.5679641991049776,0.6581125099040408,0.9462658227848101,0.7763123734357963,score threshold,0.38,baseline auto mcdm,y_cri_high
22696,0.5674141853546338,0.6586182587240043,0.9460759493670886,0.7766001662510391,score threshold,0.381,baseline auto mcdm,y_cri_high
22666,0.5666641666041651,0.6593576281655342,0.9458860759493671,0.7770498622159829,score threshold,0.382,baseline auto mcdm,y_cri_high
22641,0.5660391509787744,0.6599531822799346,0.9456962025316455,0.7773991311360267,score threshold,0.383,baseline auto mcdm,y_cri_high
22621,0.5655391384784619,0.660536669466425,0.9456962025316455,0.777803805210692,score threshold,0.384,baseline auto mcdm,y_cri_high
22592,0.5648141203530088,0.6611632436260623,0.945379746835443,0.7781308605959575,score threshold,0.385,baseline auto mcdm,y_cri_high
22564,0.5641141028525714,0.6618064173018968,0.945126582278481,0.778490251277239,score threshold,0.386,baseline auto mcdm,y_cri_high
22549,0.563739093477337,0.6620249234999335,0.9448101265822785,0.7785339904560745,score threshold,0.387,baseline auto mcdm,y_cri_high
22528,0.5632140803520088,0.6624644886363636,0.9445569620253165,0.7787518263410561,score threshold,0.388,baseline auto mcdm,y_cri_high
22498,0.56246406160154,0.663081162770024,0.9441772151898734,0.7790485142827301,score threshold,0.389,baseline auto mcdm,y_cri_high
22476,0.5619140478511963,0.6635522334935042,0.9439240506329114,0.779287281847633,score threshold,0.39,baseline auto mcdm,y_cri_high
22464,0.5616140403510088,0.6638621794871795,0.9438607594936709,0.7794794062303994,score threshold,0.391,baseline auto mcdm,y_cri_high
22426,0.560664016600415,0.6648087041826451,0.9436075949367089,0.7800449955527652,score threshold,0.392,baseline auto mcdm,y_cri_high
22398,0.5599639990999775,0.6655504955799625,0.9434810126582278,0.780512068694696,score threshold,0.393,baseline auto mcdm,y_cri_high
22382,0.5595639890997275,0.6658028773121258,0.9431645569620253,0.7805772353464984,score threshold,0.394,baseline auto mcdm,y_cri_high
22367,0.5591889797244931,0.6662046765323915,0.9431012658227849,0.780831608457568,score threshold,0.395,baseline auto mcdm,y_cri_high
22345,0.5586389659741493,0.6667710897292459,0.9429746835443038,0.7811770874295452,score threshold,0.396,baseline auto mcdm,y_cri_high
21284,0.5321133028325709,0.6918812253335839,0.9320253164556962,0.7941969582569303,score threshold,0.397,baseline auto mcdm,y_cri_high
21261,0.5315382884572114,0.6924415596632332,0.9317721518987342,0.7944739753379564,score threshold,0.398,baseline auto mcdm,y_cri_high
21247,0.5311882797069927,0.6927566244646303,0.9315822784810126,0.794612249304937,score threshold,0.399,baseline auto mcdm,y_cri_high
21233,0.5308382709567739,0.6930721047426176,0.9313924050632911,0.7947506278184322,score threshold,0.4,baseline auto mcdm,y_cri_high
21209,0.530238255956399,0.6936677825451459,0.9311392405063291,0.795049852738523,score threshold,0.401,baseline auto mcdm,y_cri_high
21198,0.529963249081227,0.6939805642041702,0.9310759493670886,0.7952321747121466,score threshold,0.402,baseline auto mcdm,y_cri_high
21182,0.529563239080977,0.6943159286186384,0.9308227848101266,0.7953599048185603,score threshold,0.403,baseline auto mcdm,y_cri_high
21173,0.5293382334558364,0.6945638312945733,0.9307594936708861,0.7954994184945772,score threshold,0.404,baseline auto mcdm,y_cri_high
21155,0.5288882222055551,0.6951075395887497,0.9306962025316455,0.79583276958463,score threshold,0.405,baseline auto mcdm,y_cri_high
21145,0.5286382159553988,0.6953889808465358,0.9306329113924051,0.7959940452023277,score threshold,0.406,baseline auto mcdm,y_cri_high
21127,0.5281882047051176,0.6959341127467222,0.9305696202531646,0.7963278901616703,score threshold,0.40700000000000003,baseline auto mcdm,y_cri_high
21122,0.5280632015800395,0.6960515102736483,0.9305063291139241,0.7963815611288663,score threshold,0.40800000000000003,baseline auto mcdm,y_cri_high
21108,0.5277131928298208,0.6962762933484935,0.9301898734177215,0.7964127018532567,score threshold,0.40900000000000003,baseline auto mcdm,y_cri_high
21095,0.5273881847046176,0.6964683574306708,0.929873417721519,0.7964222794416588,score threshold,0.41000000000000003,baseline auto mcdm,y_cri_high
21078,0.526963174079352,0.6968877502609355,0.9296835443037975,0.7966267151147025,score threshold,0.41100000000000003,baseline auto mcdm,y_cri_high
21071,0.5267881697042426,0.6971192634426463,0.9296835443037975,0.796777955574842,score threshold,0.41200000000000003,baseline auto mcdm,y_cri_high
21061,0.5265381634540863,0.6973078201414937,0.9294936708860759,0.7968313393559588,score threshold,0.41300000000000003,baseline auto mcdm,y_cri_high
21049,0.5262381559538989,0.6976103377832676,0.929367088607595,0.7969822790306386,score threshold,0.41400000000000003,baseline auto mcdm,y_cri_high
21037,0.5259381484537113,0.6979132005514094,0.9292405063291139,0.797133317045362,score threshold,0.41500000000000004,baseline auto mcdm,y_cri_high
21033,0.5258381459536489,0.6979508391575144,0.9291139240506329,0.7971112860749872,score threshold,0.41600000000000004,baseline auto mcdm,y_cri_high
21029,0.5257381434535864,0.69803604546103,0.9290506329113924,0.7971435553504033,score threshold,0.41700000000000004,baseline auto mcdm,y_cri_high
21023,0.5255881397034926,0.698235266137088,0.9290506329113924,0.797273443228417,score threshold,0.418,baseline auto mcdm,y_cri_high
21012,0.5253131328283207,0.6984580239862935,0.9288607594936709,0.7973486906443551,score threshold,0.419,baseline auto mcdm,y_cri_high
21004,0.5251131278281957,0.698581222624262,0.9286708860759494,0.7973589827192696,score threshold,0.42,baseline auto mcdm,y_cri_high
20999,0.5249881247031176,0.6986523167769894,0.9285443037974683,0.7973586238756488,score threshold,0.421,baseline auto mcdm,y_cri_high
20991,0.5247881197029926,0.6988233052260493,0.9284177215189874,0.7974232828680927,score threshold,0.422,baseline auto mcdm,y_cri_high
20982,0.5245631140778519,0.6990277380611953,0.9282911392405063,0.7975096514599532,score threshold,0.423,baseline auto mcdm,y_cri_high
20972,0.5243131078276957,0.6991703223345412,0.9280379746835443,0.7975089742195148,score threshold,0.424,baseline auto mcdm,y_cri_high
20963,0.5240881022025551,0.6992319801555121,0.9277215189873418,0.7974322008541196,score threshold,0.425,baseline auto mcdm,y_cri_high
20955,0.52388809720243,0.6993557623478883,0.9275316455696202,0.7974425248265542,score threshold,0.426,baseline auto mcdm,y_cri_high
20944,0.5236130903272582,0.6997230710466005,0.9275316455696202,0.7976812540822992,score threshold,0.427,baseline auto mcdm,y_cri_high
20939,0.5234880872021801,0.6998901571230718,0.9275316455696202,0.7977898146383952,score threshold,0.428,baseline auto mcdm,y_cri_high
20928,0.5232130803270082,0.7001624617737003,0.9274050632911393,0.7979198431714224,score threshold,0.429,baseline auto mcdm,y_cri_high
20922,0.5230630765769144,0.7001720676799541,0.9271518987341772,0.7978323620717825,score threshold,0.43,baseline auto mcdm,y_cri_high
20913,0.5228380709517738,0.7003299383158801,0.9269620253164557,0.7978645166562253,score threshold,0.431,baseline auto mcdm,y_cri_high
20902,0.5225630640766019,0.7006984977514114,0.9269620253164557,0.7981036455778977,score threshold,0.432,baseline auto mcdm,y_cri_high
20890,0.5222630565764144,0.700813786500718,0.9265822784810127,0.7980376124284546,score threshold,0.433,baseline auto mcdm,y_cri_high
20881,0.5220380509512738,0.7010200660887889,0.9264556962025317,0.7981243695646247,score threshold,0.434,baseline auto mcdm,y_cri_high
20875,0.52188804720118,0.7010778443113772,0.9262658227848102,0.798091342876619,score threshold,0.435,baseline auto mcdm,y_cri_high
20868,0.5217130428260707,0.7012650948821162,0.9262025316455696,0.7981891567579361,score threshold,0.436,baseline auto mcdm,y_cri_high
20858,0.5214630365759144,0.7014574743503692,0.9260126582278481,0.7982432211249931,score threshold,0.437,baseline auto mcdm,y_cri_high
20850,0.5212630315757893,0.7016786570743405,0.9259493670886076,0.798362892223738,score threshold,0.438,baseline auto mcdm,y_cri_high
20843,0.52108802720068,0.7018183562826849,0.9258227848101266,0.7984062440302377,score threshold,0.439,baseline auto mcdm,y_cri_high
20839,0.5209880247006176,0.7019050818177456,0.9257594936708861,0.7984388220202516,score threshold,0.44,baseline auto mcdm,y_cri_high
20829,0.5207380184504613,0.7020980363915694,0.9255696202531646,0.7984929973518251,score threshold,0.441,baseline auto mcdm,y_cri_high
20823,0.5205880147003675,0.7022042933294914,0.9254430379746835,0.798514594653633,score threshold,0.442,baseline auto mcdm,y_cri_high
20817,0.5204380109502738,0.7024066868424845,0.9254430379746835,0.7986454379113527,score threshold,0.443,baseline auto mcdm,y_cri_high
20808,0.5202130053251331,0.7025663206459054,0.925253164556962,0.7986778846153846,score threshold,0.444,baseline auto mcdm,y_cri_high
20805,0.5201380034500862,0.702619562605143,0.9251898734177215,0.7986887037289988,score threshold,0.445,baseline auto mcdm,y_cri_high
20795,0.51988799719993,0.7027650877614812,0.9249367088607595,0.7986883454023773,score threshold,0.446,baseline auto mcdm,y_cri_high
20786,0.5196629915747893,0.7028769363994997,0.9246835443037975,0.7986661564532881,score threshold,0.447,baseline auto mcdm,y_cri_high
20782,0.5195629890747269,0.7030122221152921,0.9246835443037975,0.7987534853206495,score threshold,0.448,baseline auto mcdm,y_cri_high
20772,0.5193129828245706,0.7033506643558637,0.9246835443037975,0.7989718910642021,score threshold,0.449,baseline auto mcdm,y_cri_high
20760,0.5190129753243831,0.7035645472061657,0.9244303797468354,0.7990153172866521,score threshold,0.45,baseline auto mcdm,y_cri_high
20745,0.5186379659491487,0.7039286575078332,0.9242405063291139,0.7991790942673417,score threshold,0.451,baseline auto mcdm,y_cri_high
20733,0.5183379584489612,0.7041431534269039,0.9239873417721519,0.7992226206443489,score threshold,0.452,baseline auto mcdm,y_cri_high
20709,0.5177379434485863,0.7044763146458062,0.9233544303797468,0.7992001972116465,score threshold,0.453,baseline auto mcdm,y_cri_high
20699,0.51748793719843,0.7045751002463887,0.9230379746835443,0.7991451820597825,score threshold,0.454,baseline auto mcdm,y_cri_high
20685,0.5171379284482112,0.7048102489726855,0.9227215189873418,0.7991777442784707,score threshold,0.455,baseline auto mcdm,y_cri_high
20675,0.5168879221980549,0.705006045949214,0.9225316455696203,0.7992323509252913,score threshold,0.456,baseline auto mcdm,y_cri_high
20666,0.5166629165729143,0.7052646859576115,0.9224683544303798,0.7993747600504579,score threshold,0.457,baseline auto mcdm,y_cri_high
20649,0.5162379059476487,0.7055547484139668,0.9220886075949367,0.7994183653872534,score threshold,0.458,baseline auto mcdm,y_cri_high
20644,0.5161129028225706,0.7056287541174191,0.9219620253164557,0.7994182855888486,score threshold,0.459,baseline auto mcdm,y_cri_high
20633,0.5158378959473987,0.7058595453884554,0.9217721518987342,0.7994949633573958,score threshold,0.46,baseline auto mcdm,y_cri_high
20625,0.5156378909472736,0.7059878787878788,0.9215822784810127,0.7995058339052848,score threshold,0.461,baseline auto mcdm,y_cri_high
20617,0.5154378859471487,0.7061163117815396,0.9213924050632911,0.7995167092292061,score threshold,0.462,baseline auto mcdm,y_cri_high
20593,0.5148378709467737,0.7065507696790171,0.9208860759493671,0.7996043195119941,score threshold,0.463,baseline auto mcdm,y_cri_high
20583,0.5145878646966174,0.706651119856192,0.9205696202531646,0.7995492400296842,score threshold,0.464,baseline auto mcdm,y_cri_high
20569,0.5142378559463987,0.7069862414312801,0.920379746835443,0.7996920454233001,score threshold,0.465,baseline auto mcdm,y_cri_high
20559,0.5139878496962424,0.7071842015662241,0.9201898734177215,0.7997469677383866,score threshold,0.466,baseline auto mcdm,y_cri_high
20548,0.5137128428210705,0.7074167802219195,0.92,0.7998239242874436,score threshold,0.467,baseline auto mcdm,y_cri_high
20541,0.5135378384459611,0.7076091719001022,0.9199367088607595,0.7999229520376434,score threshold,0.468,baseline auto mcdm,y_cri_high
20538,0.5134628365709143,0.7076151524004285,0.9198101265822785,0.7998789146348175,score threshold,0.46900000000000003,baseline auto mcdm,y_cri_high
20514,0.5128628215705393,0.7080530369503754,0.9193037974683544,0.7999669548934295,score threshold,0.47000000000000003,baseline auto mcdm,y_cri_high
20499,0.5124878121953049,0.7082784526074443,0.9189240506329114,0.7999669412380507,score threshold,0.47100000000000003,baseline auto mcdm,y_cri_high
20491,0.5122878071951799,0.7084573715289639,0.9187974683544303,0.8000330660494337,score threshold,0.47200000000000003,baseline auto mcdm,y_cri_high
20478,0.5119627990699768,0.7085652895790605,0.9183544303797468,0.7999338442030983,score threshold,0.47300000000000003,baseline auto mcdm,y_cri_high
20455,0.5113877846946173,0.7088731361525299,0.9177215189873418,0.799889670390291,score threshold,0.47400000000000003,baseline auto mcdm,y_cri_high
20436,0.5109127728193205,0.7091407320414954,0.9172151898734178,0.7998675350480186,score threshold,0.47500000000000003,baseline auto mcdm,y_cri_high
20414,0.5103627590689768,0.7094151072793181,0.9165822784810127,0.7998011818633678,score threshold,0.47600000000000003,baseline auto mcdm,y_cri_high
20405,0.510137753443836,0.7096299926488606,0.9164556962025316,0.7998895180223726,score threshold,0.47700000000000004,baseline auto mcdm,y_cri_high
20388,0.5097127428185705,0.7097312144398666,0.9158227848101266,0.7997126119155521,score threshold,0.47800000000000004,baseline auto mcdm,y_cri_high
20372,0.5093127328183205,0.7100922835264089,0.9155696202531646,0.799845184120314,score threshold,0.47900000000000004,baseline auto mcdm,y_cri_high
20354,0.5088627215680392,0.7104745995873047,0.915253164556962,0.7999668086518781,score threshold,0.48000000000000004,baseline auto mcdm,y_cri_high
20333,0.5083377084427111,0.710765750258201,0.9146835443037975,0.7999335787230509,score threshold,0.481,baseline auto mcdm,y_cri_high
20309,0.5077376934423361,0.7113102565365109,0.9143037974683544,0.800132930848265,score threshold,0.482,baseline auto mcdm,y_cri_high
20288,0.507212680317008,0.7116522082018928,0.9137974683544304,0.8001551762358678,score threshold,0.483,baseline auto mcdm,y_cri_high
20263,0.5065876646916173,0.7121847702709372,0.9133544303797468,0.800321659318415,score threshold,0.484,baseline auto mcdm,y_cri_high
20242,0.5060626515662892,0.7128248196818496,0.9132278481012658,0.8006769879584928,score threshold,0.485,baseline auto mcdm,y_cri_high
20214,0.5053626340658517,0.7133175027208866,0.9125949367088607,0.8007441550508135,score threshold,0.486,baseline auto mcdm,y_cri_high
20193,0.5048376209405235,0.7135641063734958,0.9119620253164556,0.8006556830494819,score threshold,0.487,baseline auto mcdm,y_cri_high
20169,0.5042376059401485,0.71396697902722,0.9113924050632911,0.8006894826100253,score threshold,0.488,baseline auto mcdm,y_cri_high
20160,0.5040126003150078,0.7140873015873016,0.9111392405063291,0.8006674082313682,score threshold,0.489,baseline auto mcdm,y_cri_high
20150,0.5037625940648516,0.7143920595533498,0.9110759493670886,0.8008344923504868,score threshold,0.49,baseline auto mcdm,y_cri_high
20129,0.5032375809395235,0.7147896070346267,0.9106329113924051,0.8009129115756074,score threshold,0.491,baseline auto mcdm,y_cri_high
20113,0.5028375709392735,0.7149107542385522,0.9100632911392406,0.8007685239328377,score threshold,0.492,baseline auto mcdm,y_cri_high
20087,0.5021875546888672,0.7152884950465476,0.909367088607595,0.8007356424331931,score threshold,0.493,baseline auto mcdm,y_cri_high
20056,0.5014125353133828,0.7156960510570403,0.9084810126582279,0.8006470325747435,score threshold,0.494,baseline auto mcdm,y_cri_high
20038,0.5009625240631016,0.7158399041820541,0.9078481012658228,0.8004910988336402,score threshold,0.495,baseline auto mcdm,y_cri_high
20020,0.5005125128128203,0.7160839160839161,0.9073417721518987,0.8004466778336125,score threshold,0.496,baseline auto mcdm,y_cri_high
19985,0.49963749093727344,0.7169377032774581,0.9068354430379747,0.8007824507475199,score threshold,0.497,baseline auto mcdm,y_cri_high
19938,0.49846246156153906,0.718025880228709,0.9060759493670886,0.8011640270860149,score threshold,0.498,baseline auto mcdm,y_cri_high
19903,0.49758743968599217,0.7183841631914787,0.9049367088607595,0.8009410973867742,score threshold,0.499,baseline auto mcdm,y_cri_high
19868,0.4967124178104453,0.7187940406684116,0.9038607594936708,0.8007738028484916,score threshold,0.5,baseline auto mcdm,y_cri_high
19829,0.49573739343483586,0.7196026022492309,0.9031012658227848,0.8009767324370597,score threshold,0.501,baseline auto mcdm,y_cri_high
19788,0.49471236780919525,0.7206893066504952,0.9025949367088607,0.8014499269416657,score threshold,0.502,baseline auto mcdm,y_cri_high
19764,0.4941123528088202,0.7211596842744383,0.9020886075949367,0.8015408840400405,score threshold,0.503,baseline auto mcdm,y_cri_high
19710,0.49276231905797646,0.7223236935565702,0.9010759493670886,0.8018586313714446,score threshold,0.504,baseline auto mcdm,y_cri_high
19687,0.49218730468261707,0.722710418042363,0.900506329113924,0.8018711077295911,score threshold,0.505,baseline auto mcdm,y_cri_high
19640,0.4910122753068827,0.7234215885947047,0.8992405063291139,0.8018058690744921,score threshold,0.506,baseline auto mcdm,y_cri_high
19613,0.4903372584314608,0.7241115586600724,0.8988607594936708,0.8020783328156327,score threshold,0.507,baseline auto mcdm,y_cri_high
19576,0.4894122353058826,0.7243563547200654,0.8974683544303798,0.8016734509271822,score threshold,0.508,baseline auto mcdm,y_cri_high
19551,0.488787219680492,0.7244642217789371,0.8964556962025316,0.8013351814658708,score threshold,0.509,baseline auto mcdm,y_cri_high
19509,0.48773719342983574,0.7252550105079707,0.895506329113924,0.8014387266702541,score threshold,0.51,baseline auto mcdm,y_cri_high
19471,0.48678716967924196,0.7261568486467054,0.894873417721519,0.801735136514417,score threshold,0.511,baseline auto mcdm,y_cri_high
19441,0.4860371509287732,0.7266601512267887,0.894113924050633,0.8017366136034733,score threshold,0.512,baseline auto mcdm,y_cri_high
19423,0.485587139678492,0.7270246614838078,0.8937341772151899,0.801805638361298,score threshold,0.513,baseline auto mcdm,y_cri_high
19388,0.4847121178029451,0.7277181761914586,0.8929746835443038,0.8019211094691372,score threshold,0.514,baseline auto mcdm,y_cri_high
19351,0.4837870946773669,0.728334452999845,0.8920253164556962,0.8019117521549884,score threshold,0.515,baseline auto mcdm,y_cri_high
19311,0.4827870696767419,0.7290145512920098,0.8910126582278481,0.8019139301073738,score threshold,0.516,baseline auto mcdm,y_cri_high
19287,0.4821870546763669,0.7291958313890186,0.890126582278481,0.8016644341208995,score threshold,0.517,baseline auto mcdm,y_cri_high
19245,0.48113702842571066,0.7298519095869057,0.8889873417721519,0.8015979454986446,score threshold,0.518,baseline auto mcdm,y_cri_high
19183,0.4795869896747419,0.7309075744148464,0.8874050632911392,0.8015893433953635,score threshold,0.519,baseline auto mcdm,y_cri_high
19123,0.47808695217380437,0.7325210479527271,0.8865822784810127,0.8022220313260602,score threshold,0.52,baseline auto mcdm,y_cri_high
19053,0.4763369084227106,0.734005143546948,0.8851265822784811,0.8025134134794709,score threshold,0.521,baseline auto mcdm,y_cri_high
19022,0.4755618890472262,0.7341499316580801,0.8838607594936709,0.8020791453678708,score threshold,0.522,baseline auto mcdm,y_cri_high
18983,0.4745868646716168,0.7347100036875098,0.8827215189873417,0.801943478135871,score threshold,0.523,baseline auto mcdm,y_cri_high
18890,0.47226180654516364,0.7367390153520381,0.8808227848101265,0.8023637936004612,score threshold,0.524,baseline auto mcdm,y_cri_high
18846,0.4711617790444761,0.7378754112278467,0.8801265822784811,0.802747791952895,score threshold,0.525,baseline auto mcdm,y_cri_high
18815,0.47038675966899174,0.7381876162636195,0.8790506329113924,0.8024844720496894,score threshold,0.526,baseline auto mcdm,y_cri_high
18772,0.46931173279331984,0.7389196675900277,0.8779113924050633,0.8024412819622816,score threshold,0.527,baseline auto mcdm,y_cri_high
18687,0.4671866796669917,0.7403542569700862,0.8756329113924051,0.8023313132484704,score threshold,0.528,baseline auto mcdm,y_cri_high
18619,0.46548663716592914,0.7416080348031581,0.8739240506329113,0.8023475406025742,score threshold,0.529,baseline auto mcdm,y_cri_high
18580,0.4645116127903198,0.7421420882669537,0.8727215189873417,0.8021524141942991,score threshold,0.53,baseline auto mcdm,y_cri_high
18545,0.4636365909147729,0.7428417363170666,0.8718987341772152,0.8022128402969865,score threshold,0.531,baseline auto mcdm,y_cri_high
18515,0.4628865721643041,0.7434512557385903,0.8712025316455696,0.8022730584292583,score threshold,0.532,baseline auto mcdm,y_cri_high
18459,0.4614865371634291,0.7441898261010889,0.8694303797468355,0.8019498525934791,score threshold,0.533,baseline auto mcdm,y_cri_high
18417,0.4604365109127728,0.7446381060976272,0.8679746835443038,0.8015898529970482,score threshold,0.534,baseline auto mcdm,y_cri_high
18372,0.4593114827870697,0.7453189636403222,0.8666455696202532,0.8014163642748449,score threshold,0.535,baseline auto mcdm,y_cri_high
18319,0.4579864496612415,0.7463289480866859,0.8653164556962025,0.8014302881092646,score threshold,0.536,baseline auto mcdm,y_cri_high
18288,0.45721143028575717,0.7468832020997376,0.864493670886076,0.8013963858249237,score threshold,0.537,baseline auto mcdm,y_cri_high
18248,0.45621140528513215,0.7474791758000877,0.8632911392405064,0.8012218045112782,score threshold,0.538,baseline auto mcdm,y_cri_high
18204,0.4551113777844446,0.748022412656559,0.8618354430379747,0.8009057757910834,score threshold,0.539,baseline auto mcdm,y_cri_high
18154,0.45386134653366333,0.7483199294921229,0.8598101265822785,0.8002002709548213,score threshold,0.54,baseline auto mcdm,y_cri_high
18089,0.4522363059076477,0.7494057161811045,0.8579746835443038,0.8000236064799787,score threshold,0.541,baseline auto mcdm,y_cri_high
18051,0.4512862821570539,0.7498753531660296,0.8567088607594937,0.7997400372219432,score threshold,0.542,baseline auto mcdm,y_cri_high
17997,0.44993624840621016,0.7507362338167473,0.855126582278481,0.7995384205698731,score threshold,0.543,baseline auto mcdm,y_cri_high
17958,0.4489612240306008,0.7513642944648624,0.8539873417721519,0.7993956987973221,score threshold,0.544,baseline auto mcdm,y_cri_high
17896,0.447411185279632,0.7522910147518999,0.8520886075949367,0.7990859449192782,score threshold,0.545,baseline auto mcdm,y_cri_high
17849,0.4462361559038976,0.752983360412348,0.850632911392405,0.7988350322446433,score threshold,0.546,baseline auto mcdm,y_cri_high
17812,0.44531113277831946,0.7533123736806647,0.849240506329114,0.7984053314292514,score threshold,0.547,baseline auto mcdm,y_cri_high
17771,0.4442861071526788,0.7536998480670756,0.8477215189873418,0.797950612135474,score threshold,0.548,baseline auto mcdm,y_cri_high
17723,0.4430860771519288,0.754330530948485,0.8461392405063292,0.7976016466306715,score threshold,0.549,baseline auto mcdm,y_cri_high
17693,0.44233605840146006,0.7547052506641044,0.845126582278481,0.7973606425223181,score threshold,0.55,baseline auto mcdm,y_cri_high
17637,0.440936023400585,0.7554572773147361,0.8432911392405064,0.7969614498908395,score threshold,0.551,baseline auto mcdm,y_cri_high
17602,0.44006100152503813,0.755595955005113,0.8417721518987342,0.7963594994311718,score threshold,0.552,baseline auto mcdm,y_cri_high
17529,0.43823595589889747,0.7569171087911462,0.839746835443038,0.7961835038555012,score threshold,0.553,baseline auto mcdm,y_cri_high
17493,0.43733593339833493,0.7571600068598868,0.8382911392405064,0.7956627519298352,score threshold,0.554,baseline auto mcdm,y_cri_high
17467,0.4366859171479287,0.7574282933531803,0.8373417721518988,0.795382811795473,score threshold,0.555,baseline auto mcdm,y_cri_high
17428,0.4357108927723193,0.7579756713334863,0.8360759493670886,0.795112555675936,score threshold,0.556,baseline auto mcdm,y_cri_high
17388,0.43471086777169426,0.7586266390614217,0.834873417721519,0.794925876822948,score threshold,0.557,baseline auto mcdm,y_cri_high
17348,0.43371084277106925,0.7595111828452847,0.8339240506329114,0.7949800892964884,score threshold,0.558,baseline auto mcdm,y_cri_high
17309,0.4327358183954599,0.7596048298572997,0.8321518987341772,0.7942251351596242,score threshold,0.559,baseline auto mcdm,y_cri_high
17267,0.4316857921448036,0.7601204609949614,0.8306962025316456,0.7938428040039919,score threshold,0.56,baseline auto mcdm,y_cri_high
17243,0.4310857771444286,0.7602505364495737,0.8296835443037974,0.7934509578428108,score threshold,0.561,baseline auto mcdm,y_cri_high
17193,0.4298357458936473,0.7606584074914209,0.8277215189873418,0.7927742248355711,score threshold,0.562,baseline auto mcdm,y_cri_high
17122,0.42806070151753794,0.7621189113421329,0.8258860759493671,0.7927221918473969,score threshold,0.5630000000000001,baseline auto mcdm,y_cri_high
17086,0.4271606790169754,0.7627882476881658,0.824873417721519,0.7926169190537007,score threshold,0.5640000000000001,baseline auto mcdm,y_cri_high
17052,0.42631065776644417,0.7630776448510439,0.8235443037974683,0.7921587726774626,score threshold,0.5650000000000001,baseline auto mcdm,y_cri_high
17016,0.42541063526588163,0.7636929948283968,0.8224683544303798,0.791991711360312,score threshold,0.5660000000000001,baseline auto mcdm,y_cri_high
16975,0.424385609640241,0.7644182621502209,0.8212658227848101,0.7918230358504958,score threshold,0.5670000000000001,baseline auto mcdm,y_cri_high
16934,0.42336058401460036,0.7648517774890752,0.819746835443038,0.7913484450418525,score threshold,0.5680000000000001,baseline auto mcdm,y_cri_high
16896,0.4224105602640066,0.7654474431818182,0.8185443037974683,0.7911059456814289,score threshold,0.5690000000000001,baseline auto mcdm,y_cri_high
16872,0.4218105452636316,0.7657657657657657,0.8177215189873418,0.7908912830558276,score threshold,0.5700000000000001,baseline auto mcdm,y_cri_high
16842,0.42106052651316284,0.7665360408502553,0.8170886075949367,0.7910054530972367,score threshold,0.5710000000000001,baseline auto mcdm,y_cri_high
16813,0.42033550838770967,0.7667281270445488,0.8158860759493671,0.7905436482384325,score threshold,0.5720000000000001,baseline auto mcdm,y_cri_high
16721,0.41803545088627214,0.7690927576101908,0.8139240506329114,0.7908735893730205,score threshold,0.5730000000000001,baseline auto mcdm,y_cri_high
16685,0.41713542838570966,0.7696134252322445,0.8127215189873418,0.7905802678159151,score threshold,0.5740000000000001,baseline auto mcdm,y_cri_high
16660,0.416510412760319,0.7698679471788715,0.8117721518987342,0.7902649414664202,score threshold,0.5750000000000001,baseline auto mcdm,y_cri_high
16637,0.41593539838495963,0.7702710825268979,0.8110759493670886,0.7901470542898542,score threshold,0.5760000000000001,baseline auto mcdm,y_cri_high
16624,0.4156103902597565,0.7705125120307988,0.8106962025316455,0.7900937577103381,score threshold,0.5770000000000001,baseline auto mcdm,y_cri_high
16600,0.4150103752593815,0.7708433734939759,0.809873417721519,0.7898765432098765,score threshold,0.578,baseline auto mcdm,y_cri_high
16579,0.41448536213405335,0.7709753302370469,0.8089873417721519,0.7895240742456531,score threshold,0.579,baseline auto mcdm,y_cri_high
16553,0.41383534588364707,0.7718238385791095,0.8086075949367089,0.7897876549315365,score threshold,0.58,baseline auto mcdm,y_cri_high
16536,0.41341033525838145,0.7720125786163522,0.8079746835443038,0.7895843641761504,score threshold,0.581,baseline auto mcdm,y_cri_high
16504,0.41261031525788144,0.7727823557925352,0.8072151898734177,0.7896235760277365,score threshold,0.582,baseline auto mcdm,y_cri_high
16477,0.41193529838245957,0.7731383140134733,0.8062658227848101,0.789354648821142,score threshold,0.583,baseline auto mcdm,y_cri_high
16445,0.41113527838195957,0.7739130434782608,0.8055063291139241,0.7893937044503023,score threshold,0.584,baseline auto mcdm,y_cri_high
16428,0.4107102677566939,0.7739834429023619,0.8047468354430379,0.7890654089611518,score threshold,0.585,baseline auto mcdm,y_cri_high
16413,0.4103352583814595,0.7744470846280388,0.8044936708860759,0.7891844907335548,score threshold,0.586,baseline auto mcdm,y_cri_high
16393,0.409835245881147,0.7750259256999938,0.8041139240506329,0.7893020221787345,score threshold,0.587,baseline auto mcdm,y_cri_high
16371,0.40928523213080326,0.7753955164620365,0.8034177215189874,0.789157937272699,score threshold,0.588,baseline auto mcdm,y_cri_high
16351,0.40878521963049075,0.7756712127698612,0.8027215189873418,0.7889645734191783,score threshold,0.589,baseline auto mcdm,y_cri_high
16331,0.40828520713017824,0.7758863511113833,0.8019620253164557,0.7887087236625067,score threshold,0.59,baseline auto mcdm,y_cri_high
16315,0.40788519712992827,0.7763407906834202,0.8016455696202531,0.7887902849135918,score threshold,0.591,baseline auto mcdm,y_cri_high
16301,0.4075351883797095,0.7768235077602601,0.8014556962025317,0.7889473848166724,score threshold,0.592,baseline auto mcdm,y_cri_high
16278,0.4069601740043501,0.7769996314043495,0.800506329113924,0.7885778415113162,score threshold,0.593,baseline auto mcdm,y_cri_high
16250,0.4062601565039126,0.7775384615384615,0.7996835443037975,0.7884555382215288,score threshold,0.594,baseline auto mcdm,y_cri_high
16219,0.4054851371284282,0.7780997595412787,0.7987341772151899,0.7882819575876823,score threshold,0.595,baseline auto mcdm,y_cri_high
16205,0.4051351283782095,0.7783400185128047,0.7982911392405063,0.7881893454147789,score threshold,0.596,baseline auto mcdm,y_cri_high
16194,0.4048601215030376,0.7786834630109917,0.7981012658227848,0.7882728011502157,score threshold,0.597,baseline auto mcdm,y_cri_high
16184,0.4046101152528813,0.7789792387543253,0.7979113924050633,0.7883316658329165,score threshold,0.598,baseline auto mcdm,y_cri_high
16163,0.40408510212755316,0.7792489018127823,0.7971518987341772,0.788098739167162,score threshold,0.599,baseline auto mcdm,y_cri_high
16144,0.4036100902522563,0.7795465807730426,0.7965189873417722,0.7879413974455297,score threshold,0.6,baseline auto mcdm,y_cri_high
16127,0.4031850796269907,0.7795002170273454,0.7956329113924051,0.787483947755818,score threshold,0.601,baseline auto mcdm,y_cri_high
16101,0.4025350633765844,0.7797652319731694,0.794620253164557,0.7871226607316385,score threshold,0.602,baseline auto mcdm,y_cri_high
16095,0.4023850596264907,0.7799316557937248,0.7944936708860759,0.7871453205831636,score threshold,0.603,baseline auto mcdm,y_cri_high
16024,0.40061001525038126,0.7801422865701447,0.7912025316455696,0.7856334841628959,score threshold,0.604,baseline auto mcdm,y_cri_high
16016,0.40041001025025624,0.7802822177822177,0.7909493670886076,0.7855795825999498,score threshold,0.605,baseline auto mcdm,y_cri_high
16010,0.4002600065001625,0.7804497189256715,0.7908227848101266,0.7856020119459289,score threshold,0.606,baseline auto mcdm,y_cri_high
16000,0.40001000025000627,0.7806875,0.7905696202531646,0.7855974842767296,score threshold,0.607,baseline auto mcdm,y_cri_high
15976,0.3994099852496312,0.7811091637456185,0.7898101265822784,0.7854355488418933,score threshold,0.608,baseline auto mcdm,y_cri_high
15965,0.3991349783744594,0.7812715314751018,0.7894303797468355,0.7853297654651346,score threshold,0.609,baseline auto mcdm,y_cri_high
15958,0.39895997399934996,0.7813009149016168,0.789113924050633,0.785187984129983,score threshold,0.61,baseline auto mcdm,y_cri_high
15947,0.3986849671241781,0.7817144290462156,0.7889873417721519,0.785334047311557,score threshold,0.611,baseline auto mcdm,y_cri_high
15939,0.3984849621240531,0.7817930861409123,0.7886708860759494,0.7852169255490091,score threshold,0.612,baseline auto mcdm,y_cri_high
15935,0.3983849596239906,0.7818638217759648,0.7885443037974683,0.7851898534740822,score threshold,0.613,baseline auto mcdm,y_cri_high
15930,0.3982599564989125,0.7819209039548023,0.7883544303797468,0.7851244878663726,score threshold,0.614,baseline auto mcdm,y_cri_high
15921,0.39803495087377183,0.7819860561522517,0.7879746835443038,0.7849689480155102,score threshold,0.615,baseline auto mcdm,y_cri_high
15908,0.3977099427485687,0.7821850641186824,0.7875316455696203,0.7848492494007822,score threshold,0.616,baseline auto mcdm,y_cri_high
15901,0.3975349383734593,0.7821520659078045,0.7871518987341772,0.7846440175388789,score threshold,0.617,baseline auto mcdm,y_cri_high
15895,0.3973849346233656,0.7823214847436301,0.7870253164556962,0.7846663511594889,score threshold,0.618,baseline auto mcdm,y_cri_high
15884,0.3971099277481937,0.7825484764542936,0.7867088607594936,0.7846231536422169,score threshold,0.619,baseline auto mcdm,y_cri_high
15874,0.39685992149803745,0.7826004787703162,0.7862658227848102,0.784428869103997,score threshold,0.62,baseline auto mcdm,y_cri_high
15864,0.3966099152478812,0.7827155824508321,0.7858860759493671,0.7842976250631633,score threshold,0.621,baseline auto mcdm,y_cri_high
15847,0.3961849046226156,0.7830504196377863,0.7853797468354431,0.7842133535564193,score threshold,0.622,baseline auto mcdm,y_cri_high
15841,0.3960349008725218,0.7830945016097468,0.785126582278481,0.7841092253721438,score threshold,0.623,baseline auto mcdm,y_cri_high
15834,0.39585989649741243,0.7830617658203866,0.784746835443038,0.7839033950812417,score threshold,0.624,baseline auto mcdm,y_cri_high
15821,0.3955348883722093,0.78326275203843,0.7843037974683544,0.7837829290661269,score threshold,0.625,baseline auto mcdm,y_cri_high
15804,0.39510987774694367,0.7834092634776006,0.7836075949367088,0.7835084166561195,score threshold,0.626,baseline auto mcdm,y_cri_high
15789,0.3947348683717093,0.7837101779720058,0.7831645569620254,0.7834372724682642,score threshold,0.627,baseline auto mcdm,y_cri_high
15774,0.3943598589964749,0.7840750602256878,0.7827848101265823,0.7834294039399506,score threshold,0.628,baseline auto mcdm,y_cri_high
15758,0.3939598489962249,0.7841731184160426,0.7820886075949367,0.7831294758856708,score threshold,0.629,baseline auto mcdm,y_cri_high
15743,0.3935848396209905,0.7841580384932986,0.7813291139240506,0.782741020194655,score threshold,0.63,baseline auto mcdm,y_cri_high
15725,0.3931348283707093,0.7841017488076312,0.7803797468354431,0.7822363203806503,score threshold,0.631,baseline auto mcdm,y_cri_high
15719,0.3929848246206155,0.7841465742095554,0.780126582278481,0.7821314127986294,score threshold,0.632,baseline auto mcdm,y_cri_high
15709,0.39273481837045926,0.7842001400471068,0.7796835443037975,0.7819353200672824,score threshold,0.633,baseline auto mcdm,y_cri_high
15692,0.39230980774519364,0.7841575325006372,0.7787974683544304,0.7814683094119141,score threshold,0.634,baseline auto mcdm,y_cri_high
15661,0.39153478836970923,0.7843688142519635,0.7774683544303798,0.7809033406439719,score threshold,0.635,baseline auto mcdm,y_cri_high
15629,0.39073476836920923,0.7844391835690063,0.7759493670886076,0.7801711794839161,score threshold,0.636,baseline auto mcdm,y_cri_high
15600,0.3900097502437561,0.7845512820512821,0.774620253164557,0.7795541401273886,score threshold,0.637,baseline auto mcdm,y_cri_high
15578,0.3894597364934123,0.7848889459494158,0.7738607594936708,0.7793358403977309,score threshold,0.638,baseline auto mcdm,y_cri_high
15548,0.38870971774294355,0.7849884229482892,0.7724683544303798,0.7786780655863212,score threshold,0.639,baseline auto mcdm,y_cri_high
15519,0.38798469961749044,0.7854243185772279,0.7714556962025316,0.7783773428270379,score threshold,0.64,baseline auto mcdm,y_cri_high
15474,0.3868596714917873,0.7861574253586662,0.7699367088607595,0.7779625247809682,score threshold,0.641,baseline auto mcdm,y_cri_high
15447,0.3861846546163654,0.7863662847154788,0.7687974683544304,0.77748263833328,score threshold,0.642,baseline auto mcdm,y_cri_high
15423,0.3855846396159904,0.7865525513842961,0.7677848101265823,0.7770553758447298,score threshold,0.643,baseline auto mcdm,y_cri_high
15394,0.38485962149053726,0.7869299727166429,0.7667088607594936,0.7766878245816503,score threshold,0.644,baseline auto mcdm,y_cri_high
15368,0.384209605240131,0.7869599167100468,0.7654430379746835,0.7760523613963038,score threshold,0.645,baseline auto mcdm,y_cri_high
15345,0.38363459086477164,0.7870967741935484,0.7644303797468355,0.775598009311286,score threshold,0.646,baseline auto mcdm,y_cri_high
15291,0.38228455711392784,0.7872604800209273,0.7618987341772152,0.77437200476022,score threshold,0.647,baseline auto mcdm,y_cri_high
15217,0.3804345108627716,0.7876059670105803,0.7585443037974684,0.7728020117999806,score threshold,0.648,baseline auto mcdm,y_cri_high
15174,0.3793594839870997,0.7881244233557401,0.7568987341772152,0.7721960353845161,score threshold,0.649,baseline auto mcdm,y_cri_high
15116,0.3779094477361934,0.7884360942048161,0.7543037974683544,0.7709923664122137,score threshold,0.65,baseline auto mcdm,y_cri_high
15052,0.3763094077351934,0.7890645761360616,0.7517088607594937,0.7699338778685336,score threshold,0.651,baseline auto mcdm,y_cri_high
15001,0.3750343758593965,0.7895473635090994,0.7496202531645569,0.7690659394175514,score threshold,0.652,baseline auto mcdm,y_cri_high
14943,0.3735843396084902,0.7896004818309577,0.7467721518987341,0.7675893699378721,score threshold,0.653,baseline auto mcdm,y_cri_high
14880,0.37200930023250584,0.7897849462365591,0.7437974683544304,0.7661016949152543,score threshold,0.654,baseline auto mcdm,y_cri_high
14819,0.37048426210655266,0.7901342870639044,0.7410759493670886,0.7648192298899377,score threshold,0.655,baseline auto mcdm,y_cri_high
14758,0.3689592239805995,0.7904865157880472,0.7383544303797468,0.763531644741148,score threshold,0.656,baseline auto mcdm,y_cri_high
14728,0.36820920523013073,0.7906708310700706,0.7370253164556962,0.7629061844863732,score threshold,0.657,baseline auto mcdm,y_cri_high
14661,0.36653416335408384,0.7918968692449355,0.7348101265822785,0.7622862020288237,score threshold,0.658,baseline auto mcdm,y_cri_high
14617,0.36543413585339635,0.7919545734418827,0.7326582278481013,0.7611533024295624,score threshold,0.659,baseline auto mcdm,y_cri_high
14577,0.36443411085277133,0.7923441037250463,0.7310126582278481,0.7604437567896764,score threshold,0.66,baseline auto mcdm,y_cri_high
14508,0.36270906772669315,0.7931486076647367,0.7282911392405064,0.7593374686551405,score threshold,0.661,baseline auto mcdm,y_cri_high
14447,0.36118402960074003,0.7932442721672319,0.7253164556962025,0.7577611002744074,score threshold,0.662,baseline auto mcdm,y_cri_high
14393,0.3598339958498962,0.7935107343847704,0.7228481012658228,0.7565329712184944,score threshold,0.663,baseline auto mcdm,y_cri_high
14328,0.3582089552238806,0.7947375767727527,0.7206962025316456,0.7559081253319172,score threshold,0.664,baseline auto mcdm,y_cri_high
14261,0.3565339133478337,0.7948250473318842,0.7174050632911393,0.7541332623665215,score threshold,0.665,baseline auto mcdm,y_cri_high
14220,0.3555088877221931,0.7952883263009846,0.7157594936708861,0.7534310459693537,score threshold,0.666,baseline auto mcdm,y_cri_high
14162,0.3540588514712868,0.7957915548651321,0.7132911392405064,0.7522862292236834,score threshold,0.667,baseline auto mcdm,y_cri_high
14110,0.3527588189704743,0.7959603118355776,0.7108227848101266,0.7509862922099633,score threshold,0.668,baseline auto mcdm,y_cri_high
14072,0.3518087952198805,0.7961199545196134,0.7090506329113924,0.750066952329941,score threshold,0.669,baseline auto mcdm,y_cri_high
14020,0.350508762719068,0.7969329529243937,0.7071518987341772,0.7493628437290409,score threshold,0.67,baseline auto mcdm,y_cri_high
13985,0.3496337408435211,0.7967822667143368,0.7052531645569621,0.7482289743159308,score threshold,0.671,baseline auto mcdm,y_cri_high
13940,0.34850871271781797,0.7973457675753228,0.7034810126582278,0.7474781439139206,score threshold,0.672,baseline auto mcdm,y_cri_high
13878,0.34695867396684915,0.7975212566652256,0.7005063291139241,0.7458723633668037,score threshold,0.673,baseline auto mcdm,y_cri_high
13823,0.34558363959098976,0.7976560804456341,0.6978481012658228,0.7444215643250177,score threshold,0.674,baseline auto mcdm,y_cri_high
13748,0.34370859271481785,0.7978615071283096,0.6942405063291139,0.7424529578990118,score threshold,0.675,baseline auto mcdm,y_cri_high
13701,0.34253356333908347,0.7979709510254726,0.6919620253164557,0.7411952137215687,score threshold,0.676,baseline auto mcdm,y_cri_high
13674,0.3418585464636616,0.7980839549510019,0.6906962025316455,0.7405170658885798,score threshold,0.677,baseline auto mcdm,y_cri_high
13621,0.34053351333783344,0.7977387856985537,0.6877215189873418,0.7386560619965331,score threshold,0.678,baseline auto mcdm,y_cri_high
13552,0.3388084702117553,0.7981847697756789,0.684620253164557,0.7370536931043881,score threshold,0.679,baseline auto mcdm,y_cri_high
13487,0.33718342958573966,0.7981018758804775,0.6812658227848101,0.7350701676511763,score threshold,0.68,baseline auto mcdm,y_cri_high
13430,0.335758393959849,0.7985107967237528,0.6787341772151899,0.7337666780704756,score threshold,0.681,baseline auto mcdm,y_cri_high
13369,0.33423335583389585,0.7986386416336301,0.6757594936708861,0.7320785765710172,score threshold,0.682,baseline auto mcdm,y_cri_high
13299,0.3324833120828021,0.7993082186630573,0.6727848101265823,0.7306092992886354,score threshold,0.683,baseline auto mcdm,y_cri_high
13262,0.33155828895722395,0.7994269340974212,0.6710126582278481,0.729612552474021,score threshold,0.684,baseline auto mcdm,y_cri_high
13230,0.33075826895672394,0.799848828420257,0.6697468354430379,0.7290389252497417,score threshold,0.685,baseline auto mcdm,y_cri_high
13187,0.32968324208105204,0.8003336619397892,0.6679746835443038,0.7281884982923379,score threshold,0.686,baseline auto mcdm,y_cri_high
13145,0.3286332158303958,0.800456447318372,0.6659493670886076,0.7270340300570046,score threshold,0.687,baseline auto mcdm,y_cri_high
13073,0.3268331708292707,0.8007343379484434,0.6625316455696203,0.7251065008831781,score threshold,0.6880000000000001,baseline auto mcdm,y_cri_high
12981,0.3245331133278332,0.8018642631538402,0.6587974683544304,0.723324415412946,score threshold,0.6890000000000001,baseline auto mcdm,y_cri_high
12937,0.3234330858271457,0.8019633609028368,0.6566455696202531,0.7220656296760274,score threshold,0.6900000000000001,baseline auto mcdm,y_cri_high
12894,0.3223580589514738,0.8022335970218707,0.6546835443037975,0.7209869659162195,score threshold,0.6910000000000001,baseline auto mcdm,y_cri_high
12847,0.3211830295757394,0.80267766793804,0.6526582278481012,0.7199357698886445,score threshold,0.6920000000000001,baseline auto mcdm,y_cri_high
12804,0.3201080027000675,0.8026398000624805,0.6504430379746835,0.7185708292546497,score threshold,0.6930000000000001,baseline auto mcdm,y_cri_high
12751,0.31878296957423935,0.8026821425770527,0.6477848101265823,0.7169626282792196,score threshold,0.6940000000000001,baseline auto mcdm,y_cri_high
12691,0.3172829320733018,0.802616027105823,0.6446835443037975,0.7150328173809273,score threshold,0.6950000000000001,baseline auto mcdm,y_cri_high
12638,0.31595789894747367,0.8024212691881627,0.6418354430379747,0.7132006470215908,score threshold,0.6960000000000001,baseline auto mcdm,y_cri_high
12600,0.31500787519687995,0.8028571428571428,0.640253164556962,0.7123943661971831,score threshold,0.6970000000000001,baseline auto mcdm,y_cri_high
12545,0.31363284082102055,0.8030290952570746,0.6375949367088608,0.710813194566943,score threshold,0.6980000000000001,baseline auto mcdm,y_cri_high
12506,0.31265781644541113,0.8032144570606109,0.635759493670886,0.7097435172754893,score threshold,0.6990000000000001,baseline auto mcdm,y_cri_high
12471,0.31178279456986424,0.8032234784700505,0.6339873417721519,0.7086413639418485,score threshold,0.7000000000000001,baseline auto mcdm,y_cri_high
12375,0.3093827345683642,0.8029090909090909,0.6288607594936709,0.7053061224489796,score threshold,0.7010000000000001,baseline auto mcdm,y_cri_high
12330,0.30825770644266104,0.8031630170316302,0.6267721518987341,0.7040881621045147,score threshold,0.7020000000000001,baseline auto mcdm,y_cri_high
12287,0.3071826795669892,0.8031252543338487,0.6245569620253164,0.7026738348702246,score threshold,0.7030000000000001,baseline auto mcdm,y_cri_high
12238,0.3059576489412235,0.8032358228468705,0.6221518987341772,0.7011912404593765,score threshold,0.7040000000000001,baseline auto mcdm,y_cri_high
12192,0.3048076201905048,0.8029035433070866,0.6195569620253164,0.6994141183195198,score threshold,0.705,baseline auto mcdm,y_cri_high
12160,0.3040076001900047,0.8029605263157895,0.6179746835443038,0.6984263233190272,score threshold,0.706,baseline auto mcdm,y_cri_high
12057,0.30143253581339535,0.8035995687152692,0.6132278481012658,0.6956240801234879,score threshold,0.707,baseline auto mcdm,y_cri_high
12032,0.3008075201880047,0.8033577127659575,0.6117721518987341,0.6945961483184824,score threshold,0.708,baseline auto mcdm,y_cri_high
11983,0.29958248956223904,0.8038888425269132,0.6096835443037975,0.6934456322211424,score threshold,0.709,baseline auto mcdm,y_cri_high
11948,0.29870746768669215,0.8038165383327753,0.6078481012658228,0.6922300706357215,score threshold,0.71,baseline auto mcdm,y_cri_high
11907,0.29768244206105154,0.8042328042328042,0.6060759493670886,0.6912332623524741,score threshold,0.711,baseline auto mcdm,y_cri_high
11852,0.29630740768519215,0.8048430644616942,0.6037341772151898,0.6899320121510198,score threshold,0.712,baseline auto mcdm,y_cri_high
11813,0.2953323833095827,0.8047066790823669,0.6016455696202532,0.6885162785644443,score threshold,0.713,baseline auto mcdm,y_cri_high
11792,0.2948073701842546,0.8047829036635007,0.600632911392405,0.6878805450855321,score threshold,0.714,baseline auto mcdm,y_cri_high
11745,0.2936323408085202,0.804512558535547,0.5980379746835442,0.686077328008713,score threshold,0.715,baseline auto mcdm,y_cri_high
11720,0.29300732518312955,0.8044368600682594,0.5967088607594937,0.6851744186046511,score threshold,0.716,baseline auto mcdm,y_cri_high
11678,0.2919572989324733,0.8061311868470629,0.5958227848101266,0.685202707620642,score threshold,0.717,baseline auto mcdm,y_cri_high
11649,0.2912322808070202,0.806506996308696,0.5946202531645569,0.6845422419760283,score threshold,0.718,baseline auto mcdm,y_cri_high
11602,0.2900572514312858,0.806412687467678,0.5921518987341772,0.6828698635136121,score threshold,0.719,baseline auto mcdm,y_cri_high
11570,0.28925723143078574,0.8064822817631806,0.5905696202531645,0.681841432225064,score threshold,0.72,baseline auto mcdm,y_cri_high
11535,0.28838220955523886,0.8071954919809277,0.5893037974683545,0.6812511432229742,score threshold,0.721,baseline auto mcdm,y_cri_high
11437,0.2859321483037076,0.8058931537990732,0.5833544303797469,0.6767999412563792,score threshold,0.722,baseline auto mcdm,y_cri_high
11245,0.2811320283007075,0.8099599822143174,0.5764556962025317,0.6735440931780367,score threshold,0.723,baseline auto mcdm,y_cri_high
11223,0.28058201455036375,0.80985476254121,0.5752531645569621,0.672686230248307,score threshold,0.724,baseline auto mcdm,y_cri_high
11202,0.28005700142503565,0.8098553829673273,0.5741772151898734,0.671950225909192,score threshold,0.725,baseline auto mcdm,y_cri_high
11184,0.2796069901747544,0.8097281831187411,0.5731645569620253,0.671212570412096,score threshold,0.726,baseline auto mcdm,y_cri_high
11169,0.27923198079952,0.8098307816277196,0.5724683544303798,0.6707701434980904,score threshold,0.727,baseline auto mcdm,y_cri_high
11143,0.2785819645491137,0.8100152562146639,0.5712658227848101,0.6700070519244331,score threshold,0.728,baseline auto mcdm,y_cri_high
11115,0.2778819470486762,0.8102564102564103,0.57,0.6692179082296117,score threshold,0.729,baseline auto mcdm,y_cri_high
11104,0.27760694017350435,0.810428674351585,0.5695569620253165,0.6689711567053226,score threshold,0.73,baseline auto mcdm,y_cri_high
11048,0.2762069051726293,0.8110065170166546,0.5670886075949367,0.6674612634088201,score threshold,0.731,baseline auto mcdm,y_cri_high
11026,0.27565689142228555,0.8107201160892437,0.5657594936708861,0.666443003056736,score threshold,0.732,baseline auto mcdm,y_cri_high
10909,0.2727318182954574,0.8127234393619946,0.5611392405063291,0.6638960649968175,score threshold,0.733,baseline auto mcdm,y_cri_high
10896,0.27240681017025425,0.8125917767988252,0.560379746835443,0.6633203476176206,score threshold,0.734,baseline auto mcdm,y_cri_high
10812,0.27030675766894174,0.8145578986311506,0.5574050632911393,0.6618818578085074,score threshold,0.735,baseline auto mcdm,y_cri_high
10789,0.26973174329358235,0.8148113819631105,0.5563924050632911,0.6612508932265222,score threshold,0.736,baseline auto mcdm,y_cri_high
10772,0.26930673266831673,0.8147047901968065,0.5554430379746835,0.6605449345175373,score threshold,0.737,baseline auto mcdm,y_cri_high
10727,0.2681817045426136,0.8147664771138249,0.5531645569620253,0.6589512572096354,score threshold,0.738,baseline auto mcdm,y_cri_high
10683,0.26708167704192604,0.8155012636899748,0.5513924050632911,0.6579315032284861,score threshold,0.739,baseline auto mcdm,y_cri_high
10592,0.26480662016550416,0.8158987915407855,0.5469620253164557,0.6548954228554107,score threshold,0.74,baseline auto mcdm,y_cri_high
10565,0.26413160329008223,0.8159015617605301,0.5455696202531646,0.6538972122131614,score threshold,0.741,baseline auto mcdm,y_cri_high
10540,0.2635065876646916,0.8164136622390892,0.544620253164557,0.6533788914198937,score threshold,0.742,baseline auto mcdm,y_cri_high
10483,0.26208155203880096,0.8168463226175713,0.5419620253164557,0.6515998934672602,score threshold,0.743,baseline auto mcdm,y_cri_high
10430,0.2607565189129728,0.8176414189837009,0.5397468354430379,0.6502478078536027,score threshold,0.744,baseline auto mcdm,y_cri_high
10187,0.2546813670341759,0.8218317463433789,0.529873417721519,0.6443221610805403,score threshold,0.745,baseline auto mcdm,y_cri_high
10034,0.2508562714067852,0.8258919673111421,0.5244936708860759,0.6415576372222652,score threshold,0.746,baseline auto mcdm,y_cri_high
9909,0.247731193279832,0.8278332828741548,0.5191772151898734,0.6381422848029873,score threshold,0.747,baseline auto mcdm,y_cri_high
9843,0.2460811520288007,0.8276948084933455,0.5156329113924051,0.6354170728853878,score threshold,0.748,baseline auto mcdm,y_cri_high
9775,0.2443811095277382,0.8285421994884911,0.5125949367088608,0.6333528836754643,score threshold,0.749,baseline auto mcdm,y_cri_high
9720,0.2430060751518788,0.8288065843621399,0.509873417721519,0.6313479623824452,score threshold,0.75,baseline auto mcdm,y_cri_high
9635,0.24088102202555065,0.8306175402179554,0.5065189873417721,0.629290347945744,score threshold,0.751,baseline auto mcdm,y_cri_high
9573,0.23933098327458185,0.8301472892510184,0.5029746835443037,0.6264139045442005,score threshold,0.752,baseline auto mcdm,y_cri_high
9536,0.23840596014900373,0.8302223154362416,0.5010759493670887,0.6249605304704768,score threshold,0.753,baseline auto mcdm,y_cri_high
9506,0.23765594139853496,0.8300021039343572,0.49936708860759493,0.6235675333912906,score threshold,0.754,baseline auto mcdm,y_cri_high
9472,0.2368059201480037,0.8300253378378378,0.49759493670886074,0.622190566635011,score threshold,0.755,baseline auto mcdm,y_cri_high
9438,0.23595589889747243,0.829942784488239,0.49575949367088606,0.6207306442665821,score threshold,0.756,baseline auto mcdm,y_cri_high
9404,0.23510587764694119,0.8296469587409613,0.4937974683544304,0.619108078082844,score threshold,0.757,baseline auto mcdm,y_cri_high
9374,0.23435585889647242,0.8298485171751654,0.4923417721518987,0.6180185906093588,score threshold,0.758,baseline auto mcdm,y_cri_high
9337,0.23343083577089427,0.8296026560993895,0.49025316455696205,0.6163026614154433,score threshold,0.759,baseline auto mcdm,y_cri_high
9294,0.2323558088952224,0.829244673983215,0.48778481012658226,0.6142504184267156,score threshold,0.76,baseline auto mcdm,y_cri_high
9262,0.23155578889472236,0.8291945584107104,0.4860759493670886,0.6128800574575054,score threshold,0.761,baseline auto mcdm,y_cri_high
9190,0.22975574389359735,0.8309031556039173,0.4832911392405063,0.611124449779912,score threshold,0.762,baseline auto mcdm,y_cri_high
9169,0.22923073076826922,0.8307339949830952,0.4820886075949367,0.6101165445151988,score threshold,0.763,baseline auto mcdm,y_cri_high
9139,0.22848071201780046,0.830178356494146,0.4801898734177215,0.6084446048357993,score threshold,0.764,baseline auto mcdm,y_cri_high
9119,0.22798069951748795,0.8303542055049896,0.4792405063291139,0.6077290420963923,score threshold,0.765,baseline auto mcdm,y_cri_high
9087,0.22718067951698792,0.830417079344118,0.4775949367088608,0.6064210230240688,score threshold,0.766,baseline auto mcdm,y_cri_high
9009,0.22523063076576916,0.831057831057831,0.4738607594936709,0.6035712846144544,score threshold,0.767,baseline auto mcdm,y_cri_high
8969,0.22423060576514414,0.8310848478091203,0.47177215189873417,0.6018813839880496,score threshold,0.768,baseline auto mcdm,y_cri_high
8931,0.22328058201455037,0.8322696226626357,0.47044303797468356,0.6011079212324613,score threshold,0.769,baseline auto mcdm,y_cri_high
8885,0.2221305532638316,0.8323016319639842,0.4680379746835443,0.599149280939842,score threshold,0.77,baseline auto mcdm,y_cri_high
8816,0.22040551013775345,0.8321234119782214,0.46430379746835443,0.596035099122522,score threshold,0.771,baseline auto mcdm,y_cri_high
8765,0.21913047826195656,0.8321734169994296,0.46164556962025316,0.5938530429472827,score threshold,0.772,baseline auto mcdm,y_cri_high
8597,0.21493037325933148,0.8350587414214261,0.45436708860759495,0.588514981350166,score threshold,0.773,baseline auto mcdm,y_cri_high
8529,0.21323033075826894,0.8362058858013836,0.45139240506329115,0.5862961897324181,score threshold,0.774,baseline auto mcdm,y_cri_high
8482,0.21205530138253456,0.8367130393775053,0.4491772151898734,0.5845482250226505,score threshold,0.775,baseline auto mcdm,y_cri_high
8434,0.21085527138178453,0.8369694095328433,0.4467721518987342,0.5825699430552117,score threshold,0.776,baseline auto mcdm,y_cri_high
8395,0.20988024700617516,0.8371649791542585,0.4448101265822785,0.5809464765447406,score threshold,0.777,baseline auto mcdm,y_cri_high
8365,0.2091302282557064,0.8370591751344889,0.44316455696202534,0.5795158286778399,score threshold,0.778,baseline auto mcdm,y_cri_high
8328,0.20820520513012825,0.8381364073006724,0.4417721518987342,0.5785809018567639,score threshold,0.779,baseline auto mcdm,y_cri_high
8278,0.20695517387934698,0.8394539743899493,0.43981012658227847,0.5772074092532602,score threshold,0.78,baseline auto mcdm,y_cri_high
8240,0.20600515012875323,0.8400485436893204,0.4381012658227848,0.575873544093178,score threshold,0.781,baseline auto mcdm,y_cri_high
8212,0.2053051326283157,0.8409644422795909,0.43708860759493673,0.5752123938030984,score threshold,0.782,baseline auto mcdm,y_cri_high
8152,0.20380509512737818,0.8420019627085378,0.43443037974683546,0.5731462925851704,score threshold,0.783,baseline auto mcdm,y_cri_high
8089,0.20223005575139377,0.8423785387563357,0.4312658227848101,0.5704717652476035,score threshold,0.784,baseline auto mcdm,y_cri_high
8052,0.20130503262581564,0.8422752111276701,0.4292405063291139,0.5686734865000839,score threshold,0.785,baseline auto mcdm,y_cri_high
8012,0.20030500762519063,0.8422366450324513,0.4270886075949367,0.5667730556022174,score threshold,0.786,baseline auto mcdm,y_cri_high
7987,0.1996799919998,0.8419932390133967,0.42563291139240506,0.5654349014167402,score threshold,0.787,baseline auto mcdm,y_cri_high
7924,0.19810495262381558,0.8431347804139323,0.4228481012658228,0.5632271117855336,score threshold,0.788,baseline auto mcdm,y_cri_high
7903,0.19757993949848746,0.8433506263444261,0.4218354430379747,0.5623760705395942,score threshold,0.789,baseline auto mcdm,y_cri_high
7836,0.19590489762244057,0.8426493108728943,0.4179113924050633,0.5587239803689288,score threshold,0.79,baseline auto mcdm,y_cri_high
7794,0.19485487137178428,0.8434693353861945,0.4160759493670886,0.5572603204204459,score threshold,0.791,baseline auto mcdm,y_cri_high
7771,0.19427985699642492,0.8436494659631965,0.4149367088607595,0.5562767807899538,score threshold,0.792,baseline auto mcdm,y_cri_high
7741,0.19352983824595615,0.8442061749128019,0.41360759493670884,0.5552015632301092,score threshold,0.793,baseline auto mcdm,y_cri_high
7704,0.192604815120378,0.843717549325026,0.41139240506329117,0.5530973451327433,score threshold,0.794,baseline auto mcdm,y_cri_high
7676,0.1919047976199405,0.8443199583116207,0.4101898734177215,0.5521383540637247,score threshold,0.795,baseline auto mcdm,y_cri_high
7656,0.191404785119628,0.844435736677116,0.40917721518987343,0.5512448840381992,score threshold,0.796,baseline auto mcdm,y_cri_high
7614,0.1903547588689717,0.8444969792487523,0.4069620253164557,0.5492440420261382,score threshold,0.797,baseline auto mcdm,y_cri_high
7576,0.18940473511837796,0.8446409714889124,0.405,0.5474845995893224,score threshold,0.798,baseline auto mcdm,y_cri_high
7550,0.1887547188679717,0.8447682119205298,0.40367088607594936,0.5462955032119914,score threshold,0.799,baseline auto mcdm,y_cri_high
7520,0.18800470011750295,0.8448138297872341,0.4020886075949367,0.5448542024013722,score threshold,0.8,baseline auto mcdm,y_cri_high
7498,0.18745468636715917,0.8452920778874367,0.4011392405063291,0.544081036998884,score threshold,0.801,baseline auto mcdm,y_cri_high
7479,0.18697967449186229,0.8455675892498997,0.400253164556962,0.5433223076592637,score threshold,0.802,baseline auto mcdm,y_cri_high
7449,0.18622965574139352,0.8460195999463015,0.3988607594936709,0.5421308443373909,score threshold,0.803,baseline auto mcdm,y_cri_high
7429,0.18572964324108102,0.8466819221967964,0.3981012658227848,0.5415644237806191,score threshold,0.804,baseline auto mcdm,y_cri_high
7384,0.18460461511537787,0.8476435536294691,0.3961392405063291,0.5399413388543823,score threshold,0.805,baseline auto mcdm,y_cri_high
7370,0.18425460636515914,0.8477611940298507,0.39544303797468355,0.5393180837289598,score threshold,0.806,baseline auto mcdm,y_cri_high
7347,0.18367959198979975,0.8479651558459235,0.3943037974683544,0.5382986996155009,score threshold,0.807,baseline auto mcdm,y_cri_high
7301,0.18252956323908098,0.8486508697438707,0.3921518987341772,0.5364269945024025,score threshold,0.808,baseline auto mcdm,y_cri_high
7265,0.18162954073851847,0.8499655884377151,0.39082278481012656,0.535443312378062,score threshold,0.809,baseline auto mcdm,y_cri_high
7229,0.18072951823795594,0.8501867478212755,0.3889873417721519,0.5337617786269486,score threshold,0.81,baseline auto mcdm,y_cri_high
7201,0.18002950073751844,0.8509929176503264,0.3878481012658228,0.5328463979826964,score threshold,0.811,baseline auto mcdm,y_cri_high
7179,0.17947948698717467,0.8515113525560664,0.3868987341772152,0.5320510030897776,score threshold,0.812,baseline auto mcdm,y_cri_high
7149,0.1787294682367059,0.8518673940411247,0.38544303797468354,0.5307420802649353,score threshold,0.8130000000000001,baseline auto mcdm,y_cri_high
7131,0.17827945698642467,0.8526153414668349,0.3848101265822785,0.5302865117090402,score threshold,0.8140000000000001,baseline auto mcdm,y_cri_high
7108,0.17770444261106527,0.8536859876195836,0.3840506329113924,0.5297712589488388,score threshold,0.8150000000000001,baseline auto mcdm,y_cri_high
7080,0.17700442511062778,0.8536723163841808,0.38253164556962027,0.5283216783216783,score threshold,0.8160000000000001,baseline auto mcdm,y_cri_high
7054,0.1763544088602215,0.8541253189679614,0.3813291139240506,0.5272599982497593,score threshold,0.8170000000000001,baseline auto mcdm,y_cri_high
6998,0.17495437385934648,0.8549585595884538,0.37867088607594934,0.524870602684446,score threshold,0.8180000000000001,baseline auto mcdm,y_cri_high
6929,0.17322933073326832,0.8546687833742243,0.37481012658227847,0.5210963966738528,score threshold,0.8190000000000001,baseline auto mcdm,y_cri_high
6895,0.17237930948273708,0.854967367657723,0.3731012658227848,0.5194976867151355,score threshold,0.8200000000000001,baseline auto mcdm,y_cri_high
6873,0.1718292957323933,0.8558126000290994,0.3722784810126582,0.5188550258016142,score threshold,0.8210000000000001,baseline auto mcdm,y_cri_high
6859,0.17147928698217454,0.8558098848228605,0.37151898734177213,0.5181164217308796,score threshold,0.8220000000000001,baseline auto mcdm,y_cri_high
6821,0.1705292632315808,0.8574989004544789,0.3701898734177215,0.517130100349233,score threshold,0.8230000000000001,baseline auto mcdm,y_cri_high
6792,0.16980424510612765,0.8579210836277974,0.3687974683544304,0.5158463172804533,score threshold,0.8240000000000001,baseline auto mcdm,y_cri_high
6765,0.16912922823070578,0.8583887657058389,0.36753164556962026,0.5146908929758476,score threshold,0.8250000000000001,baseline auto mcdm,y_cri_high
6728,0.16820420510512762,0.8595422116527943,0.3660126582278481,0.5134055397727273,score threshold,0.8260000000000001,baseline auto mcdm,y_cri_high
6665,0.16662916572914324,0.8619654913728432,0.36360759493670886,0.5114622746494547,score threshold,0.8270000000000001,baseline auto mcdm,y_cri_high
6639,0.16597914947873696,0.8626299141436964,0.3624683544303797,0.5104505548375596,score threshold,0.8280000000000001,baseline auto mcdm,y_cri_high
6591,0.16477911947798696,0.8623881049916553,0.359746835443038,0.5077039882095484,score threshold,0.8290000000000001,baseline auto mcdm,y_cri_high
6575,0.16437910947773696,0.8622053231939163,0.3587974683544304,0.5067262569832403,score threshold,0.8300000000000001,baseline auto mcdm,y_cri_high
6519,0.1629790744768619,0.8630157999693204,0.3560759493670886,0.5041444509162597,score threshold,0.8310000000000001,baseline auto mcdm,y_cri_high
6453,0.16132903322583064,0.8639392530605919,0.3528481012658228,0.5010560373882174,score threshold,0.8320000000000001,baseline auto mcdm,y_cri_high
6414,0.16035400885022125,0.8637355784222014,0.35063291139240504,0.4987845502836049,score threshold,0.8330000000000001,baseline auto mcdm,y_cri_high
6324,0.15810395259881496,0.8640101201771031,0.34582278481012657,0.49394322907250043,score threshold,0.834,baseline auto mcdm,y_cri_high
6289,0.15722893072326807,0.8643663539513436,0.34405063291139243,0.492190683145457,score threshold,0.835,baseline auto mcdm,y_cri_high
6235,0.1558788969724243,0.8651162790697674,0.34139240506329116,0.4895847515316542,score threshold,0.836,baseline auto mcdm,y_cri_high
6181,0.15452886322158055,0.8640996602491506,0.3380379746835443,0.48596515172194166,score threshold,0.837,baseline auto mcdm,y_cri_high
6143,0.15357883947098677,0.8643985023604103,0.3360759493670886,0.48398122408057237,score threshold,0.838,baseline auto mcdm,y_cri_high
5946,0.14865371634290858,0.8678102926337034,0.3265822784810127,0.4745700358686655,score threshold,0.839,baseline auto mcdm,y_cri_high
5908,0.1477036925923148,0.8691604603926879,0.325,0.4730974755850378,score threshold,0.84,baseline auto mcdm,y_cri_high
5882,0.14705367634190855,0.870282216933016,0.3239873417721519,0.47218891246195,score threshold,0.841,baseline auto mcdm,y_cri_high
5658,0.14145353633840846,0.8748674443266172,0.31329113924050633,0.461366390157517,score threshold,0.842,baseline auto mcdm,y_cri_high
5623,0.14057851446286157,0.8747999288635959,0.31132911392405066,0.459226065443682,score threshold,0.843,baseline auto mcdm,y_cri_high
5552,0.13880347008675217,0.8753602305475504,0.30759493670886073,0.4552266766579243,score threshold,0.844,baseline auto mcdm,y_cri_high
5536,0.13840346008650217,0.8751806358381503,0.3066455696202532,0.4541619797525309,score threshold,0.845,baseline auto mcdm,y_cri_high
5441,0.13602840071001776,0.8770446609079213,0.3020253164556962,0.4493197118779719,score threshold,0.846,baseline auto mcdm,y_cri_high
5386,0.13465336633415836,0.8776457482361678,0.2991772151898734,0.44623808175210045,score threshold,0.847,baseline auto mcdm,y_cri_high
5374,0.13435335883397084,0.8781168589505024,0.2986708860759494,0.4457353357891754,score threshold,0.848,baseline auto mcdm,y_cri_high
5322,0.13305332633315833,0.877489665539271,0.2955696202531646,0.44219297415017517,score threshold,0.849,baseline auto mcdm,y_cri_high
5283,0.13207830195754894,0.8779102782509938,0.2935443037974684,0.4399753355784281,score threshold,0.85,baseline auto mcdm,y_cri_high
5188,0.12970324258106453,0.8772166538164996,0.2880379746835443,0.4336763865065752,score threshold,0.851,baseline auto mcdm,y_cri_high
5117,0.12792819820495513,0.8782489740082079,0.28443037974683544,0.4296983315006932,score threshold,0.852,baseline auto mcdm,y_cri_high
5063,0.12657816445411135,0.8789255382184475,0.28164556962025317,0.42659253223409865,score threshold,0.853,baseline auto mcdm,y_cri_high
4973,0.12432810820270507,0.881560426302031,0.27746835443037976,0.42208636210465506,score threshold,0.854,baseline auto mcdm,y_cri_high
4796,0.11990299757493937,0.8878231859883235,0.26949367088607595,0.4134783453097689,score threshold,0.855,baseline auto mcdm,y_cri_high
4637,0.11592789819745494,0.8906620659909424,0.26139240506329114,0.40416890933111516,score threshold,0.856,baseline auto mcdm,y_cri_high
4601,0.11502787569689242,0.8911106281243208,0.25949367088607594,0.40194108131954315,score threshold,0.857,baseline auto mcdm,y_cri_high
4561,0.1140278506962674,0.8930059197544398,0.2577848101265823,0.40007858160208243,score threshold,0.858,baseline auto mcdm,y_cri_high
4497,0.11242781069526739,0.8937069157215922,0.25436708860759494,0.3960191161255358,score threshold,0.859,baseline auto mcdm,y_cri_high
4464,0.11160279006975174,0.8942652329749103,0.25265822784810127,0.39399921042242403,score threshold,0.86,baseline auto mcdm,y_cri_high
4434,0.11085277131928298,0.8946774921064502,0.2510759493670886,0.39211228625086486,score threshold,0.861,baseline auto mcdm,y_cri_high
4367,0.10917772944323607,0.8971834211128922,0.2479746835443038,0.38855556106510636,score threshold,0.862,baseline auto mcdm,y_cri_high
4332,0.10830270756768919,0.8984302862419206,0.24632911392405063,0.3866481223922114,score threshold,0.863,baseline auto mcdm,y_cri_high
4304,0.10760269006725168,0.8991635687732342,0.2449367088607595,0.38499801034619974,score threshold,0.864,baseline auto mcdm,y_cri_high
4232,0.10580264506612665,0.9021739130434783,0.24164556962025316,0.38119009584664537,score threshold,0.865,baseline auto mcdm,y_cri_high
4189,0.10472761819045476,0.9040343757460014,0.23968354430379746,0.3789083996197909,score threshold,0.866,baseline auto mcdm,y_cri_high
4163,0.1040776019400485,0.9039154455921211,0.23816455696202532,0.37699744527375645,score threshold,0.867,baseline auto mcdm,y_cri_high
4130,0.10325258131453287,0.9046004842615012,0.23645569620253165,0.37491219267436027,score threshold,0.868,baseline auto mcdm,y_cri_high
4019,0.10047751193779844,0.9091813884050759,0.23126582278481012,0.36873707048791565,score threshold,0.869,baseline auto mcdm,y_cri_high
3991,0.09977749443736093,0.909797043347532,0.22981012658227848,0.36693446516093176,score threshold,0.87,baseline auto mcdm,y_cri_high
3380,0.08450211255281383,0.9106508875739645,0.19481012658227848,0.32095933263816473,score threshold,0.871,baseline auto mcdm,y_cri_high
3325,0.08312707817695443,0.912781954887218,0.1920886075949367,0.3173856209150327,score threshold,0.872,baseline auto mcdm,y_cri_high
3225,0.08062701567539189,0.9137984496124031,0.18651898734177216,0.3098028909329829,score threshold,0.873,baseline auto mcdm,y_cri_high
3149,0.07872696817420435,0.9164814226738647,0.18265822784810126,0.3046071032772178,score threshold,0.874,baseline auto mcdm,y_cri_high
3110,0.07775194379859496,0.917684887459807,0.18063291139240506,0.3018508725542041,score threshold,0.875,baseline auto mcdm,y_cri_high
3010,0.07525188129703242,0.9212624584717608,0.17550632911392405,0.2948431685273791,score threshold,0.876,baseline auto mcdm,y_cri_high
2975,0.07437685942148553,0.9216806722689076,0.17354430379746835,0.29209054593874834,score threshold,0.877,baseline auto mcdm,y_cri_high
2930,0.07325183129578239,0.922184300341297,0.1710126582278481,0.28852108916177255,score threshold,0.878,baseline auto mcdm,y_cri_high
2889,0.07222680567014175,0.9255797853928696,0.16924050632911392,0.28615763283214724,score threshold,0.879,baseline auto mcdm,y_cri_high
2772,0.06930173254331358,0.9289321789321789,0.1629746835443038,0.27729916002584537,score threshold,0.88,baseline auto mcdm,y_cri_high
2693,0.06732668316707918,0.9272187151875232,0.1580379746835443,0.2700481263180663,score threshold,0.881,baseline auto mcdm,y_cri_high
2608,0.06520163004075102,0.9313650306748467,0.15373417721518987,0.2639069969578444,score threshold,0.882,baseline auto mcdm,y_cri_high
2549,0.06372659316482912,0.9325225578658297,0.15044303797468356,0.2590876887023816,score threshold,0.883,baseline auto mcdm,y_cri_high
2481,0.0620265506637666,0.9351068117694478,0.1468354430379747,0.253815436792298,score threshold,0.884,baseline auto mcdm,y_cri_high
2408,0.06020150503762594,0.9364617940199336,0.14272151898734178,0.24769332161687171,score threshold,0.885,baseline auto mcdm,y_cri_high
2387,0.059676491912297805,0.9363217427733557,0.14145569620253165,0.24577995271347666,score threshold,0.886,baseline auto mcdm,y_cri_high
2361,0.05902647566189155,0.9364675984752223,0.13993670886075948,0.24348879466989704,score threshold,0.887,baseline auto mcdm,y_cri_high
2329,0.058226455661391535,0.9411764705882353,0.13873417721518988,0.24182249434607536,score threshold,0.888,baseline auto mcdm,y_cri_high
2295,0.05737643441086027,0.9424836601307189,0.13689873417721518,0.2390715667311412,score threshold,0.889,baseline auto mcdm,y_cri_high
2276,0.05690142253556339,0.9437609841827768,0.13594936708860758,0.23766319982296968,score threshold,0.89,baseline auto mcdm,y_cri_high
2188,0.054701367534188354,0.9428702010968921,0.13056962025316457,0.22937513898154324,score threshold,0.891,baseline auto mcdm,y_cri_high
2152,0.05380134503362584,0.9433085501858736,0.12848101265822784,0.22615864527629234,score threshold,0.892,baseline auto mcdm,y_cri_high
2138,0.053451336283407085,0.9434050514499532,0.12765822784810127,0.22488571747129,score threshold,0.893,baseline auto mcdm,y_cri_high
2066,0.051651291282282054,0.9477250726040658,0.1239240506329114,0.21918728310757865,score threshold,0.894,baseline auto mcdm,y_cri_high
2022,0.05055126378159454,0.9480712166172107,0.12132911392405063,0.21512737066546964,score threshold,0.895,baseline auto mcdm,y_cri_high
2009,0.05022625565639141,0.9492284718765555,0.12069620253164556,0.21416137907799426,score threshold,0.896,baseline auto mcdm,y_cri_high
1975,0.04937623440586015,0.949873417721519,0.11873417721518988,0.2110829817158931,score threshold,0.897,baseline auto mcdm,y_cri_high
1953,0.04882622065551639,0.9523809523809523,0.11772151898734177,0.20954204923111586,score threshold,0.898,baseline auto mcdm,y_cri_high
1886,0.047151178779469484,0.954931071049841,0.1139873417721519,0.2036639149609861,score threshold,0.899,baseline auto mcdm,y_cri_high
1829,0.04572614315357884,0.9573537452159651,0.11082278481012658,0.19864995178399228,score threshold,0.9,baseline auto mcdm,y_cri_high
1783,0.04457611440286007,0.9607403252944475,0.10841772151898735,0.19484729568333048,score threshold,0.901,baseline auto mcdm,y_cri_high
1750,0.04375109377734444,0.9617142857142857,0.10651898734177215,0.19179487179487179,score threshold,0.902,baseline auto mcdm,y_cri_high
1728,0.043201080027000675,0.9612268518518519,0.10512658227848101,0.18952533089913282,score threshold,0.903,baseline auto mcdm,y_cri_high
1699,0.04247606190154754,0.9617422012948793,0.10341772151898734,0.18675352877307275,score threshold,0.904,baseline auto mcdm,y_cri_high
1697,0.04242606065151629,0.9622863877430761,0.10335443037974684,0.18666057038349432,score threshold,0.905,baseline auto mcdm,y_cri_high
1679,0.04197604940123503,0.9624776652769506,0.10227848101265823,0.18490760340980605,score threshold,0.906,baseline auto mcdm,y_cri_high
1662,0.0415510387759694,0.9632972322503008,0.10132911392405063,0.18336960256557094,score threshold,0.907,baseline auto mcdm,y_cri_high
1649,0.04122603065076627,0.9636143117040631,0.10056962025316456,0.18213078113358933,score threshold,0.908,baseline auto mcdm,y_cri_high
1644,0.041101027525688144,0.9641119221411192,0.10031645569620253,0.18172437514331574,score threshold,0.909,baseline auto mcdm,y_cri_high
1630,0.04075101877546939,0.9638036809815951,0.09943037974683544,0.18026391279403328,score threshold,0.91,baseline auto mcdm,y_cri_high
1616,0.04040101002525063,0.9647277227722773,0.09867088607594937,0.17903077629765732,score threshold,0.911,baseline auto mcdm,y_cri_high
1604,0.04010100252506313,0.9644638403990025,0.09791139240506329,0.1777752240864169,score threshold,0.912,baseline auto mcdm,y_cri_high
1586,0.03965099127478187,0.9646910466582598,0.09683544303797469,0.17600368112274245,score threshold,0.913,baseline auto mcdm,y_cri_high
1556,0.038900972524313106,0.9646529562982005,0.095,0.17296612122608895,score threshold,0.914,baseline auto mcdm,y_cri_high
1543,0.03857596439910998,0.9650032404407,0.09424050632911392,0.1717119298852563,score threshold,0.915,baseline auto mcdm,y_cri_high
1522,0.038050951273781844,0.9645203679369251,0.0929113924050633,0.16949543932571295,score threshold,0.916,baseline auto mcdm,y_cri_high
1409,0.03522588064701618,0.9623846699787083,0.08582278481012658,0.15759195769655412,score threshold,0.917,baseline auto mcdm,y_cri_high
1272,0.0318007950198755,0.9591194968553459,0.07721518987341772,0.1429240862230553,score threshold,0.918,baseline auto mcdm,y_cri_high
1241,0.03102577564439111,0.9580983078162773,0.07525316455696203,0.13954580130274044,score threshold,0.919,baseline auto mcdm,y_cri_high
1224,0.030600765019125478,0.9575163398692811,0.07417721518987341,0.13768796992481203,score threshold,0.92,baseline auto mcdm,y_cri_high
1200,0.03000075001875047,0.9566666666666667,0.07265822784810126,0.13505882352941176,score threshold,0.921,baseline auto mcdm,y_cri_high
1183,0.02957573939348484,0.9560439560439561,0.07158227848101266,0.13319201554495672,score threshold,0.922,baseline auto mcdm,y_cri_high
1174,0.029350733768344208,0.9557069846678024,0.07101265822784811,0.13220219158713326,score threshold,0.923,baseline auto mcdm,y_cri_high
1157,0.028925723143078577,0.958513396715644,0.07018987341772152,0.13080143893377366,score threshold,0.924,baseline auto mcdm,y_cri_high
1141,0.02852571314282857,0.9631901840490797,0.06955696202531646,0.12974440705979576,score threshold,0.925,baseline auto mcdm,y_cri_high
1136,0.028400710017750443,0.9630281690140845,0.06924050632911392,0.12919225318847424,score threshold,0.926,baseline auto mcdm,y_cri_high
1134,0.028350708767719193,0.9629629629629629,0.06911392405063291,0.1289713003425062,score threshold,0.927,baseline auto mcdm,y_cri_high
1084,0.027100677516937923,0.9704797047970479,0.06658227848101266,0.1246150201374082,score threshold,0.928,baseline auto mcdm,y_cri_high
1012,0.025300632515812896,0.9703557312252964,0.062151898734177216,0.11682131810611468,score threshold,0.929,baseline auto mcdm,y_cri_high
987,0.02467561689042226,0.9766970618034447,0.0610126582278481,0.11485077738726396,score threshold,0.93,baseline auto mcdm,y_cri_high
934,0.023350583764594115,0.9764453961456103,0.05772151898734177,0.10899964144854786,score threshold,0.931,baseline auto mcdm,y_cri_high
889,0.022225555638890972,0.9797525309336333,0.05512658227848101,0.10438013062496256,score threshold,0.932,baseline auto mcdm,y_cri_high
865,0.021625540638515964,0.9791907514450867,0.05360759493670886,0.10165016501650165,score threshold,0.933,baseline auto mcdm,y_cri_high
851,0.021275531888297207,0.9788484136310224,0.05272151898734177,0.1000540508077593,score threshold,0.934,baseline auto mcdm,y_cri_high
821,0.020525513137828445,0.9829476248477467,0.051075949367088605,0.0971060706335359,score threshold,0.935,baseline auto mcdm,y_cri_high
811,0.02027550688767219,0.9827373612823674,0.050443037974683545,0.09596050809704412,score threshold,0.936,baseline auto mcdm,y_cri_high
807,0.02017550438760969,0.9838909541511772,0.05025316455696203,0.09562232793400373,score threshold,0.937,baseline auto mcdm,y_cri_high
639,0.015975399384984625,0.9812206572769953,0.03968354430379747,0.07628201228785206,score threshold,0.9380000000000001,baseline auto mcdm,y_cri_high
599,0.01497537438435961,0.9816360601001669,0.03721518987341772,0.07171168973717909,score threshold,0.9390000000000001,baseline auto mcdm,y_cri_high
459,0.011475286882172054,0.9760348583877996,0.028354430379746835,0.05510794021772557,score threshold,0.9400000000000001,baseline auto mcdm,y_cri_high
452,0.011300282507062677,0.9756637168141593,0.027911392405063292,0.05427024366231848,score threshold,0.9410000000000001,baseline auto mcdm,y_cri_high
439,0.010975274381859546,0.979498861047836,0.02721518987341772,0.05295892604224398,score threshold,0.9420000000000001,baseline auto mcdm,y_cri_high
418,0.010450261256531413,0.992822966507177,0.026265822784810128,0.051177703785916885,score threshold,0.9430000000000001,baseline auto mcdm,y_cri_high
414,0.010350258756468911,0.9927536231884058,0.026012658227848102,0.050696928580239296,score threshold,0.9440000000000001,baseline auto mcdm,y_cri_high
408,0.01020025500637516,0.9950980392156863,0.02569620253164557,0.050098716683119444,score threshold,0.9450000000000001,baseline auto mcdm,y_cri_high
403,0.010075251881297032,0.9950372208436724,0.02537974683544304,0.049497006727149295,score threshold,0.9460000000000001,baseline auto mcdm,y_cri_high
397,0.00992524813120328,0.9949622166246851,0.025,0.048774464406988946,score threshold,0.9470000000000001,baseline auto mcdm,y_cri_high
332,0.00830020750518763,1.0,0.0210126582278481,0.0411604264815274,score threshold,0.9480000000000001,baseline auto mcdm,y_cri_high
327,0.008175204380109503,1.0,0.020696202531645568,0.04055310969182117,score threshold,0.9490000000000001,baseline auto mcdm,y_cri_high
315,0.007875196879921997,1.0,0.019936708860759492,0.039094011790257524,score threshold,0.9500000000000001,baseline auto mcdm,y_cri_high
281,0.007025175629390735,1.0,0.017784810126582278,0.03494807536844723,score threshold,0.9510000000000001,baseline auto mcdm,y_cri_high
271,0.006775169379234481,1.0,0.017151898734177214,0.03372534378694543,score threshold,0.9520000000000001,baseline auto mcdm,y_cri_high
263,0.006575164379109478,1.0,0.016645569620253164,0.032746062379381186,score threshold,0.9530000000000001,baseline auto mcdm,y_cri_high
253,0.006325158128953224,1.0,0.0160126582278481,0.03152058805207749,score threshold,0.9540000000000001,baseline auto mcdm,y_cri_high
250,0.006250156253906348,1.0,0.015822784810126583,0.03115264797507788,score threshold,0.9550000000000001,baseline auto mcdm,y_cri_high
245,0.006125153128828221,1.0,0.01550632911392405,0.030539108756622,score threshold,0.9560000000000001,baseline auto mcdm,y_cri_high
234,0.005850146253656341,1.0,0.01481012658227848,0.029187975551952103,score threshold,0.9570000000000001,baseline auto mcdm,y_cri_high
234,0.005850146253656341,1.0,0.01481012658227848,0.029187975551952103,score threshold,0.9580000000000001,baseline auto mcdm,y_cri_high
234,0.005850146253656341,1.0,0.01481012658227848,0.029187975551952103,score threshold,0.9590000000000001,baseline auto mcdm,y_cri_high
234,0.005850146253656341,1.0,0.01481012658227848,0.029187975551952103,score threshold,0.9600000000000001,baseline auto mcdm,y_cri_high
224,0.005600140003500087,1.0,0.014177215189873417,0.027958062905641536,score threshold,0.961,baseline auto mcdm,y_cri_high
222,0.005550138753468836,1.0,0.014050632911392405,0.027711896142803644,score threshold,0.962,baseline auto mcdm,y_cri_high
217,0.0054251356283907095,1.0,0.013734177215189873,0.027096210276581132,score threshold,0.963,baseline auto mcdm,y_cri_high
211,0.0052751318782969575,1.0,0.013354430379746835,0.026356879645243896,score threshold,0.964,baseline auto mcdm,y_cri_high
207,0.005175129378234456,1.0,0.01310126582278481,0.02586368463797089,score threshold,0.965,baseline auto mcdm,y_cri_high
201,0.005025125628140704,1.0,0.012721518987341772,0.025123429785638397,score threshold,0.966,baseline auto mcdm,y_cri_high
177,0.004425110627765694,1.0,0.01120253164556962,0.022156850472554297,score threshold,0.967,baseline auto mcdm,y_cri_high
174,0.004350108752718818,1.0,0.011012658227848101,0.021785401277075248,score threshold,0.968,baseline auto mcdm,y_cri_high
172,0.004300107502687567,1.0,0.010886075949367089,0.02153769095917856,score threshold,0.969,baseline auto mcdm,y_cri_high
155,0.0038750968774219356,1.0,0.009810126582278481,0.019429645879034785,score threshold,0.97,baseline auto mcdm,y_cri_high
154,0.00385009625240631,1.0,0.009746835443037975,0.019305503322050898,score threshold,0.971,baseline auto mcdm,y_cri_high
152,0.003800095002375059,1.0,0.009620253164556962,0.01905717151454363,score threshold,0.972,baseline auto mcdm,y_cri_high
146,0.0036500912522813072,1.0,0.009240506329113924,0.01831180233287345,score threshold,0.973,baseline auto mcdm,y_cri_high
110,0.002750068751718793,1.0,0.006962025316455696,0.013827781269641735,score threshold,0.974,baseline auto mcdm,y_cri_high
108,0.002700067501687542,1.0,0.006835443037974683,0.013578073925069148,score threshold,0.975,baseline auto mcdm,y_cri_high
106,0.0026500662516562913,1.0,0.006708860759493671,0.01332830378473532,score threshold,0.976,baseline auto mcdm,y_cri_high
103,0.0025750643766094153,1.0,0.006518987341772152,0.012953530780355908,score threshold,0.977,baseline auto mcdm,y_cri_high
96,0.0024000600015000374,1.0,0.0060759493670886075,0.012078510317060896,score threshold,0.978,baseline auto mcdm,y_cri_high
96,0.0024000600015000374,1.0,0.0060759493670886075,0.012078510317060896,score threshold,0.979,baseline auto mcdm,y_cri_high
95,0.002375059376484412,1.0,0.006012658227848101,0.011953444479396037,score threshold,0.98,baseline auto mcdm,y_cri_high
88,0.0022000550013750344,1.0,0.005569620253164557,0.011077542799597181,score threshold,0.981,baseline auto mcdm,y_cri_high
88,0.0022000550013750344,1.0,0.005569620253164557,0.011077542799597181,score threshold,0.982,baseline auto mcdm,y_cri_high
88,0.0022000550013750344,1.0,0.005569620253164557,0.011077542799597181,score threshold,0.983,baseline auto mcdm,y_cri_high
80,0.002000050001250031,1.0,0.005063291139240506,0.010075566750629723,score threshold,0.984,baseline auto mcdm,y_cri_high
79,0.001975049376234406,1.0,0.005,0.009950248756218905,score threshold,0.985,baseline auto mcdm,y_cri_high
79,0.001975049376234406,1.0,0.005,0.009950248756218905,score threshold,0.986,baseline auto mcdm,y_cri_high
69,0.001725043126078152,1.0,0.004367088607594937,0.008696200138635075,score threshold,0.987,baseline auto mcdm,y_cri_high
57,0.0014250356258906473,1.0,0.0036075949367088606,0.007189253957242858,score threshold,0.988,baseline auto mcdm,y_cri_high
57,0.0014250356258906473,1.0,0.0036075949367088606,0.007189253957242858,score threshold,0.989,baseline auto mcdm,y_cri_high
51,0.001275031875796895,1.0,0.0032278481012658227,0.006434925241309696,score threshold,0.99,baseline auto mcdm,y_cri_high
47,0.0011750293757343934,1.0,0.0029746835443037974,0.005931722092509624,score threshold,0.991,baseline auto mcdm,y_cri_high
46,0.001150028750718768,1.0,0.002911392405063291,0.005805881610501073,score threshold,0.992,baseline auto mcdm,y_cri_high
43,0.0010750268756718917,1.0,0.002721518987341772,0.005428264848829136,score threshold,0.993,baseline auto mcdm,y_cri_high
24,0.0006000150003750093,1.0,0.0015189873417721519,0.003033367037411527,score threshold,0.994,baseline auto mcdm,y_cri_high
20,0.0005000125003125078,1.0,0.0012658227848101266,0.0025284450063211127,score threshold,0.995,baseline auto mcdm,y_cri_high
20,0.0005000125003125078,1.0,0.0012658227848101266,0.0025284450063211127,score threshold,0.996,baseline auto mcdm,y_cri_high
18,0.00045001125028125703,1.0,0.001139240506329114,0.0022758882286003286,score threshold,0.997,baseline auto mcdm,y_cri_high
2,5.000125003125078e-05,1.0,0.00012658227848101267,0.00025313251487153526,score threshold,0.998,baseline auto mcdm,y_cri_high
1,2.500062501562539e-05,1.0,6.329113924050633e-05,0.00012657426745142712,score threshold,0.999,baseline auto mcdm,y_cri_high
400,0.010000250006250157,1.0,0.01595405232929164,0.031407035175879394,top k rate,0.01,baseline auto mcdm,y_any_risk
800,0.020000500012500314,1.0,0.03190810465858328,0.06184291898577613,top k rate,0.02,baseline auto mcdm,y_any_risk
1200,0.03000075001875047,0.9991666666666666,0.04782227185705169,0.09127588306942752,top k rate,0.03,baseline auto mcdm,y_any_risk
1600,0.04000100002500063,0.99875,0.06373643905552011,0.1198260347930414,top k rate,0.04,baseline auto mcdm,y_any_risk
2000,0.050001250031250784,0.989,0.07889278876834716,0.146128841607565,top k rate,0.05,baseline auto mcdm,y_any_risk
2400,0.06000150003750094,0.98375,0.09416879387364391,0.17188410017472336,top k rate,0.060000000000000005,baseline auto mcdm,y_any_risk
2800,0.07000175004375109,0.9764285714285714,0.10904594767070835,0.1961825487944891,top k rate,0.06999999999999999,baseline auto mcdm,y_any_risk
3200,0.08000200005000126,0.9675,0.12348436502871729,0.21901528013582344,top k rate,0.08,baseline auto mcdm,y_any_risk
3600,0.09000225005625141,0.9683333333333334,0.13903956604977663,0.2431640625,top k rate,0.09,baseline auto mcdm,y_any_risk
4000,0.10000250006250157,0.96975,0.1547144224633057,0.2668547055586131,top k rate,0.09999999999999999,baseline auto mcdm,y_any_risk
4400,0.11000275006875172,0.9586363636363636,0.16823548181238035,0.28623778501628666,top k rate,0.11,baseline auto mcdm,y_any_risk
4800,0.12000300007500188,0.9539583333333334,0.18263401403956606,0.30657471880021425,top k rate,0.12,baseline auto mcdm,y_any_risk
5200,0.13000325008125202,0.9476923076923077,0.196553924696873,0.32558139534883723,top k rate,0.13,baseline auto mcdm,y_any_risk
5600,0.14000350008750218,0.9453571428571429,0.21115188257817485,0.3452008346374544,top k rate,0.14,baseline auto mcdm,y_any_risk
6000,0.15000375009375233,0.9396666666666667,0.22487236758136567,0.36289907312049435,top k rate,0.15000000000000002,baseline auto mcdm,y_any_risk
6400,0.1600040001000025,0.938125,0.23947032546266753,0.3815455007625826,top k rate,0.16,baseline auto mcdm,y_any_risk
6800,0.17000425010625267,0.9345588235294118,0.2534700063816209,0.39878263052208834,top k rate,0.17,baseline auto mcdm,y_any_risk
7200,0.18000450011250282,0.9302777777777778,0.2671506062539885,0.41509667823500246,top k rate,0.18000000000000002,baseline auto mcdm,y_any_risk
7600,0.19000475011875298,0.9253947368421053,0.28051212507977025,0.4305215475024486,top k rate,0.19,baseline auto mcdm,y_any_risk
8000,0.20000500012500314,0.9235,0.2946713465220166,0.44678277697145624,top k rate,0.2,baseline auto mcdm,y_any_risk
8400,0.2100052501312533,0.9233333333333333,0.3093490746649649,0.4634321223709369,top k rate,0.21000000000000002,baseline auto mcdm,y_any_risk
8800,0.22000550013750345,0.9239772727272727,0.3243059987236758,0.4801015588096363,top k rate,0.22,baseline auto mcdm,y_any_risk
9200,0.2300057501437536,0.9252173913043479,0.3395022335673261,0.49673202614379086,top k rate,0.23,baseline auto mcdm,y_any_risk
9600,0.24000600015000376,0.9271875,0.3550175494575622,0.5134402399630826,top k rate,0.24000000000000002,baseline auto mcdm,y_any_risk
10000,0.2500062501562539,0.9298,0.3708519463943842,0.5302235401459854,top k rate,0.25,baseline auto mcdm,y_any_risk
10400,0.26000650016250404,0.9323076923076923,0.38672622846202936,0.5466847090663058,top k rate,0.26,baseline auto mcdm,y_any_risk
10800,0.2700067501687542,0.9341666666666667,0.40240108487555837,0.5625,top k rate,0.27,baseline auto mcdm,y_any_risk
11200,0.28000700017500435,0.9360714285714286,0.4181557115507339,0.5780767534186149,top k rate,0.28,baseline auto mcdm,y_any_risk
11600,0.2900072501812545,0.9381034482758621,0.4340299936183791,0.5934773123909249,top k rate,0.29000000000000004,baseline auto mcdm,y_any_risk
12000,0.30000750018750466,0.9383333333333334,0.44910657306955964,0.6074665515753129,top k rate,0.3,baseline auto mcdm,y_any_risk
12400,0.3100077501937548,0.9385483870967742,0.46418315252074027,0.6211571306575576,top k rate,0.31,baseline auto mcdm,y_any_risk
12800,0.320008000200005,0.938359375,0.4790603063178047,0.6342944655682299,top k rate,0.32,baseline auto mcdm,y_any_risk
13200,0.3300082502062552,0.9365151515151515,0.49305998723675815,0.646007525083612,top k rate,0.33,baseline auto mcdm,y_any_risk
13600,0.34000850021250534,0.935,0.5071793235481813,0.6576334298717418,top k rate,0.34,baseline auto mcdm,y_any_risk
14000,0.3500087502187555,0.933,0.5209795788130185,0.6686117936117936,top k rate,0.35000000000000003,baseline auto mcdm,y_any_risk
14400,0.36000900022500565,0.9308333333333333,0.5346202935545629,0.6791649777057155,top k rate,0.36000000000000004,baseline auto mcdm,y_any_risk
14800,0.3700092502312558,0.9295945945945946,0.548739629865986,0.6901083467094703,top k rate,0.37,baseline auto mcdm,y_any_risk
15200,0.38000950023750596,0.9274342105263158,0.5622606892150607,0.7000893921334923,top k rate,0.38,baseline auto mcdm,y_any_risk
15600,0.3900097502437561,0.9251923076923076,0.5756620931716656,0.7097265932336743,top k rate,0.39,baseline auto mcdm,y_any_risk
16000,0.40001000025000627,0.9231875,0.5891432673899171,0.719273470977795,top k rate,0.4,baseline auto mcdm,y_any_risk
16400,0.4100102502562564,0.9229878048780488,0.6037412252712189,0.7299864969135802,top k rate,0.41000000000000003,baseline auto mcdm,y_any_risk
16800,0.4200105002625066,0.9226785714285715,0.6182594128908743,0.74039931218953,top k rate,0.42000000000000004,baseline auto mcdm,y_any_risk
17200,0.43001075026875674,0.9223255813953488,0.6327377153797065,0.7505677517032551,top k rate,0.43,baseline auto mcdm,y_any_risk
17600,0.4400110002750069,0.9210227272727273,0.6465379706445438,0.7597487814023247,top k rate,0.44,baseline auto mcdm,y_any_risk
18000,0.45001125028125705,0.9187777777777778,0.6596202935545629,0.7679234769687965,top k rate,0.45,baseline auto mcdm,y_any_risk
18400,0.4600115002875072,0.9177717391304347,0.6735402042118698,0.7769138755980861,top k rate,0.46,baseline auto mcdm,y_any_risk
18800,0.47001175029375736,0.9162234042553191,0.6870213784301212,0.7852388767323122,top k rate,0.47000000000000003,baseline auto mcdm,y_any_risk
19200,0.4800120003000075,0.91546875,0.7010609444798979,0.7940458980845682,top k rate,0.48000000000000004,baseline auto mcdm,y_any_risk
19600,0.49001225030625767,0.914438775510204,0.7148611997447352,0.8024265759312321,top k rate,0.49,baseline auto mcdm,y_any_risk
20000,0.5000125003125078,0.9129,0.7282227185705169,0.8101703940362087,top k rate,0.5,baseline auto mcdm,y_any_risk
20400,0.5100127503187579,0.9108823529411765,0.7411455009572432,0.8172941590429276,top k rate,0.51,baseline auto mcdm,y_any_risk
20800,0.5200130003250081,0.9071634615384615,0.7525925335035099,0.8226805022671783,top k rate,0.52,baseline auto mcdm,y_any_risk
21200,0.5300132503312582,0.9007547169811321,0.7616464582003829,0.8253803596127247,top k rate,0.53,baseline auto mcdm,y_any_risk
21600,0.5400135003375084,0.8961111111111111,0.7720165922144224,0.8294480630785053,top k rate,0.54,baseline auto mcdm,y_any_risk
22000,0.5500137503437585,0.8936363636363637,0.7841416719846841,0.8353161114887832,top k rate,0.55,baseline auto mcdm,y_any_risk
22400,0.5600140003500087,0.8874107142857143,0.7928366305041481,0.8374620829120324,top k rate,0.56,baseline auto mcdm,y_any_risk
22800,0.5700142503562589,0.8796491228070176,0.7999361837906829,0.8379010695187166,top k rate,0.5700000000000001,baseline auto mcdm,y_any_risk
23200,0.580014500362509,0.8724568965517241,0.8073149329929802,0.8386228041100431,top k rate,0.5800000000000001,baseline auto mcdm,y_any_risk
23600,0.5900147503687592,0.8643220338983051,0.8135768985322271,0.8381821170282708,top k rate,0.59,baseline auto mcdm,y_any_risk
24000,0.6000150003750093,0.8571666666666666,0.820516911295469,0.8384414737528529,top k rate,0.6,baseline auto mcdm,y_any_risk
24400,0.6100152503812595,0.8485245901639344,0.8257817485641353,0.8369987063389392,top k rate,0.61,baseline auto mcdm,y_any_risk
24800,0.6200155003875096,0.8398790322580645,0.8307673899170389,0.835298363811357,top k rate,0.62,baseline auto mcdm,y_any_risk
25200,0.6300157503937599,0.8326190476190476,0.836869814932993,0.8347390197326544,top k rate,0.63,baseline auto mcdm,y_any_risk
25600,0.64001600040001,0.825234375,0.8426132737715379,0.833833280707294,top k rate,0.64,baseline auto mcdm,y_any_risk
26000,0.6500162504062602,0.8191923076923077,0.8495134014039566,0.8340773809523809,top k rate,0.65,baseline auto mcdm,y_any_risk
26400,0.6600165004125104,0.8128409090909091,0.8558950223356733,0.8338125582841156,top k rate,0.66,baseline auto mcdm,y_any_risk
26800,0.6700167504187605,0.8051492537313433,0.8606413529036375,0.8319710055521283,top k rate,0.67,baseline auto mcdm,y_any_risk
27200,0.6800170004250107,0.7980147058823529,0.8657466496490108,0.8305019895928987,top k rate,0.68,baseline auto mcdm,y_any_risk
27600,0.6900172504312608,0.7910869565217391,0.8708519463943841,0.8290552855407047,top k rate,0.6900000000000001,baseline auto mcdm,y_any_risk
28000,0.700017500437511,0.7840714285714285,0.8756381620931717,0.8273289116671692,top k rate,0.7000000000000001,baseline auto mcdm,y_any_risk
28400,0.7100177504437611,0.7778521126760564,0.881102425015954,0.8262642130460802,top k rate,0.7100000000000001,baseline auto mcdm,y_any_risk
28800,0.7200180004500113,0.7714236111111111,0.8861279514996809,0.8248069498069498,top k rate,0.72,baseline auto mcdm,y_any_risk
29200,0.7300182504562615,0.7690410958904109,0.8956604977664326,0.8275353773584906,top k rate,0.73,baseline auto mcdm,y_any_risk
29600,0.7400185004625116,0.7633783783783784,0.9012444160816847,0.8266022827041264,top k rate,0.74,baseline auto mcdm,y_any_risk
30000,0.7500187504687618,0.7577333333333334,0.9066687938736439,0.8255374782103428,top k rate,0.75,baseline auto mcdm,y_any_risk
30400,0.7600190004750119,0.7522697368421053,0.9121330567964263,0.8245240842226709,top k rate,0.76,baseline auto mcdm,y_any_risk
30800,0.7700192504812621,0.7460714285714286,0.9165204211869815,0.8225587056128293,top k rate,0.77,baseline auto mcdm,y_any_risk
31200,0.7800195004875122,0.7406730769230769,0.9217054881940012,0.8213321012226329,top k rate,0.78,baseline auto mcdm,y_any_risk
31600,0.7900197504937624,0.735253164556962,0.9266911295469049,0.8199463579898363,top k rate,0.79,baseline auto mcdm,y_any_risk
32000,0.8000200005000125,0.72928125,0.9307992980216975,0.8178090832632464,top k rate,0.8,baseline auto mcdm,y_any_risk
39998,0.9999749993749844,0.6268313415670783,1.0,0.7706162594129399,score threshold,0.001,baseline auto mcdm,y_any_risk
39998,0.9999749993749844,0.6268313415670783,1.0,0.7706162594129399,score threshold,0.002,baseline auto mcdm,y_any_risk
39998,0.9999749993749844,0.6268313415670783,1.0,0.7706162594129399,score threshold,0.003,baseline auto mcdm,y_any_risk
39998,0.9999749993749844,0.6268313415670783,1.0,0.7706162594129399,score threshold,0.004,baseline auto mcdm,y_any_risk
39998,0.9999749993749844,0.6268313415670783,1.0,0.7706162594129399,score threshold,0.005,baseline auto mcdm,y_any_risk
39998,0.9999749993749844,0.6268313415670783,1.0,0.7706162594129399,score threshold,0.006,baseline auto mcdm,y_any_risk
39998,0.9999749993749844,0.6268313415670783,1.0,0.7706162594129399,score threshold,0.007,baseline auto mcdm,y_any_risk
39998,0.9999749993749844,0.6268313415670783,1.0,0.7706162594129399,score threshold,0.008,baseline auto mcdm,y_any_risk
39998,0.9999749993749844,0.6268313415670783,1.0,0.7706162594129399,score threshold,0.009000000000000001,baseline auto mcdm,y_any_risk
39997,0.9999499987499687,0.6268470135260145,1.0,0.7706281024758334,score threshold,0.010000000000000002,baseline auto mcdm,y_any_risk
39996,0.9999249981249532,0.6268626862686268,1.0,0.7706399459027479,score threshold,0.011,baseline auto mcdm,y_any_risk
39975,0.999399984999625,0.6271669793621013,0.9999601148691768,0.7708579949882393,score threshold,0.012,baseline auto mcdm,y_any_risk
39971,0.9992999824995625,0.6272297415626329,0.9999601148691768,0.7709054010423874,score threshold,0.013000000000000001,baseline auto mcdm,y_any_risk
39968,0.9992249806245156,0.6272768214571657,0.9999601148691768,0.7709409594095941,score threshold,0.014000000000000002,baseline auto mcdm,y_any_risk
39966,0.9991749793744844,0.6273082119801832,0.9999601148691768,0.7709646668101725,score threshold,0.015,baseline auto mcdm,y_any_risk
39965,0.9991499787494688,0.6273239084198674,0.9999601148691768,0.7709765210572443,score threshold,0.016,baseline auto mcdm,y_any_risk
39963,0.9990999774994375,0.6273553036558817,0.9999601148691768,0.7710002306450373,score threshold,0.017,baseline auto mcdm,y_any_risk
39961,0.9990499762494063,0.6273867020344837,0.9999601148691768,0.7710239416911414,score threshold,0.018000000000000002,baseline auto mcdm,y_any_risk
39954,0.9988749718742969,0.6274966211142814,0.9999601148691768,0.7711069418386491,score threshold,0.019000000000000003,baseline auto mcdm,y_any_risk
39945,0.9986499662491563,0.6275879334084365,0.9998803446075303,0.7711521602042543,score threshold,0.02,baseline auto mcdm,y_any_risk
39942,0.9985749643741093,0.6276350708527365,0.9998803446075303,0.771187744178177,score threshold,0.021,baseline auto mcdm,y_any_risk
39942,0.9985749643741093,0.6276350708527365,0.9998803446075303,0.771187744178177,score threshold,0.022000000000000002,baseline auto mcdm,y_any_risk
39941,0.9985499637490938,0.627650784907739,0.9998803446075303,0.7711996062325996,score threshold,0.023,baseline auto mcdm,y_any_risk
39937,0.9984499612490312,0.6277136489971705,0.9998803446075303,0.7712470580996478,score threshold,0.024,baseline auto mcdm,y_any_risk
39932,0.998324958123953,0.6277922468195933,0.9998803446075303,0.7713063811457757,score threshold,0.025,baseline auto mcdm,y_any_risk
39926,0.9981749543738594,0.6278865901918549,0.9998803446075303,0.7713775808486415,score threshold,0.026000000000000002,baseline auto mcdm,y_any_risk
39923,0.9980999524988124,0.6279337725120858,0.9998803446075303,0.7714131856296638,score threshold,0.027000000000000003,baseline auto mcdm,y_any_risk
39917,0.9979499487487187,0.6280281584287396,0.9998803446075303,0.7714844050531628,score threshold,0.028,baseline auto mcdm,y_any_risk
39914,0.9978749468736718,0.628075362028361,0.9998803446075303,0.77152001969655,score threshold,0.029,baseline auto mcdm,y_any_risk
39909,0.9977499437485937,0.6281039364554362,0.9998005743458839,0.7715178282882689,score threshold,0.030000000000000002,baseline auto mcdm,y_any_risk
39908,0.9977249431235781,0.6280946176205272,0.9997606892150607,0.7714989227454602,score threshold,0.031,baseline auto mcdm,y_any_risk
39908,0.9977249431235781,0.6280946176205272,0.9997606892150607,0.7714989227454602,score threshold,0.032,baseline auto mcdm,y_any_risk
39906,0.9976749418735469,0.6281010374379793,0.9997208040842374,0.7714918895626212,score threshold,0.033,baseline auto mcdm,y_any_risk
39898,0.9974749368734218,0.6282269787959296,0.9997208040842374,0.7715868862551947,score threshold,0.034,baseline auto mcdm,y_any_risk
39891,0.9972999324983125,0.6283372189215612,0.9997208040842374,0.7716700275541462,score threshold,0.035,baseline auto mcdm,y_any_risk
39882,0.9970749268731718,0.6284539391204051,0.9996809189534142,0.771746158820088,score threshold,0.036000000000000004,baseline auto mcdm,y_any_risk
39870,0.9967749193729843,0.6286180085277151,0.999641033822591,0.7718579655692772,score threshold,0.037000000000000005,baseline auto mcdm,y_any_risk
39819,0.9954998874971874,0.6293477987895226,0.9995213784301212,0.772372131728591,score threshold,0.038,baseline auto mcdm,y_any_risk
39771,0.9942998574964375,0.6300067888662594,0.9993618379068283,0.772820504911864,score threshold,0.039,baseline auto mcdm,y_any_risk
39759,0.9939998499962499,0.630171785004653,0.9993219527760051,0.7729327019481421,score threshold,0.04,baseline auto mcdm,y_any_risk
39746,0.9936748418710468,0.6303275801338499,0.9992421825143587,0.7730260112931593,score threshold,0.041,baseline auto mcdm,y_any_risk
39711,0.9927998199954999,0.6308327667396942,0.9991624122527122,0.773381905746878,score threshold,0.042,baseline auto mcdm,y_any_risk
39672,0.9918247956198905,0.6313772938092357,0.9990427568602425,0.7737550969974052,score threshold,0.043000000000000003,baseline auto mcdm,y_any_risk
39608,0.9902247556188905,0.6322965057564128,0.9988832163369495,0.7743970315398887,score threshold,0.044000000000000004,baseline auto mcdm,y_any_risk
39565,0.9891497287432186,0.6328573233918867,0.9986837906828334,0.7747574918390395,score threshold,0.045,baseline auto mcdm,y_any_risk
39557,0.9889497237430935,0.6329853123341002,0.9986837906828334,0.7748533939872193,score threshold,0.046,baseline auto mcdm,y_any_risk
39520,0.9880247006175155,0.6334767206477733,0.9985242501595405,0.7751733960862026,score threshold,0.047,baseline auto mcdm,y_any_risk
39494,0.9873746843671092,0.6338431154099357,0.9984444798978941,0.7754235975590869,score threshold,0.048,baseline auto mcdm,y_any_risk
39480,0.9870246756168904,0.6340172239108409,0.9983647096362476,0.775529805428182,score threshold,0.049,baseline auto mcdm,y_any_risk
39465,0.9866496662416561,0.6342328645635373,0.9983248245054244,0.7756790678215597,score threshold,0.05,baseline auto mcdm,y_any_risk
39450,0.9862746568664217,0.6344233206590622,0.998245054243778,0.7757974024363783,score threshold,0.051000000000000004,baseline auto mcdm,y_any_risk
39442,0.9860746518662966,0.6345266467217687,0.9982051691129546,0.7758626034659144,score threshold,0.052000000000000005,baseline auto mcdm,y_any_risk
39426,0.9856746418660467,0.6347587886166489,0.9981652839821314,0.776024062761636,score threshold,0.053000000000000005,baseline auto mcdm,y_any_risk
39414,0.9853746343658591,0.6349013041051403,0.998085513720485,0.7761064417082778,score threshold,0.054,baseline auto mcdm,y_any_risk
39382,0.9845746143653591,0.6353664110507339,0.9980057434588385,0.7764297018028361,score threshold,0.055,baseline auto mcdm,y_any_risk
39340,0.9835245881147029,0.6359938993390951,0.9979259731971921,0.7768738744333354,score threshold,0.056,baseline auto mcdm,y_any_risk
39332,0.9833245831145778,0.6361232584155395,0.9979259731971921,0.7769703745108999,score threshold,0.057,baseline auto mcdm,y_any_risk
39315,0.9828995724893123,0.6363728856670482,0.9978860880663688,0.7771444546259338,score threshold,0.058,baseline auto mcdm,y_any_risk
39289,0.982249556238906,0.6367685611748836,0.9978462029355456,0.7774273240005594,score threshold,0.059000000000000004,baseline auto mcdm,y_any_risk
39266,0.9816745418635466,0.6371160800692711,0.9978063178047224,0.7776741583512077,score threshold,0.060000000000000005,baseline auto mcdm,y_any_risk
39252,0.9813245331133278,0.6372923672679099,0.997726547543076,0.777781232510416,score threshold,0.061,baseline auto mcdm,y_any_risk
39240,0.9810245256131404,0.6374108053007136,0.9976068921506063,0.7778330638139072,score threshold,0.062,baseline auto mcdm,y_any_risk
39231,0.9807995199879997,0.6375060538859575,0.9975271218889598,0.7778797256737633,score threshold,0.063,baseline auto mcdm,y_any_risk
39224,0.9806245156128903,0.6375943300020396,0.9974872367581366,0.777933308448426,score threshold,0.064,baseline auto mcdm,y_any_risk
39213,0.9803495087377184,0.6377476857164716,0.9974473516273133,0.7780353115034612,score threshold,0.065,baseline auto mcdm,y_any_risk
39207,0.9801995049876246,0.6377687657816207,0.9973276962348436,0.7780145926352308,score threshold,0.066,baseline auto mcdm,y_any_risk
39203,0.9800995024875622,0.6378083309950769,0.9972878111040204,0.7780318942045896,score threshold,0.067,baseline auto mcdm,y_any_risk
39203,0.9800995024875622,0.6378083309950769,0.9972878111040204,0.7780318942045896,score threshold,0.068,baseline auto mcdm,y_any_risk
39198,0.979974499362484,0.6378386652380224,0.9972080408423739,0.7780301851563716,score threshold,0.069,baseline auto mcdm,y_any_risk
39196,0.9799244981124529,0.6378712113480968,0.9972080408423739,0.7780543972116761,score threshold,0.07,baseline auto mcdm,y_any_risk
39194,0.9798744968624216,0.6379037607797112,0.9972080408423739,0.7780786107739707,score threshold,0.07100000000000001,baseline auto mcdm,y_any_risk
39187,0.9796994924873121,0.638017709954832,0.9972080408423739,0.7781633701115797,score threshold,0.07200000000000001,baseline auto mcdm,y_any_risk
39181,0.9795494887372185,0.6380898905081545,0.9971681557115507,0.7782049087202154,score threshold,0.07300000000000001,baseline auto mcdm,y_any_risk
39179,0.9794994874871872,0.6381224635646647,0.9971681557115507,0.778229132620504,score threshold,0.074,baseline auto mcdm,y_any_risk
39176,0.9794244856121403,0.6381713293853379,0.9971681557115507,0.7782654712987175,score threshold,0.075,baseline auto mcdm,y_any_risk
39169,0.9792494812370309,0.638285378743394,0.9971681557115507,0.7783502747466571,score threshold,0.076,baseline auto mcdm,y_any_risk
39165,0.9791494787369684,0.6383505681092813,0.9971681557115507,0.7783987421579464,score threshold,0.077,baseline auto mcdm,y_any_risk
39161,0.979049476236906,0.63841577079237,0.9971681557115507,0.7784472156056855,score threshold,0.078,baseline auto mcdm,y_any_risk
39151,0.9787994699867497,0.6385532936578887,0.9971282705807275,0.778537284150538,score threshold,0.079,baseline auto mcdm,y_any_risk
39123,0.9780994524863121,0.6389336196099481,0.9970086151882578,0.778783394345354,score threshold,0.08,baseline auto mcdm,y_any_risk
39083,0.9770994274856871,0.6395619578845022,0.9969687300574346,0.7792377834931027,score threshold,0.081,baseline auto mcdm,y_any_risk
39051,0.9762994074851872,0.6399580036362705,0.9967693044033185,0.7794707047393291,score threshold,0.082,baseline auto mcdm,y_any_risk
39021,0.9755493887347184,0.6403218779631481,0.9965698787492023,0.7796795281856053,score threshold,0.083,baseline auto mcdm,y_any_risk
38961,0.9740493512337809,0.6411796411796412,0.9963704530950862,0.780253931566536,score threshold,0.084,baseline auto mcdm,y_any_risk
38918,0.9729743243581089,0.6418109872038645,0.9962507977026165,0.7806844819503047,score threshold,0.085,baseline auto mcdm,y_any_risk
38866,0.9716742918572965,0.6423866618638399,0.9958120612635609,0.780975319841096,score threshold,0.08600000000000001,baseline auto mcdm,y_any_risk
38824,0.9706242656066402,0.6430043272202761,0.9956924058710912,0.7813947664955553,score threshold,0.08700000000000001,baseline auto mcdm,y_any_risk
38792,0.9698242456061401,0.6434058568777068,0.9954929802169751,0.7816297131404234,score threshold,0.08800000000000001,baseline auto mcdm,y_any_risk
38756,0.9689242231055777,0.6439002993084941,0.9953334396936822,0.7819452277997118,score threshold,0.089,baseline auto mcdm,y_any_risk
38718,0.9679741993549839,0.644377292215507,0.9950941289087428,0.7822229189528139,score threshold,0.09,baseline auto mcdm,y_any_risk
38688,0.9672241806045151,0.6448511166253101,0.9950542437779196,0.7825595984943539,score threshold,0.091,baseline auto mcdm,y_any_risk
38675,0.966899172479312,0.6450420168067227,0.9950143586470963,0.7826878127598161,score threshold,0.092,baseline auto mcdm,y_any_risk
38638,0.9659741493537338,0.6454785444381179,0.9947351627313338,0.782922618113326,score threshold,0.093,baseline auto mcdm,y_any_risk
38606,0.9651741293532339,0.6458840594726208,0.9945357370772177,0.783159018813405,score threshold,0.094,baseline auto mcdm,y_any_risk
38594,0.9648741218530463,0.6460589728973416,0.9944958519463943,0.7832752175415449,score threshold,0.095,baseline auto mcdm,y_any_risk
38574,0.9643741093527338,0.6463420957121377,0.9944160816847479,0.7834585048549791,score threshold,0.096,baseline auto mcdm,y_any_risk
38534,0.9633740843521088,0.6468313696994862,0.9941368857689853,0.7837310945508286,score threshold,0.097,baseline auto mcdm,y_any_risk
38498,0.9624740618515463,0.6472024520754325,0.9937779195915762,0.783891772848828,score threshold,0.098,baseline auto mcdm,y_any_risk
38460,0.9615240381009525,0.6476859074362975,0.9935386088066369,0.7841717559654977,score threshold,0.099,baseline auto mcdm,y_any_risk
38426,0.9606740168504213,0.6481548951230938,0.993379068283344,0.7844656524614948,score threshold,0.1,baseline auto mcdm,y_any_risk
38388,0.9597239930998275,0.6487183494842138,0.9932594128908743,0.7848408446265364,score threshold,0.101,baseline auto mcdm,y_any_risk
38351,0.9587989699742494,0.6492138405778206,0.9930599872367581,0.7851410371631743,score threshold,0.10200000000000001,baseline auto mcdm,y_any_risk
38330,0.9582739568489212,0.6494912601095747,0.9929403318442884,0.7853064572095517,score threshold,0.10300000000000001,baseline auto mcdm,y_any_risk
38297,0.9574489362234055,0.6498420241794396,0.9926212507977026,0.7854629235114962,score threshold,0.10400000000000001,baseline auto mcdm,y_any_risk
38265,0.9566489162229056,0.650280935580818,0.9924617102744097,0.7857334575366689,score threshold,0.10500000000000001,baseline auto mcdm,y_any_risk
38210,0.9552738818470462,0.6509290761580738,0.9920229738353542,0.7860687083214816,score threshold,0.106,baseline auto mcdm,y_any_risk
38182,0.9545738643466086,0.65122308941386,0.9917437779195916,0.7861953394251747,score threshold,0.107,baseline auto mcdm,y_any_risk
38155,0.9538988474711868,0.65157908530992,0.9915842373962986,0.7864045423632309,score threshold,0.108,baseline auto mcdm,y_any_risk
38114,0.9528738218455461,0.6520438683948155,0.9912252712188896,0.7866299496723957,score threshold,0.109,baseline auto mcdm,y_any_risk
38059,0.9514987874696867,0.6527759531254106,0.9909061901723037,0.7870618238266461,score threshold,0.11,baseline auto mcdm,y_any_risk
38024,0.9506237655941399,0.6531664212076583,0.9905871091257179,0.7872448332699379,score threshold,0.111,baseline auto mcdm,y_any_risk
37981,0.949548738718468,0.6538795713646297,0.9905472239948947,0.7877499881052448,score threshold,0.112,baseline auto mcdm,y_any_risk
37952,0.9488237205930148,0.6542738195615514,0.9903876834716018,0.787985529322163,score threshold,0.113,baseline auto mcdm,y_any_risk
37924,0.9481237030925773,0.6545723024997363,0.9901084875558391,0.7881135310178424,score threshold,0.114,baseline auto mcdm,y_any_risk
37885,0.947148678716968,0.6552197439619902,0.9900686024250159,0.7885699763330527,score threshold,0.115,baseline auto mcdm,y_any_risk
37814,0.9453736343408585,0.6559210874279368,0.9892708998085513,0.788824221607353,score threshold,0.116,baseline auto mcdm,y_any_risk
37765,0.9441486037150929,0.6564279094399577,0.9887523931078493,0.789025574104429,score threshold,0.117,baseline auto mcdm,y_any_risk
37728,0.9432235805895147,0.6568596268023749,0.9884333120612636,0.7892356687898089,score threshold,0.11800000000000001,baseline auto mcdm,y_any_risk
37684,0.9421235530888272,0.6573612143084598,0.9880344607530313,0.7894703295302441,score threshold,0.11900000000000001,baseline auto mcdm,y_any_risk
37655,0.9413985349633741,0.6576284689948214,0.9876754945756222,0.7895483603551899,score threshold,0.12000000000000001,baseline auto mcdm,y_any_risk
37633,0.9408485212130303,0.6578534796588101,0.9874361837906829,0.7896340004784308,score threshold,0.121,baseline auto mcdm,y_any_risk
37615,0.9403985099627491,0.6580353582347468,0.9872367581365666,0.7897012139678083,score threshold,0.122,baseline auto mcdm,y_any_risk
37583,0.939598489962249,0.6583295638985711,0.9868379068283344,0.7897853323757082,score threshold,0.123,baseline auto mcdm,y_any_risk
37539,0.9384984624615615,0.6588880897200246,0.9865188257817485,0.7900848093785438,score threshold,0.124,baseline auto mcdm,y_any_risk
37507,0.9376984424610615,0.6592902658170475,0.9862795149968092,0.7902970645104588,score threshold,0.125,baseline auto mcdm,y_any_risk
37458,0.9364734118352959,0.659939131827647,0.9859604339502234,0.7906604829681753,score threshold,0.126,baseline auto mcdm,y_any_risk
37423,0.935598389959749,0.6603692916121102,0.9856812380344607,0.7908792703416273,score threshold,0.127,baseline auto mcdm,y_any_risk
37399,0.934998374959374,0.6606593759191423,0.9854818123803446,0.7910230346880953,score threshold,0.128,baseline auto mcdm,y_any_risk
37388,0.9347233680842021,0.660800256766877,0.9854020421186982,0.7910983029138648,score threshold,0.129,baseline auto mcdm,y_any_risk
37371,0.9342983574589365,0.6610740948864092,0.9853621569878749,0.7912816488637637,score threshold,0.13,baseline auto mcdm,y_any_risk
37353,0.9338483462086552,0.6612855727786255,0.985202616464582,0.7913816579895875,score threshold,0.131,baseline auto mcdm,y_any_risk
37333,0.9333483337083427,0.6615594782096269,0.9850829610721124,0.7915391394920279,score threshold,0.132,baseline auto mcdm,y_any_risk
37302,0.9325733143328583,0.66197522921023,0.9848835354179962,0.7917722127809664,score threshold,0.133,baseline auto mcdm,y_any_risk
37268,0.931723293082327,0.6623376623376623,0.9845245692405871,0.7919153031761309,score threshold,0.134,baseline auto mcdm,y_any_risk
37250,0.9312732818320458,0.6625771812080536,0.9844049138481175,0.7920477519976894,score threshold,0.135,baseline auto mcdm,y_any_risk
37235,0.9308982724568114,0.6627635289378273,0.9842852584556477,0.7921421349126101,score threshold,0.136,baseline auto mcdm,y_any_risk
37213,0.9303482587064676,0.6628866256415769,0.9838864071474155,0.7921008268443446,score threshold,0.137,baseline auto mcdm,y_any_risk
37196,0.9299232480812021,0.663108936444779,0.9837667517549458,0.7922207233249824,score threshold,0.138,baseline auto mcdm,y_any_risk
37159,0.9289982249556239,0.6636077397131247,0.9835274409700063,0.7924989153315871,score threshold,0.139,baseline auto mcdm,y_any_risk
37140,0.928523213080327,0.6637587506731287,0.9832482450542438,0.7925159133286183,score threshold,0.14,baseline auto mcdm,y_any_risk
37115,0.9278981974549364,0.6641250168395527,0.9831285896617741,0.7927380320645794,score threshold,0.14100000000000001,baseline auto mcdm,y_any_risk
37080,0.9270231755793895,0.6646170442286947,0.982929164007658,0.7930235551551036,score threshold,0.14200000000000002,baseline auto mcdm,y_any_risk
37056,0.9264231605790145,0.6648855785837651,0.9826898532227186,0.7931367499356168,score threshold,0.14300000000000002,baseline auto mcdm,y_any_risk
37021,0.9255481387034676,0.6652440506739418,0.9822910019144863,0.7932617203227417,score threshold,0.14400000000000002,baseline auto mcdm,y_any_risk
36978,0.9244731118277957,0.6658012872518795,0.9819719208679004,0.7935535858178888,score threshold,0.14500000000000002,baseline auto mcdm,y_any_risk
36962,0.9240731018275457,0.666035387695471,0.981892150606254,0.7936937808298675,score threshold,0.146,baseline auto mcdm,y_any_risk
36944,0.9236230905772644,0.6662245560848852,0.9816927249521379,0.7937628998968008,score threshold,0.147,baseline auto mcdm,y_any_risk
36935,0.9233980849521238,0.6663598213077028,0.9816528398213146,0.7938458561130195,score threshold,0.148,baseline auto mcdm,y_any_risk
36882,0.9220730518262956,0.6669378016376553,0.9810944479897894,0.7940730219194887,score threshold,0.149,baseline auto mcdm,y_any_risk
36847,0.9211980299507487,0.6673813336228187,0.9808152520740268,0.7942957735105541,score threshold,0.15,baseline auto mcdm,y_any_risk
36815,0.9203980099502488,0.6677441260355833,0.980496171027441,0.7944479454489635,score threshold,0.151,baseline auto mcdm,y_any_risk
36777,0.919447986199655,0.6682709302009409,0.9802568602425016,0.7947420330158935,score threshold,0.152,baseline auto mcdm,y_any_risk
36697,0.9174479361984049,0.6693462680873096,0.9796984684109764,0.7953180397934239,score threshold,0.153,baseline auto mcdm,y_any_risk
36643,0.9160979024475612,0.670114346532762,0.9793793873643906,0.795754678765292,score threshold,0.154,baseline auto mcdm,y_any_risk
36569,0.9142478561964049,0.6710875331564987,0.9788209955328654,0.7962557388750994,score threshold,0.155,baseline auto mcdm,y_any_risk
36515,0.9128978224455612,0.6716691770505272,0.9782227185705169,0.7964667868218942,score threshold,0.156,baseline auto mcdm,y_any_risk
36471,0.9117977949448737,0.672232732856242,0.9778637523931079,0.796743740149164,score threshold,0.157,baseline auto mcdm,y_any_risk
36444,0.9111227780694517,0.6725661288552299,0.9776244416081685,0.796898367904285,score threshold,0.158,baseline auto mcdm,y_any_risk
36405,0.9101477536938424,0.673149292679577,0.9774250159540523,0.7972412446931373,score threshold,0.159,baseline auto mcdm,y_any_risk
36375,0.9093977349433736,0.6734570446735395,0.9770660497766432,0.7973375429231696,score threshold,0.16,baseline auto mcdm,y_any_risk
36302,0.9075726893172329,0.6742879180210457,0.9763082322910019,0.7976667644279336,score threshold,0.161,baseline auto mcdm,y_any_risk
36213,0.9053476336908423,0.6754204291276613,0.9755504148053605,0.7982051072856327,score threshold,0.162,baseline auto mcdm,y_any_risk
36186,0.9046726168154204,0.6756756756756757,0.9751914486279515,0.7982630840053544,score threshold,0.163,baseline auto mcdm,y_any_risk
36149,0.9037475936898423,0.6760076350659769,0.9746729419272495,0.7983208376210778,score threshold,0.164,baseline auto mcdm,y_any_risk
36111,0.9027975699392485,0.6765805433247487,0.9744735162731334,0.7986532206658712,score threshold,0.165,baseline auto mcdm,y_any_risk
36063,0.9015975399384984,0.6771760530183291,0.9740347798340778,0.798920422016848,score threshold,0.166,baseline auto mcdm,y_any_risk
36020,0.9005225130628266,0.6777345918933926,0.9736758136566688,0.7991881097361356,score threshold,0.167,baseline auto mcdm,y_any_risk
35986,0.8996724918122954,0.6782359806591453,0.9734763880025527,0.7994693570048151,score threshold,0.168,baseline auto mcdm,y_any_risk
35939,0.8984974624365609,0.6788447090904032,0.9730775366943204,0.7997574207929717,score threshold,0.169,baseline auto mcdm,y_any_risk
35908,0.8977224430610765,0.6792915227804389,0.9728781110402042,0.8,score threshold,0.17,baseline auto mcdm,y_any_risk
35886,0.8971724293107328,0.6795407679875161,0.9726388002552648,0.8000918665310541,score threshold,0.171,baseline auto mcdm,y_any_risk
35858,0.8964724118102952,0.6798761782586871,0.9723596043395022,0.8002297718693583,score threshold,0.17200000000000001,baseline auto mcdm,y_any_risk
35822,0.8955723893097327,0.6802802746915303,0.9719607530312699,0.800374421125234,score threshold,0.17300000000000001,baseline auto mcdm,y_any_risk
35792,0.894822370559264,0.680543138131426,0.9715220165922144,0.8004074658254469,score threshold,0.17400000000000002,baseline auto mcdm,y_any_risk
35773,0.8943473586839671,0.6808207307186984,0.9714023611997448,0.800558796943052,score threshold,0.17500000000000002,baseline auto mcdm,y_any_risk
35757,0.8939473486837171,0.680985541292614,0.9712029355456286,0.8006049746009305,score threshold,0.17600000000000002,baseline auto mcdm,y_any_risk
35717,0.892947323683092,0.6813282190553518,0.9706046585832802,0.8006382733718271,score threshold,0.177,baseline auto mcdm,y_any_risk
35683,0.8920973024325608,0.681697166718045,0.9702058072750479,0.8007571393300963,score threshold,0.178,baseline auto mcdm,y_any_risk
35642,0.8910722768069201,0.6822007743673194,0.9698069559668155,0.8009684751457654,score threshold,0.179,baseline auto mcdm,y_any_risk
35591,0.8897972449311233,0.6829535556741873,0.9694878749202297,0.8013781052700988,score threshold,0.18,baseline auto mcdm,y_any_risk
35529,0.8882472061801545,0.6837231557319373,0.9688895979578813,0.8017029421956733,score threshold,0.181,baseline auto mcdm,y_any_risk
35485,0.887147178679467,0.6842045934902071,0.9683710912571794,0.8018561025149858,score threshold,0.182,baseline auto mcdm,y_any_risk
35471,0.8867971699292483,0.6843900651236221,0.9682514358647096,0.8019424210891433,score threshold,0.183,baseline auto mcdm,y_any_risk
35417,0.8854471361784044,0.6850947285202021,0.9677728142948309,0.8022615682190151,score threshold,0.184,baseline auto mcdm,y_any_risk
35383,0.8845971149278732,0.6854138993301868,0.9672941927249521,0.8023157720618642,score threshold,0.185,baseline auto mcdm,y_any_risk
35338,0.88347208680217,0.6860037353557077,0.9668953414167198,0.8025823539149147,score threshold,0.186,baseline auto mcdm,y_any_risk
35268,0.8817220430510763,0.6865997504820234,0.9658184428844927,0.8026184951939013,score threshold,0.187,baseline auto mcdm,y_any_risk
35240,0.8810220255506388,0.6870885357548241,0.9657386726228462,0.802924791086351,score threshold,0.188,baseline auto mcdm,y_any_risk
35208,0.8802220055501387,0.6873437855032947,0.9652201659221442,0.8029197080291971,score threshold,0.189,baseline auto mcdm,y_any_risk
35185,0.8796469911747794,0.6875941452323433,0.9649409700063816,0.802993843038983,score threshold,0.19,baseline auto mcdm,y_any_risk
35146,0.87867196679917,0.6880441586524783,0.9645022335673261,0.8031485602311601,score threshold,0.191,baseline auto mcdm,y_any_risk
35107,0.8776969424235606,0.6885236562508902,0.9641033822590938,0.8033367121421093,score threshold,0.192,baseline auto mcdm,y_any_risk
35055,0.8763969099227481,0.6893167879047212,0.963784301212508,0.803765363314318,score threshold,0.193,baseline auto mcdm,y_any_risk
35021,0.8755468886722169,0.689643356843037,0.9633056796426293,0.803820744512672,score threshold,0.194,baseline auto mcdm,y_any_risk
34964,0.8741218530463262,0.6904816382564924,0.9629068283343969,0.8042507828636152,score threshold,0.195,baseline auto mcdm,y_any_risk
34926,0.8731718292957323,0.6910897325774494,0.9627074026802808,0.8045934864495483,score threshold,0.196,baseline auto mcdm,y_any_risk
34886,0.8721718042951073,0.6917961359857823,0.9625877472878112,0.8050301877981254,score threshold,0.197,baseline auto mcdm,y_any_risk
34787,0.8696967424185604,0.6932474775059648,0.961869814932993,0.8057602031440552,score threshold,0.198,baseline auto mcdm,y_any_risk
34728,0.8682217055426386,0.6939933195116332,0.9612715379706446,0.8060535117056856,score threshold,0.199,baseline auto mcdm,y_any_risk
34635,0.8658966474161854,0.6949617439006786,0.9600350989151244,0.8062706215351634,score threshold,0.2,baseline auto mcdm,y_any_risk
34510,0.8627715692892323,0.6966676325702695,0.958918315252074,0.8070222550434695,score threshold,0.201,baseline auto mcdm,y_any_risk
34454,0.8613715342883572,0.697509723109073,0.9585194639438417,0.807445486006115,score threshold,0.202,baseline auto mcdm,y_any_risk
34414,0.8603715092877322,0.6980879874469692,0.958200382897256,0.8077194634031537,score threshold,0.203,baseline auto mcdm,y_any_risk
34371,0.8592964824120602,0.6985249192633325,0.9576021059349075,0.8077990680147368,score threshold,0.20400000000000001,baseline auto mcdm,y_any_risk
34287,0.8571964299107477,0.699623764108846,0.9567645181876197,0.8082346400714298,score threshold,0.20500000000000002,baseline auto mcdm,y_any_risk
34039,0.8509962749068727,0.7021064073562678,0.9532147415443523,0.8086143019065826,score threshold,0.20600000000000002,baseline auto mcdm,y_any_risk
33995,0.8498962474061852,0.702603324018238,0.9526563497128271,0.8087426143193323,score threshold,0.20700000000000002,baseline auto mcdm,y_any_risk
33925,0.8481462036550914,0.7035224760501105,0.9519384173580089,0.8090919877281896,score threshold,0.20800000000000002,baseline auto mcdm,y_any_risk
33885,0.8471461786544664,0.704057842703261,0.9515395660497766,0.809301694455281,score threshold,0.20900000000000002,baseline auto mcdm,y_any_risk
33817,0.8454461361534038,0.7049117307862909,0.9507817485641353,0.809590925300141,score threshold,0.21,baseline auto mcdm,y_any_risk
33761,0.8440461011525288,0.705577441426498,0.9501037013401404,0.8097836248364013,score threshold,0.211,baseline auto mcdm,y_any_risk
33697,0.8424460611515288,0.7064427100335341,0.9494655392469687,0.8101209821504535,score threshold,0.212,baseline auto mcdm,y_any_risk
33652,0.8413210330258256,0.7070010697729704,0.9489470325462668,0.8102990259519106,score threshold,0.213,baseline auto mcdm,y_any_risk
33623,0.8405960149003725,0.7074621538827588,0.9487476068921507,0.810529005877843,score threshold,0.214,baseline auto mcdm,y_any_risk
33582,0.8395709892747318,0.7079983324399977,0.9483088704530951,0.8107204964708289,score threshold,0.215,baseline auto mcdm,y_any_risk
33537,0.8384459611490287,0.708590511971852,0.9478302488832163,0.8109334743810678,score threshold,0.216,baseline auto mcdm,y_any_risk
33510,0.8377709442736069,0.7086839749328558,0.9471920867900446,0.810760984602779,score threshold,0.217,baseline auto mcdm,y_any_risk
33480,0.8370209255231381,0.7091099163679809,0.9469128908742821,0.8109372865145512,score threshold,0.218,baseline auto mcdm,y_any_risk
33401,0.8350458761469036,0.7103080746085446,0.9462747287811104,0.8114856429463171,score threshold,0.219,baseline auto mcdm,y_any_risk
33340,0.8335208380209506,0.711127774445111,0.9456365666879387,0.8117852496062453,score threshold,0.22,baseline auto mcdm,y_any_risk
33262,0.8315707892697317,0.7122241597017618,0.9448787492022974,0.8122192889224124,score threshold,0.221,baseline auto mcdm,y_any_risk
33162,0.8290707267681692,0.7134069115252397,0.943602425015954,0.8125150255864272,score threshold,0.222,baseline auto mcdm,y_any_risk
33128,0.8282207055176379,0.7138674233276986,0.943243458838545,0.812680412371134,score threshold,0.223,baseline auto mcdm,y_any_risk
33074,0.8268706717667942,0.714670133639717,0.9427648372686662,0.8130223919100196,score threshold,0.224,baseline auto mcdm,y_any_risk
33035,0.8258956473911848,0.7152414106250946,0.9424058710912572,0.813258299344313,score threshold,0.225,baseline auto mcdm,y_any_risk
32897,0.8224455611390284,0.7171778581633583,0.9410098915124442,0.8139867860408149,score threshold,0.226,baseline auto mcdm,y_any_risk
32753,0.8188454711367784,0.7186822581137605,0.9388560944479898,0.814146130566364,score threshold,0.227,baseline auto mcdm,y_any_risk
32702,0.8175704392609815,0.7194055409455079,0.9383375877472878,0.8144147886592585,score threshold,0.228,baseline auto mcdm,y_any_risk
32650,0.816270406760169,0.7200612557427258,0.9376994256541161,0.8145940889089082,score threshold,0.229,baseline auto mcdm,y_any_risk
32591,0.8147953698842471,0.7208738608818386,0.9370612635609444,0.8148726219586216,score threshold,0.23,baseline auto mcdm,y_any_risk
32526,0.8131703292582314,0.7216380741560597,0.9361837906828334,0.8150282995937359,score threshold,0.231,baseline auto mcdm,y_any_risk
32461,0.8115452886322158,0.7227442161362866,0.935745054243778,0.8155667182312759,score threshold,0.232,baseline auto mcdm,y_any_risk
32373,0.8093452336308408,0.7239057239057239,0.9347080408423739,0.8159108712681695,score threshold,0.233,baseline auto mcdm,y_any_risk
32301,0.8075451886297157,0.7249930342713848,0.934029993618379,0.8163421818625486,score threshold,0.234,baseline auto mcdm,y_any_risk
32253,0.8063451586289657,0.7257309397575419,0.9335912571793236,0.8166419537723506,score threshold,0.23500000000000001,baseline auto mcdm,y_any_risk
32199,0.804995124878122,0.7262958476971334,0.9327536694320357,0.8166785982434391,score threshold,0.23600000000000002,baseline auto mcdm,y_any_risk
32156,0.80392009800245,0.7270182858564498,0.9324345883854499,0.8170126511497868,score threshold,0.23700000000000002,baseline auto mcdm,y_any_risk
32068,0.801720043001075,0.7283584882125483,0.9315970006381621,0.8175358767938397,score threshold,0.23800000000000002,baseline auto mcdm,y_any_risk
31985,0.7996449911247782,0.729529466937627,0.9306796426292279,0.817918923182081,score threshold,0.23900000000000002,baseline auto mcdm,y_any_risk
31949,0.7987449686242156,0.7300384988575542,0.9302807913209955,0.8180845653355782,score threshold,0.24000000000000002,baseline auto mcdm,y_any_risk
31903,0.7975949398734968,0.730746324797041,0.92984205488194,0.8183589293549802,score threshold,0.241,baseline auto mcdm,y_any_risk
31876,0.7969199229980749,0.7313025473710628,0.9297622846202935,0.8186766875043899,score threshold,0.242,baseline auto mcdm,y_any_risk
31831,0.7957948948723718,0.7318023310609154,0.9290842373962986,0.8187266049241692,score threshold,0.243,baseline auto mcdm,y_any_risk
31778,0.7944698617465437,0.7324249480772862,0.9283264199106573,0.8188214599824098,score threshold,0.244,baseline auto mcdm,y_any_risk
31728,0.7932198304957624,0.7332324760463943,0.9278876834716018,0.8191549295774648,score threshold,0.245,baseline auto mcdm,y_any_risk
31656,0.7914197854946373,0.7343947434925449,0.9272495213784301,0.8196305175574672,score threshold,0.246,baseline auto mcdm,y_any_risk
31607,0.7901947548688717,0.7351219666529566,0.9267310146777281,0.8198803789763405,score threshold,0.247,baseline auto mcdm,y_any_risk
31529,0.788244706117653,0.7360525230739954,0.9256142310146778,0.8200208476882034,score threshold,0.248,baseline auto mcdm,y_any_risk
31472,0.7868196704917623,0.7368454499237418,0.9249361837906829,0.8202461799660441,score threshold,0.249,baseline auto mcdm,y_any_risk
31447,0.7861946548663716,0.7371768372181766,0.924617102744097,0.8203259081017004,score threshold,0.25,baseline auto mcdm,y_any_risk
31410,0.7852696317407936,0.7376950015918498,0.9241783663050415,0.8204737792571084,score threshold,0.251,baseline auto mcdm,y_any_risk
31345,0.7836445911147779,0.7385866964428138,0.9233806636885769,0.8207100696598543,score threshold,0.252,baseline auto mcdm,y_any_risk
31291,0.782294557363934,0.739477805119683,0.9229020421186982,0.8210705604740699,score threshold,0.253,baseline auto mcdm,y_any_risk
31242,0.7810695267381684,0.7401574803149606,0.9223037651563497,0.8212522640906347,score threshold,0.254,baseline auto mcdm,y_any_risk
31188,0.7797194929873247,0.7408939335641913,0.9216257179323548,0.8214361891219338,score threshold,0.255,baseline auto mcdm,y_any_risk
31094,0.7773694342358559,0.7420724255483373,0.9203095086151882,0.821635865114126,score threshold,0.256,baseline auto mcdm,y_any_risk
31066,0.7766694167354183,0.7424837442863581,0.9199904275686024,0.8217606612276889,score threshold,0.257,baseline auto mcdm,y_any_risk
30953,0.7738443461086527,0.7439343520821892,0.9184349074664965,0.8220258813029897,score threshold,0.258,baseline auto mcdm,y_any_risk
30875,0.771894297357434,0.7450364372469636,0.9174776643267389,0.8223139757270274,score threshold,0.259,baseline auto mcdm,y_any_risk
30805,0.7701442536063402,0.7459503327381919,0.9165204211869815,0.8224851012044312,score threshold,0.26,baseline auto mcdm,y_any_risk
30724,0.7681192029800745,0.7474287202187215,0.915922144224633,0.823141443831099,score threshold,0.261,baseline auto mcdm,y_any_risk
30683,0.7670941773544339,0.748068963269563,0.9154834077855776,0.8233521657250471,score threshold,0.262,baseline auto mcdm,y_any_risk
30644,0.7661191529788245,0.7487273201931862,0.9151244416081685,0.823605427525307,score threshold,0.263,baseline auto mcdm,y_any_risk
30587,0.7646941173529338,0.7497629711969137,0.914685705169113,0.8240536121741318,score threshold,0.264,baseline auto mcdm,y_any_risk
30448,0.7612190304757619,0.7517406726221755,0.9129307594128909,0.8245317002881845,score threshold,0.265,baseline auto mcdm,y_any_risk
30400,0.7600190004750119,0.7522697368421053,0.9121330567964263,0.8245240842226709,score threshold,0.266,baseline auto mcdm,y_any_risk
30354,0.7588689717242931,0.7528826513803782,0.9114948947032546,0.8246310395843106,score threshold,0.267,baseline auto mcdm,y_any_risk
30317,0.757943948598715,0.7534716495695485,0.9110960433950224,0.8248208127967647,score threshold,0.268,baseline auto mcdm,y_any_risk
30286,0.7571689292232305,0.7538466618239451,0.9106174218251436,0.8248491636258536,score threshold,0.269,baseline auto mcdm,y_any_risk
28715,0.7178929473236831,0.7728713216089153,0.8851707083599234,0.8252179894770112,score threshold,0.27,baseline auto mcdm,y_any_risk
28602,0.7150678766969174,0.7745612194951402,0.8836151882578175,0.825502105302381,score threshold,0.271,baseline auto mcdm,y_any_risk
28552,0.7138178454461361,0.7754272905575792,0.8830567964262923,0.8257496643294048,score threshold,0.272,baseline auto mcdm,y_any_risk
28508,0.7127178179454486,0.776062859548197,0.8824186343331206,0.8258305337812617,score threshold,0.273,baseline auto mcdm,y_any_risk
28451,0.711292782319558,0.7770552880390847,0.8817804722399489,0.8261121387067242,score threshold,0.274,baseline auto mcdm,y_any_risk
28371,0.7092927323183079,0.7783299848436784,0.880743458838545,0.826375764833561,score threshold,0.275,baseline auto mcdm,y_any_risk
28279,0.7069926748168704,0.7797305420983769,0.8794671346522016,0.826601188356357,score threshold,0.276,baseline auto mcdm,y_any_risk
28232,0.705817645441136,0.7804973080192689,0.8788688576898532,0.8267672219720846,score threshold,0.277,baseline auto mcdm,y_any_risk
28185,0.7046426160654017,0.781302111051978,0.8783104658583281,0.8269711023902961,score threshold,0.278,baseline auto mcdm,y_any_risk
28133,0.7033425835645891,0.7821775139515871,0.8776723037651564,0.8271778968142092,score threshold,0.279,baseline auto mcdm,y_any_risk
28033,0.7008425210630266,0.7833981379088931,0.8759173580089342,0.82707842952641,score threshold,0.28,baseline auto mcdm,y_any_risk
27984,0.699617490437261,0.7843410520297313,0.8754387364390556,0.8273899276236429,score threshold,0.281,baseline auto mcdm,y_any_risk
27948,0.6987174679366984,0.7847430943180191,0.8747606892150607,0.8273104488872124,score threshold,0.28200000000000003,baseline auto mcdm,y_any_risk
27919,0.6979924498112453,0.7851284071779076,0.8742820676451819,0.8273102979751279,score threshold,0.28300000000000003,baseline auto mcdm,y_any_risk
27811,0.6952923823095577,0.7869548020567402,0.8729259731971921,0.8277140101734016,score threshold,0.28400000000000003,baseline auto mcdm,y_any_risk
27742,0.6935673391834796,0.788695840242232,0.8726866624122527,0.8285681826788351,score threshold,0.28500000000000003,baseline auto mcdm,y_any_risk
27699,0.6924923123078077,0.7893786779306112,0.8720883854499043,0.8286748403479184,score threshold,0.28600000000000003,baseline auto mcdm,y_any_risk
27671,0.6917922948073701,0.7899606085793791,0.8718490746649649,0.8288872457008513,score threshold,0.28700000000000003,baseline auto mcdm,y_any_risk
27642,0.691067276681917,0.7904276101584545,0.8714502233567326,0.8289638426224533,score threshold,0.28800000000000003,baseline auto mcdm,y_any_risk
27570,0.6892672316807921,0.7914762422923467,0.8703334396936822,0.8290338512974431,score threshold,0.28900000000000003,baseline auto mcdm,y_any_risk
27531,0.6882922073051826,0.7921252406378264,0.8698149329929802,0.8291542307472958,score threshold,0.29,baseline auto mcdm,y_any_risk
27481,0.6870421760544013,0.7930934099923583,0.8692964262922782,0.8294483664110517,score threshold,0.291,baseline auto mcdm,y_any_risk
27456,0.6864171604290107,0.7935606060606061,0.8690172303765157,0.8295766067621079,score threshold,0.292,baseline auto mcdm,y_any_risk
27401,0.6850421260531513,0.7944600562023284,0.8682594128908743,0.8297219522421054,score threshold,0.293,baseline auto mcdm,y_any_risk
27333,0.6833420835520888,0.7957048256686057,0.8674617102744097,0.8300353019750024,score threshold,0.294,baseline auto mcdm,y_any_risk
27281,0.6820420510512762,0.7967083318060189,0.8669033184428845,0.8303249097472925,score threshold,0.295,baseline auto mcdm,y_any_risk
27221,0.6805420135503387,0.7976562212997318,0.8660258455647735,0.8304361960491844,score threshold,0.296,baseline auto mcdm,y_any_risk
27163,0.6790919772994325,0.79865994183264,0.8652680280791321,0.8306308031013688,score threshold,0.297,baseline auto mcdm,y_any_risk
27112,0.6778169454236356,0.799572145175568,0.8646298659859605,0.8308293729878891,score threshold,0.298,baseline auto mcdm,y_any_risk
27026,0.6756668916722918,0.8013024494930807,0.8637523931078493,0.8313562900687167,score threshold,0.299,baseline auto mcdm,y_any_risk
26956,0.673916847921198,0.8024187564920612,0.8627153797064454,0.8314753594218498,score threshold,0.3,baseline auto mcdm,y_any_risk
26889,0.6722418060451512,0.803525605266094,0.861758136566688,0.8316237177883412,score threshold,0.301,baseline auto mcdm,y_any_risk
26832,0.6708167704192605,0.8044499105545617,0.8609205488194002,0.8317278051787916,score threshold,0.302,baseline auto mcdm,y_any_risk
26802,0.6700667516687917,0.8050891724498171,0.8606413529036375,0.8319389289432085,score threshold,0.303,baseline auto mcdm,y_any_risk
26762,0.6690667266681667,0.8058814737314102,0.860202616464582,0.8321564995948605,score threshold,0.304,baseline auto mcdm,y_any_risk
26706,0.6676666916672916,0.8070845502883247,0.85968410976388,0.8325543667194562,score threshold,0.305,baseline auto mcdm,y_any_risk
26671,0.6667916697917448,0.8078062314873833,0.8593251435864709,0.8327696500009664,score threshold,0.306,baseline auto mcdm,y_any_risk
26632,0.6658166454161354,0.8086512466206068,0.8589661774090619,0.8330496673371499,score threshold,0.307,baseline auto mcdm,y_any_risk
26605,0.6651416285407136,0.80917120841947,0.858647096362476,0.8331753004237862,score threshold,0.308,baseline auto mcdm,y_any_risk
26546,0.6636665916647916,0.8101785579748362,0.8578095086151882,0.8333139602464257,score threshold,0.309,baseline auto mcdm,y_any_risk
26518,0.6629665741643541,0.8105437815823214,0.8572910019144863,0.8332622601279318,score threshold,0.31,baseline auto mcdm,y_any_risk
26464,0.6616165404135104,0.8115553204353083,0.8566129546904914,0.8334756286867433,score threshold,0.311,baseline auto mcdm,y_any_risk
26431,0.6607915197879947,0.8121902311679468,0.8562141033822591,0.8336213424460711,score threshold,0.312,baseline auto mcdm,y_any_risk
26386,0.6596664916622915,0.8130826953687561,0.8556955966815571,0.8338450775389639,score threshold,0.313,baseline auto mcdm,y_any_risk
26353,0.6588414710367759,0.8136075589116989,0.8551770899808552,0.8338745746232378,score threshold,0.314,baseline auto mcdm,y_any_risk
26308,0.6577164429110728,0.8143910597536871,0.8545389278876835,0.8339820942000779,score threshold,0.315,baseline auto mcdm,y_any_risk
26273,0.6568414210355259,0.8149050355878659,0.853940650925335,0.8339663063589444,score threshold,0.316,baseline auto mcdm,y_any_risk
26238,0.655966399159979,0.8155728332952207,0.8535019144862795,0.834106412005457,score threshold,0.317,baseline auto mcdm,y_any_risk
26157,0.6539413485337133,0.8169897159460183,0.8523452456924059,0.8342930761873157,score threshold,0.318,baseline auto mcdm,y_any_risk
26046,0.6511662791569789,0.8183598249251325,0.8501515634971283,0.8339528150553621,score threshold,0.319,baseline auto mcdm,y_any_risk
25954,0.6488662216555414,0.8197965631501888,0.8486359285258456,0.833966997217105,score threshold,0.32,baseline auto mcdm,y_any_risk
25860,0.6465161629040727,0.821307037896365,0.8471202935545629,0.8340139794235452,score threshold,0.321,baseline auto mcdm,y_any_risk
25769,0.6442411060276507,0.8228491598432225,0.8457243139757499,0.8341299345016817,score threshold,0.322,baseline auto mcdm,y_any_risk
25665,0.6416410410260257,0.8241184492499513,0.8436104020421187,0.8337505173739086,score threshold,0.323,baseline auto mcdm,y_any_risk
25597,0.6399409985249631,0.8253310934875181,0.8426132737715379,0.833882650141112,score threshold,0.324,baseline auto mcdm,y_any_risk
25474,0.6368659216480412,0.8270785899348355,0.8403398213146139,0.8336564713330432,score threshold,0.325,baseline auto mcdm,y_any_risk
25389,0.6347408685217131,0.8286659576982157,0.8391432673899171,0.8338717028992687,score threshold,0.326,baseline auto mcdm,y_any_risk
25317,0.632940823520588,0.8302721491487933,0.8383854499042757,0.834309075393439,score threshold,0.327,baseline auto mcdm,y_any_risk
25227,0.6306907672691817,0.8320846711856345,0.837228781110402,0.8346488001749538,score threshold,0.328,baseline auto mcdm,y_any_risk
25140,0.6285157128928224,0.833890214797136,0.8361518825781749,0.8350195172468733,score threshold,0.329,baseline auto mcdm,y_any_risk
25070,0.6267656691417286,0.8351416035101715,0.8350749840459477,0.8351082924494436,score threshold,0.33,baseline auto mcdm,y_any_risk
24963,0.6240906022650566,0.837279173176301,0.8336391193363114,0.8354551813730389,score threshold,0.331,baseline auto mcdm,y_any_risk
24785,0.6196404910122753,0.8402662900948155,0.8306477345245692,0.8354293278777303,score threshold,0.332,baseline auto mcdm,y_any_risk
24712,0.6178154453861346,0.8418986727096147,0.8298101467772814,0.8358107022336494,score threshold,0.333,baseline auto mcdm,y_any_risk
24642,0.6160654016350409,0.8432351270189108,0.8287731333758774,0.8359415858711832,score threshold,0.334,baseline auto mcdm,y_any_risk
24583,0.614590364759119,0.8444860269291787,0.8280153158902361,0.8361695700332293,score threshold,0.335,baseline auto mcdm,y_any_risk
24519,0.612990324758119,0.845915412537216,0.8272574984045947,0.836482426246698,score threshold,0.336,baseline auto mcdm,y_any_risk
24465,0.6116402910072751,0.847005926834253,0.8264996809189534,0.8366271675717141,score threshold,0.337,baseline auto mcdm,y_any_risk
24384,0.6096152403810096,0.848753280839895,0.8254626675175495,0.8369459721772889,score threshold,0.338,baseline auto mcdm,y_any_risk
24330,0.6082652066301657,0.8500205507603781,0.824864390555201,0.8372535524877536,score threshold,0.339,baseline auto mcdm,y_any_risk
24282,0.6070651766294157,0.8510831068281032,0.8242661135928526,0.8374599829801029,score threshold,0.34,baseline auto mcdm,y_any_risk
24218,0.6054651366284157,0.8527128582046412,0.8236678366305041,0.8379387299655102,score threshold,0.341,baseline auto mcdm,y_any_risk
24176,0.6044151103777594,0.853656518861681,0.8231493299298022,0.8381254061078622,score threshold,0.342,baseline auto mcdm,y_any_risk
24074,0.6018650466261657,0.8556949405998172,0.8216336949585195,0.8383184796321166,score threshold,0.343,baseline auto mcdm,y_any_risk
24014,0.6003650091252282,0.8568335137836263,0.8206764518187619,0.8383653180132828,score threshold,0.34400000000000003,baseline auto mcdm,y_any_risk
23963,0.5990899772494312,0.8578642073196178,0.8199186343331206,0.8384623228306312,score threshold,0.34500000000000003,baseline auto mcdm,y_any_risk
23924,0.5981149528738219,0.858552081591707,0.8192405871091257,0.83843579067679,score threshold,0.34600000000000003,baseline auto mcdm,y_any_risk
23878,0.5969649241231031,0.8594522154284279,0.8185226547543076,0.838488253319714,score threshold,0.34700000000000003,baseline auto mcdm,y_any_risk
23845,0.5961399034975874,0.8600964562801426,0.8180041480536057,0.8385223950773759,score threshold,0.34800000000000003,baseline auto mcdm,y_any_risk
23816,0.5954148853721343,0.8607658716829023,0.8176451818761965,0.8386516118474882,score threshold,0.34900000000000003,baseline auto mcdm,y_any_risk
23782,0.594564864121603,0.8613236901858549,0.8170070197830249,0.8385802595488598,score threshold,0.35000000000000003,baseline auto mcdm,y_any_risk
23742,0.593564839120978,0.8620166793025019,0.8162890874282067,0.8385299299381325,score threshold,0.35100000000000003,baseline auto mcdm,y_any_risk
23702,0.592564814120353,0.8628385790228673,0.8156908104658583,0.8386025341370402,score threshold,0.35200000000000004,baseline auto mcdm,y_any_risk
23660,0.5915147878696967,0.8634826711749789,0.8148532227185705,0.8384634326520561,score threshold,0.353,baseline auto mcdm,y_any_risk
23629,0.5907397684942124,0.8638114181725846,0.8140954052329291,0.8382168743968297,score threshold,0.354,baseline auto mcdm,y_any_risk
23585,0.5896397409935248,0.8645325418698325,0.8132578174856413,0.8381116797172041,score threshold,0.355,baseline auto mcdm,y_any_risk
23528,0.5882147053676342,0.8659469568174091,0.8126196553924697,0.8384362139917696,score threshold,0.356,baseline auto mcdm,y_any_risk
23494,0.587364684117103,0.8668170596748106,0.8122606892150607,0.8386525552855908,score threshold,0.357,baseline auto mcdm,y_any_risk
23457,0.5864396609915248,0.86758750053289,0.8117022973835354,0.8387149951575347,score threshold,0.358,baseline auto mcdm,y_any_risk
23422,0.5855646391159779,0.8683716164289984,0.8112236758136566,0.8388254217016539,score threshold,0.359,baseline auto mcdm,y_any_risk
23387,0.584689617240431,0.869243596870056,0.8108248245054244,0.83901855176541,score threshold,0.36,baseline auto mcdm,y_any_risk
23367,0.5841896047401185,0.8696452261736637,0.8105057434588385,0.8390346621523979,score threshold,0.361,baseline auto mcdm,y_any_risk
23331,0.583289582239556,0.86995842441387,0.8095485003190811,0.8386670247711918,score threshold,0.362,baseline auto mcdm,y_any_risk
23312,0.5828145703642591,0.8701098146877145,0.809029993618379,0.8384589947089947,score threshold,0.363,baseline auto mcdm,y_any_risk
23278,0.5819645491137279,0.8707363175530544,0.8084317166560306,0.8384281282316443,score threshold,0.364,baseline auto mcdm,y_any_risk
23234,0.5808645216130404,0.8716536110871997,0.8077536694320357,0.8384879725085911,score threshold,0.365,baseline auto mcdm,y_any_risk
23213,0.5803395084877122,0.8722267694826175,0.8075542437779196,0.8386455420938179,score threshold,0.366,baseline auto mcdm,y_any_risk
23181,0.5795394884872122,0.8726974677537639,0.8068761965539247,0.8384970882639421,score threshold,0.367,baseline auto mcdm,y_any_risk
23153,0.5788394709867747,0.8731049971925884,0.8062779195915762,0.8383618455158113,score threshold,0.368,baseline auto mcdm,y_any_risk
23133,0.5783394584864622,0.873427571002464,0.805879068283344,0.8382947826988901,score threshold,0.369,baseline auto mcdm,y_any_risk
23106,0.5776644416110402,0.8738422920453562,0.8053206764518187,0.8381834032130848,score threshold,0.37,baseline auto mcdm,y_any_risk
23062,0.5765644141103528,0.8745989072933831,0.804483088704531,0.8380770349441143,score threshold,0.371,baseline auto mcdm,y_any_risk
22997,0.5749393734843371,0.8757229203809193,0.8032466496490108,0.8379204892966361,score threshold,0.372,baseline auto mcdm,y_any_risk
22956,0.5739143478586964,0.8768078062380206,0.8028079132099554,0.8381777296576997,score threshold,0.373,baseline auto mcdm,y_any_risk
22913,0.5728393209830246,0.877711342905774,0.8021298659859605,0.838220277169949,score threshold,0.374,baseline auto mcdm,y_any_risk
22881,0.5720393009825245,0.8781521786635199,0.8014119336311423,0.838028903301149,score threshold,0.375,baseline auto mcdm,y_any_risk
22865,0.5716392909822745,0.878373059260879,0.8010529674537332,0.8379331205540606,score threshold,0.376,baseline auto mcdm,y_any_risk
22832,0.5708142703567589,0.8790294323756132,0.800494575622208,0.8379258517034068,score threshold,0.377,baseline auto mcdm,y_any_risk
22802,0.5700642516062902,0.8795719673712832,0.7999361837906829,0.8378660650875214,score threshold,0.378,baseline auto mcdm,y_any_risk
22774,0.5693642341058527,0.8802142794414684,0.7995373324824505,0.8379383856539732,score threshold,0.379,baseline auto mcdm,y_any_risk
22718,0.5679641991049776,0.8816357073686064,0.7988592852584556,0.8382088302992258,score threshold,0.38,baseline auto mcdm,y_any_risk
22696,0.5674141853546338,0.8820497003877336,0.7984604339502234,0.8381761848936526,score threshold,0.381,baseline auto mcdm,y_any_risk
22666,0.5666641666041651,0.8824671313862172,0.7977823867262285,0.8379906992333152,score threshold,0.382,baseline auto mcdm,y_any_risk
22641,0.5660391509787744,0.8829998674970186,0.7973835354179962,0.8380106050761846,score threshold,0.383,baseline auto mcdm,y_any_risk
22621,0.5655391384784619,0.8834711109146368,0.7971043395022336,0.8380684796511019,score threshold,0.384,baseline auto mcdm,y_any_risk
22592,0.5648141203530088,0.8839412181303116,0.7965060625398851,0.8379489761664988,score threshold,0.385,baseline auto mcdm,y_any_risk
22564,0.5641141028525714,0.8845062932104237,0.7960274409700063,0.8379376941808716,score threshold,0.386,baseline auto mcdm,y_any_risk
22549,0.563739093477337,0.8848729433677769,0.7958280153158902,0.837991642342664,score threshold,0.387,baseline auto mcdm,y_any_risk
22528,0.5632140803520088,0.8852982954545454,0.7954690491384812,0.837983193277311,score threshold,0.388,baseline auto mcdm,y_any_risk
22498,0.56246406160154,0.88590096897502,0.7949505424377792,0.8379651040571789,score threshold,0.389,baseline auto mcdm,y_any_risk
22476,0.5619140478511963,0.8862342053746218,0.7944719208679004,0.8378480693194246,score threshold,0.39,baseline auto mcdm,y_any_risk
22464,0.5616140403510088,0.8865740740740741,0.7943522654754308,0.8379333557724672,score threshold,0.391,baseline auto mcdm,y_any_risk
22426,0.560664016600415,0.8871845179702131,0.7935545628589662,0.8377615899616826,score threshold,0.392,baseline auto mcdm,y_any_risk
22398,0.5599639990999775,0.8874453076167514,0.7927967453733248,0.8374552348851907,score threshold,0.393,baseline auto mcdm,y_any_risk
22382,0.5595639890997275,0.88763291931016,0.7923978940650925,0.8373161377333839,score threshold,0.394,baseline auto mcdm,y_any_risk
22367,0.5591889797244931,0.8879152322618142,0.7921186981493299,0.8372857775248214,score threshold,0.395,baseline auto mcdm,y_any_risk
22345,0.5586389659741493,0.8884761691653614,0.7918395022335674,0.8373789990931523,score threshold,0.396,baseline auto mcdm,y_any_risk
21284,0.5321133028325709,0.8991730877654576,0.7633216336949585,0.825696781430667,score threshold,0.397,baseline auto mcdm,y_any_risk
21261,0.5315382884572114,0.8996284276374582,0.762882897255903,0.825631839077979,score threshold,0.398,baseline auto mcdm,y_any_risk
21247,0.5311882797069927,0.8999388148915141,0.7626435864709636,0.8256223148168138,score threshold,0.399,baseline auto mcdm,y_any_risk
21233,0.5308382709567739,0.900061225450949,0.7622447351627313,0.825440017276752,score threshold,0.4,baseline auto mcdm,y_any_risk
21209,0.530238255956399,0.9005139327643925,0.7617661135928526,0.8253494954733044,score threshold,0.401,baseline auto mcdm,y_any_risk
21198,0.529963249081227,0.9007925275969431,0.7616065730695597,0.825372811757078,score threshold,0.402,baseline auto mcdm,y_any_risk
21182,0.529563239080977,0.9010480596733075,0.7612476068921507,0.8252691659099753,score threshold,0.403,baseline auto mcdm,y_any_risk
21173,0.5293382334558364,0.9011949180560147,0.7610481812380344,0.8252135365985512,score threshold,0.404,baseline auto mcdm,y_any_risk
21155,0.5288882222055551,0.9015835499881825,0.7607291001914487,0.8251887425097887,score threshold,0.405,baseline auto mcdm,y_any_risk
21145,0.5286382159553988,0.9016788838969023,0.760449904275686,0.82506437025337,score threshold,0.406,baseline auto mcdm,y_any_risk
21127,0.5281882047051176,0.9017844464429403,0.7598915124441609,0.8247797571376004,score threshold,0.40700000000000003,baseline auto mcdm,y_any_risk
21122,0.5280632015800395,0.9019032288609033,0.7598117421825143,0.8247824392778282,score threshold,0.40800000000000003,baseline auto mcdm,y_any_risk
21108,0.5277131928298208,0.9019329164297897,0.7593331206126356,0.824512776093547,score threshold,0.40900000000000003,baseline auto mcdm,y_any_risk
21095,0.5273881847046176,0.9021569092201943,0.759053924696873,0.8244417007819438,score threshold,0.41000000000000003,baseline auto mcdm,y_any_risk
21078,0.526963174079352,0.9024575386659076,0.7586949585194639,0.8243553629469123,score threshold,0.41100000000000003,baseline auto mcdm,y_any_risk
21071,0.5267881697042426,0.9025675098476579,0.7585354179961711,0.8243070454890232,score threshold,0.41200000000000003,baseline auto mcdm,y_any_risk
21061,0.5265381634540863,0.9027586534352595,0.7583359923420548,0.8242689614809355,score threshold,0.41300000000000003,baseline auto mcdm,y_any_risk
21049,0.5262381559538989,0.9030357736709582,0.7581365666879387,0.8242666030658485,score threshold,0.41400000000000003,baseline auto mcdm,y_any_risk
21037,0.5259381484537113,0.9032181394685554,0.7578573707721762,0.8241774924635104,score threshold,0.41500000000000004,baseline auto mcdm,y_any_risk
21033,0.5258381459536489,0.9032948224219084,0.7577776005105297,0.8241622383689404,score threshold,0.41600000000000004,baseline auto mcdm,y_any_risk
21029,0.5257381434535864,0.9033715345475296,0.7576978302488833,0.8241469816272966,score threshold,0.41700000000000004,baseline auto mcdm,y_any_risk
21023,0.5255881397034926,0.903629358321838,0.7576978302488833,0.8242542575116607,score threshold,0.418,baseline auto mcdm,y_any_risk
21012,0.5253131328283207,0.9037692747001713,0.7574186343331206,0.8241472094436247,score threshold,0.419,baseline auto mcdm,y_any_risk
21004,0.5251131278281957,0.9039706722529042,0.7572989789406509,0.8241600833405678,score threshold,0.42,baseline auto mcdm,y_any_risk
20999,0.5249881247031176,0.9040430496690318,0.7571793235481813,0.8241192941329687,score threshold,0.421,baseline auto mcdm,y_any_risk
20991,0.5247881197029926,0.9041493973607737,0.7569798978940651,0.8240453292230207,score threshold,0.422,baseline auto mcdm,y_any_risk
20982,0.5245631140778519,0.9042512629873225,0.7567405871091257,0.8239458027532897,score threshold,0.423,baseline auto mcdm,y_any_risk
20972,0.5243131078276957,0.9043486553499904,0.7564613911933631,0.8238206932499349,score threshold,0.424,baseline auto mcdm,y_any_risk
20963,0.5240881022025551,0.9044506988503553,0.7562220804084238,0.8237210817855979,score threshold,0.425,baseline auto mcdm,y_any_risk
20955,0.52388809720243,0.9045573848723455,0.7560226547543076,0.8236469898103287,score threshold,0.426,baseline auto mcdm,y_any_risk
20944,0.5236130903272582,0.9048414820473644,0.7558631142310147,0.8236700278164116,score threshold,0.427,baseline auto mcdm,y_any_risk
20939,0.5234880872021801,0.9049620325708009,0.7557833439693682,0.8236726000304275,score threshold,0.428,baseline auto mcdm,y_any_risk
20928,0.5232130803270082,0.9052465596330275,0.7556238034460753,0.823695652173913,score threshold,0.429,baseline auto mcdm,y_any_risk
20922,0.5230630765769144,0.9053149794474715,0.7554642629227823,0.8236291690220463,score threshold,0.43,baseline auto mcdm,y_any_risk
20913,0.5228380709517738,0.9054654999282743,0.7552648372686662,0.8235729042078939,score threshold,0.431,baseline auto mcdm,y_any_risk
20902,0.5225630640766019,0.905702803559468,0.7550654116145501,0.8235524426849958,score threshold,0.432,baseline auto mcdm,y_any_risk
20890,0.5222630565764144,0.9057922450933461,0.754706445437141,0.8233758322092163,score threshold,0.433,baseline auto mcdm,y_any_risk
20881,0.5220380509512738,0.905847421100522,0.7544272495213784,0.8232324331382064,score threshold,0.434,baseline auto mcdm,y_any_risk
20875,0.52188804720118,0.9059640718562875,0.7543075941289088,0.8232093499031493,score threshold,0.435,baseline auto mcdm,y_any_risk
20868,0.5217130428260707,0.9060283687943262,0.7541081684747926,0.8231171092729648,score threshold,0.436,baseline auto mcdm,y_any_risk
20858,0.5214630365759144,0.9061271454597756,0.75382897255903,0.8229915088177662,score threshold,0.437,baseline auto mcdm,y_any_risk
20850,0.5212630315757893,0.9063309352517985,0.7537093171665603,0.8230042245546797,score threshold,0.438,baseline auto mcdm,y_any_risk
20843,0.52108802720068,0.9063474547809817,0.753470006381621,0.8228683436785365,score threshold,0.439,baseline auto mcdm,y_any_risk
20839,0.5209880247006176,0.9064734392245309,0.7534301212507977,0.8228964736119884,score threshold,0.44,baseline auto mcdm,y_any_risk
20829,0.5207380184504613,0.9066685870661098,0.7532306955966815,0.8228578898063224,score threshold,0.441,baseline auto mcdm,y_any_risk
20823,0.5205880147003675,0.906785765739807,0.7531110402042118,0.822834731452228,score threshold,0.442,baseline auto mcdm,y_any_risk
20817,0.5204380109502738,0.9069510496229044,0.7530312699425654,0.8228551504717906,score threshold,0.443,baseline auto mcdm,y_any_risk
20808,0.5202130053251331,0.9071030372933487,0.7528318442884493,0.8227986050566696,score threshold,0.444,baseline auto mcdm,y_any_risk
20805,0.5201380034500862,0.9071377072819033,0.7527520740268028,0.8227652200449027,score threshold,0.445,baseline auto mcdm,y_any_risk
20795,0.51988799719993,0.9072854051454676,0.7525127632418634,0.8226829746876839,score threshold,0.446,baseline auto mcdm,y_any_risk
20786,0.5196629915747893,0.9073414798422015,0.7522335673261008,0.8225391425705438,score threshold,0.447,baseline auto mcdm,y_any_risk
20782,0.5195629890747269,0.9074680011548455,0.7521936821952776,0.8225672787543071,score threshold,0.448,baseline auto mcdm,y_any_risk
20772,0.5193129828245706,0.9076641632967456,0.7519942565411615,0.822528575167961,score threshold,0.449,baseline auto mcdm,y_any_risk
20760,0.5190129753243831,0.9078034682080924,0.7516751754945756,0.8223948333042416,score threshold,0.45,baseline auto mcdm,y_any_risk
20745,0.5186379659491487,0.9080742347553628,0.7513560944479898,0.8223148612960255,score threshold,0.451,baseline auto mcdm,y_any_risk
20733,0.5183379584489612,0.9081174938503834,0.7509572431397575,0.8220936578976095,score threshold,0.452,baseline auto mcdm,y_any_risk
20709,0.5177379434485863,0.9083490269930948,0.7502791959157626,0.8217819619492802,score threshold,0.453,baseline auto mcdm,y_any_risk
20699,0.51748793719843,0.9083530605343253,0.7499202297383536,0.821568241899893,score threshold,0.454,baseline auto mcdm,y_any_risk
20685,0.5171379284482112,0.9084844089920232,0.7495213784301212,0.8213825207072142,score threshold,0.455,baseline auto mcdm,y_any_risk
20675,0.5168879221980549,0.9085368802902055,0.7492022973835354,0.8212123199335476,score threshold,0.456,baseline auto mcdm,y_any_risk
20666,0.5166629165729143,0.9087389915803735,0.7490427568602425,0.8211990030171848,score threshold,0.457,baseline auto mcdm,y_any_risk
20649,0.5162379059476487,0.908906000290571,0.7485641352903637,0.820979418647886,score threshold,0.458,baseline auto mcdm,y_any_risk
20644,0.5161129028225706,0.908980817670994,0.7484444798978941,0.820937964826319,score threshold,0.459,baseline auto mcdm,y_any_risk
20633,0.5158378959473987,0.9091261571269326,0.7481652839821314,0.8208292309375342,score threshold,0.46,baseline auto mcdm,y_any_risk
20625,0.5156378909472736,0.9092363636363636,0.7479658583280153,0.8207540976431713,score threshold,0.461,baseline auto mcdm,y_any_risk
20617,0.5154378859471487,0.9092496483484503,0.7476866624122527,0.8205913896123793,score threshold,0.462,baseline auto mcdm,y_any_risk
20593,0.5148378709467737,0.9092410042247365,0.7468091895341417,0.8200591262454834,score threshold,0.463,baseline auto mcdm,y_any_risk
20583,0.5145878646966174,0.9093426614196182,0.746529993618379,0.8199320994414632,score threshold,0.464,baseline auto mcdm,y_any_risk
20569,0.5142378559463987,0.9094268073314211,0.7460912571793236,0.8197015841020135,score threshold,0.465,baseline auto mcdm,y_any_risk
20559,0.5139878496962424,0.9095286735736174,0.7458120612635609,0.8195744121321031,score threshold,0.466,baseline auto mcdm,y_any_risk
20548,0.5137128428210705,0.9096749075335799,0.7455328653477984,0.8194651468654099,score threshold,0.467,baseline auto mcdm,y_any_risk
20541,0.5135378384459611,0.9096928095029453,0.745293554562859,0.8193278232082959,score threshold,0.468,baseline auto mcdm,y_any_risk
20538,0.5134628365709143,0.9096796182685754,0.7451738991703892,0.8192501644376233,score threshold,0.46900000000000003,baseline auto mcdm,y_any_risk
20514,0.5128628215705393,0.9098176854830847,0.7444160816847479,0.818847891896635,score threshold,0.47000000000000003,baseline auto mcdm,y_any_risk
20499,0.5124878121953049,0.9099956095419289,0.7440172303765157,0.8186785455662593,score threshold,0.47100000000000003,baseline auto mcdm,y_any_risk
20491,0.5122878071951799,0.9101556781025816,0.7438576898532228,0.8186467089524395,score threshold,0.47200000000000003,baseline auto mcdm,y_any_risk
20478,0.5119627990699768,0.9102451411270632,0.7434588385449904,0.8184412733260154,score threshold,0.47300000000000003,baseline auto mcdm,y_any_risk
20455,0.5113877846946173,0.9105353214373014,0.742860561582642,0.8181957959013333,score threshold,0.47400000000000003,baseline auto mcdm,y_any_risk
20436,0.5109127728193205,0.9105010765316108,0.7421426292278238,0.8177463303155489,score threshold,0.47500000000000003,baseline auto mcdm,y_any_risk
20414,0.5103627590689768,0.9108454981875184,0.7416241225271218,0.8175702413929561,score threshold,0.47600000000000003,baseline auto mcdm,y_any_risk
20405,0.510137753443836,0.9108551825532958,0.7413050414805361,0.8173802141741979,score threshold,0.47700000000000004,baseline auto mcdm,y_any_risk
20388,0.5097127428185705,0.9108789484010202,0.7407067645181876,0.8170259568851738,score threshold,0.47800000000000004,baseline auto mcdm,y_any_risk
20372,0.5093127328183205,0.910956214411938,0.7401882578174857,0.8167414840242936,score threshold,0.47900000000000004,baseline auto mcdm,y_any_risk
20354,0.5088627215680392,0.9110739903704431,0.7396298659859605,0.8164487298023159,score threshold,0.48000000000000004,baseline auto mcdm,y_any_risk
20333,0.5083377084427111,0.9111788717847834,0.7389518187619656,0.8160775245017069,score threshold,0.481,baseline auto mcdm,y_any_risk
20309,0.5077376934423361,0.9113693436407504,0.7382338864071474,0.8157158282100438,score threshold,0.482,baseline auto mcdm,y_any_risk
20288,0.507212680317008,0.9116719242902208,0.7377153797064454,0.8155202821869488,score threshold,0.483,baseline auto mcdm,y_any_risk
20263,0.5065876646916173,0.9118590534471697,0.7369575622208041,0.815131796625124,score threshold,0.484,baseline auto mcdm,y_any_risk
20242,0.5060626515662892,0.9119158185950005,0.736239629865986,0.8147150990863751,score threshold,0.485,baseline auto mcdm,y_any_risk
20214,0.5053626340658517,0.9120411595923618,0.7353222718570517,0.8142030649648898,score threshold,0.486,baseline auto mcdm,y_any_risk
20193,0.5048376209405235,0.9121477739810826,0.7346442246330568,0.8138296697227438,score threshold,0.487,baseline auto mcdm,y_any_risk
20169,0.5042376059401485,0.9123407209083246,0.7339262922782387,0.8134656616785659,score threshold,0.488,baseline auto mcdm,y_any_risk
20160,0.5040126003150078,0.9124007936507936,0.733647096362476,0.8133180049522462,score threshold,0.489,baseline auto mcdm,y_any_risk
20150,0.5037625940648516,0.9124565756823821,0.7333280153158902,0.8131440449338817,score threshold,0.49,baseline auto mcdm,y_any_risk
20129,0.5032375809395235,0.9126136420090417,0.7326898532227186,0.8128138757992079,score threshold,0.491,baseline auto mcdm,y_any_risk
20113,0.5028375709392735,0.9126435638641675,0.7321314613911933,0.8124820183689277,score threshold,0.492,baseline auto mcdm,y_any_risk
20087,0.5021875546888672,0.9128291930104048,0.7313337587747287,0.8120640403906199,score threshold,0.493,baseline auto mcdm,y_any_risk
20056,0.5014125353133828,0.9129437574790586,0.7302967453733248,0.81146959758908,score threshold,0.494,baseline auto mcdm,y_any_risk
20038,0.5009625240631016,0.9129154606248129,0.7296186981493299,0.8110396807803147,score threshold,0.495,baseline auto mcdm,y_any_risk
20020,0.5005125128128203,0.9128371628371629,0.7289007657945118,0.8105650669741861,score threshold,0.496,baseline auto mcdm,y_any_risk
19985,0.49963749093727344,0.9130347760820615,0.7277839821314613,0.8099518387819873,score threshold,0.497,baseline auto mcdm,y_any_risk
19938,0.49846246156153906,0.9131307051860769,0.726148691767709,0.808975783159298,score threshold,0.498,baseline auto mcdm,y_any_risk
19903,0.49758743968599217,0.9132794051148068,0.7249920229738354,0.8083157309616453,score threshold,0.499,baseline auto mcdm,y_any_risk
19868,0.4967124178104453,0.9135292933360177,0.7239151244416082,0.807743658210948,score threshold,0.5,baseline auto mcdm,y_any_risk
19829,0.49573739343483586,0.913712239648999,0.7226388002552648,0.8070198881984811,score threshold,0.501,baseline auto mcdm,y_any_risk
19788,0.49471236780919525,0.9141398827572266,0.7214821314613912,0.8064645563976817,score threshold,0.502,baseline auto mcdm,y_any_risk
19764,0.4941123528088202,0.9142886055454361,0.7207243139757499,0.8060487108573468,score threshold,0.503,baseline auto mcdm,y_any_risk
19710,0.49276231905797646,0.9143581938102486,0.7188098276962348,0.8048769594926533,score threshold,0.504,baseline auto mcdm,y_any_risk
19687,0.49218730468261707,0.9144613196525626,0.7180520102105935,0.8044415648249514,score threshold,0.505,baseline auto mcdm,y_any_risk
19640,0.4910122753068827,0.9144602851323829,0.7163369495851947,0.8033637502236536,score threshold,0.506,baseline auto mcdm,y_any_risk
19613,0.4903372584314608,0.9144445010962117,0.7153398213146139,0.8027302226697998,score threshold,0.507,baseline auto mcdm,y_any_risk
19576,0.4894122353058826,0.9143849611769513,0.7139438417358009,0.8018276294570865,score threshold,0.508,baseline auto mcdm,y_any_risk
19551,0.488787219680492,0.9142754846299422,0.7129467134652202,0.8011563543464133,score threshold,0.509,baseline auto mcdm,y_any_risk
19509,0.48773719342983574,0.9143984827515506,0.7115108487555839,0.8002960902626679,score threshold,0.51,baseline auto mcdm,y_any_risk
19471,0.48678716967924196,0.9145909301011761,0.7102744097000638,0.7995869160137395,score threshold,0.511,baseline auto mcdm,y_any_risk
19441,0.4860371509287732,0.9147163211768942,0.7092772814294831,0.7990025385842339,score threshold,0.512,baseline auto mcdm,y_any_risk
19423,0.485587139678492,0.9146887710446377,0.7085992342054882,0.798561636138892,score threshold,0.513,baseline auto mcdm,y_any_risk
19388,0.4847121178029451,0.9149989684340829,0.7075622208040843,0.7980206927575348,score threshold,0.514,baseline auto mcdm,y_any_risk
19351,0.4837870946773669,0.9151465040566379,0.7063257817485641,0.7972896922765235,score threshold,0.515,baseline auto mcdm,y_any_risk
19311,0.4827870696767419,0.9151260939360986,0.7048500319081047,0.7963409413514183,score threshold,0.516,baseline auto mcdm,y_any_risk
19287,0.4821870546763669,0.9151241769067248,0.7039725590299937,0.7957798868324354,score threshold,0.517,baseline auto mcdm,y_any_risk
19245,0.48113702842571066,0.9154065991166537,0.7026563497128271,0.7950447909380147,score threshold,0.518,baseline auto mcdm,y_any_risk
19183,0.4795869896747419,0.9156023562529323,0.7005424377791959,0.7937634165631002,score threshold,0.519,baseline auto mcdm,y_any_risk
19123,0.47808695217380437,0.9158604821419234,0.6985481812380344,0.7925783459667384,score threshold,0.52,baseline auto mcdm,y_any_risk
19053,0.4763369084227106,0.9160237232981683,0.6961151882578175,0.7910708215297451,score threshold,0.521,baseline auto mcdm,y_any_risk
19022,0.4755618890472262,0.9160445799600463,0.694998404594767,0.7903569646663945,score threshold,0.522,baseline auto mcdm,y_any_risk
18983,0.4745868646716168,0.9159774535110362,0.6935226547543076,0.7893769152196118,score threshold,0.523,baseline auto mcdm,y_any_risk
18890,0.47226180654516364,0.915987294865008,0.6901324186343332,0.7871798371320686,score threshold,0.524,baseline auto mcdm,y_any_risk
18846,0.4711617790444761,0.9160564576037356,0.6885768985322271,0.7861924495650986,score threshold,0.525,baseline auto mcdm,y_any_risk
18815,0.47038675966899174,0.9160775976614404,0.6874601148691768,0.7854717797981179,score threshold,0.526,baseline auto mcdm,y_any_risk
18772,0.46931173279331984,0.9162582569784786,0.6860242501595405,0.784599945260469,score threshold,0.527,baseline auto mcdm,y_any_risk
18687,0.4671866796669917,0.9168405843634613,0.6833519463943841,0.7830617701501406,score threshold,0.528,baseline auto mcdm,y_any_risk
18619,0.46548663716592914,0.9171276652881465,0.6810784939374601,0.7816712824151427,score threshold,0.529,baseline auto mcdm,y_any_risk
18580,0.4645116127903198,0.9173304628632939,0.6798021697511167,0.7809035095757354,score threshold,0.53,baseline auto mcdm,y_any_risk
18545,0.4636365909147729,0.917497977891615,0.6786455009572432,0.7802003805855515,score threshold,0.531,baseline auto mcdm,y_any_risk
18515,0.4628865721643041,0.9176343505266,0.6776483726866624,0.7795902447977608,score threshold,0.532,baseline auto mcdm,y_any_risk
18459,0.4614865371634291,0.9177095183921122,0.675654116145501,0.7782959270404999,score threshold,0.533,baseline auto mcdm,y_any_risk
18417,0.4604365109127728,0.9177933431069121,0.6741783663050415,0.7773459955391019,score threshold,0.534,baseline auto mcdm,y_any_risk
18372,0.4593114827870697,0.9178641410842586,0.6725829610721124,0.7763097320688702,score threshold,0.535,baseline auto mcdm,y_any_risk
18319,0.4579864496612415,0.9178994486598614,0.6706684747925973,0.7750455163513171,score threshold,0.536,baseline auto mcdm,y_any_risk
18288,0.45721143028575717,0.9180336832895888,0.6696314613911933,0.77440036900369,score threshold,0.537,baseline auto mcdm,y_any_risk
18248,0.45621140528513215,0.9181828145550197,0.6682753669432036,0.7735457063711911,score threshold,0.538,baseline auto mcdm,y_any_risk
18204,0.4551113777844446,0.9180949241924852,0.6666001914486279,0.7723911636935021,score threshold,0.539,baseline auto mcdm,y_any_risk
18154,0.45386134653366333,0.9182549300429658,0.6648851308232291,0.7712950539027437,score threshold,0.54,baseline auto mcdm,y_any_risk
18089,0.4522363059076477,0.9182376029631267,0.6624920229738354,0.7696763281666319,score threshold,0.541,baseline auto mcdm,y_any_risk
18051,0.4512862821570539,0.9185640684726608,0.6613353541799617,0.7690095772557568,score threshold,0.542,baseline auto mcdm,y_any_risk
17997,0.44993624840621016,0.9187642384841919,0.6595006381620931,0.767837655854559,score threshold,0.543,baseline auto mcdm,y_any_risk
17958,0.4489612240306008,0.9192003563871255,0.6583838544990428,0.7672321636067859,score threshold,0.544,baseline auto mcdm,y_any_risk
17896,0.447411185279632,0.9198703620920876,0.6565890236119974,0.7662446471792962,score threshold,0.545,baseline auto mcdm,y_any_risk
17849,0.4462361559038976,0.9201075690514875,0.6550335035098915,0.7652664197013117,score threshold,0.546,baseline auto mcdm,y_any_risk
17812,0.44531113277831946,0.9201661801033011,0.653717294192725,0.7643876504057457,score threshold,0.547,baseline auto mcdm,y_any_risk
17771,0.4442861071526788,0.9204321647628159,0.6524010848755584,0.7635786476203814,score threshold,0.548,baseline auto mcdm,y_any_risk
17723,0.4430860771519288,0.9206680584551148,0.6508056796426293,0.7625657202944269,score threshold,0.549,baseline auto mcdm,y_any_risk
17693,0.44233605840146006,0.9206465833945628,0.6496888959795788,0.7617911843797498,score threshold,0.55,baseline auto mcdm,y_any_risk
17637,0.440936023400585,0.9210183137721835,0.6478940650925336,0.760682760073989,score threshold,0.551,baseline auto mcdm,y_any_risk
17602,0.44006100152503813,0.9210317009430746,0.6466177409061902,0.7598069081876553,score threshold,0.552,baseline auto mcdm,y_any_risk
17529,0.43823595589889747,0.921786753380113,0.6444639438417358,0.7585737424004131,score threshold,0.553,baseline auto mcdm,y_any_risk
17493,0.43733593339833493,0.9217401246212771,0.643107849393746,0.7576177610713027,score threshold,0.554,baseline auto mcdm,y_any_risk
17467,0.4366859171479287,0.9218526364000686,0.642230376515635,0.7570464749994124,score threshold,0.555,baseline auto mcdm,y_any_risk
17428,0.4357108927723193,0.9219072756483819,0.640834396936822,0.7560941176470588,score threshold,0.556,baseline auto mcdm,y_any_risk
17388,0.43471086777169426,0.9221302047389004,0.6395181876196554,0.7552520018841262,score threshold,0.557,baseline auto mcdm,y_any_risk
17348,0.43371084277106925,0.9221812312658519,0.6380823229100191,0.7542668552569542,score threshold,0.558,baseline auto mcdm,y_any_risk
17309,0.4327358183954599,0.9222369865387948,0.6366863433312061,0.753309265944645,score threshold,0.559,baseline auto mcdm,y_any_risk
17267,0.4316857921448036,0.9223953205536572,0.6352504786215699,0.7523559838446822,score threshold,0.56,baseline auto mcdm,y_any_risk
17243,0.4310857771444286,0.9223452995418431,0.6343331206126356,0.7516956162117453,score threshold,0.561,baseline auto mcdm,y_any_risk
17193,0.4298357458936473,0.9222939568429012,0.6324585194639438,0.7503608186442683,score threshold,0.562,baseline auto mcdm,y_any_risk
17122,0.42806070151753794,0.9222637542343184,0.6298261008296108,0.7484950466891027,score threshold,0.5630000000000001,baseline auto mcdm,y_any_risk
17086,0.4271606790169754,0.9225096570291467,0.6286694320357371,0.7477584325632146,score threshold,0.5640000000000001,baseline auto mcdm,y_any_risk
17052,0.42631065776644417,0.9223551489561341,0.6273133375877473,0.7467476972747128,score threshold,0.5650000000000001,baseline auto mcdm,y_any_risk
17016,0.42541063526588163,0.9225434884814292,0.6261167836630505,0.7459608439460179,score threshold,0.5660000000000001,baseline auto mcdm,y_any_risk
16975,0.424385609640241,0.9225920471281296,0.624641033822591,0.7449282945275525,score threshold,0.5670000000000001,baseline auto mcdm,y_any_risk
16934,0.42336058401460036,0.922581788118578,0.6231253988513082,0.7438461172213493,score threshold,0.5680000000000001,baseline auto mcdm,y_any_risk
16896,0.4224105602640066,0.9225260416666666,0.6216895341416719,0.7428040411742279,score threshold,0.5690000000000001,baseline auto mcdm,y_any_risk
16872,0.4218105452636316,0.9225936462778568,0.6208519463943841,0.7422277322143811,score threshold,0.5700000000000001,baseline auto mcdm,y_any_risk
16842,0.42106052651316284,0.9226338914618216,0.619775047862157,0.7414706303383117,score threshold,0.5710000000000001,baseline auto mcdm,y_any_risk
16813,0.42033550838770967,0.922738357223577,0.6187779195915762,0.7407902590426166,score threshold,0.5720000000000001,baseline auto mcdm,y_any_risk
16721,0.41803545088627214,0.922851504096645,0.6154674537332483,0.7384490225635872,score threshold,0.5730000000000001,baseline auto mcdm,y_any_risk
16685,0.41713542838570966,0.9228648486664669,0.6141512444160817,0.7375050889671193,score threshold,0.5740000000000001,baseline auto mcdm,y_any_risk
16660,0.416510412760319,0.9228691476590636,0.6132338864071474,0.7368446276238857,score threshold,0.5750000000000001,baseline auto mcdm,y_any_risk
16637,0.41593539838495963,0.9228226242712028,0.6123564135290364,0.7361960248387638,score threshold,0.5760000000000001,baseline auto mcdm,y_any_risk
16624,0.4156103902597565,0.9228224254090471,0.6118777919591576,0.7358499616270145,score threshold,0.5770000000000001,baseline auto mcdm,y_any_risk
16600,0.4150103752593815,0.9227710843373494,0.6109604339502234,0.7351698982530236,score threshold,0.578,baseline auto mcdm,y_any_risk
16579,0.41448536213405335,0.9228542131612281,0.6102425015954053,0.7346762382655878,score threshold,0.579,baseline auto mcdm,y_any_risk
16553,0.41383534588364707,0.9228538633480335,0.6092852584556477,0.733981981981982,score threshold,0.58,baseline auto mcdm,y_any_risk
16536,0.41341033525838145,0.9228350266086115,0.608647096362476,0.7335127860026918,score threshold,0.581,baseline auto mcdm,y_any_risk
16504,0.41261031525788144,0.9226854095976733,0.6073707721761328,0.7325380026938618,score threshold,0.582,baseline auto mcdm,y_any_risk
16477,0.41193529838245957,0.9227407901923894,0.6064135290363752,0.7318587691641195,score threshold,0.583,baseline auto mcdm,y_any_risk
16445,0.41113527838195957,0.9229553055640012,0.6053765156349713,0.7311703639472987,score threshold,0.584,baseline auto mcdm,y_any_risk
16428,0.4107102677566939,0.9228755782809837,0.6046984684109764,0.7306506024096385,score threshold,0.585,baseline auto mcdm,y_any_risk
16413,0.4103352583814595,0.9228660208371413,0.6041400765794512,0.7302398457273713,score threshold,0.586,baseline auto mcdm,y_any_risk
16393,0.409835245881147,0.9229549197828342,0.6034620293554562,0.7297720969492343,score threshold,0.587,baseline auto mcdm,y_any_risk
16371,0.40928523213080326,0.9230957180379941,0.6027440970006381,0.7292908331925777,score threshold,0.588,baseline auto mcdm,y_any_risk
16351,0.40878521963049075,0.9231239679530304,0.60202616464582,0.7287738695893585,score threshold,0.589,baseline auto mcdm,y_any_risk
16331,0.40828520713017824,0.9231522870614169,0.6013082322910019,0.7282564065405889,score threshold,0.59,baseline auto mcdm,y_any_risk
16315,0.40788519712992827,0.923138216365308,0.6007099553286535,0.7278130814023728,score threshold,0.591,baseline auto mcdm,y_any_risk
16301,0.4075351883797095,0.9231335500889516,0.6001914486279515,0.7274309332173157,score threshold,0.592,baseline auto mcdm,y_any_risk
16278,0.4069601740043501,0.923024941639022,0.5992740906190173,0.7267230955259976,score threshold,0.593,baseline auto mcdm,y_any_risk
16250,0.4062601565039126,0.9229538461538461,0.59819719208679,0.7259087169062485,score threshold,0.594,baseline auto mcdm,y_any_risk
16219,0.4054851371284282,0.9231765213638325,0.5972000638162093,0.7252427889854932,score threshold,0.595,baseline auto mcdm,y_any_risk
16205,0.4051351283782095,0.9231718605368714,0.5966815571155073,0.7248588802480801,score threshold,0.596,baseline auto mcdm,y_any_risk
16194,0.4048601215030376,0.923181425219217,0.596282705807275,0.7245674405079242,score threshold,0.597,baseline auto mcdm,y_any_risk
16184,0.4046101152528813,0.9231957488877904,0.595923739629866,0.7243067675004847,score threshold,0.598,baseline auto mcdm,y_any_risk
16163,0.40408510212755316,0.9231578296108396,0.5951260370134014,0.7237055899114829,score threshold,0.599,baseline auto mcdm,y_any_risk
16144,0.4036100902522563,0.923191278493558,0.5944479897894065,0.7232142857142857,score threshold,0.6,baseline auto mcdm,y_any_risk
16127,0.4031850796269907,0.9231723197122838,0.5938098276962348,0.7227359887375907,score threshold,0.601,baseline auto mcdm,y_any_risk
16101,0.4025350633765844,0.9232345817029998,0.5928924696873006,0.7220751463337625,score threshold,0.602,baseline auto mcdm,y_any_risk
16095,0.4023850596264907,0.9233302267785026,0.5927329291640077,0.7219860567930624,score threshold,0.603,baseline auto mcdm,y_any_risk
16024,0.40061001525038126,0.9231777333999002,0.5900207402680281,0.7199240802024528,score threshold,0.604,baseline auto mcdm,y_any_risk
16016,0.40041001025025624,0.9231393606393606,0.5897016592214422,0.7196748442367601,score threshold,0.605,baseline auto mcdm,y_any_risk
16010,0.4002600065001625,0.9231730168644597,0.5895022335673261,0.7195365366827321,score threshold,0.606,baseline auto mcdm,y_any_risk
16000,0.40001000025000627,0.9231875,0.5891432673899171,0.719273470977795,score threshold,0.607,baseline auto mcdm,y_any_risk
15976,0.3994099852496312,0.9236980470706059,0.5885848755583918,0.7190118885207561,score threshold,0.608,baseline auto mcdm,y_any_risk
15965,0.3991349783744594,0.923645474475415,0.5881461391193363,0.7186685186538977,score threshold,0.609,baseline auto mcdm,y_any_risk
15958,0.39895997399934996,0.9236119814513097,0.5878669432035737,0.7184499146965635,score threshold,0.61,baseline auto mcdm,y_any_risk
15947,0.3986849671241781,0.9236219978679375,0.5874680918953414,0.7181550013408421,score threshold,0.611,baseline auto mcdm,y_any_risk
15939,0.3984849621240531,0.9237091411004454,0.587228781110402,0.7180024871375972,score threshold,0.612,baseline auto mcdm,y_any_risk
15935,0.3983849596239906,0.9237527455287103,0.5871091257179324,0.7179262077206331,score threshold,0.613,baseline auto mcdm,y_any_risk
15930,0.3982599564989125,0.9237915881983678,0.5869495851946395,0.7178186429930248,score threshold,0.614,baseline auto mcdm,y_any_risk
15921,0.39803495087377183,0.9237485082595315,0.5865906190172304,0.7175371404874002,score threshold,0.615,baseline auto mcdm,y_any_risk
15908,0.3977099427485687,0.9237490570781997,0.5861119974473517,0.717179111761835,score threshold,0.616,baseline auto mcdm,y_any_risk
15901,0.3975349383734593,0.9237154895918496,0.585832801531589,0.716959949234862,score threshold,0.617,baseline auto mcdm,y_any_risk
15895,0.3973849346233656,0.9236866939289085,0.5855934907466497,0.716772036028999,score threshold,0.618,baseline auto mcdm,y_any_risk
15884,0.3971099277481937,0.9236968018131453,0.5851946394384173,0.7164762183807012,score threshold,0.619,baseline auto mcdm,y_any_risk
15874,0.39685992149803745,0.9237117298727479,0.5848356732610083,0.7162115957602696,score threshold,0.62,baseline auto mcdm,y_any_risk
15864,0.3966099152478812,0.9236636409480585,0.584436821952776,0.7158979871018175,score threshold,0.621,baseline auto mcdm,y_any_risk
15847,0.3961849046226156,0.9237710607685997,0.5838784301212508,0.7155111317480877,score threshold,0.622,baseline auto mcdm,y_any_risk
15841,0.3960349008725218,0.9238684426488227,0.5837188895979579,0.715420526483025,score threshold,0.623,baseline auto mcdm,y_any_risk
15834,0.39585989649741243,0.9238979411393204,0.5834795788130185,0.7152495966361903,score threshold,0.624,baseline auto mcdm,y_any_risk
15821,0.3955348883722093,0.9240250300233867,0.5830807275047862,0.7149878952387939,score threshold,0.625,baseline auto mcdm,y_any_risk
15804,0.39510987774694367,0.9240065806125032,0.5824425654116145,0.7145023974948626,score threshold,0.626,baseline auto mcdm,y_any_risk
15789,0.3947348683717093,0.9241243903983786,0.5819639438417358,0.714177332909131,score threshold,0.627,baseline auto mcdm,y_any_risk
15774,0.3943598589964749,0.9241790287815392,0.5814454371410338,0.7138030651716202,score threshold,0.628,baseline auto mcdm,y_any_risk
15758,0.3939598489962249,0.9242924228963066,0.5809269304403318,0.7134459955914768,score threshold,0.629,baseline auto mcdm,y_any_risk
15743,0.3935848396209905,0.9244108492663407,0.5804483088704531,0.7131201764057332,score threshold,0.63,baseline auto mcdm,y_any_risk
15725,0.3931348283707093,0.9243879173290938,0.5797702616464582,0.712601416770841,score threshold,0.631,baseline auto mcdm,y_any_risk
15719,0.3929848246206155,0.9243590559195878,0.5795309508615188,0.7124120516780662,score threshold,0.632,baseline auto mcdm,y_any_risk
15709,0.39273481837045926,0.9244382201285887,0.579211869814933,0.7121944042568843,score threshold,0.633,baseline auto mcdm,y_any_risk
15692,0.39230980774519364,0.924547540147846,0.5786534779834078,0.7118045334118339,score threshold,0.634,baseline auto mcdm,y_any_risk
15661,0.39153478836970923,0.9248451567588276,0.5776962348436503,0.7111678491640685,score threshold,0.635,baseline auto mcdm,y_any_risk
15629,0.39073476836920923,0.9251391643739203,0.5766991065730696,0.7104985135500356,score threshold,0.636,baseline auto mcdm,y_any_risk
15600,0.3900097502437561,0.9251923076923076,0.5756620931716656,0.7097265932336743,score threshold,0.637,baseline auto mcdm,y_any_risk
15578,0.3894597364934123,0.9253434330466042,0.5749441608168475,0.7092250922509226,score threshold,0.638,baseline auto mcdm,y_any_risk
15548,0.38870971774294355,0.9255209673269874,0.5739470325462668,0.7085179714426391,score threshold,0.639,baseline auto mcdm,y_any_risk
15519,0.38798469961749044,0.9257039757716348,0.5729897894065092,0.7078416397723634,score threshold,0.64,baseline auto mcdm,y_any_risk
15474,0.3868596714917873,0.9262634095902804,0.5716735800893427,0.7069994574064026,score threshold,0.641,baseline auto mcdm,y_any_risk
15447,0.3861846546163654,0.9263287369715802,0.5707163369495852,0.7062859399294158,score threshold,0.642,baseline auto mcdm,y_any_risk
15423,0.3855846396159904,0.9263437722881411,0.5698388640714741,0.7056179775280899,score threshold,0.643,baseline auto mcdm,y_any_risk
15394,0.38485962149053726,0.9268546186826037,0.5690810465858328,0.7051845994167943,score threshold,0.644,baseline auto mcdm,y_any_risk
15368,0.384209605240131,0.926795939614784,0.5680839183152521,0.7044015825914935,score threshold,0.645,baseline auto mcdm,y_any_risk
15345,0.38363459086477164,0.9270120560443141,0.567365985960434,0.7039117203157087,score threshold,0.646,baseline auto mcdm,y_any_risk
15291,0.38228455711392784,0.927212085540514,0.5654913848117422,0.702524589351634,score threshold,0.647,baseline auto mcdm,y_any_risk
15217,0.3804345108627716,0.9275152789643162,0.5629387364390556,0.7006378912358212,score threshold,0.648,baseline auto mcdm,y_any_risk
15174,0.3793594839870997,0.9275075787531304,0.5613433312061263,0.6993986980072554,score threshold,0.649,baseline auto mcdm,y_any_risk
15116,0.3779094477361934,0.9280894416512305,0.5595485003190811,0.6981686075445407,score threshold,0.65,baseline auto mcdm,y_any_risk
15052,0.3763094077351934,0.9283151740632474,0.5573149329929802,0.6964908782773402,score threshold,0.651,baseline auto mcdm,y_any_risk
15001,0.3750343758593965,0.9286714219052064,0.5556397574984046,0.6952811119706536,score threshold,0.652,baseline auto mcdm,y_any_risk
14943,0.3735843396084902,0.928996854714582,0.5536853860880664,0.6938398100712233,score threshold,0.653,baseline auto mcdm,y_any_risk
14880,0.37200930023250584,0.9290322580645162,0.5513720485003191,0.6920304365238286,score threshold,0.654,baseline auto mcdm,y_any_risk
14819,0.37048426210655266,0.9295499021526419,0.5494176770899809,0.690631972124038,score threshold,0.655,baseline auto mcdm,y_any_risk
14758,0.3689592239805995,0.9298007860143651,0.5473037651563497,0.6890283705749435,score threshold,0.656,baseline auto mcdm,y_any_risk
14728,0.36820920523013073,0.9299972840847366,0.546306636885769,0.6882914572864322,score threshold,0.657,baseline auto mcdm,y_any_risk
14661,0.36653416335408384,0.9304276652342951,0.5440730695596682,0.686633277124808,score threshold,0.658,baseline auto mcdm,y_any_risk
14617,0.36543413585339635,0.9304234795101594,0.5424377791959157,0.6853284285318351,score threshold,0.659,baseline auto mcdm,y_any_risk
14577,0.36443411085277133,0.9306441654661453,0.541081684747926,0.6843047743953189,score threshold,0.66,baseline auto mcdm,y_any_risk
14508,0.36270906772669315,0.9309346567411083,0.5386885768985322,0.6824658918645781,score threshold,0.661,baseline auto mcdm,y_any_risk
14447,0.36118402960074003,0.9309891326919083,0.5364550095724314,0.6806852400111338,score threshold,0.662,baseline auto mcdm,y_any_risk
14393,0.3598339958498962,0.9307996942958383,0.5343410976388002,0.6789306980869124,score threshold,0.663,baseline auto mcdm,y_any_risk
14328,0.3582089552238806,0.931393076493579,0.5322670708359923,0.6774111675126904,score threshold,0.664,baseline auto mcdm,y_any_risk
14261,0.3565339133478337,0.9317018441904494,0.529953733248245,0.675615895049958,score threshold,0.665,baseline auto mcdm,y_any_risk
14220,0.3555088877221931,0.9318565400843882,0.5285178685386088,0.674488445485086,score threshold,0.666,baseline auto mcdm,y_any_risk
14162,0.3540588514712868,0.9323541872616862,0.5266432673899171,0.6730896671254524,score threshold,0.667,baseline auto mcdm,y_any_risk
14110,0.3527588189704743,0.9324592487597448,0.5247686662412253,0.6715838905619927,score threshold,0.668,baseline auto mcdm,y_any_risk
14072,0.3518087952198805,0.9326321773735077,0.5234524569240587,0.6705497649703658,score threshold,0.669,baseline auto mcdm,y_any_risk
14020,0.350508762719068,0.9329529243937232,0.5216975111678366,0.6691906272383096,score threshold,0.67,baseline auto mcdm,y_any_risk
13985,0.3496337408435211,0.9329996424740794,0.5204211869814933,0.6681516757559465,score threshold,0.671,baseline auto mcdm,y_any_risk
13940,0.34850871271781797,0.9335724533715926,0.5190650925335035,0.6671793294370962,score threshold,0.672,baseline auto mcdm,y_any_risk
13878,0.34695867396684915,0.933996253062401,0.5169910657306956,0.6655712451861361,score threshold,0.673,baseline auto mcdm,y_any_risk
13823,0.34558363959098976,0.9341676915286118,0.5150366943203574,0.6639928011312508,score threshold,0.674,baseline auto mcdm,y_any_risk
13748,0.34370859271481785,0.9346814082048298,0.5125239310784939,0.6620298815043791,score threshold,0.675,baseline auto mcdm,y_any_risk
13701,0.34253356333908347,0.9347492883731114,0.5108088704530951,0.6606143450339154,score threshold,0.676,baseline auto mcdm,y_any_risk
13674,0.3418585464636616,0.9348398420359807,0.5098516273133376,0.6598358540236412,score threshold,0.677,baseline auto mcdm,y_any_risk
13621,0.34053351333783344,0.9348065487115483,0.5078573707721762,0.6581552218747577,score threshold,0.678,baseline auto mcdm,y_any_risk
13552,0.3388084702117553,0.9352125147579693,0.5055041480536057,0.6562758906379453,score threshold,0.679,baseline auto mcdm,y_any_risk
13487,0.33718342958573966,0.935196856231927,0.5030711550733886,0.6542182110531912,score threshold,0.68,baseline auto mcdm,y_any_risk
13430,0.335758393959849,0.9352196574832464,0.5009572431397575,0.652433639810919,score threshold,0.681,baseline auto mcdm,y_any_risk
13369,0.33423335583389585,0.9355972772832672,0.4988832163369496,0.6507635077131189,score threshold,0.682,baseline auto mcdm,y_any_risk
13299,0.3324833120828021,0.9358598390856455,0.49641033822590935,0.6487190847254437,score threshold,0.683,baseline auto mcdm,y_any_risk
13262,0.33155828895722395,0.9360579098175238,0.49513401403956603,0.6476756925966505,score threshold,0.684,baseline auto mcdm,y_any_risk
13230,0.33075826895672394,0.9363567649281935,0.4940970006381621,0.6468591718448122,score threshold,0.685,baseline auto mcdm,y_any_risk
13187,0.32968324208105204,0.9366042314400546,0.49262125079770264,0.6456520034501686,score threshold,0.686,baseline auto mcdm,y_any_risk
13145,0.3286332158303958,0.9367059718524153,0.49110561582641993,0.6443729230447183,score threshold,0.687,baseline auto mcdm,y_any_risk
13073,0.3268331708292707,0.9371223131645376,0.4886327377153797,0.6423384454056889,score threshold,0.6880000000000001,baseline auto mcdm,y_any_risk
12981,0.3245331133278332,0.9376781449811262,0.4854818123803446,0.639739310961028,score threshold,0.6890000000000001,baseline auto mcdm,y_any_risk
12937,0.3234330858271457,0.9377753729612739,0.48388640714741543,0.638375121681707,score threshold,0.6900000000000001,baseline auto mcdm,y_any_risk
12894,0.3223580589514738,0.9379556382813712,0.4823707721761327,0.6370963493652215,score threshold,0.6910000000000001,baseline auto mcdm,y_any_risk
12847,0.3211830295757394,0.9382735268934381,0.48077536694320355,0.6357762599224663,score threshold,0.6920000000000001,baseline auto mcdm,y_any_risk
12804,0.3201080027000675,0.9383786316776007,0.47921984684109764,0.634438694687929,score threshold,0.6930000000000001,baseline auto mcdm,y_any_risk
12751,0.31878296957423935,0.9383577758607168,0.47722559029993616,0.632683816725273,score threshold,0.6940000000000001,baseline auto mcdm,y_any_risk
12691,0.3172829320733018,0.9385391222125916,0.4750717932354818,0.6308291184492757,score threshold,0.6950000000000001,baseline auto mcdm,y_any_risk
12638,0.31595789894747367,0.9385978794112992,0.4731174218251436,0.6291169451073986,score threshold,0.6960000000000001,baseline auto mcdm,y_any_risk
12600,0.31500787519687995,0.9385714285714286,0.47168155711550735,0.6278403057974092,score threshold,0.6970000000000001,baseline auto mcdm,y_any_risk
12545,0.31363284082102055,0.9384615384615385,0.4695676451818762,0.6259403992875562,score threshold,0.6980000000000001,baseline auto mcdm,y_any_risk
12506,0.31265781644541113,0.9385095154325923,0.46813178047223997,0.6246740113896428,score threshold,0.6990000000000001,baseline auto mcdm,y_any_risk
12471,0.31178279456986424,0.9384973137679417,0.4668155711550734,0.6234983885145033,score threshold,0.7000000000000001,baseline auto mcdm,y_any_risk
12375,0.3093827345683642,0.938989898989899,0.4634652201659221,0.6206104627874062,score threshold,0.7010000000000001,baseline auto mcdm,y_any_risk
12330,0.30825770644266104,0.9390105433901055,0.46179004467134654,0.619111277471793,score threshold,0.7020000000000001,baseline auto mcdm,y_any_risk
12287,0.3071826795669892,0.9391226499552372,0.4602345245692406,0.617736020771434,score threshold,0.7030000000000001,baseline auto mcdm,y_any_risk
12238,0.3059576489412235,0.9390423271776434,0.4583599234205488,0.61602787456446,score threshold,0.7040000000000001,baseline auto mcdm,y_any_risk
12192,0.3048076201905048,0.9388943569553806,0.4565650925335035,0.6143731215113782,score threshold,0.705,baseline auto mcdm,y_any_risk
12160,0.3040076001900047,0.9389802631578947,0.45540842373962986,0.6133433605500644,score threshold,0.706,baseline auto mcdm,y_any_risk
12057,0.30143253581339535,0.9386248652235216,0.4513800255264837,0.6096043523930081,score threshold,0.707,baseline auto mcdm,y_any_risk
12032,0.3008075201880047,0.9384973404255319,0.450382897255903,0.6086675291073739,score threshold,0.708,baseline auto mcdm,y_any_risk
11983,0.29958248956223904,0.9384962029541851,0.44854818123803447,0.606989610039131,score threshold,0.709,baseline auto mcdm,y_any_risk
11948,0.29870746768669215,0.9386508202209575,0.44731174218251435,0.6058887088060508,score threshold,0.71,baseline auto mcdm,y_any_risk
11907,0.29768244206105154,0.9389434786260183,0.44591576260370136,0.6046675139944293,score threshold,0.711,baseline auto mcdm,y_any_risk
11852,0.29630740768519215,0.9386601417482281,0.44372208040842376,0.6025891019391182,score threshold,0.712,baseline auto mcdm,y_any_risk
11813,0.2953323833095827,0.9386269364259714,0.44224633056796425,0.6012200081333876,score threshold,0.713,baseline auto mcdm,y_any_risk
11792,0.2948073701842546,0.9386872455902306,0.4414885130823229,0.6005316840277778,score threshold,0.714,baseline auto mcdm,y_any_risk
11745,0.2936323408085202,0.9384418901660281,0.43961391193363114,0.5987451449058858,score threshold,0.715,baseline auto mcdm,y_any_risk
11720,0.29300732518312955,0.9383105802047782,0.4386167836630504,0.59779299847793,score threshold,0.716,baseline auto mcdm,y_any_risk
11678,0.2919572989324733,0.9381743449220757,0.43698149329929803,0.5962448979591837,score threshold,0.717,baseline auto mcdm,y_any_risk
11649,0.2912322808070202,0.9381062752167568,0.4358647096362476,0.5951907627787915,score threshold,0.718,baseline auto mcdm,y_any_risk
11602,0.2900572514312858,0.9381141182554732,0.43410976388002553,0.5935540164694334,score threshold,0.719,baseline auto mcdm,y_any_risk
11570,0.28925723143078574,0.9380293863439931,0.4328733248245054,0.5923803285846843,score threshold,0.72,baseline auto mcdm,y_any_risk
11535,0.28838220955523886,0.9379280450801907,0.4315172303765156,0.5910891359576037,score threshold,0.721,baseline auto mcdm,y_any_risk
11437,0.2859321483037076,0.9373961703243857,0.4276084875558392,0.5873072393108548,score threshold,0.722,baseline auto mcdm,y_any_risk
11245,0.2811320283007075,0.9363272565584704,0.4199505424377792,0.5798386430597241,score threshold,0.723,baseline auto mcdm,y_any_risk
11223,0.28058201455036375,0.9362024414149515,0.41907306955966817,0.5789778206364513,score threshold,0.724,baseline auto mcdm,y_any_risk
11202,0.28005700142503565,0.9360828423495804,0.41823548181238035,0.5781551524507912,score threshold,0.725,baseline auto mcdm,y_any_risk
11184,0.2796069901747544,0.9359799713876967,0.4175175494575622,0.5774492497793469,score threshold,0.726,baseline auto mcdm,y_any_risk
11169,0.27923198079952,0.9358939923001164,0.41691927249521377,0.576860461907784,score threshold,0.727,baseline auto mcdm,y_any_risk
11143,0.2785819645491137,0.9358341559723593,0.4159221442246331,0.5758939665884302,score threshold,0.728,baseline auto mcdm,y_any_risk
11115,0.2778819470486762,0.935672514619883,0.4148053605615826,0.5747920523945064,score threshold,0.729,baseline auto mcdm,y_any_risk
11104,0.27760694017350435,0.9356087896253602,0.4143666241225271,0.574358690844759,score threshold,0.73,baseline auto mcdm,y_any_risk
11048,0.2762069051726293,0.935463432295438,0.4122128270580728,0.5722591362126246,score threshold,0.731,baseline auto mcdm,y_any_risk
11026,0.27565689142228555,0.935334663522583,0.4113353541799617,0.5713889966203114,score threshold,0.732,baseline auto mcdm,y_any_risk
10909,0.2727318182954574,0.934732789439912,0.4067086790044671,0.5667991439926628,score threshold,0.733,baseline auto mcdm,y_any_risk
10896,0.27240681017025425,0.9346549192364171,0.40619017230376514,0.5662811387900356,score threshold,0.734,baseline auto mcdm,y_any_risk
10812,0.27030675766894174,0.9341472438031817,0.40283982131461393,0.5629249804926987,score threshold,0.735,baseline auto mcdm,y_any_risk
10789,0.26973174329358235,0.934192232829734,0.4020022335673261,0.5621148322690388,score threshold,0.736,baseline auto mcdm,y_any_risk
10772,0.26930673266831673,0.9341812105458597,0.4013640714741544,0.5614886731391586,score threshold,0.737,baseline auto mcdm,y_any_risk
10727,0.2681817045426136,0.9339050992821851,0.39956924058710913,0.5596804380010615,score threshold,0.738,baseline auto mcdm,y_any_risk
10683,0.26708167704192604,0.9336328746606758,0.39781429483088704,0.5579079848972172,score threshold,0.739,baseline auto mcdm,y_any_risk
10592,0.26480662016550416,0.9331570996978852,0.39422463305679645,0.5542844324809332,score threshold,0.74,baseline auto mcdm,y_any_risk
10565,0.26413160329008223,0.9330809275911027,0.39318761965539245,0.5532452226618402,score threshold,0.741,baseline auto mcdm,y_any_risk
10540,0.2635065876646916,0.9332068311195446,0.39231014677728143,0.5523980680669437,score threshold,0.742,baseline auto mcdm,y_any_risk
10483,0.26208155203880096,0.9328436516264428,0.39003669432035737,0.550077344958515,score threshold,0.743,baseline auto mcdm,y_any_risk
10430,0.2607565189129728,0.9325023969319272,0.38792278238672623,0.5479127936454284,score threshold,0.744,baseline auto mcdm,y_any_risk
10187,0.2546813670341759,0.9309904780602729,0.3782705807275048,0.5379619387957685,score threshold,0.745,baseline auto mcdm,y_any_risk
10034,0.2508562714067852,0.9299382100857085,0.3721681557115507,0.5315900415883325,score threshold,0.746,baseline auto mcdm,y_any_risk
9909,0.247731193279832,0.9291553133514986,0.36722239948947033,0.5264000457391155,score threshold,0.747,baseline auto mcdm,y_any_risk
9843,0.2460811520288007,0.9286802804023163,0.3645899808551372,0.5236144923385364,score threshold,0.748,baseline auto mcdm,y_any_risk
9775,0.2443811095277382,0.9281841432225064,0.36187779195915765,0.5207334921227078,score threshold,0.749,baseline auto mcdm,y_any_risk
9720,0.2430060751518788,0.9277777777777778,0.35968410976388004,0.5183950333409979,score threshold,0.75,baseline auto mcdm,y_any_risk
9635,0.24088102202555065,0.9274519979242346,0.35641352903637524,0.5149393494107817,score threshold,0.751,baseline auto mcdm,y_any_risk
9573,0.23933098327458185,0.9270865977227619,0.35398053605615826,0.5123394429210564,score threshold,0.752,baseline auto mcdm,y_any_risk
9536,0.23840596014900373,0.927013422818792,0.35258455647734527,0.5108645399907535,score threshold,0.753,baseline auto mcdm,y_any_risk
9506,0.23765594139853496,0.9268882810856302,0.3514278876834716,0.5096304008328996,score threshold,0.754,baseline auto mcdm,y_any_risk
9472,0.2368059201480037,0.9268369932432432,0.3501515634971283,0.5082792959703566,score threshold,0.755,baseline auto mcdm,y_any_risk
9438,0.23595589889747243,0.9265734265734266,0.3487954690491385,0.5068096203998841,score threshold,0.756,baseline auto mcdm,y_any_risk
9404,0.23510587764694119,0.9263079540621012,0.3474393746011487,0.5053370460610279,score threshold,0.757,baseline auto mcdm,y_any_risk
9374,0.23435585889647242,0.9263921484958395,0.3463624760689215,0.5042094873134761,score threshold,0.758,baseline auto mcdm,y_any_risk
9337,0.23343083577089427,0.9261004605333619,0.344886726228462,0.5026010636752013,score threshold,0.759,baseline auto mcdm,y_any_risk
9294,0.2323558088952224,0.9257585539057457,0.34317166560306317,0.5007274631903625,score threshold,0.76,baseline auto mcdm,y_any_risk
9262,0.23155578889472236,0.9256100194342475,0.3419352265475431,0.4993883613910409,score threshold,0.761,baseline auto mcdm,y_any_risk
9190,0.22975574389359735,0.9252448313384113,0.339143267389917,0.4963516432198938,score threshold,0.762,baseline auto mcdm,y_any_risk
9169,0.22923073076826922,0.925182680772167,0.33834556477345246,0.4954878654244911,score threshold,0.763,baseline auto mcdm,y_any_risk
9139,0.22848071201780046,0.9249370828318196,0.3371490108487556,0.49416854228172225,score threshold,0.764,baseline auto mcdm,y_any_risk
9119,0.22798069951748795,0.9248821142669152,0.33639119336311424,0.4933462022169577,score threshold,0.765,baseline auto mcdm,y_any_risk
9087,0.22718067951698792,0.924837680202487,0.3351946394384174,0.49205187505489034,score threshold,0.766,baseline auto mcdm,y_any_risk
9009,0.22523063076576916,0.9242979242979243,0.3321234843650287,0.48865937032364076,score threshold,0.767,baseline auto mcdm,y_any_risk
8969,0.22423060576514414,0.9245177834764188,0.3307275047862157,0.4871772274610029,score threshold,0.768,baseline auto mcdm,y_any_risk
8931,0.22328058201455037,0.9244205576083305,0.32929164007657946,0.4856042113931124,score threshold,0.769,baseline auto mcdm,y_any_risk
8885,0.2221305532638316,0.924366910523354,0.3275765794511806,0.4837294225049327,score threshold,0.77,baseline auto mcdm,y_any_risk
8816,0.22040551013775345,0.9238883847549909,0.324864390555201,0.48070113314447593,score threshold,0.771,baseline auto mcdm,y_any_risk
8765,0.21913047826195656,0.9237877923559612,0.32294990427568604,0.4785885273517156,score threshold,0.772,baseline auto mcdm,y_any_risk
8597,0.21493037325933148,0.9225311155054089,0.31632897255903,0.471115863257002,score threshold,0.773,baseline auto mcdm,y_any_risk
8529,0.21323033075826894,0.9222652128033767,0.3137364390555201,0.4682003511800244,score threshold,0.774,baseline auto mcdm,y_any_risk
8482,0.21205530138253456,0.9227776467814195,0.31218091895341415,0.4665315610657448,score threshold,0.775,baseline auto mcdm,y_any_risk
8434,0.21085527138178453,0.9228124258951862,0.31042597319719206,0.46457350922222884,score threshold,0.776,baseline auto mcdm,y_any_risk
8395,0.20988024700617516,0.9232876712328767,0.30914964901084874,0.46320255774344876,score threshold,0.777,baseline auto mcdm,y_any_risk
8365,0.2091302282557064,0.9231320980274955,0.30799298021697513,0.46188354218380834,score threshold,0.778,baseline auto mcdm,y_any_risk
8328,0.20820520513012825,0.9232708933717579,0.30667677089980855,0.4604191616766467,score threshold,0.779,baseline auto mcdm,y_any_risk
8278,0.20695517387934698,0.9230490456632037,0.30476228462029353,0.45823088455772115,score threshold,0.78,baseline auto mcdm,y_any_risk
8240,0.20600515012875323,0.9231796116504855,0.30340619017230375,0.4567122958693564,score threshold,0.781,baseline auto mcdm,y_any_risk
8212,0.2053051326283157,0.9235265465172917,0.30248883216336947,0.4557144573969475,score threshold,0.782,baseline auto mcdm,y_any_risk
8152,0.20380509512737818,0.9235770363101079,0.30029514996809187,0.4532265831928726,score threshold,0.783,baseline auto mcdm,y_any_risk
8089,0.20223005575139377,0.9233527011991594,0.29790204211869814,0.45046892433883173,score threshold,0.784,baseline auto mcdm,y_any_risk
8052,0.20130503262581564,0.9233730750124193,0.29654594767070835,0.4489192126554764,score threshold,0.785,baseline auto mcdm,y_any_risk
8012,0.20030500762519063,0.923489765351972,0.2951100829610721,0.4472856970136622,score threshold,0.786,baseline auto mcdm,y_any_risk
7987,0.1996799919998,0.9233754851633905,0.2941528398213146,0.44617199552315556,score threshold,0.787,baseline auto mcdm,y_any_risk
7924,0.19810495262381558,0.923902069661787,0.2919990427568602,0.4437507576675961,score threshold,0.788,baseline auto mcdm,y_any_risk
7903,0.19757993949848746,0.9242059977223839,0.29132099553286533,0.4430022744503412,score threshold,0.789,baseline auto mcdm,y_any_risk
7836,0.19590489762244057,0.923940786115365,0.2887683471601787,0.4400145861188769,score threshold,0.79,baseline auto mcdm,y_any_risk
7794,0.19485487137178428,0.9245573518090839,0.2874122527121889,0.43850788048439115,score threshold,0.791,baseline auto mcdm,y_any_risk
7771,0.19427985699642492,0.924720113241539,0.28661455009572434,0.43759705264439913,score threshold,0.792,baseline auto mcdm,y_any_risk
7741,0.19352983824595615,0.9250742798088102,0.2856174218251436,0.43647334897753937,score threshold,0.793,baseline auto mcdm,y_any_risk
7704,0.192604815120378,0.9248442367601246,0.28418155711550735,0.4347693434220161,score threshold,0.794,baseline auto mcdm,y_any_risk
7676,0.1919047976199405,0.9253517457008859,0.2833040842373963,0.4337974838158055,score threshold,0.795,baseline auto mcdm,y_any_risk
7656,0.191404785119628,0.925417972831766,0.2825861518825782,0.43296260083109267,score threshold,0.796,baseline auto mcdm,y_any_risk
7614,0.1903547588689717,0.9252692408720777,0.280990746649649,0.4310714067184727,score threshold,0.797,baseline auto mcdm,y_any_risk
7576,0.18940473511837796,0.9252903907074974,0.27959476707083597,0.4294290615045332,score threshold,0.798,baseline auto mcdm,y_any_risk
7550,0.1887547188679717,0.925430463576159,0.27867740906190175,0.42836122861872356,score threshold,0.799,baseline auto mcdm,y_any_risk
7520,0.18800470011750295,0.9252659574468085,0.2775207402680281,0.4269759450171821,score threshold,0.8,baseline auto mcdm,y_any_risk
7498,0.18745468636715917,0.9255801547079221,0.27680280791320994,0.4261590420632484,score threshold,0.801,baseline auto mcdm,y_any_risk
7479,0.18697967449186229,0.9256585104960556,0.27612476068921504,0.42536327608982827,score threshold,0.802,baseline auto mcdm,y_any_risk
7449,0.18622965574139352,0.926030339642905,0.27512763241863436,0.42421819747240247,score threshold,0.803,baseline auto mcdm,y_any_risk
7429,0.18572964324108102,0.9269080629963656,0.2746490108487556,0.42374080797513924,score threshold,0.804,baseline auto mcdm,y_any_risk
7384,0.18460461511537787,0.9272751895991332,0.2730934907466496,0.4219250677840769,score threshold,0.805,baseline auto mcdm,y_any_risk
7370,0.18425460636515914,0.9272727272727272,0.27257498404594765,0.4213057148141298,score threshold,0.806,baseline auto mcdm,y_any_risk
7347,0.18367959198979975,0.9273172723560636,0.27173739629865984,0.42030907800980905,score threshold,0.807,baseline auto mcdm,y_any_risk
7301,0.18252956323908098,0.9278181071086152,0.2701818761965539,0.41849689556111574,score threshold,0.808,baseline auto mcdm,y_any_risk
7265,0.18162954073851847,0.9288368891947695,0.26914486279515,0.41735473296842623,score threshold,0.809,baseline auto mcdm,y_any_risk
7229,0.18072951823795594,0.9291741596348042,0.26790842373962986,0.4159004365189932,score threshold,0.81,baseline auto mcdm,y_any_risk
7201,0.18002950073751844,0.9301485904735454,0.2671506062539885,0.4150838161931026,score threshold,0.811,baseline auto mcdm,y_any_risk
7179,0.17947948698717467,0.9304917119375957,0.2664326738991704,0.41425072090787884,score threshold,0.812,baseline auto mcdm,y_any_risk
7149,0.1787294682367059,0.9306196670863057,0.2653557753669432,0.412960491604854,score threshold,0.8130000000000001,baseline auto mcdm,y_any_risk
7131,0.17827945698642467,0.931145701865096,0.26483726866624124,0.4123839393845294,score threshold,0.8140000000000001,baseline auto mcdm,y_any_risk
7108,0.17770444261106527,0.9320483961733258,0.2642389917038928,0.4117464263517713,score threshold,0.8150000000000001,baseline auto mcdm,y_any_risk
7080,0.17700442511062778,0.9319209039548022,0.2631620931716656,0.41042547897486936,score threshold,0.8160000000000001,baseline auto mcdm,y_any_risk
7054,0.1763544088602215,0.9323787921746527,0.2623245054243778,0.4094502894851522,score threshold,0.8170000000000001,baseline auto mcdm,y_any_risk
6998,0.17495437385934648,0.9328379537010575,0.2603701340140396,0.4071094480823199,score threshold,0.8180000000000001,baseline auto mcdm,y_any_risk
6929,0.17322933073326832,0.9327464280559965,0.25777760051052967,0.40392487734758287,score threshold,0.8190000000000001,baseline auto mcdm,y_any_risk
6895,0.17237930948273708,0.9328498912255258,0.25654116145500955,0.40241499045891077,score threshold,0.8200000000000001,baseline auto mcdm,y_any_risk
6873,0.1718292957323933,0.9337989233231485,0.2559827696234844,0.40181562059790266,score threshold,0.8210000000000001,baseline auto mcdm,y_any_risk
6859,0.17147928698217454,0.9338095932351654,0.2554642629227824,0.4011775390686167,score threshold,0.8220000000000001,baseline auto mcdm,y_any_risk
6821,0.1705292632315808,0.934320480867908,0.2541879387364391,0.3996488257611388,score threshold,0.8230000000000001,baseline auto mcdm,y_any_risk
6792,0.16980424510612765,0.9346289752650176,0.25319081046585834,0.3984433843836304,score threshold,0.8240000000000001,baseline auto mcdm,y_any_risk
6765,0.16912922823070578,0.9348115299334812,0.2522335673261008,0.39727361246348586,score threshold,0.8250000000000001,baseline auto mcdm,y_any_risk
6728,0.16820420510512762,0.9354934601664685,0.25103701340140394,0.39584905660377356,score threshold,0.8260000000000001,baseline auto mcdm,y_any_risk
6665,0.16662916572914324,0.9351837959489873,0.24860402042118698,0.3927907489680814,score threshold,0.8270000000000001,baseline auto mcdm,y_any_risk
6639,0.16597914947873696,0.9358337098960687,0.2478063178047224,0.39185140802875973,score threshold,0.8280000000000001,baseline auto mcdm,y_any_risk
6591,0.16477911947798696,0.9359732969200425,0.2460513720485003,0.3896661718725326,score threshold,0.8290000000000001,baseline auto mcdm,y_any_risk
6575,0.16437910947773696,0.9358174904942966,0.24541320995532864,0.38885202388852025,score threshold,0.8300000000000001,baseline auto mcdm,y_any_risk
6519,0.1629790744768619,0.9368001227182083,0.24357849393746012,0.38662910322560223,score threshold,0.8310000000000001,baseline auto mcdm,y_any_risk
6453,0.16132903322583064,0.9381682938168294,0.24146458200382898,0.3840761300555115,score threshold,0.8320000000000001,baseline auto mcdm,y_any_risk
6414,0.16035400885022125,0.938104147178048,0.2399888321633695,0.38220161341548625,score threshold,0.8330000000000001,baseline auto mcdm,y_any_risk
6324,0.15810395259881496,0.9386464263124604,0.23675813656668793,0.3781373423366034,score threshold,0.834,baseline auto mcdm,y_any_risk
6289,0.15722893072326807,0.9386229925266338,0.23544192724952137,0.3764548324351902,score threshold,0.835,baseline auto mcdm,y_any_risk
6235,0.1558788969724243,0.9390537289494787,0.23352744097000638,0.37403775513463444,score threshold,0.836,baseline auto mcdm,y_any_risk
6181,0.15452886322158055,0.9385212748746158,0.231373643905552,0.3712283620772406,score threshold,0.837,baseline auto mcdm,y_any_risk
6143,0.15357883947098677,0.9387921211134624,0.23001754945756223,0.3695018420631107,score threshold,0.838,baseline auto mcdm,y_any_risk
5946,0.14865371634290858,0.9406323578876555,0.22307753669432034,0.3606293120123799,score threshold,0.839,baseline auto mcdm,y_any_risk
5908,0.1477036925923148,0.9419431279620853,0.22196075303126994,0.3592640413169787,score threshold,0.84,baseline auto mcdm,y_any_risk
5882,0.14705367634190855,0.9423665419925196,0.2210832801531589,0.3581443432189701,score threshold,0.841,baseline auto mcdm,y_any_risk
5658,0.14145353633840846,0.9450335807705903,0.213265794511806,0.347998698340384,score threshold,0.842,baseline auto mcdm,y_any_risk
5623,0.14057851446286157,0.9454028098879602,0.2120293554562859,0.34637563121029485,score threshold,0.843,baseline auto mcdm,y_any_risk
5552,0.13880347008675217,0.9450648414985591,0.2092772814294831,0.3426724137931034,score threshold,0.844,baseline auto mcdm,y_any_risk
5536,0.13840346008650217,0.9449060693641619,0.20863911933631143,0.34180606377417666,score threshold,0.845,baseline auto mcdm,y_any_risk
5441,0.13602840071001776,0.9461496048520492,0.2053286534779834,0.33742994789106284,score threshold,0.846,baseline auto mcdm,y_any_risk
5386,0.13465336633415836,0.9467137021908653,0.20337428206764518,0.33482172171514873,score threshold,0.847,baseline auto mcdm,y_any_risk
5374,0.13435335883397084,0.9469668775586155,0.20297543075941288,0.33429678775537014,score threshold,0.848,baseline auto mcdm,y_any_risk
5322,0.13305332633315833,0.9468245020668922,0.20098117421825143,0.3315786010396789,score threshold,0.849,baseline auto mcdm,y_any_risk
5283,0.13207830195754894,0.9471890971039182,0.1995851946394384,0.3296985669576676,score threshold,0.85,baseline auto mcdm,y_any_risk
5188,0.12970324258106453,0.9475713184271396,0.19607530312699425,0.3249173826834104,score threshold,0.851,baseline auto mcdm,y_any_risk
5117,0.12792819820495513,0.9478209888606606,0.19344288449266114,0.32130908609096026,score threshold,0.852,baseline auto mcdm,y_any_risk
5063,0.12657816445411135,0.9482520244914082,0.1914885130823229,0.31863281898125106,score threshold,0.853,baseline auto mcdm,y_any_risk
4973,0.12432810820270507,0.9503317916750452,0.18849712827058074,0.3145947745049093,score threshold,0.854,baseline auto mcdm,y_any_risk
4796,0.11990299757493937,0.9539199332777314,0.18247447351627313,0.30634793089594214,score threshold,0.855,baseline auto mcdm,y_any_risk
4637,0.11592789819745494,0.9540651283157213,0.17645181876196553,0.29782220875828874,score threshold,0.856,baseline auto mcdm,y_any_risk
4601,0.11502787569689242,0.9550097804825038,0.17525526483726867,0.2961614936137229,score threshold,0.857,baseline auto mcdm,y_any_risk
4561,0.1140278506962674,0.9563692172769129,0.17397894065092534,0.29440151182802954,score threshold,0.858,baseline auto mcdm,y_any_risk
4497,0.11242781069526739,0.9566377585056705,0.17158583280153158,0.29098041868172747,score threshold,0.859,baseline auto mcdm,y_any_risk
4464,0.11160279006975174,0.9572132616487455,0.17042916400765795,0.2893418201516793,score threshold,0.86,baseline auto mcdm,y_any_risk
4434,0.11085277131928298,0.9578258908434821,0.16939215060625398,0.28787365281637634,score threshold,0.861,baseline auto mcdm,y_any_risk
4367,0.10917772944323607,0.9594687428440577,0.16711869814932992,0.28465640816603827,score threshold,0.862,baseline auto mcdm,y_any_risk
4332,0.10830270756768919,0.9607571560480148,0.16600191448627952,0.2830907359542919,score threshold,0.863,baseline auto mcdm,y_any_risk
4304,0.10760269006725168,0.9614312267657993,0.165044671346522,0.2817265795206972,score threshold,0.864,baseline auto mcdm,y_any_risk
4232,0.10580264506612665,0.9633742911153119,0.16261167836630505,0.27825552825552824,score threshold,0.865,baseline auto mcdm,y_any_risk
4189,0.10472761819045476,0.9651468130818811,0.16125558391831527,0.27634052151327704,score threshold,0.866,baseline auto mcdm,y_any_risk
4163,0.1040776019400485,0.9649291376411242,0.1602185705169113,0.27480759363776297,score threshold,0.867,baseline auto mcdm,y_any_risk
4130,0.10325258131453287,0.9656174334140436,0.15906190172303766,0.27313197726183136,score threshold,0.868,baseline auto mcdm,y_any_risk
4019,0.10047751193779844,0.9696441900970391,0.1554323548181238,0.26791791275652266,score threshold,0.869,baseline auto mcdm,y_any_risk
3991,0.09977749443736093,0.9699323477825107,0.15439534141671984,0.2663868148504972,score threshold,0.87,baseline auto mcdm,y_any_risk
3380,0.08450211255281383,0.9662721893491124,0.13026483726866625,0.22957964290735272,score threshold,0.871,baseline auto mcdm,y_any_risk
3325,0.08312707817695443,0.9666165413533835,0.12819081046585834,0.22636193964151144,score threshold,0.872,baseline auto mcdm,y_any_risk
3225,0.08062701567539189,0.9674418604651163,0.1244416081684748,0.22051807612114357,score threshold,0.873,baseline auto mcdm,y_any_risk
3149,0.07872696817420435,0.9676087646872022,0.12152999361837907,0.21593848552496367,score threshold,0.874,baseline auto mcdm,y_any_risk
3110,0.07775194379859496,0.9684887459807074,0.12013401403956606,0.213753459655099,score threshold,0.875,baseline auto mcdm,y_any_risk
3010,0.07525188129703242,0.9697674418604652,0.11642469687300575,0.20789117584217648,score threshold,0.876,baseline auto mcdm,y_any_risk
2975,0.07437685942148553,0.9707563025210084,0.11518825781748564,0.2059400292366385,score threshold,0.877,baseline auto mcdm,y_any_risk
2930,0.07325183129578239,0.9716723549488054,0.11355296745373325,0.20334261838440112,score threshold,0.878,baseline auto mcdm,y_any_risk
2889,0.07222680567014175,0.9743856005538248,0.11227664326738991,0.2013518829798648,score threshold,0.879,baseline auto mcdm,y_any_risk
2772,0.06930173254331358,0.976911976911977,0.1080089342693044,0.19451228271800028,score threshold,0.88,baseline auto mcdm,y_any_risk
2693,0.06732668316707918,0.9762346825102116,0.1048580089342693,0.1893751125517738,score threshold,0.881,baseline auto mcdm,y_any_risk
2608,0.06520163004075102,0.9792944785276073,0.10186662412252712,0.18453757225433526,score threshold,0.882,baseline auto mcdm,y_any_risk
2549,0.06372659316482912,0.9803844644958808,0.09967294192724953,0.18094927772347127,score threshold,0.883,baseline auto mcdm,y_any_risk
2481,0.0620265506637666,0.9818621523579202,0.0971601786853861,0.17682285050629695,score threshold,0.884,baseline auto mcdm,y_any_risk
2408,0.06020150503762594,0.9833887043189369,0.09444798978940651,0.17234352256186317,score threshold,0.885,baseline auto mcdm,y_any_risk
2387,0.059676491912297805,0.9836614997905321,0.09365028717294192,0.171018609563349,score threshold,0.886,baseline auto mcdm,y_any_risk
2361,0.05902647566189155,0.9834815756035579,0.09261327377153797,0.16928516749899755,score threshold,0.887,baseline auto mcdm,y_any_risk
2329,0.058226455661391535,0.9854014598540146,0.09153637523931078,0.16751213459362796,score threshold,0.888,baseline auto mcdm,y_any_risk
2295,0.05737643441086027,0.9864923747276688,0.09029993618379069,0.1654547447655936,score threshold,0.889,baseline auto mcdm,y_any_risk
2276,0.05690142253556339,0.9868189806678384,0.08958200382897256,0.1642533274828141,score threshold,0.89,baseline auto mcdm,y_any_risk
2188,0.054701367534188354,0.9867458866544789,0.08611199744735162,0.15840058694057227,score threshold,0.891,baseline auto mcdm,y_any_risk
2152,0.05380134503362584,0.987453531598513,0.08475590299936184,0.15611225389362327,score threshold,0.892,baseline auto mcdm,y_any_risk
2138,0.053451336283407085,0.9873713751169317,0.08419751116783664,0.1551635428151415,score threshold,0.893,baseline auto mcdm,y_any_risk
2066,0.051651291282282054,0.9878993223620522,0.08140555201021059,0.15041639030142237,score threshold,0.894,baseline auto mcdm,y_any_risk
2022,0.05055126378159454,0.9886251236399605,0.07973037651563497,0.14756034546394037,score threshold,0.895,baseline auto mcdm,y_any_risk
2009,0.05022625565639141,0.9890492782478845,0.07925175494575622,0.14674495033418264,score threshold,0.896,baseline auto mcdm,y_any_risk
1975,0.04937623440586015,0.9893670886075949,0.07793554562858966,0.14448922246459867,score threshold,0.897,baseline auto mcdm,y_any_risk
1953,0.04882622065551639,0.9902713773681515,0.07713784301212508,0.1431267345050879,score threshold,0.898,baseline auto mcdm,y_any_risk
1886,0.047151178779469484,0.9925768822905621,0.07466496490108487,0.13888270643222791,score threshold,0.899,baseline auto mcdm,y_any_risk
1829,0.04572614315357884,0.9945325314379442,0.07255105296745373,0.135236608304524,score threshold,0.9,baseline auto mcdm,y_any_risk
1783,0.04457611440286007,0.997195737521032,0.07091576260370135,0.13241482033140942,score threshold,0.901,baseline auto mcdm,y_any_risk
1750,0.04375109377734444,0.9971428571428571,0.06959955328653478,0.13011706807844306,score threshold,0.902,baseline auto mcdm,y_any_risk
1728,0.043201080027000675,0.9971064814814815,0.06872208040842374,0.1285820895522388,score threshold,0.903,baseline auto mcdm,y_any_risk
1699,0.04247606190154754,0.9970570924072985,0.0675654116145501,0.12655485413320383,score threshold,0.904,baseline auto mcdm,y_any_risk
1697,0.04242606065151629,0.9970536240424278,0.06748564135290364,0.12641488288692143,score threshold,0.905,baseline auto mcdm,y_any_risk
1679,0.04197604940123503,0.9970220369267421,0.06676770899808551,0.12515419984299653,score threshold,0.906,baseline auto mcdm,y_any_risk
1662,0.0415510387759694,0.9981949458483754,0.06616943203573708,0.12411161816413556,score threshold,0.907,baseline auto mcdm,y_any_risk
1649,0.04122603065076627,0.9987871437234688,0.06569081046585833,0.12327382957224654,score threshold,0.908,baseline auto mcdm,y_any_risk
1644,0.041101027525688144,0.9987834549878345,0.06549138481174219,0.12292259320257523,score threshold,0.909,baseline auto mcdm,y_any_risk
1630,0.04075101877546939,0.9987730061349693,0.06493299298021697,0.12193843157815894,score threshold,0.91,baseline auto mcdm,y_any_risk
1616,0.04040101002525063,0.9987623762376238,0.06437460114869177,0.12095323741007194,score threshold,0.911,baseline auto mcdm,y_any_risk
1604,0.04010100252506313,0.9987531172069826,0.06389597957881302,0.12010796221322537,score threshold,0.912,baseline auto mcdm,y_any_risk
1586,0.03965099127478187,0.9987389659520807,0.0631780472239949,0.1188386225523295,score threshold,0.913,baseline auto mcdm,y_any_risk
1556,0.038900972524313106,0.9987146529562982,0.06198149329929802,0.1167192429022082,score threshold,0.914,baseline auto mcdm,y_any_risk
1543,0.03857596439910998,0.9993519118600129,0.061502871729419276,0.1158745068570355,score threshold,0.915,baseline auto mcdm,y_any_risk
1522,0.038050951273781844,0.9993429697766097,0.06066528398213146,0.11438670376776716,score threshold,0.916,baseline auto mcdm,y_any_risk
1409,0.03522588064701618,0.9992902767920511,0.05615826419910657,0.10634039500018881,score threshold,0.917,baseline auto mcdm,y_any_risk
1272,0.0318007950198755,0.9992138364779874,0.05069400127632419,0.09649255997570605,score threshold,0.918,baseline auto mcdm,y_any_risk
1241,0.03102577564439111,0.9991941982272361,0.04945756222080409,0.0942499904989929,score threshold,0.919,baseline auto mcdm,y_any_risk
1224,0.030600765019125478,0.9991830065359477,0.04877951499680919,0.09301794949802251,score threshold,0.92,baseline auto mcdm,y_any_risk
1200,0.03000075001875047,0.9991666666666666,0.04782227185705169,0.09127588306942752,score threshold,0.921,baseline auto mcdm,y_any_risk
1183,0.02957573939348484,0.9991546914623838,0.0471442246330568,0.09003999238240336,score threshold,0.922,baseline auto mcdm,y_any_risk
1174,0.029350733768344208,0.9991482112436116,0.04678525845564773,0.08938504915034672,score threshold,0.923,baseline auto mcdm,y_any_risk
1157,0.028925723143078577,0.9991356957649092,0.04610721123165284,0.08814670784246445,score threshold,0.924,baseline auto mcdm,y_any_risk
1141,0.02852571314282857,1.0,0.045508934269304406,0.08705604089573876,score threshold,0.925,baseline auto mcdm,y_any_risk
1136,0.028400710017750443,1.0,0.04530950861518826,0.08669108669108669,score threshold,0.926,baseline auto mcdm,y_any_risk
1134,0.028350708767719193,1.0,0.0452297383535418,0.08654506601541631,score threshold,0.927,baseline auto mcdm,y_any_risk
1084,0.027100677516937923,1.0,0.04323548181238034,0.08288729163480654,score threshold,0.928,baseline auto mcdm,y_any_risk
1012,0.025300632515812896,1.0,0.04036375239310785,0.0775954608188928,score threshold,0.929,baseline auto mcdm,y_any_risk
987,0.02467561689042226,1.0,0.03936662412252712,0.0757511800145823,score threshold,0.93,baseline auto mcdm,y_any_risk
934,0.023350583764594115,1.0,0.03725271218889598,0.07182957778974083,score threshold,0.931,baseline auto mcdm,y_any_risk
889,0.022225555638890972,1.0,0.03545788130185067,0.06848734640422172,score threshold,0.932,baseline auto mcdm,y_any_risk
865,0.021625540638515964,1.0,0.03450063816209317,0.0667000809654162,score threshold,0.933,baseline auto mcdm,y_any_risk
851,0.021275531888297207,1.0,0.033942246330567964,0.06565598117501832,score threshold,0.934,baseline auto mcdm,y_any_risk
821,0.020525513137828445,1.0,0.032745692405871094,0.06341482253891013,score threshold,0.935,baseline auto mcdm,y_any_risk
811,0.02027550688767219,1.0,0.0323468410976388,0.062666615152803,score threshold,0.936,baseline auto mcdm,y_any_risk
807,0.02017550438760969,1.0,0.032187300574345885,0.062367170292515164,score threshold,0.937,baseline auto mcdm,y_any_risk
639,0.015975399384984625,1.0,0.025486598596043394,0.04970635136711913,score threshold,0.9380000000000001,baseline auto mcdm,y_any_risk
599,0.01497537438435961,1.0,0.02389119336311423,0.04666744575591134,score threshold,0.9390000000000001,baseline auto mcdm,y_any_risk
459,0.011475286882172054,1.0,0.018307275047862157,0.035956288433668875,score threshold,0.9400000000000001,baseline auto mcdm,y_any_risk
452,0.011300282507062677,1.0,0.018028079132099552,0.03541764613696913,score threshold,0.9410000000000001,baseline auto mcdm,y_any_risk
439,0.010975274381859546,1.0,0.017509572431397575,0.034416526204382424,score threshold,0.9420000000000001,baseline auto mcdm,y_any_risk
418,0.010450261256531413,1.0,0.016671984684109763,0.032797175362887405,score threshold,0.9430000000000001,baseline auto mcdm,y_any_risk
414,0.010350258756468911,1.0,0.016512444160816847,0.03248842501765675,score threshold,0.9440000000000001,baseline auto mcdm,y_any_risk
408,0.01020025500637516,1.0,0.016273133375877474,0.032025117739403454,score threshold,0.9450000000000001,baseline auto mcdm,y_any_risk
403,0.010075251881297032,1.0,0.016073707721761327,0.03163886162904809,score threshold,0.9460000000000001,baseline auto mcdm,y_any_risk
397,0.00992524813120328,1.0,0.015834396936821954,0.031175154108916723,score threshold,0.9470000000000001,baseline auto mcdm,y_any_risk
332,0.00830020750518763,1.0,0.013241863433312061,0.026137616123445128,score threshold,0.9480000000000001,baseline auto mcdm,y_any_risk
327,0.008175204380109503,1.0,0.013042437779195917,0.025749045238001495,score threshold,0.9490000000000001,baseline auto mcdm,y_any_risk
315,0.007875196879921997,1.0,0.012563816209317166,0.024815850632213338,score threshold,0.9500000000000001,baseline auto mcdm,y_any_risk
281,0.007025175629390735,1.0,0.011207721761327376,0.022167001932710133,score threshold,0.9510000000000001,baseline auto mcdm,y_any_risk
271,0.006775169379234481,1.0,0.010808870453095086,0.02138657617488064,score threshold,0.9520000000000001,baseline auto mcdm,y_any_risk
263,0.006575164379109478,1.0,0.010489789406509253,0.02076179198736925,score threshold,0.9530000000000001,baseline auto mcdm,y_any_risk
253,0.006325158128953224,1.0,0.010090938098276962,0.01998025666337611,score threshold,0.9540000000000001,baseline auto mcdm,y_any_risk
250,0.006250156253906348,1.0,0.009971282705807275,0.019745675697022354,score threshold,0.9550000000000001,baseline auto mcdm,y_any_risk
245,0.006125153128828221,1.0,0.009771857051691129,0.019354583876446656,score threshold,0.9560000000000001,baseline auto mcdm,y_any_risk
234,0.005850146253656341,1.0,0.00933312061263561,0.018493637872441317,score threshold,0.9570000000000001,baseline auto mcdm,y_any_risk
234,0.005850146253656341,1.0,0.00933312061263561,0.018493637872441317,score threshold,0.9580000000000001,baseline auto mcdm,y_any_risk
234,0.005850146253656341,1.0,0.00933312061263561,0.018493637872441317,score threshold,0.9590000000000001,baseline auto mcdm,y_any_risk
234,0.005850146253656341,1.0,0.00933312061263561,0.018493637872441317,score threshold,0.9600000000000001,baseline auto mcdm,y_any_risk
224,0.005600140003500087,1.0,0.008934269304403318,0.017710309930423784,score threshold,0.961,baseline auto mcdm,y_any_risk
222,0.005550138753468836,1.0,0.00885449904275686,0.01755357001660473,score threshold,0.962,baseline auto mcdm,y_any_risk
217,0.0054251356283907095,1.0,0.008655073388640714,0.017161611767962354,score threshold,0.963,baseline auto mcdm,y_any_risk
211,0.0052751318782969575,1.0,0.008415762603701341,0.016691057232132264,score threshold,0.964,baseline auto mcdm,y_any_risk
207,0.005175129378234456,1.0,0.008256222080408424,0.016377230111950632,score threshold,0.965,baseline auto mcdm,y_any_risk
201,0.005025125628140704,1.0,0.008016911295469048,0.01590630316939026,score threshold,0.966,baseline auto mcdm,y_any_risk
177,0.004425110627765694,1.0,0.007059668155711551,0.014020357241870965,score threshold,0.967,baseline auto mcdm,y_any_risk
174,0.004350108752718818,1.0,0.0069400127632418636,0.013784361879109561,score threshold,0.968,baseline auto mcdm,y_any_risk
172,0.004300107502687567,1.0,0.006860242501595405,0.013627000475360482,score threshold,0.969,baseline auto mcdm,y_any_risk
155,0.0038750968774219356,1.0,0.006182195277600511,0.012288421136084355,score threshold,0.97,baseline auto mcdm,y_any_risk
154,0.00385009625240631,1.0,0.006142310146777281,0.01220962499008959,score threshold,0.971,baseline auto mcdm,y_any_risk
152,0.003800095002375059,1.0,0.006062539885130823,0.012052013954963527,score threshold,0.972,baseline auto mcdm,y_any_risk
146,0.0036500912522813072,1.0,0.005823229100191449,0.01157903085097946,score threshold,0.973,baseline auto mcdm,y_any_risk
110,0.002750068751718793,1.0,0.004387364390555201,0.008736399015169566,score threshold,0.974,baseline auto mcdm,y_any_risk
108,0.002700067501687542,1.0,0.004307594128908743,0.00857823669579031,score threshold,0.975,baseline auto mcdm,y_any_risk
106,0.0026500662516562913,1.0,0.004227823867262285,0.008420049249344665,score threshold,0.976,baseline auto mcdm,y_any_risk
103,0.0025750643766094153,1.0,0.004108168474792597,0.008182720953326714,score threshold,0.977,baseline auto mcdm,y_any_risk
96,0.0024000600015000374,1.0,0.0038289725590299937,0.007628734901462174,score threshold,0.978,baseline auto mcdm,y_any_risk
96,0.0024000600015000374,1.0,0.0038289725590299937,0.007628734901462174,score threshold,0.979,baseline auto mcdm,y_any_risk
95,0.002375059376484412,1.0,0.0037890874282067643,0.007549568879882385,score threshold,0.98,baseline auto mcdm,y_any_risk
88,0.0022000550013750344,1.0,0.0035098915124441607,0.0069952305246422895,score threshold,0.981,baseline auto mcdm,y_any_risk
88,0.0022000550013750344,1.0,0.0035098915124441607,0.0069952305246422895,score threshold,0.982,baseline auto mcdm,y_any_risk
88,0.0022000550013750344,1.0,0.0035098915124441607,0.0069952305246422895,score threshold,0.983,baseline auto mcdm,y_any_risk
80,0.002000050001250031,1.0,0.003190810465858328,0.006361323155216285,score threshold,0.984,baseline auto mcdm,y_any_risk
79,0.001975049376234406,1.0,0.003150925335035099,0.006282056379468013,score threshold,0.985,baseline auto mcdm,y_any_risk
79,0.001975049376234406,1.0,0.003150925335035099,0.006282056379468013,score threshold,0.986,baseline auto mcdm,y_any_risk
69,0.001725043126078152,1.0,0.002752074026802808,0.005489041804224176,score threshold,0.987,baseline auto mcdm,y_any_risk
57,0.0014250356258906473,1.0,0.0022734524569240585,0.004536591189462374,score threshold,0.988,baseline auto mcdm,y_any_risk
57,0.0014250356258906473,1.0,0.0022734524569240585,0.004536591189462374,score threshold,0.989,baseline auto mcdm,y_any_risk
51,0.001275031875796895,1.0,0.002034141671984684,0.004060024678581379,score threshold,0.99,baseline auto mcdm,y_any_risk
47,0.0011750293757343934,1.0,0.0018746011486917677,0.003742187188980453,score threshold,0.991,baseline auto mcdm,y_any_risk
46,0.001150028750718768,1.0,0.0018347160178685386,0.0036627119993630068,score threshold,0.992,baseline auto mcdm,y_any_risk
43,0.0010750268756718917,1.0,0.0017150606253988512,0.003424248457097352,score threshold,0.993,baseline auto mcdm,y_any_risk
24,0.0006000150003750093,1.0,0.0009572431397574984,0.001912655403251514,score threshold,0.994,baseline auto mcdm,y_any_risk
20,0.0005000125003125078,1.0,0.000797702616464582,0.0015941335883947075,score threshold,0.995,baseline auto mcdm,y_any_risk
20,0.0005000125003125078,1.0,0.000797702616464582,0.0015941335883947075,score threshold,0.996,baseline auto mcdm,y_any_risk
18,0.00045001125028125703,1.0,0.0007179323548181238,0.001434834595456357,score threshold,0.997,baseline auto mcdm,y_any_risk
2,5.000125003125078e-05,1.0,7.97702616464582e-05,0.00015952779771875248,score threshold,0.998,baseline auto mcdm,y_any_risk
1,2.500062501562539e-05,1.0,3.98851308232291e-05,7.976708012603199e-05,score threshold,0.999,baseline auto mcdm,y_any_risk
400,0.010000250006250157,0.9975,0.025253164556962027,0.04925925925925926,top k rate,0.01,pareto auto mcdm,y_cri_high
800,0.020000500012500314,0.99875,0.050569620253164554,0.09626506024096386,top k rate,0.02,pareto auto mcdm,y_cri_high
1200,0.03000075001875047,0.9991666666666666,0.07588607594936708,0.14105882352941176,top k rate,0.03,pareto auto mcdm,y_cri_high
1600,0.04000100002500063,0.99875,0.10113924050632911,0.18367816091954023,top k rate,0.04,pareto auto mcdm,y_cri_high
2000,0.050001250031250784,0.9985,0.12639240506329114,0.2243820224719101,top k rate,0.05,pareto auto mcdm,y_cri_high
2400,0.06000150003750094,0.9983333333333333,0.15164556962025316,0.2632967032967033,top k rate,0.060000000000000005,pareto auto mcdm,y_cri_high
2800,0.07000175004375109,0.9978571428571429,0.1768354430379747,0.3004301075268817,top k rate,0.06999999999999999,pareto auto mcdm,y_cri_high
3200,0.08000200005000126,0.9975,0.2020253164556962,0.336,top k rate,0.08,pareto auto mcdm,y_cri_high
3600,0.09000225005625141,0.9975,0.22727848101265824,0.3702061855670103,top k rate,0.09,pareto auto mcdm,y_cri_high
4000,0.10000250006250157,0.993,0.25139240506329114,0.4012121212121212,top k rate,0.09999999999999999,pareto auto mcdm,y_cri_high
4400,0.11000275006875172,0.9906818181818182,0.2758860759493671,0.4315841584158416,top k rate,0.11,pareto auto mcdm,y_cri_high
4800,0.12000300007500188,0.9847916666666666,0.2991772151898734,0.4589320388349515,top k rate,0.12,pareto auto mcdm,y_cri_high
5200,0.13000325008125202,0.9801923076923077,0.32259493670886075,0.48542857142857143,top k rate,0.13,pareto auto mcdm,y_cri_high
5600,0.14000350008750218,0.9757142857142858,0.34582278481012657,0.5106542056074767,top k rate,0.14,pareto auto mcdm,y_cri_high
6000,0.15000375009375233,0.9681666666666666,0.36765822784810126,0.5329357798165137,top k rate,0.15000000000000002,pareto auto mcdm,y_cri_high
6400,0.1600040001000025,0.96265625,0.3899367088607595,0.555045045045045,top k rate,0.16,pareto auto mcdm,y_cri_high
6800,0.17000425010625267,0.9554411764705882,0.41120253164556964,0.5749557522123894,top k rate,0.17,pareto auto mcdm,y_cri_high
7200,0.18000450011250282,0.9465277777777777,0.43132911392405066,0.5926086956521739,top k rate,0.18000000000000002,pareto auto mcdm,y_cri_high
7600,0.19000475011875298,0.9381578947368421,0.45126582278481014,0.6094017094017095,top k rate,0.19,pareto auto mcdm,y_cri_high
8000,0.20000500012500314,0.933,0.47240506329113924,0.6272268907563026,top k rate,0.2,pareto auto mcdm,y_cri_high
8400,0.2100052501312533,0.9247619047619048,0.4916455696202532,0.6419834710743801,top k rate,0.21000000000000002,pareto auto mcdm,y_cri_high
8800,0.22000550013750345,0.9193181818181818,0.5120253164556962,0.6577235772357723,top k rate,0.22,pareto auto mcdm,y_cri_high
9200,0.2300057501437536,0.9142391304347826,0.5323417721518987,0.67288,top k rate,0.23,pareto auto mcdm,y_cri_high
9600,0.24000600015000376,0.9088541666666666,0.5522151898734177,0.687007874015748,top k rate,0.24000000000000002,pareto auto mcdm,y_cri_high
10000,0.2500062501562539,0.9032,0.5716455696202531,0.7001550387596899,top k rate,0.25,pareto auto mcdm,y_cri_high
10400,0.26000650016250404,0.8981730769230769,0.5912025316455696,0.7130534351145038,top k rate,0.26,pareto auto mcdm,y_cri_high
10800,0.2700067501687542,0.8936111111111111,0.6108227848101265,0.7256390977443609,top k rate,0.27,pareto auto mcdm,y_cri_high
11200,0.28000700017500435,0.8871428571428571,0.6288607594936709,0.736,top k rate,0.28,pareto auto mcdm,y_cri_high
11600,0.2900072501812545,0.8819827586206896,0.6475316455696203,0.7467883211678832,top k rate,0.29000000000000004,pareto auto mcdm,y_cri_high
12000,0.30000750018750466,0.878,0.6668354430379747,0.7579856115107914,top k rate,0.3,pareto auto mcdm,y_cri_high
12400,0.3100077501937548,0.8737903225806452,0.6857594936708861,0.7684397163120568,top k rate,0.31,pareto auto mcdm,y_cri_high
12800,0.320008000200005,0.867890625,0.7031012658227848,0.7768531468531469,top k rate,0.32,pareto auto mcdm,y_cri_high
13200,0.3300082502062552,0.8629545454545454,0.7209493670886076,0.7855862068965517,top k rate,0.33,pareto auto mcdm,y_cri_high
13600,0.34000850021250534,0.8586764705882353,0.7391139240506329,0.794421768707483,top k rate,0.34,pareto auto mcdm,y_cri_high
14000,0.3500087502187555,0.8518571428571429,0.7548101265822785,0.8004026845637584,top k rate,0.35000000000000003,pareto auto mcdm,y_cri_high
14400,0.36000900022500565,0.8434722222222222,0.7687341772151899,0.8043708609271523,top k rate,0.36000000000000004,pareto auto mcdm,y_cri_high
14800,0.3700092502312558,0.8387837837837838,0.7856962025316455,0.8113725490196079,top k rate,0.37,pareto auto mcdm,y_cri_high
15200,0.38000950023750596,0.8309868421052632,0.7994303797468354,0.8149032258064516,top k rate,0.38,pareto auto mcdm,y_cri_high
15600,0.3900097502437561,0.8215384615384616,0.8111392405063291,0.8163057324840765,top k rate,0.39,pareto auto mcdm,y_cri_high
16000,0.40001000025000627,0.8146875,0.825,0.819811320754717,top k rate,0.4,pareto auto mcdm,y_cri_high
16400,0.4100102502562564,0.8087804878048781,0.839493670886076,0.8238509316770186,top k rate,0.41000000000000003,pareto auto mcdm,y_cri_high
16800,0.4200105002625066,0.8019047619047619,0.8526582278481013,0.8265030674846626,top k rate,0.42000000000000004,pareto auto mcdm,y_cri_high
17200,0.43001075026875674,0.7940697674418604,0.8644303797468355,0.8277575757575758,top k rate,0.43,pareto auto mcdm,y_cri_high
17600,0.4400110002750069,0.7852272727272728,0.8746835443037975,0.8275449101796407,top k rate,0.44,pareto auto mcdm,y_cri_high
18000,0.45001125028125705,0.7776666666666666,0.8859493670886076,0.8282840236686391,top k rate,0.45,pareto auto mcdm,y_cri_high
18400,0.4600115002875072,0.76875,0.895253164556962,0.8271929824561404,top k rate,0.46,pareto auto mcdm,y_cri_high
18800,0.47001175029375736,0.7593617021276595,0.9035443037974683,0.8252023121387283,top k rate,0.47000000000000003,pareto auto mcdm,y_cri_high
19200,0.4800120003000075,0.7503125,0.9117721518987342,0.8232,top k rate,0.48000000000000004,pareto auto mcdm,y_cri_high
19600,0.49001225030625767,0.7397959183673469,0.9177215189873418,0.8192090395480226,top k rate,0.49,pareto auto mcdm,y_cri_high
20000,0.5000125003125078,0.72985,0.9238607594936709,0.8154748603351956,top k rate,0.5,pareto auto mcdm,y_cri_high
20400,0.5100127503187579,0.7194607843137255,0.9289240506329114,0.8108839779005524,top k rate,0.51,pareto auto mcdm,y_cri_high
20800,0.5200130003250081,0.7091346153846154,0.9335443037974683,0.8060109289617486,top k rate,0.52,pareto auto mcdm,y_cri_high
21200,0.5300132503312582,0.698443396226415,0.9371518987341773,0.8003783783783783,top k rate,0.53,pareto auto mcdm,y_cri_high
21600,0.5400135003375084,0.6878240740740741,0.9403164556962025,0.7944919786096256,top k rate,0.54,pareto auto mcdm,y_cri_high
22000,0.5500137503437585,0.6781818181818182,0.9443037974683545,0.7894179894179895,top k rate,0.55,pareto auto mcdm,y_cri_high
22400,0.5600140003500087,0.6691517857142857,0.9486708860759494,0.7847643979057591,top k rate,0.56,pareto auto mcdm,y_cri_high
22800,0.5700142503562589,0.660219298245614,0.9527215189873418,0.7799481865284974,top k rate,0.5700000000000001,pareto auto mcdm,y_cri_high
23200,0.580014500362509,0.6516810344827586,0.9568987341772152,0.7753333333333333,top k rate,0.5800000000000001,pareto auto mcdm,y_cri_high
23600,0.5900147503687592,0.6430932203389831,0.9605696202531645,0.7704060913705584,top k rate,0.59,pareto auto mcdm,y_cri_high
24000,0.6000150003750093,0.6350416666666666,0.9646202531645569,0.7658793969849246,top k rate,0.6,pareto auto mcdm,y_cri_high
24400,0.6100152503812595,0.6267622950819672,0.9679113924050633,0.7608457711442786,top k rate,0.61,pareto auto mcdm,y_cri_high
24800,0.6200155003875096,0.6181854838709677,0.9703164556962025,0.7552216748768473,top k rate,0.62,pareto auto mcdm,y_cri_high
25200,0.6300157503937599,0.6104365079365079,0.9736075949367089,0.750390243902439,top k rate,0.63,pareto auto mcdm,y_cri_high
25600,0.64001600040001,0.6021484375,0.975632911392405,0.7446859903381643,top k rate,0.64,pareto auto mcdm,y_cri_high
26000,0.6500162504062602,0.5941538461538461,0.9777215189873417,0.7391387559808612,top k rate,0.65,pareto auto mcdm,y_cri_high
26400,0.6600165004125104,0.5863257575757576,0.9796835443037974,0.7336018957345971,top k rate,0.66,pareto auto mcdm,y_cri_high
26800,0.6700167504187605,0.5788432835820896,0.9818354430379747,0.7283098591549296,top k rate,0.67,pareto auto mcdm,y_cri_high
27200,0.6800170004250107,0.5709926470588236,0.9829746835443038,0.7223720930232558,top k rate,0.68,pareto auto mcdm,y_cri_high
27600,0.6900172504312608,0.5634420289855072,0.984240506329114,0.7166359447004609,top k rate,0.6900000000000001,pareto auto mcdm,y_cri_high
28000,0.700017500437511,0.556,0.9853164556962025,0.7108675799086758,top k rate,0.7000000000000001,pareto auto mcdm,y_cri_high
28400,0.7100177504437611,0.5489084507042253,0.9866455696202532,0.7053846153846154,top k rate,0.7100000000000001,pareto auto mcdm,y_cri_high
28800,0.7200180004500113,0.5420486111111111,0.9880379746835443,0.7000448430493273,top k rate,0.72,pareto auto mcdm,y_cri_high
29200,0.7300182504562615,0.5350342465753425,0.9887974683544304,0.6943555555555555,top k rate,0.73,pareto auto mcdm,y_cri_high
29600,0.7400185004625116,0.528445945945946,0.99,0.6890748898678414,top k rate,0.74,pareto auto mcdm,y_cri_high
30000,0.7500187504687618,0.5220333333333333,0.9912025316455696,0.6838864628820961,top k rate,0.75,pareto auto mcdm,y_cri_high
30400,0.7600190004750119,0.5155592105263158,0.9919620253164557,0.6784848484848485,top k rate,0.76,pareto auto mcdm,y_cri_high
30800,0.7700192504812621,0.5091883116883117,0.9925949367088608,0.6730901287553648,top k rate,0.77,pareto auto mcdm,y_cri_high
31200,0.7800195004875122,0.5030128205128205,0.9932911392405064,0.6678297872340425,top k rate,0.78,pareto auto mcdm,y_cri_high
31600,0.7900197504937624,0.4968987341772152,0.9937974683544304,0.6625316455696203,top k rate,0.79,pareto auto mcdm,y_cri_high
32000,0.8000200005000125,0.4909375,0.9943037974683544,0.6573221757322176,top k rate,0.8,pareto auto mcdm,y_cri_high
39871,0.996799919998,0.3962779965388378,1.0,0.5676204846329328,score threshold,0.001,pareto auto mcdm,y_cri_high
39865,0.9966499162479062,0.3963376395334253,1.0,0.5676816671157819,score threshold,0.002,pareto auto mcdm,y_cri_high
39726,0.9931748293707343,0.39769923979257915,0.9999367088607595,0.569066743507546,score threshold,0.003,pareto auto mcdm,y_cri_high
39647,0.9911997799944998,0.3984916891568088,0.9999367088607595,0.5698775407145562,score threshold,0.004,pareto auto mcdm,y_cri_high
39537,0.988449711242781,0.39960037433290335,0.9999367088607595,0.5710103547355295,score threshold,0.005,pareto auto mcdm,y_cri_high
39478,0.9869746743668592,0.40019757839809517,0.9999367088607595,0.571619812583668,score threshold,0.006,pareto auto mcdm,y_cri_high
39228,0.9807245181129528,0.4027480371163455,0.9999367088607595,0.5742167623755179,score threshold,0.007,pareto auto mcdm,y_cri_high
39128,0.9782244556113903,0.40377734614598243,0.9999367088607595,0.5752621613748907,score threshold,0.008,pareto auto mcdm,y_cri_high
38936,0.9734243356083903,0.4057684405177728,0.9999367088607595,0.5772800350774627,score threshold,0.009000000000000001,pareto auto mcdm,y_cri_high
38797,0.9699492487312182,0.4072222079026729,0.9999367088607595,0.5787497481546605,score threshold,0.010000000000000002,pareto auto mcdm,y_cri_high
38511,0.9627990699767495,0.4102204564929501,0.9998734177215189,0.5817606009832262,score threshold,0.011,pareto auto mcdm,y_cri_high
38342,0.9585739643491087,0.4120025037817537,0.9998101265822785,0.5835395811015478,score threshold,0.012,pareto auto mcdm,y_cri_high
38187,0.9546988674716868,0.4136486238772357,0.999746835443038,0.5851779132013263,score threshold,0.013000000000000001,pareto auto mcdm,y_cri_high
38064,0.9516237905947649,0.4149852879361076,0.999746835443038,0.5865141838704886,score threshold,0.014000000000000002,pareto auto mcdm,y_cri_high
37764,0.9441236030900773,0.4182554814108675,0.9996835443037975,0.5897617803002017,score threshold,0.015,pareto auto mcdm,y_cri_high
37660,0.9415235380884522,0.4194105151354222,0.9996835443037975,0.5909090909090909,score threshold,0.016,pareto auto mcdm,y_cri_high
37485,0.9371484287107178,0.42131519274376417,0.9995569620253164,0.5927747020737544,score threshold,0.017,pareto auto mcdm,y_cri_high
36999,0.9249981249531238,0.4267142355198789,0.9992405063291139,0.5980416295763177,score threshold,0.018000000000000002,pareto auto mcdm,y_cri_high
36966,0.9241731043276082,0.42709516853324675,0.9992405063291139,0.5984156464389948,score threshold,0.019000000000000003,pareto auto mcdm,y_cri_high
36587,0.9146978674466861,0.4313827315713232,0.9989240506329113,0.6025540687575162,score threshold,0.02,pareto auto mcdm,y_cri_high
36328,0.9082227055676392,0.43434816119797404,0.9986708860759493,0.6053944137507673,score threshold,0.021,pareto auto mcdm,y_cri_high
36127,0.9031975799394985,0.4367647465884242,0.9986708860759493,0.6077377857376702,score threshold,0.022000000000000002,pareto auto mcdm,y_cri_high
35817,0.8954473861846546,0.44048915319541,0.9985443037974684,0.6113102272507119,score threshold,0.023,pareto auto mcdm,y_cri_high
35675,0.8918972974324358,0.4422144358794674,0.9984810126582279,0.6129577464788732,score threshold,0.024,pareto auto mcdm,y_cri_high
35429,0.885747143678592,0.4451438087442491,0.9981645569620253,0.6157059478030023,score threshold,0.025,pareto auto mcdm,y_cri_high
35151,0.8787969699242482,0.4485789877955108,0.9979746835443037,0.6189476163372652,score threshold,0.026000000000000002,pareto auto mcdm,y_cri_high
34983,0.874596864921623,0.45064745733642053,0.9977848101265823,0.6208770651596006,score threshold,0.027000000000000003,pareto auto mcdm,y_cri_high
34767,0.8691967299182479,0.4533897086317485,0.9976582278481013,0.6234500761366109,score threshold,0.028,pareto auto mcdm,y_cri_high
34315,0.8578964474111853,0.4592452280343873,0.9974050632911392,0.6289134989524094,score threshold,0.029,pareto auto mcdm,y_cri_high
34202,0.8550713767844196,0.4607332904508508,0.9973417721518988,0.6302947882084716,score threshold,0.030000000000000002,pareto auto mcdm,y_cri_high
33994,0.8498712467811695,0.463375889862917,0.9969620253164557,0.6326866690765955,score threshold,0.031,pareto auto mcdm,y_cri_high
33588,0.8397209930248256,0.46876860783613195,0.9965189873417721,0.6376042763424313,score threshold,0.032,pareto auto mcdm,y_cri_high
33518,0.8379709492737318,0.4696879288740378,0.9963924050632912,0.6384281601038161,score threshold,0.033,pareto auto mcdm,y_cri_high
33195,0.8298957473936849,0.47404729627956016,0.9959493670886076,0.642351260332687,score threshold,0.034,pareto auto mcdm,y_cri_high
32816,0.8204205105127628,0.4791869819600195,0.995253164556962,0.6469063682738193,score threshold,0.035,pareto auto mcdm,y_cri_high
32651,0.8162954073851846,0.48154727267158737,0.995126582278481,0.6490268518709624,score threshold,0.036000000000000004,pareto auto mcdm,y_cri_high
32234,0.8058701467536689,0.48752869640752,0.9946202531645569,0.6543281842028563,score threshold,0.037000000000000005,pareto auto mcdm,y_cri_high
32024,0.8006200155003875,0.4905695728203847,0.9943037974683544,0.6569923051187688,score threshold,0.038,pareto auto mcdm,y_cri_high
31844,0.796119902997575,0.49321693254616256,0.9940506329113924,0.659306523381748,score threshold,0.039,pareto auto mcdm,y_cri_high
31587,0.7896947423685592,0.4971032386741381,0.9937974683544304,0.6627134024099437,score threshold,0.04,pareto auto mcdm,y_cri_high
31426,0.7856696417410435,0.49955450900528225,0.9936075949367089,0.6648456358785415,score threshold,0.041,pareto auto mcdm,y_cri_high
31329,0.7832445811145279,0.5009735388936768,0.9933544303797468,0.6660442614950455,score threshold,0.042,pareto auto mcdm,y_cri_high
31024,0.7756193904847621,0.5056730273336771,0.9929113924050633,0.6700837177515804,score threshold,0.043000000000000003,pareto auto mcdm,y_cri_high
30926,0.7731693292332308,0.5071784259199379,0.9927215189873417,0.6713606985404271,score threshold,0.044000000000000004,pareto auto mcdm,y_cri_high
30783,0.7695942398559964,0.509469512393204,0.9925949367088608,0.6733357662666638,score threshold,0.045,pareto auto mcdm,y_cri_high
30539,0.7634940873521838,0.5133108484233275,0.9921518987341772,0.6765791234165606,score threshold,0.046,pareto auto mcdm,y_cri_high
30381,0.759543988599715,0.515881636549159,0.9919620253164557,0.6787639938502847,score threshold,0.047,pareto auto mcdm,y_cri_high
30232,0.7558188954723868,0.5183249536914528,0.9917721518987341,0.6808307264511644,score threshold,0.048,pareto auto mcdm,y_cri_high
30153,0.7538438460961524,0.5196497860909363,0.9917088607594937,0.6819576523839576,score threshold,0.049,pareto auto mcdm,y_cri_high
30022,0.7505687642191055,0.5216507894210912,0.9912025316455696,0.6835581161887303,score threshold,0.05,pareto auto mcdm,y_cri_high
29859,0.7464936623415586,0.524230550252855,0.9906962025316456,0.6856479554961782,score threshold,0.051000000000000004,pareto auto mcdm,y_cri_high
29781,0.7445436135903397,0.5254692589234747,0.9904430379746836,0.6866457515192734,score threshold,0.052000000000000005,pareto auto mcdm,y_cri_high
29713,0.7428435710892772,0.5266045165415811,0.9903164556962025,0.687583767275284,score threshold,0.053000000000000005,pareto auto mcdm,y_cri_high
29626,0.7406685167129178,0.5280496860865456,0.990126582278481,0.6887685466472945,score threshold,0.054,pareto auto mcdm,y_cri_high
29439,0.7359933998349959,0.5309962974285811,0.9893670886075949,0.6910851256659077,score threshold,0.055,pareto auto mcdm,y_cri_high
29323,0.7330933273331833,0.5329263717900624,0.9890506329113924,0.6926401170134965,score threshold,0.056,pareto auto mcdm,y_cri_high
29248,0.7312182804570114,0.5342245623632386,0.9889240506329114,0.6937044929852602,score threshold,0.057,pareto auto mcdm,y_cri_high
27682,0.692067301682542,0.5618452423957806,0.9843670886075949,0.7153764776229244,score threshold,0.058,pareto auto mcdm,y_cri_high
27638,0.6909672741818546,0.5627035241334395,0.9843037974683544,0.7160550669920346,score threshold,0.059000000000000004,pareto auto mcdm,y_cri_high
27509,0.6877421935548389,0.5650877894507252,0.9838607594936709,0.7178646470710476,score threshold,0.060000000000000005,pareto auto mcdm,y_cri_high
27402,0.6850671266781669,0.5670389022699073,0.9834177215189873,0.7193185500671265,score threshold,0.061,pareto auto mcdm,y_cri_high
27357,0.6839420985524638,0.5678254194538875,0.9831645569620253,0.719883217091086,score threshold,0.062,pareto auto mcdm,y_cri_high
27288,0.6822170554263857,0.5692612137203166,0.9831645569620253,0.7210360193093205,score threshold,0.063,pareto auto mcdm,y_cri_high
27237,0.6809420235505887,0.5703271285383853,0.9831645569620253,0.7218904663429142,score threshold,0.064,pareto auto mcdm,y_cri_high
27166,0.6791669791744793,0.5717072811602739,0.9829746835443038,0.7229437229437229,score threshold,0.065,pareto auto mcdm,y_cri_high
27061,0.6765419135478387,0.5737038542552012,0.9825949367088608,0.7244348008679219,score threshold,0.066,pareto auto mcdm,y_cri_high
27009,0.6752418810470262,0.5746232737235736,0.9822784810126582,0.7250811745193768,score threshold,0.067,pareto auto mcdm,y_cri_high
26991,0.6747918697967449,0.5749323848690304,0.9821518987341772,0.7252927017363464,score threshold,0.068,pareto auto mcdm,y_cri_high
26949,0.6737418435460887,0.5757542023822776,0.9820253164556962,0.7259117172331516,score threshold,0.069,pareto auto mcdm,y_cri_high
26887,0.6721918047951199,0.5770074757317663,0.9818987341772152,0.7268723498957528,score threshold,0.07,pareto auto mcdm,y_cri_high
26830,0.6707667691692293,0.5781960491986582,0.9818354430379747,0.7277973258268825,score threshold,0.07100000000000001,pareto auto mcdm,y_cri_high
26773,0.6693417335433386,0.5793523325738618,0.9817088607594937,0.7286778004838748,score threshold,0.07200000000000001,pareto auto mcdm,y_cri_high
26748,0.668716717917948,0.5798564378645132,0.9816455696202532,0.7290589451913133,score threshold,0.07300000000000001,pareto auto mcdm,y_cri_high
26691,0.6672916822920573,0.5809074219774456,0.9813291139240506,0.7298016050457744,score threshold,0.074,pareto auto mcdm,y_cri_high
26679,0.6669916747918698,0.5811312268076014,0.9812658227848101,0.7299606864568375,score threshold,0.075,pareto auto mcdm,y_cri_high
26617,0.665441636040901,0.5822594582409738,0.980886075949367,0.7307447485677913,score threshold,0.076,pareto auto mcdm,y_cri_high
26595,0.6648916222905573,0.5827035156984396,0.9808227848101266,0.7310767779219247,score threshold,0.077,pareto auto mcdm,y_cri_high
26559,0.6639915997899948,0.583380398358372,0.980632911392405,0.7315564578956066,score threshold,0.078,pareto auto mcdm,y_cri_high
26544,0.6636165904147604,0.583672393007836,0.9805696202531645,0.7317683733232572,score threshold,0.079,pareto auto mcdm,y_cri_high
26503,0.6625915647891197,0.5844621363619213,0.980379746835443,0.7323357681488311,score threshold,0.08,pareto auto mcdm,y_cri_high
26443,0.6610915272881822,0.5855613962107173,0.98,0.7330918732097625,score threshold,0.081,pareto auto mcdm,y_cri_high
26429,0.6607415185379635,0.5857580687880737,0.9798101265822785,0.733192829572095,score threshold,0.082,pareto auto mcdm,y_cri_high
26408,0.6602165054126353,0.5861860042411391,0.979746835443038,0.7335102350265352,score threshold,0.083,pareto auto mcdm,y_cri_high
26352,0.6588164704117603,0.5872040072859745,0.9793670886075949,0.7342000379578668,score threshold,0.084,pareto auto mcdm,y_cri_high
26261,0.6565414135353383,0.588972240204105,0.9789240506329114,0.7354556477496969,score threshold,0.085,pareto auto mcdm,y_cri_high
26244,0.6561164029100728,0.5893156531016613,0.9788607594936709,0.7357054514318333,score threshold,0.08600000000000001,pareto auto mcdm,y_cri_high
26224,0.6556163904097603,0.5897269676632093,0.9787974683544304,0.7360079954311822,score threshold,0.08700000000000001,pareto auto mcdm,y_cri_high
26201,0.6550413760344008,0.5901301477042861,0.9786075949367089,0.7362681840908549,score threshold,0.08800000000000001,pareto auto mcdm,y_cri_high
26170,0.6542663566589165,0.5907909820405044,0.9785443037974684,0.7367643554920181,score threshold,0.089,pareto auto mcdm,y_cri_high
26157,0.6539413485337133,0.5910846045035746,0.9785443037974684,0.7369926353171103,score threshold,0.09,pareto auto mcdm,y_cri_high
26099,0.6524913122828071,0.5922449135982222,0.9782911392405064,0.7378219050574,score threshold,0.091,pareto auto mcdm,y_cri_high
26049,0.6512412810320258,0.5932281469538178,0.9780379746835443,0.7385122703051447,score threshold,0.092,pareto auto mcdm,y_cri_high
25991,0.6497912447811195,0.594321111153861,0.9776582278481013,0.7392500777679405,score threshold,0.093,pareto auto mcdm,y_cri_high
25947,0.648691217280432,0.595174779357922,0.9774050632911392,0.7398375931204637,score threshold,0.094,pareto auto mcdm,y_cri_high
25873,0.6468411710292757,0.5967224519769644,0.9771518987341772,0.7409593741751254,score threshold,0.095,pareto auto mcdm,y_cri_high
25850,0.6462661566539164,0.597137330754352,0.9769620253164557,0.7412244897959184,score threshold,0.096,pareto auto mcdm,y_cri_high
25825,0.6456411410285258,0.5977153920619555,0.9769620253164557,0.7416696696696696,score threshold,0.097,pareto auto mcdm,y_cri_high
25808,0.6452161304032601,0.5980316181029138,0.9768354430379746,0.741876562199577,score threshold,0.098,pareto auto mcdm,y_cri_high
25800,0.6450161254031351,0.5981782945736435,0.9767721518987342,0.7419711538461539,score threshold,0.099,pareto auto mcdm,y_cri_high
25782,0.6445661141528538,0.5985571328834071,0.9767088607594937,0.742244240296282,score threshold,0.1,pareto auto mcdm,y_cri_high
25772,0.6443161079026976,0.5987893838274095,0.9767088607594937,0.7424227845665352,score threshold,0.101,pareto auto mcdm,y_cri_high
25759,0.6439910997774945,0.5990139368764316,0.9765822784810126,0.7425587718665031,score threshold,0.10200000000000001,pareto auto mcdm,y_cri_high
25752,0.643816095402385,0.5991379310344828,0.9765189873417721,0.7426357335386985,score threshold,0.10300000000000001,pareto auto mcdm,y_cri_high
25734,0.6433660841521038,0.5995181471982591,0.9764556962025317,0.7429094236047575,score threshold,0.10400000000000001,pareto auto mcdm,y_cri_high
25679,0.6419910497762444,0.6006853849448966,0.9762658227848101,0.7437498493213434,score threshold,0.10500000000000001,pareto auto mcdm,y_cri_high
25667,0.6416910422760569,0.600888300151946,0.9761392405063292,0.743868618419466,score threshold,0.106,pareto auto mcdm,y_cri_high
25660,0.6415160379009476,0.6010522213561964,0.9761392405063292,0.7439942112879884,score threshold,0.107,pareto auto mcdm,y_cri_high
25629,0.6407410185254632,0.6015841429630496,0.9758227848101266,0.7443095416254315,score threshold,0.108,pareto auto mcdm,y_cri_high
25627,0.6406910172754319,0.6016310922074375,0.9758227848101266,0.7443454751731963,score threshold,0.109,pareto auto mcdm,y_cri_high
25616,0.64041601040026,0.6018504059962524,0.9757594936708861,0.7444948812053312,score threshold,0.11,pareto auto mcdm,y_cri_high
25582,0.6395659891497287,0.6024939410523024,0.9755063291139241,0.7449132473055918,score threshold,0.111,pareto auto mcdm,y_cri_high
25571,0.6392909822745568,0.6027531187673536,0.9755063291139241,0.7451113098547292,score threshold,0.112,pareto auto mcdm,y_cri_high
25544,0.638615965399135,0.6033119323520201,0.975379746835443,0.7455011609907121,score threshold,0.113,pareto auto mcdm,y_cri_high
25528,0.638215955398885,0.6036900658100909,0.975379746835443,0.7457897793263647,score threshold,0.114,pareto auto mcdm,y_cri_high
25524,0.6381159528988225,0.6037846732487071,0.975379746835443,0.7458619688316717,score threshold,0.115,pareto auto mcdm,y_cri_high
25516,0.6379159478986974,0.6039739771124001,0.975379746835443,0.7460063897763578,score threshold,0.116,pareto auto mcdm,y_cri_high
25506,0.6376659416485412,0.6042107739355446,0.975379746835443,0.7461869946254781,score threshold,0.117,pareto auto mcdm,y_cri_high
25495,0.6373909347733694,0.6044714649931359,0.975379746835443,0.7463857609880131,score threshold,0.11800000000000001,pareto auto mcdm,y_cri_high
25421,0.635540888522213,0.6059557059124346,0.9749367088607594,0.7473860410955581,score threshold,0.11900000000000001,pareto auto mcdm,y_cri_high
25359,0.6339908497712443,0.6070822981978785,0.9743670886075949,0.7480745401977696,score threshold,0.12000000000000001,pareto auto mcdm,y_cri_high
25284,0.6321158028950724,0.608764436006961,0.9741772151898734,0.7492941291013533,score threshold,0.121,pareto auto mcdm,y_cri_high
25249,0.6312407810195255,0.6093706681452731,0.9737974683544304,0.7496406733416161,score threshold,0.122,pareto auto mcdm,y_cri_high
25236,0.6309157728943223,0.6096053257251546,0.9736708860759493,0.7497806803782046,score threshold,0.123,pareto auto mcdm,y_cri_high
25215,0.6303907597689943,0.6101130279595479,0.9736708860759493,0.7501645739363647,score threshold,0.124,pareto auto mcdm,y_cri_high
25091,0.6272906822670566,0.6126100992387709,0.9728481012658228,0.751803575358881,score threshold,0.125,pareto auto mcdm,y_cri_high
25035,0.6258906472661817,0.613700818853605,0.9724050632911393,0.7524917350312232,score threshold,0.126,pareto auto mcdm,y_cri_high
24902,0.6225655641391035,0.6162958798490081,0.9713291139240506,0.7541152768905705,score threshold,0.127,pareto auto mcdm,y_cri_high
24697,0.6174404360109003,0.6204802202696684,0.969873417721519,0.7567967997629454,score threshold,0.128,pareto auto mcdm,y_cri_high
24695,0.617390434760869,0.6205304717554161,0.969873417721519,0.7568341770588961,score threshold,0.129,pareto auto mcdm,y_cri_high
24617,0.6154403860096502,0.6221310476499979,0.9693037974683544,0.7578494197985995,score threshold,0.13,pareto auto mcdm,y_cri_high
24463,0.6115902897572439,0.6254752074561583,0.9684177215189873,0.7600526538012568,score threshold,0.131,pareto auto mcdm,y_cri_high
24394,0.6098652466311658,0.6269164548659506,0.9679113924050633,0.7609593471662437,score threshold,0.132,pareto auto mcdm,y_cri_high
24269,0.6067401685042126,0.6298158144134492,0.9674050632911393,0.7629339389553021,score threshold,0.133,pareto auto mcdm,y_cri_high
24203,0.6050901272531813,0.6311201090773871,0.9667721518987342,0.7636927230457715,score threshold,0.134,pareto auto mcdm,y_cri_high
24179,0.6044901122528064,0.6316638405227677,0.9666455696202532,0.7640511268415918,score threshold,0.135,pareto auto mcdm,y_cri_high
24164,0.604115102877572,0.6319317993709651,0.9664556962025317,0.7641877689920928,score threshold,0.136,pareto auto mcdm,y_cri_high
24089,0.6022400560014001,0.633193573830379,0.965379746835443,0.7647722429742535,score threshold,0.137,pareto auto mcdm,y_cri_high
24046,0.6011650291257281,0.6341179406138235,0.9650632911392405,0.7653465843497466,score threshold,0.138,pareto auto mcdm,y_cri_high
24006,0.6001650041251031,0.6348829459301841,0.9646202531645569,0.7657639551826357,score threshold,0.139,pareto auto mcdm,y_cri_high
23991,0.5997899947498687,0.6351548497353174,0.9644303797468354,0.7659018370988414,score threshold,0.14,pareto auto mcdm,y_cri_high
23979,0.5994899872496813,0.6353058926560741,0.9641772151898734,0.7659317730460796,score threshold,0.14100000000000001,pareto auto mcdm,y_cri_high
23938,0.5984649616240406,0.6359762720360932,0.9635443037974684,0.7662187326991796,score threshold,0.14200000000000002,pareto auto mcdm,y_cri_high
23912,0.5978149453736343,0.6365005018400803,0.9632911392405064,0.7665189363416599,score threshold,0.14300000000000002,pareto auto mcdm,y_cri_high
23855,0.5963899097477436,0.6378536994340809,0.9630379746835444,0.7674189887782121,score threshold,0.14400000000000002,pareto auto mcdm,y_cri_high
23759,0.5939898497462437,0.6397575655541058,0.9620253164556962,0.7684724083015243,score threshold,0.14500000000000002,pareto auto mcdm,y_cri_high
23753,0.5938398459961499,0.6399191681050814,0.9620253164556962,0.7685889818724243,score threshold,0.146,pareto auto mcdm,y_cri_high
23688,0.5922148053701343,0.6413796014859845,0.9615822784810126,0.7694995948136143,score threshold,0.147,pareto auto mcdm,y_cri_high
23659,0.5914897872446812,0.642081237584006,0.9614556962025317,0.7699637598519983,score threshold,0.148,pareto auto mcdm,y_cri_high
23571,0.589289732243306,0.6435450341521362,0.9600632911392405,0.7705671687282517,score threshold,0.149,pareto auto mcdm,y_cri_high
23437,0.5859396484912123,0.6466697956223066,0.959240506329114,0.7725361266151847,score threshold,0.15,pareto auto mcdm,y_cri_high
23358,0.5839645991149779,0.6484288038359448,0.9586075949367089,0.7735839419786505,score threshold,0.151,pareto auto mcdm,y_cri_high
23350,0.5837645941148528,0.6485653104925053,0.9584810126582278,0.773639846743295,score threshold,0.152,pareto auto mcdm,y_cri_high
23283,0.582089552238806,0.6499162479061976,0.9577215189873418,0.7743520200598726,score threshold,0.153,pareto auto mcdm,y_cri_high
23245,0.5811395284882122,0.6505485050548505,0.9570886075949367,0.7745934178511973,score threshold,0.154,pareto auto mcdm,y_cri_high
23233,0.5808395209880247,0.650798433263031,0.9569620253164557,0.7747290753977404,score threshold,0.155,pareto auto mcdm,y_cri_high
23110,0.5777644441111027,0.6537429684119429,0.9562025316455697,0.7765612952968388,score threshold,0.156,pareto auto mcdm,y_cri_high
23092,0.5773144328608215,0.6539927247531613,0.9558227848101266,0.7766121567417463,score threshold,0.157,pareto auto mcdm,y_cri_high
23060,0.5765144128603215,0.654683434518647,0.9555063291139241,0.7769943386515697,score threshold,0.158,pareto auto mcdm,y_cri_high
23023,0.5755893897347434,0.6554749598227859,0.955126582278481,0.7774257527754166,score threshold,0.159,pareto auto mcdm,y_cri_high
22982,0.5745643641091027,0.6564267687755635,0.9548101265822785,0.777989789077407,score threshold,0.16,pareto auto mcdm,y_cri_high
22950,0.5737643441086027,0.6570370370370371,0.9543670886075949,0.7782709677419355,score threshold,0.161,pareto auto mcdm,y_cri_high
21861,0.5465386634665866,0.681533324184621,0.9429746835443038,0.7912163776851384,score threshold,0.162,pareto auto mcdm,y_cri_high
21820,0.545513637840946,0.6823556370302475,0.9423417721518987,0.7915470494417863,score threshold,0.163,pareto auto mcdm,y_cri_high
21729,0.5432385809645242,0.6847530949422431,0.9417088607594937,0.7929334647872313,score threshold,0.164,pareto auto mcdm,y_cri_high
21718,0.5429635740893523,0.6850538723639378,0.9416455696202531,0.7931126392664855,score threshold,0.165,pareto auto mcdm,y_cri_high
21682,0.5420635515887897,0.6860529471450973,0.9414556962025317,0.7937143162051118,score threshold,0.166,pareto auto mcdm,y_cri_high
21664,0.5416135403385085,0.6865306499261448,0.9413291139240506,0.7939888960068332,score threshold,0.167,pareto auto mcdm,y_cri_high
21622,0.5405635140878522,0.6873092220886134,0.9405696202531646,0.7942386831275721,score threshold,0.168,pareto auto mcdm,y_cri_high
21587,0.5396884922123053,0.6880993190346042,0.940126582278481,0.7946077513574237,score threshold,0.169,pareto auto mcdm,y_cri_high
21563,0.5390884772119303,0.6885869313175347,0.9397468354430379,0.7947969916762573,score threshold,0.17,pareto auto mcdm,y_cri_high
21459,0.5364884122103053,0.6913649284682417,0.9389873417721519,0.7963713465203038,score threshold,0.171,pareto auto mcdm,y_cri_high
21432,0.5358133953348834,0.6921892497200448,0.9389240506329114,0.7968951439621831,score threshold,0.17200000000000001,pareto auto mcdm,y_cri_high
21406,0.5351633790844771,0.6928898439689807,0.9387341772151899,0.7972907595549105,score threshold,0.17300000000000001,pareto auto mcdm,y_cri_high
21377,0.534438360959024,0.6935959208495112,0.9384177215189874,0.7976437044409178,score threshold,0.17400000000000002,pareto auto mcdm,y_cri_high
21353,0.533838345958649,0.694141338453613,0.9381012658227849,0.7978898070142384,score threshold,0.17500000000000002,pareto auto mcdm,y_cri_high
21347,0.5336883422085552,0.694289595727737,0.9380379746835443,0.797964842382965,score threshold,0.17600000000000002,pareto auto mcdm,y_cri_high
21166,0.529163229080727,0.6993763583104979,0.9368987341772151,0.8008981225991452,score threshold,0.177,pareto auto mcdm,y_cri_high
21110,0.527763194079852,0.7011369019422075,0.9367721518987342,0.8020048767271742,score threshold,0.178,pareto auto mcdm,y_cri_high
21004,0.5251131278281957,0.7038659302989907,0.9356962025316455,0.8033909357678514,score threshold,0.179,pareto auto mcdm,y_cri_high
20951,0.5237880947023675,0.7051214739153262,0.935,0.8039509129003293,score threshold,0.18,pareto auto mcdm,y_cri_high
20905,0.5226380659516487,0.7064338674958144,0.9346835443037975,0.8046860100803706,score threshold,0.181,pareto auto mcdm,y_cri_high
20866,0.5216630415760394,0.7074187673727595,0.9342405063291139,0.8051600938198876,score threshold,0.182,pareto auto mcdm,y_cri_high
20820,0.5205130128253206,0.7085494716618636,0.9336708860759494,0.8056799563080284,score threshold,0.183,pareto auto mcdm,y_cri_high
20806,0.5201630040751019,0.7089301163126022,0.9335443037974683,0.8058788176801617,score threshold,0.184,pareto auto mcdm,y_cri_high
20779,0.51948798719968,0.7097550411473121,0.9334177215189874,0.8063643073894857,score threshold,0.185,pareto auto mcdm,y_cri_high
20764,0.5191129778244457,0.7102196108649586,0.9333544303797469,0.8066404113335521,score threshold,0.186,pareto auto mcdm,y_cri_high
20739,0.518487962199055,0.7108346593374801,0.9330379746835443,0.8069186348832754,score threshold,0.187,pareto auto mcdm,y_cri_high
20653,0.5163379084477112,0.7128746429090205,0.9318354430379747,0.8077798809425836,score threshold,0.188,pareto auto mcdm,y_cri_high
20631,0.5157878946973674,0.7133924676457758,0.9315189873417722,0.8079931926106887,score threshold,0.189,pareto auto mcdm,y_cri_high
20605,0.5151378784469611,0.7140014559572919,0.9311392405063291,0.8082406262875979,score threshold,0.19,pareto auto mcdm,y_cri_high
20573,0.5143378584464612,0.7147717882661742,0.9306962025316455,0.808566794050532,score threshold,0.191,pareto auto mcdm,y_cri_high
20540,0.5135128378209455,0.71587147030185,0.9306329113924051,0.8092460099064391,score threshold,0.192,pareto auto mcdm,y_cri_high
20532,0.5133128328208205,0.7161016949152542,0.9305696202531646,0.8093691511615105,score threshold,0.193,pareto auto mcdm,y_cri_high
20494,0.5123628090702268,0.7169903386356983,0.93,0.8097206149776822,score threshold,0.194,pareto auto mcdm,y_cri_high
20406,0.5101627540688517,0.7192982456140351,0.9289873417721519,0.8108048389769651,score threshold,0.195,pareto auto mcdm,y_cri_high
20397,0.5099377484437111,0.7195666029318037,0.9289240506329114,0.8109511837997624,score threshold,0.196,pareto auto mcdm,y_cri_high
20374,0.5093627340683518,0.7202316678119172,0.9287341772151899,0.8113009343727539,score threshold,0.197,pareto auto mcdm,y_cri_high
20366,0.5091627290682267,0.7204163802415791,0.9286075949367089,0.8113697948349279,score threshold,0.198,pareto auto mcdm,y_cri_high
20313,0.5078376959423986,0.7217545414266726,0.9279113924050633,0.8119513748511616,score threshold,0.199,pareto auto mcdm,y_cri_high
20301,0.507537688442211,0.7221319146840057,0.9278481012658227,0.8121658679814964,score threshold,0.2,pareto auto mcdm,y_cri_high
20297,0.5074376859421486,0.7222249593535991,0.9277848101265823,0.8122004598720115,score threshold,0.201,pareto auto mcdm,y_cri_high
20283,0.5070876771919298,0.722526253512794,0.9275316455696202,0.812293878003492,score threshold,0.202,pareto auto mcdm,y_cri_high
20275,0.5068876721918048,0.7227620221948212,0.9274683544303798,0.8124185724185724,score threshold,0.203,pareto auto mcdm,y_cri_high
20258,0.5064626615665392,0.7232698193306348,0.9273417721518987,0.8126906650396584,score threshold,0.20400000000000001,pareto auto mcdm,y_cri_high
20209,0.5052376309407736,0.7245781582463259,0.9267721518987342,0.8132966758310423,score threshold,0.20500000000000002,pareto auto mcdm,y_cri_high
20206,0.5051626290657266,0.7245867564089874,0.9266455696202531,0.8132533466644448,score threshold,0.20600000000000002,pareto auto mcdm,y_cri_high
20203,0.5050876271906798,0.7246943523239123,0.9266455696202531,0.8133211121295447,score threshold,0.20700000000000002,pareto auto mcdm,y_cri_high
20194,0.5048626215655392,0.7249678122214519,0.9265822784810127,0.8134689114852476,score threshold,0.20800000000000002,pareto auto mcdm,y_cri_high
20175,0.5043876096902422,0.7255018587360594,0.9263924050632911,0.8137317581653927,score threshold,0.20900000000000002,pareto auto mcdm,y_cri_high
20166,0.5041626040651016,0.7258256471288307,0.9263924050632911,0.8139353834176722,score threshold,0.21,pareto auto mcdm,y_cri_high
20165,0.504137603440086,0.7258616414579717,0.9263924050632911,0.8139580147365494,score threshold,0.211,pareto auto mcdm,y_cri_high
20139,0.5034875871896798,0.7265504742042802,0.9260759493670886,0.8142686218314366,score threshold,0.212,pareto auto mcdm,y_cri_high
20124,0.5031125778144454,0.7268932617769827,0.9258227848101266,0.8143859258434473,score threshold,0.213,pareto auto mcdm,y_cri_high
20118,0.5029625740643516,0.7270603439705736,0.9257594936708861,0.8144662843142714,score threshold,0.214,pareto auto mcdm,y_cri_high
20054,0.5013625340633516,0.7286326917323227,0.9248101265822785,0.8150833937635968,score threshold,0.215,pareto auto mcdm,y_cri_high
20023,0.5005875146878672,0.7292114068820856,0.9241139240506329,0.8151746084917512,score threshold,0.216,pareto auto mcdm,y_cri_high
19991,0.49978749468736716,0.7300785353409034,0.9237341772151899,0.8155681595931938,score threshold,0.217,pareto auto mcdm,y_cri_high
19963,0.4990874771869297,0.7309021690126735,0.9234810126582278,0.8159829991891061,score threshold,0.218,pareto auto mcdm,y_cri_high
19799,0.4949873746843671,0.7354411838981767,0.9215822784810127,0.8180566869855895,score threshold,0.219,pareto auto mcdm,y_cri_high
19797,0.49493737343433586,0.7354649694398141,0.9215189873417722,0.8180464645897126,score threshold,0.22,pareto auto mcdm,y_cri_high
19785,0.49463736593414837,0.7358099570381602,0.9213924050632911,0.8182099199100745,score threshold,0.221,pareto auto mcdm,y_cri_high
19777,0.49443736093402335,0.7360064721646357,0.9212658227848102,0.8182814739860022,score threshold,0.222,pareto auto mcdm,y_cri_high
19770,0.494262356558914,0.7362164896307537,0.9212025316455696,0.818386280573517,score threshold,0.223,pareto auto mcdm,y_cri_high
19759,0.4939873496837421,0.7364745179411913,0.9210126582278481,0.8184707106499058,score threshold,0.224,pareto auto mcdm,y_cri_high
19754,0.49386234655866396,0.7365090614559077,0.9208227848101266,0.818417055746189,score threshold,0.225,pareto auto mcdm,y_cri_high
19713,0.49283732093302335,0.73733069548014,0.9199367088607595,0.8185734801340354,score threshold,0.226,pareto auto mcdm,y_cri_high
19701,0.4925373134328358,0.7376275315973808,0.9197468354430379,0.8186811639108758,score threshold,0.227,pareto auto mcdm,y_cri_high
19695,0.4923873096827421,0.7376999238385377,0.9195569620253164,0.8186505141569235,score threshold,0.228,pareto auto mcdm,y_cri_high
19691,0.49228730718267955,0.7376974252196435,0.919367088607595,0.8185737229156688,score threshold,0.229,pareto auto mcdm,y_cri_high
19687,0.49218730468261707,0.7377457205262355,0.9192405063291139,0.8185532730295602,score threshold,0.23,pareto auto mcdm,y_cri_high
19686,0.4921623040576014,0.7377323986589455,0.9191772151898734,0.8185199797103083,score threshold,0.231,pareto auto mcdm,y_cri_high
19684,0.4921123028075702,0.7377057508636456,0.9190506329113924,0.8184533874422275,score threshold,0.232,pareto auto mcdm,y_cri_high
19681,0.4920373009325233,0.7377165794421016,0.9189240506329114,0.8184098531608467,score threshold,0.233,pareto auto mcdm,y_cri_high
19663,0.4915872896822421,0.7381884758175253,0.9186708860759494,0.8185996672588332,score threshold,0.234,pareto auto mcdm,y_cri_high
19663,0.4915872896822421,0.7381884758175253,0.9186708860759494,0.8185996672588332,score threshold,0.23500000000000001,pareto auto mcdm,y_cri_high
19660,0.4915122878071952,0.7382502543234994,0.9186075949367088,0.8186125211505922,score threshold,0.23600000000000002,pareto auto mcdm,y_cri_high
19660,0.4915122878071952,0.7382502543234994,0.9186075949367088,0.8186125211505922,score threshold,0.23700000000000002,pareto auto mcdm,y_cri_high
19638,0.49096227405685144,0.738975455749058,0.9184810126582279,0.8190078446864947,score threshold,0.23800000000000002,pareto auto mcdm,y_cri_high
19628,0.4907122678066952,0.7392500509476259,0.9183544303797468,0.8191261149373377,score threshold,0.23900000000000002,pareto auto mcdm,y_cri_high
19627,0.49068726718167954,0.7392367656799307,0.9182911392405063,0.8190927823411522,score threshold,0.24000000000000002,pareto auto mcdm,y_cri_high
19627,0.49068726718167954,0.7392367656799307,0.9182911392405063,0.8190927823411522,score threshold,0.241,pareto auto mcdm,y_cri_high
19626,0.4906622665566639,0.7392744318760828,0.9182911392405063,0.8191159035736465,score threshold,0.242,pareto auto mcdm,y_cri_high
19626,0.4906622665566639,0.7392744318760828,0.9182911392405063,0.8191159035736465,score threshold,0.243,pareto auto mcdm,y_cri_high
19623,0.49058726468161706,0.7392345716760944,0.9181012658227848,0.8190158936284335,score threshold,0.244,pareto auto mcdm,y_cri_high
19615,0.49038725968149205,0.7393831251593168,0.9179113924050633,0.8190314838345334,score threshold,0.245,pareto auto mcdm,y_cri_high
19613,0.4903372584314608,0.7394585224086065,0.9179113924050633,0.819077739813063,score threshold,0.246,pareto auto mcdm,y_cri_high
19602,0.4900622515562889,0.7397204366901337,0.9177215189873418,0.8191627591661488,score threshold,0.247,pareto auto mcdm,y_cri_high
19601,0.49003725093127326,0.7397581756032855,0.9177215189873418,0.8191858987034265,score threshold,0.248,pareto auto mcdm,y_cri_high
19487,0.487187179679492,0.7427002617129368,0.916012658227848,0.8203020942556749,score threshold,0.249,pareto auto mcdm,y_cri_high
19487,0.487187179679492,0.7427002617129368,0.916012658227848,0.8203020942556749,score threshold,0.25,pareto auto mcdm,y_cri_high
19486,0.48716217905447634,0.7426870573745253,0.9159493670886076,0.8202686617922123,score threshold,0.251,pareto auto mcdm,y_cri_high
19483,0.4870871771794295,0.7428014166196171,0.9159493670886076,0.8203384065980784,score threshold,0.252,pareto auto mcdm,y_cri_high
19480,0.4870121753043826,0.7429158110882957,0.9159493670886076,0.8204081632653061,score threshold,0.253,pareto auto mcdm,y_cri_high
19480,0.4870121753043826,0.7429158110882957,0.9159493670886076,0.8204081632653061,score threshold,0.254,pareto auto mcdm,y_cri_high
19477,0.48693717342933573,0.7430302407968373,0.9159493670886076,0.8204779317969215,score threshold,0.255,pareto auto mcdm,y_cri_high
19447,0.486187154678867,0.7439707924101404,0.9156962025316455,0.8209493006497007,score threshold,0.256,pareto auto mcdm,y_cri_high
19447,0.486187154678867,0.7439707924101404,0.9156962025316455,0.8209493006497007,score threshold,0.257,pareto auto mcdm,y_cri_high
19447,0.486187154678867,0.7439707924101404,0.9156962025316455,0.8209493006497007,score threshold,0.258,pareto auto mcdm,y_cri_high
19447,0.486187154678867,0.7439707924101404,0.9156962025316455,0.8209493006497007,score threshold,0.259,pareto auto mcdm,y_cri_high
19446,0.4861621540538513,0.7440090507045151,0.9156962025316455,0.8209725926346252,score threshold,0.26,pareto auto mcdm,y_cri_high
19443,0.4860871521788045,0.7441238492002263,0.9156962025316455,0.82104247652016,score threshold,0.261,pareto auto mcdm,y_cri_high
19441,0.4860371509287732,0.7442004012139293,0.9156962025316455,0.8210890723872761,score threshold,0.262,pareto auto mcdm,y_cri_high
19441,0.4860371509287732,0.7442004012139293,0.9156962025316455,0.8210890723872761,score threshold,0.263,pareto auto mcdm,y_cri_high
19441,0.4860371509287732,0.7442004012139293,0.9156962025316455,0.8210890723872761,score threshold,0.264,pareto auto mcdm,y_cri_high
19441,0.4860371509287732,0.7442004012139293,0.9156962025316455,0.8210890723872761,score threshold,0.265,pareto auto mcdm,y_cri_high
19439,0.48598714967874196,0.7442769689798858,0.9156962025316455,0.8211356735435171,score threshold,0.266,pareto auto mcdm,y_cri_high
19439,0.48598714967874196,0.7442769689798858,0.9156962025316455,0.8211356735435171,score threshold,0.267,pareto auto mcdm,y_cri_high
19439,0.48598714967874196,0.7442769689798858,0.9156962025316455,0.8211356735435171,score threshold,0.268,pareto auto mcdm,y_cri_high
19439,0.48598714967874196,0.7442769689798858,0.9156962025316455,0.8211356735435171,score threshold,0.269,pareto auto mcdm,y_cri_high
19439,0.48598714967874196,0.7442769689798858,0.9156962025316455,0.8211356735435171,score threshold,0.27,pareto auto mcdm,y_cri_high
19439,0.48598714967874196,0.7442769689798858,0.9156962025316455,0.8211356735435171,score threshold,0.271,pareto auto mcdm,y_cri_high
19439,0.48598714967874196,0.7442769689798858,0.9156962025316455,0.8211356735435171,score threshold,0.272,pareto auto mcdm,y_cri_high
19436,0.48591214780369507,0.7443918501749331,0.9156962025316455,0.8212055851969576,score threshold,0.273,pareto auto mcdm,y_cri_high
19430,0.48576214405360135,0.7445702521873392,0.9156329113924051,0.8212886744252058,score threshold,0.274,pareto auto mcdm,y_cri_high
19424,0.4856121403035076,0.7446972817133443,0.915506329113924,0.8213150124914831,score threshold,0.275,pareto auto mcdm,y_cri_high
19422,0.48556213905347634,0.7447739676655339,0.915506329113924,0.8213616489693941,score threshold,0.276,pareto auto mcdm,y_cri_high
19421,0.4855371384284607,0.7448123165645435,0.915506329113924,0.8213849691945146,score threshold,0.277,pareto auto mcdm,y_cri_high
19414,0.4853621340533513,0.7448748325950345,0.915253164556962,0.8213210654853184,score threshold,0.278,pareto auto mcdm,y_cri_high
19411,0.48528713217830444,0.7449384369687291,0.9151898734177215,0.8213342421402403,score threshold,0.279,pareto auto mcdm,y_cri_high
19410,0.48526213155328884,0.7449768160741885,0.9151898734177215,0.8213575688724795,score threshold,0.28,pareto auto mcdm,y_cri_high
19405,0.4851371284282107,0.745168770935326,0.9151898734177215,0.8214742224115893,score threshold,0.281,pareto auto mcdm,y_cri_high
19405,0.4851371284282107,0.745168770935326,0.9151898734177215,0.8214742224115893,score threshold,0.28200000000000003,pareto auto mcdm,y_cri_high
19401,0.4850371259281482,0.7453224060615432,0.9151898734177215,0.8215675691031504,score threshold,0.28300000000000003,pareto auto mcdm,y_cri_high
19400,0.4850121253031326,0.7453092783505154,0.915126582278481,0.8215340909090909,score threshold,0.28400000000000003,pareto auto mcdm,y_cri_high
19399,0.48498712467811694,0.7453476983349657,0.915126582278481,0.8215574306088241,score threshold,0.28500000000000003,pareto auto mcdm,y_cri_high
19395,0.48488712217805446,0.7454498582108791,0.9150632911392405,0.8215939764171047,score threshold,0.28600000000000003,pareto auto mcdm,y_cri_high
19392,0.4848121203030076,0.7455136138613861,0.915,0.8216071834507843,score threshold,0.28700000000000003,pareto auto mcdm,y_cri_high
19383,0.48458711467786697,0.7458081824279007,0.9149367088607595,0.8217605093368957,score threshold,0.28800000000000003,pareto auto mcdm,y_cri_high
19383,0.48458711467786697,0.7458081824279007,0.9149367088607595,0.8217605093368957,score threshold,0.28900000000000003,pareto auto mcdm,y_cri_high
19371,0.4842871071776794,0.7459604563522791,0.9145569620253164,0.8216996957720849,score threshold,0.29,pareto auto mcdm,y_cri_high
19368,0.4842121053026326,0.7460243700950021,0.9144936708860759,0.8217129208371247,score threshold,0.291,pareto auto mcdm,y_cri_high
19367,0.48418710467761694,0.7460112562606496,0.9144303797468355,0.8216794153609919,score threshold,0.292,pareto auto mcdm,y_cri_high
19366,0.4841621040526013,0.7460497779613756,0.9144303797468355,0.8217027810953762,score threshold,0.293,pareto auto mcdm,y_cri_high
19362,0.4840621015525388,0.7462039045553145,0.9144303797468355,0.8217962573232467,score threshold,0.294,pareto auto mcdm,y_cri_high
19353,0.4838370959273982,0.7463442360357567,0.9141772151898734,0.8217790800216198,score threshold,0.295,pareto auto mcdm,y_cri_high
19352,0.48381209530238256,0.7463828028110789,0.9141772151898734,0.8218024578971325,score threshold,0.296,pareto auto mcdm,y_cri_high
19350,0.4837620940523513,0.7464599483204134,0.9141772151898734,0.8218492176386913,score threshold,0.297,pareto auto mcdm,y_cri_high
19349,0.4837370934273357,0.7464985270556618,0.9141772151898734,0.8218725995049646,score threshold,0.298,pareto auto mcdm,y_cri_high
19347,0.48368709217730443,0.7464723212901225,0.9140506329113924,0.8218055595072126,score threshold,0.299,pareto auto mcdm,y_cri_high
19330,0.4832620815520388,0.7467666839110192,0.9136075949367088,0.8218047253060062,score threshold,0.3,pareto auto mcdm,y_cri_high
19327,0.4831870796769919,0.7468825994722409,0.9136075949367088,0.821874911037094,score threshold,0.301,pareto auto mcdm,y_cri_high
19327,0.4831870796769919,0.7468825994722409,0.9136075949367088,0.821874911037094,score threshold,0.302,pareto auto mcdm,y_cri_high
19326,0.4831620790519763,0.7468695022249819,0.9135443037974683,0.821841371064169,score threshold,0.303,pareto auto mcdm,y_cri_high
19325,0.4831370784269607,0.746908150064683,0.9135443037974683,0.8218647686832741,score threshold,0.304,pareto auto mcdm,y_cri_high
19325,0.4831370784269607,0.746908150064683,0.9135443037974683,0.8218647686832741,score threshold,0.305,pareto auto mcdm,y_cri_high
19311,0.4827870696767419,0.7471389363575165,0.9131645569620254,0.8218507020591838,score threshold,0.306,pareto auto mcdm,y_cri_high
19307,0.4826870671766794,0.7472937276635417,0.9131645569620254,0.8219443415842994,score threshold,0.307,pareto auto mcdm,y_cri_high
19304,0.48261206530163253,0.7473580605055947,0.9131012658227848,0.8219576116681859,score threshold,0.308,pareto auto mcdm,y_cri_high
19295,0.4823870596764919,0.7476030059600933,0.9129746835443038,0.8220544237070808,score threshold,0.309,pareto auto mcdm,y_cri_high
19265,0.48163704092602316,0.7485076563716585,0.9126582278481012,0.8224725509767574,score threshold,0.31,pareto auto mcdm,y_cri_high
19226,0.48066201655041374,0.7496099032560075,0.9121518987341772,0.8229315365728316,score threshold,0.311,pareto auto mcdm,y_cri_high
19221,0.4805370134253356,0.7497528744602258,0.9120886075949367,0.8229919191342338,score threshold,0.312,pareto auto mcdm,y_cri_high
19218,0.4804620115502888,0.7498699136226454,0.9120886075949367,0.8230624250385516,score threshold,0.313,pareto auto mcdm,y_cri_high
19216,0.4804120103002575,0.7498959200666112,0.9120253164556962,0.8230523189399132,score threshold,0.314,pareto auto mcdm,y_cri_high
19216,0.4804120103002575,0.7498959200666112,0.9120253164556962,0.8230523189399132,score threshold,0.315,pareto auto mcdm,y_cri_high
19213,0.48033700842521065,0.7500130120231093,0.9120253164556962,0.8231228400879673,score threshold,0.316,pareto auto mcdm,y_cri_high
19175,0.4793869846746169,0.7510299869621904,0.9114556962025316,0.8235025017869907,score threshold,0.317,pareto auto mcdm,y_cri_high
19170,0.47926198154953875,0.7511737089201878,0.9113924050632911,0.8235630540463255,score threshold,0.318,pareto auto mcdm,y_cri_high
19169,0.4792369809245231,0.7512128958213783,0.9113924050632911,0.8235866052789613,score threshold,0.319,pareto auto mcdm,y_cri_high
19165,0.4791369784244606,0.7512653274197756,0.9112658227848102,0.8235664235664235,score threshold,0.32,pareto auto mcdm,y_cri_high
19161,0.4790369759243981,0.7513699702520745,0.9112025316455696,0.8236034438374188,score threshold,0.321,pareto auto mcdm,y_cri_high
19142,0.47856196404910123,0.7519590429422213,0.911012658227848,0.8238795718619426,score threshold,0.322,pareto auto mcdm,y_cri_high
19141,0.4785369634240856,0.751998328196019,0.911012658227848,0.8239031510260153,score threshold,0.323,pareto auto mcdm,y_cri_high
19141,0.4785369634240856,0.751998328196019,0.911012658227848,0.8239031510260153,score threshold,0.324,pareto auto mcdm,y_cri_high
19141,0.4785369634240856,0.751998328196019,0.911012658227848,0.8239031510260153,score threshold,0.325,pareto auto mcdm,y_cri_high
19139,0.47848696217405434,0.7519724123517425,0.9108860759493671,0.8238358281576462,score threshold,0.326,pareto auto mcdm,y_cri_high
19139,0.47848696217405434,0.7519724123517425,0.9108860759493671,0.8238358281576462,score threshold,0.327,pareto auto mcdm,y_cri_high
19139,0.47848696217405434,0.7519724123517425,0.9108860759493671,0.8238358281576462,score threshold,0.328,pareto auto mcdm,y_cri_high
19132,0.478311957798945,0.7520907380305247,0.9106962025316455,0.8238291537844956,score threshold,0.329,pareto auto mcdm,y_cri_high
19130,0.47826195654891374,0.7520648196549922,0.9105696202531646,0.8237618093329516,score threshold,0.33,pareto auto mcdm,y_cri_high
19130,0.47826195654891374,0.7520648196549922,0.9105696202531646,0.8237618093329516,score threshold,0.331,pareto auto mcdm,y_cri_high
19129,0.4782369559238981,0.7521041350828584,0.9105696202531646,0.823785393226259,score threshold,0.332,pareto auto mcdm,y_cri_high
19125,0.4781369534238356,0.7521045751633987,0.9103797468354431,0.8237079455977093,score threshold,0.333,pareto auto mcdm,y_cri_high
19117,0.4779369484237106,0.7523146937280955,0.910253164556962,0.8237821118652805,score threshold,0.334,pareto auto mcdm,y_cri_high
19115,0.47788694717367936,0.7523934083180748,0.910253164556962,0.8238292997279106,score threshold,0.335,pareto auto mcdm,y_cri_high
19113,0.4778369459236481,0.7524721393815728,0.910253164556962,0.8238764929968779,score threshold,0.336,pareto auto mcdm,y_cri_high
19111,0.4777869446736168,0.75244623515253,0.910126582278481,0.8238091146057117,score threshold,0.337,pareto auto mcdm,y_cri_high
19110,0.47776194404860123,0.7524332810047096,0.9100632911392406,0.8237754225150387,score threshold,0.338,pareto auto mcdm,y_cri_high
19110,0.47776194404860123,0.7524332810047096,0.9100632911392406,0.8237754225150387,score threshold,0.339,pareto auto mcdm,y_cri_high
19106,0.4776619415485387,0.7525384695907045,0.91,0.8238125250673237,score threshold,0.34,pareto auto mcdm,y_cri_high
19105,0.4776369409235231,0.7525255168803978,0.9099367088607595,0.823778828248102,score threshold,0.341,pareto auto mcdm,y_cri_high
19104,0.47761194029850745,0.7525649078726968,0.9099367088607595,0.8238024295209718,score threshold,0.342,pareto auto mcdm,y_cri_high
19104,0.47761194029850745,0.7525649078726968,0.9099367088607595,0.8238024295209718,score threshold,0.343,pareto auto mcdm,y_cri_high
19103,0.47758693967349186,0.7526043029890593,0.9099367088607595,0.8238260321462338,score threshold,0.34400000000000003,pareto auto mcdm,y_cri_high
19101,0.47753693842346057,0.7526307523166327,0.909873417721519,0.8238159365061173,score threshold,0.34500000000000003,pareto auto mcdm,y_cri_high
19081,0.47703692592314806,0.7532099994759185,0.909620253164557,0.8240589432642412,score threshold,0.34600000000000003,pareto auto mcdm,y_cri_high
19070,0.4767619190479762,0.7533822758259046,0.9093037974683544,0.8240321193002581,score threshold,0.34700000000000003,pareto auto mcdm,y_cri_high
19060,0.47651191279781996,0.7536726128016789,0.9091772151898734,0.8241537578886976,score threshold,0.34800000000000003,pareto auto mcdm,y_cri_high
19056,0.4764119102977574,0.7536733837111671,0.9089873417721519,0.8240761992196466,score threshold,0.34900000000000003,pareto auto mcdm,y_cri_high
19047,0.4761869046726168,0.7538194991337218,0.9087341772151899,0.8240594599248142,score threshold,0.35000000000000003,pareto auto mcdm,y_cri_high
18993,0.47483687092177307,0.7553309113884062,0.9079746835443038,0.8246486362199293,score threshold,0.35100000000000003,pareto auto mcdm,y_cri_high
18972,0.4743118577964449,0.7556925996204934,0.9074050632911392,0.8246290118486138,score threshold,0.35200000000000004,pareto auto mcdm,y_cri_high
18968,0.47421185529638243,0.7557992408266554,0.9073417721518987,0.8246663598711459,score threshold,0.353,pareto auto mcdm,y_cri_high
18964,0.4741118527963199,0.7559586585108626,0.9073417721518987,0.824761247267288,score threshold,0.354,pareto auto mcdm,y_cri_high
18962,0.47406185154628866,0.7559856555215695,0.9072784810126582,0.8247511650653012,score threshold,0.355,pareto auto mcdm,y_cri_high
18955,0.4738868471711793,0.7561593247164337,0.9071518987341772,0.8248021867357215,score threshold,0.356,pareto auto mcdm,y_cri_high
18941,0.4735368384209605,0.7565070482023124,0.9068987341772152,0.8249042917590167,score threshold,0.357,pareto auto mcdm,y_cri_high
18905,0.472636815920398,0.7572599841311822,0.9060759493670886,0.8250108053594583,score threshold,0.358,pareto auto mcdm,y_cri_high
18887,0.47218680467011676,0.7578757875787578,0.9059493670886076,0.8253236082682273,score threshold,0.359,pareto auto mcdm,y_cri_high
18880,0.4720118002950074,0.7580508474576271,0.9058227848101266,0.8253748558246828,score threshold,0.36,pareto auto mcdm,y_cri_high
18866,0.4716617915447886,0.7582953461253048,0.9054430379746835,0.8253620261928114,score threshold,0.361,pareto auto mcdm,y_cri_high
18858,0.47146178654466364,0.7584049209884399,0.9051898734177215,0.8253217150441456,score threshold,0.362,pareto auto mcdm,y_cri_high
18825,0.470636765919148,0.7588844621513944,0.9041772151898734,0.8251841155234657,score threshold,0.363,pareto auto mcdm,y_cri_high
18784,0.46961174029350733,0.7597955706984668,0.9032911392405063,0.825352764284062,score threshold,0.364,pareto auto mcdm,y_cri_high
18771,0.4692867321683042,0.760215225613979,0.9031645569620254,0.8255474241416216,score threshold,0.365,pareto auto mcdm,y_cri_high
18761,0.46903672591814793,0.7604605298225041,0.9029746835443038,0.8256126848181476,score threshold,0.366,pareto auto mcdm,y_cri_high
18734,0.46836170904272606,0.7612896338208605,0.9026582278481012,0.8259686106445822,score threshold,0.367,pareto auto mcdm,y_cri_high
18731,0.4682867071676792,0.761304788852704,0.9025316455696203,0.8259245315803191,score threshold,0.368,pareto auto mcdm,y_cri_high
18706,0.46766169154228854,0.7617342029295413,0.9018354430379747,0.8258853532718947,score threshold,0.369,pareto auto mcdm,y_cri_high
18683,0.4670866771669292,0.7622437510035861,0.9013291139240507,0.8259722181944726,score threshold,0.37,pareto auto mcdm,y_cri_high
18680,0.4670116752918823,0.7622591006423983,0.9012025316455696,0.8259280742459397,score threshold,0.371,pareto auto mcdm,y_cri_high
18675,0.4668866721668042,0.7624096385542168,0.9011392405063291,0.825989847715736,score threshold,0.372,pareto auto mcdm,y_cri_high
18674,0.46686167154178854,0.7624504658884009,0.9011392405063291,0.8260138075071068,score threshold,0.373,pareto auto mcdm,y_cri_high
18642,0.46606165154128854,0.7631155455423237,0.9003797468354431,0.8260844317983856,score threshold,0.374,pareto auto mcdm,y_cri_high
18579,0.4644866121653041,0.7645729048926208,0.8990506329113924,0.826376567090375,score threshold,0.375,pareto auto mcdm,y_cri_high
18543,0.46358658966474164,0.7654640565172841,0.8983544303797468,0.8266022187927671,score threshold,0.376,pareto auto mcdm,y_cri_high
18534,0.463361584039601,0.7657278515161325,0.8982278481012658,0.8267023941282694,score threshold,0.377,pareto auto mcdm,y_cri_high
18527,0.4631865796644916,0.7658552383008582,0.8980379746835443,0.8266961866752119,score threshold,0.378,pareto auto mcdm,y_cri_high
18429,0.4607365184129603,0.7682456997124097,0.8960759493670886,0.8272517455958398,score threshold,0.379,pareto auto mcdm,y_cri_high
18389,0.4597364934123353,0.7689379520365436,0.8949367088607595,0.8271666325426307,score threshold,0.38,pareto auto mcdm,y_cri_high
18377,0.4594364859121478,0.7690591500244871,0.8944936708860759,0.8270474295578898,score threshold,0.381,pareto auto mcdm,y_cri_high
18375,0.45938648466211657,0.7690884353741496,0.8944303797468355,0.8270373079736649,score threshold,0.382,pareto auto mcdm,y_cri_high
18372,0.4593114827870697,0.7691595906814718,0.894367088607595,0.8270513871005502,score threshold,0.383,pareto auto mcdm,y_cri_high
18372,0.4593114827870697,0.7691595906814718,0.894367088607595,0.8270513871005502,score threshold,0.384,pareto auto mcdm,y_cri_high
18372,0.4593114827870697,0.7691595906814718,0.894367088607595,0.8270513871005502,score threshold,0.385,pareto auto mcdm,y_cri_high
18259,0.456486412160304,0.7716742428391479,0.8917721518987342,0.8273877682844476,score threshold,0.386,pareto auto mcdm,y_cri_high
18237,0.45593639840996025,0.7720568075889674,0.8911392405063291,0.8273349590151894,score threshold,0.387,pareto auto mcdm,y_cri_high
18226,0.45566139153478835,0.7722484362997915,0.8908227848101266,0.8273085287721155,score threshold,0.388,pareto auto mcdm,y_cri_high
18191,0.45478636965924146,0.7729646528503106,0.8899367088607595,0.8273366479362184,score threshold,0.389,pareto auto mcdm,y_cri_high
18170,0.45426135653391336,0.7734177215189874,0.8894303797468355,0.8273770974389167,score threshold,0.39,pareto auto mcdm,y_cri_high
18136,0.45341133528338207,0.7742059991177768,0.8886708860759494,0.8274988213107025,score threshold,0.391,pareto auto mcdm,y_cri_high
18135,0.4533863346583665,0.7741935483870968,0.8886075949367088,0.8274642699278032,score threshold,0.392,pareto auto mcdm,y_cri_high
18135,0.4533863346583665,0.7741935483870968,0.8886075949367088,0.8274642699278032,score threshold,0.393,pareto auto mcdm,y_cri_high
18132,0.4533113327833196,0.7742113390690492,0.8884810126582279,0.8274195449722975,score threshold,0.394,pareto auto mcdm,y_cri_high
18131,0.45328633215830394,0.7741988858860516,0.8884177215189873,0.827384987179865,score threshold,0.395,pareto auto mcdm,y_cri_high
18131,0.45328633215830394,0.7741988858860516,0.8884177215189873,0.827384987179865,score threshold,0.396,pareto auto mcdm,y_cri_high
17863,0.4465861646541164,0.7810558136931086,0.8830379746835443,0.8289219617978195,score threshold,0.397,pareto auto mcdm,y_cri_high
17855,0.44638615965399137,0.7811257350882106,0.8827215189873417,0.8288218689644926,score threshold,0.398,pareto auto mcdm,y_cri_high
17854,0.4463611590289757,0.781169485829506,0.8827215189873417,0.8288464967017294,score threshold,0.399,pareto auto mcdm,y_cri_high
17854,0.4463611590289757,0.781169485829506,0.8827215189873417,0.8288464967017294,score threshold,0.4,pareto auto mcdm,y_cri_high
17854,0.4463611590289757,0.781169485829506,0.8827215189873417,0.8288464967017294,score threshold,0.401,pareto auto mcdm,y_cri_high
17854,0.4463611590289757,0.781169485829506,0.8827215189873417,0.8288464967017294,score threshold,0.402,pareto auto mcdm,y_cri_high
17854,0.4463611590289757,0.781169485829506,0.8827215189873417,0.8288464967017294,score threshold,0.403,pareto auto mcdm,y_cri_high
17854,0.4463611590289757,0.781169485829506,0.8827215189873417,0.8288464967017294,score threshold,0.404,pareto auto mcdm,y_cri_high
17846,0.4461611540288507,0.781407598341365,0.8825949367088608,0.8289246864411817,score threshold,0.405,pareto auto mcdm,y_cri_high
17845,0.4461361534038351,0.7813953488372093,0.8825316455696203,0.8288898796255015,score threshold,0.406,pareto auto mcdm,y_cri_high
17830,0.44576114402860073,0.7816040381379697,0.8820253164556962,0.8287838239666964,score threshold,0.40700000000000003,pareto auto mcdm,y_cri_high
17828,0.4457111427785695,0.78169172088849,0.8820253164556962,0.8288331152610919,score threshold,0.40800000000000003,pareto auto mcdm,y_cri_high
17826,0.4456611415285382,0.781667227645013,0.8818987341772152,0.828763456848867,score threshold,0.40900000000000003,pareto auto mcdm,y_cri_high
17822,0.4455611390284757,0.7817304455167771,0.8817721518987341,0.8287430848848968,score threshold,0.41000000000000003,pareto auto mcdm,y_cri_high
17817,0.4454361359033976,0.781725318516024,0.8815189873417721,0.8286283725496029,score threshold,0.41100000000000003,pareto auto mcdm,y_cri_high
17811,0.4452861321533038,0.7817640783785301,0.8812658227848101,0.8285382761595906,score threshold,0.41200000000000003,pareto auto mcdm,y_cri_high
17800,0.44501112527813197,0.7820224719101123,0.8810126582278481,0.8285714285714286,score threshold,0.41300000000000003,pareto auto mcdm,y_cri_high
17799,0.4449861246531163,0.7820664082251811,0.8810126582278481,0.8285960891693205,score threshold,0.41400000000000003,pareto auto mcdm,y_cri_high
17786,0.4446611165279132,0.7821882379399527,0.880506329113924,0.8284404216042398,score threshold,0.41500000000000004,pareto auto mcdm,y_cri_high
17777,0.4444361109027726,0.7822467232941441,0.8801265822784811,0.8283050897936087,score threshold,0.41600000000000004,pareto auto mcdm,y_cri_high
17774,0.4443611090277257,0.7823787554855407,0.8801265822784811,0.8283791028772264,score threshold,0.41700000000000004,pareto auto mcdm,y_cri_high
17770,0.4442611065276632,0.78244231851435,0.88,0.8283586535597259,score threshold,0.418,pareto auto mcdm,y_cri_high
17766,0.4441611040276007,0.7825059101654847,0.879873417721519,0.8283381993684085,score threshold,0.419,pareto auto mcdm,y_cri_high
17761,0.44403610090252255,0.7826135915770508,0.879746835443038,0.8283424212627752,score threshold,0.42,pareto auto mcdm,y_cri_high
17759,0.4439860996524913,0.7825891097471704,0.8796202531645569,0.828272594534998,score threshold,0.421,pareto auto mcdm,y_cri_high
17753,0.4438360959023976,0.7825719596687883,0.8793037974683544,0.8281226715941943,score threshold,0.422,pareto auto mcdm,y_cri_high
17752,0.44381109527738194,0.7826160432627309,0.8793037974683544,0.8281473533619457,score threshold,0.423,pareto auto mcdm,y_cri_high
17750,0.4437610940273507,0.7826478873239436,0.8792405063291139,0.8281371087928465,score threshold,0.424,pareto auto mcdm,y_cri_high
17741,0.44353608840221004,0.7827630911448058,0.8789240506329113,0.8280611788557288,score threshold,0.425,pareto auto mcdm,y_cri_high
17735,0.4433860846521163,0.7829151395545532,0.8787974683544304,0.8280900551662442,score threshold,0.426,pareto auto mcdm,y_cri_high
17729,0.44323608090202254,0.7829544813582267,0.8785443037974684,0.827999642100868,score threshold,0.427,pareto auto mcdm,y_cri_high
17728,0.44321108027700695,0.782942238267148,0.8784810126582279,0.8279646862324027,score threshold,0.428,pareto auto mcdm,y_cri_high
17728,0.44321108027700695,0.782942238267148,0.8784810126582279,0.8279646862324027,score threshold,0.429,pareto auto mcdm,y_cri_high
17727,0.4431860796519913,0.78298640491905,0.8784810126582279,0.8279893816923674,score threshold,0.43,pareto auto mcdm,y_cri_high
17686,0.44216105402635064,0.7837837837837838,0.8773417721518987,0.8279280893507734,score threshold,0.431,pareto auto mcdm,y_cri_high
17675,0.4418860471511788,0.7839321074964639,0.8769620253164557,0.8278416728902166,score threshold,0.432,pareto auto mcdm,y_cri_high
17646,0.4411610290257256,0.7844837356908081,0.8761392405063291,0.8277820965137834,score threshold,0.433,pareto auto mcdm,y_cri_high
17632,0.4408110202755069,0.7845961887477314,0.8755696202531645,0.8275903326154582,score threshold,0.434,pareto auto mcdm,y_cri_high
17612,0.4403110077751944,0.7849761526232114,0.875,0.8275469891057106,score threshold,0.435,pareto auto mcdm,y_cri_high
17590,0.43976099402485064,0.7856168277430358,0.8746202531645569,0.8277328541479485,score threshold,0.436,pareto auto mcdm,y_cri_high
17584,0.43961099027475686,0.785828025477707,0.8745569620253164,0.8278217109992811,score threshold,0.437,pareto auto mcdm,y_cri_high
17583,0.43958598964974127,0.7858727179662174,0.8745569620253164,0.827846508702034,score threshold,0.438,pareto auto mcdm,y_cri_high
17580,0.4395109877746944,0.7858361774744027,0.8743670886075949,0.8277411623726783,score threshold,0.439,pareto auto mcdm,y_cri_high
17580,0.4395109877746944,0.7858361774744027,0.8743670886075949,0.8277411623726783,score threshold,0.44,pareto auto mcdm,y_cri_high
17577,0.4394359858996475,0.7858565170393127,0.8742405063291139,0.8276957186086227,score threshold,0.441,pareto auto mcdm,y_cri_high
17489,0.43723593089827245,0.7880381954371319,0.8722784810126583,0.8280212682868214,score threshold,0.442,pareto auto mcdm,y_cri_high
17488,0.4372109302732568,0.7880832570905764,0.8722784810126583,0.8280461427541457,score threshold,0.443,pareto auto mcdm,y_cri_high
17301,0.43253581339533487,0.7923241431131148,0.8675949367088608,0.8282529228724208,score threshold,0.444,pareto auto mcdm,y_cri_high
17296,0.43241081027025674,0.7924375578168362,0.8674683544303797,0.8282571912013537,score threshold,0.445,pareto auto mcdm,y_cri_high
17289,0.4322358058951474,0.7926427208051362,0.8673417721518988,0.8283115234670132,score threshold,0.446,pareto auto mcdm,y_cri_high
17287,0.43218580464511613,0.7926187308382021,0.8672151898734177,0.828240698763865,score threshold,0.447,pareto auto mcdm,y_cri_high
17285,0.4321358033950849,0.7926525889499566,0.8671518987341772,0.8282303158531057,score threshold,0.448,pareto auto mcdm,y_cri_high
17280,0.43201080027000677,0.7927083333333333,0.8669620253164557,0.828174123337364,score threshold,0.449,pareto auto mcdm,y_cri_high
17279,0.4319857996449911,0.7927542103130968,0.8669620253164557,0.8281991595876538,score threshold,0.45,pareto auto mcdm,y_cri_high
17278,0.43196079901997547,0.7928000926033105,0.8669620253164557,0.8282241973517142,score threshold,0.451,pareto auto mcdm,y_cri_high
17274,0.431860796519913,0.7929257844158851,0.8668987341772152,0.8282638930882265,score threshold,0.452,pareto auto mcdm,y_cri_high
17272,0.43181079526988175,0.792959703566466,0.8668354430379747,0.8282535074987906,score threshold,0.453,pareto auto mcdm,y_cri_high
17268,0.4317107927698192,0.7929696548529072,0.8666455696202532,0.8281722511189065,score threshold,0.454,pareto auto mcdm,y_cri_high
17268,0.4317107927698192,0.7929696548529072,0.8666455696202532,0.8281722511189065,score threshold,0.455,pareto auto mcdm,y_cri_high
17267,0.4316857921448036,0.7930155788498292,0.8666455696202532,0.8281972963982218,score threshold,0.456,pareto auto mcdm,y_cri_high
17267,0.4316857921448036,0.7930155788498292,0.8666455696202532,0.8281972963982218,score threshold,0.457,pareto auto mcdm,y_cri_high
17263,0.4315857896447411,0.7929676186062677,0.8663924050632912,0.8280555303511478,score threshold,0.458,pareto auto mcdm,y_cri_high
17262,0.4315607890197255,0.7929556250724134,0.8663291139240507,0.8280200834795233,score threshold,0.459,pareto auto mcdm,y_cri_high
17262,0.4315607890197255,0.7929556250724134,0.8663291139240507,0.8280200834795233,score threshold,0.46,pareto auto mcdm,y_cri_high
17262,0.4315607890197255,0.7929556250724134,0.8663291139240507,0.8280200834795233,score threshold,0.461,pareto auto mcdm,y_cri_high
17260,0.43151078776969426,0.7930475086906141,0.8663291139240507,0.8280701754385965,score threshold,0.462,pareto auto mcdm,y_cri_high
17258,0.43146078651966296,0.7930814694634373,0.8662658227848101,0.8280597737310182,score threshold,0.463,pareto auto mcdm,y_cri_high
17255,0.43138578464461613,0.7931614024920313,0.8662025316455696,0.8280744214188474,score threshold,0.464,pareto auto mcdm,y_cri_high
17255,0.43138578464461613,0.7931614024920313,0.8662025316455696,0.8280744214188474,score threshold,0.465,pareto auto mcdm,y_cri_high
17255,0.43138578464461613,0.7931614024920313,0.8662025316455696,0.8280744214188474,score threshold,0.466,pareto auto mcdm,y_cri_high
17255,0.43138578464461613,0.7931614024920313,0.8662025316455696,0.8280744214188474,score threshold,0.467,pareto auto mcdm,y_cri_high
17246,0.43116077901947547,0.7933433839730952,0.8659493670886076,0.8280578587423592,score threshold,0.468,pareto auto mcdm,y_cri_high
17217,0.43043576089402236,0.7938665272695592,0.8650632911392405,0.8279371233001181,score threshold,0.46900000000000003,pareto auto mcdm,y_cri_high
17203,0.43008575214380357,0.794047549845957,0.8645569620253165,0.8278035330121504,score threshold,0.47000000000000003,pareto auto mcdm,y_cri_high
17188,0.4297107427685692,0.7941587153828252,0.8639240506329114,0.8275736631502365,score threshold,0.47100000000000003,pareto auto mcdm,y_cri_high
17172,0.4293107327683192,0.7945492662473794,0.8635443037974684,0.8276113065631445,score threshold,0.47200000000000003,pareto auto mcdm,y_cri_high
17161,0.4290357258931473,0.7947672047083504,0.8632278481012658,0.8275841145596311,score threshold,0.47300000000000003,pareto auto mcdm,y_cri_high
17161,0.4290357258931473,0.7947672047083504,0.8632278481012658,0.8275841145596311,score threshold,0.47400000000000003,pareto auto mcdm,y_cri_high
17161,0.4290357258931473,0.7947672047083504,0.8632278481012658,0.8275841145596311,score threshold,0.47500000000000003,pareto auto mcdm,y_cri_high
17159,0.4289857246431161,0.7948015618625794,0.8631645569620253,0.8275736521132316,score threshold,0.47600000000000003,pareto auto mcdm,y_cri_high
17157,0.42893572339308483,0.7947776417788658,0.8630379746835443,0.8275025032618261,score threshold,0.47700000000000004,pareto auto mcdm,y_cri_high
17157,0.42893572339308483,0.7947776417788658,0.8630379746835443,0.8275025032618261,score threshold,0.47800000000000004,pareto auto mcdm,y_cri_high
17157,0.42893572339308483,0.7947776417788658,0.8630379746835443,0.8275025032618261,score threshold,0.47900000000000004,pareto auto mcdm,y_cri_high
16982,0.4245606140153504,0.7983747497350135,0.8581012658227848,0.8271612470258068,score threshold,0.48000000000000004,pareto auto mcdm,y_cri_high
16940,0.42351058776469414,0.799232585596222,0.8568987341772152,0.8270616982284668,score threshold,0.481,pareto auto mcdm,y_cri_high
16940,0.42351058776469414,0.799232585596222,0.8568987341772152,0.8270616982284668,score threshold,0.482,pareto auto mcdm,y_cri_high
16940,0.42351058776469414,0.799232585596222,0.8568987341772152,0.8270616982284668,score threshold,0.483,pareto auto mcdm,y_cri_high
16940,0.42351058776469414,0.799232585596222,0.8568987341772152,0.8270616982284668,score threshold,0.484,pareto auto mcdm,y_cri_high
16940,0.42351058776469414,0.799232585596222,0.8568987341772152,0.8270616982284668,score threshold,0.485,pareto auto mcdm,y_cri_high
16928,0.4232105802645066,0.7994447069943289,0.8565189873417721,0.8269982889269127,score threshold,0.486,pareto auto mcdm,y_cri_high
16922,0.42306057651441287,0.7994917858409172,0.8562658227848101,0.8269054458773913,score threshold,0.487,pareto auto mcdm,y_cri_high
16909,0.4227355683892097,0.7996924714649003,0.8558227848101266,0.8268060778379039,score threshold,0.488,pareto auto mcdm,y_cri_high
16909,0.4227355683892097,0.7996924714649003,0.8558227848101266,0.8268060778379039,score threshold,0.489,pareto auto mcdm,y_cri_high
16907,0.4226855671391785,0.7996687762465251,0.8556962025316456,0.826734338215061,score threshold,0.49,pareto auto mcdm,y_cri_high
16865,0.42163554088852223,0.8004150607767566,0.8543670886075949,0.8265115567120771,score threshold,0.491,pareto auto mcdm,y_cri_high
16864,0.4216105402635066,0.8004032258064516,0.8543037974683544,0.8264756306637276,score threshold,0.492,pareto auto mcdm,y_cri_high
16862,0.42156053901347534,0.8004388566006405,0.854240506329114,0.8264650052048251,score threshold,0.493,pareto auto mcdm,y_cri_high
16862,0.42156053901347534,0.8004388566006405,0.854240506329114,0.8264650052048251,score threshold,0.494,pareto auto mcdm,y_cri_high
16862,0.42156053901347534,0.8004388566006405,0.854240506329114,0.8264650052048251,score threshold,0.495,pareto auto mcdm,y_cri_high
16862,0.42156053901347534,0.8004388566006405,0.854240506329114,0.8264650052048251,score threshold,0.496,pareto auto mcdm,y_cri_high
16856,0.42141053526338157,0.800545799715235,0.8540506329113924,0.8264331210191083,score threshold,0.497,pareto auto mcdm,y_cri_high
16854,0.42136053401335033,0.8005814643408093,0.8539873417721519,0.8264224903534023,score threshold,0.498,pareto auto mcdm,y_cri_high
16853,0.4213355333883347,0.8006289681362369,0.8539873417721519,0.8264477995896242,score threshold,0.499,pareto auto mcdm,y_cri_high
16853,0.4213355333883347,0.8006289681362369,0.8539873417721519,0.8264477995896242,score threshold,0.5,pareto auto mcdm,y_cri_high
16849,0.4212355308882722,0.8007003382990089,0.8538607594936709,0.8264265368005146,score threshold,0.501,pareto auto mcdm,y_cri_high
16846,0.4211605290132253,0.8006648462543037,0.8536708860759493,0.826318691417019,score threshold,0.502,pareto auto mcdm,y_cri_high
16842,0.42106052651316284,0.8007362546015913,0.8535443037974684,0.8262974082470437,score threshold,0.503,pareto auto mcdm,y_cri_high
16842,0.42106052651316284,0.8007362546015913,0.8535443037974684,0.8262974082470437,score threshold,0.504,pareto auto mcdm,y_cri_high
16842,0.42106052651316284,0.8007362546015913,0.8535443037974684,0.8262974082470437,score threshold,0.505,pareto auto mcdm,y_cri_high
16842,0.42106052651316284,0.8007362546015913,0.8535443037974684,0.8262974082470437,score threshold,0.506,pareto auto mcdm,y_cri_high
16842,0.42106052651316284,0.8007362546015913,0.8535443037974684,0.8262974082470437,score threshold,0.507,pareto auto mcdm,y_cri_high
16821,0.4205355133878347,0.8011414303549135,0.8529113924050633,0.8262162410717023,score threshold,0.508,pareto auto mcdm,y_cri_high
16821,0.4205355133878347,0.8011414303549135,0.8529113924050633,0.8262162410717023,score threshold,0.509,pareto auto mcdm,y_cri_high
16782,0.4195604890122253,0.8022881658920272,0.8521518987341772,0.8264686022957461,score threshold,0.51,pareto auto mcdm,y_cri_high
16775,0.41938548463711595,0.8024441132637854,0.8519620253164557,0.8264620107444359,score threshold,0.511,pareto auto mcdm,y_cri_high
16766,0.4191604790119753,0.8023977096504831,0.8514556962025317,0.8261991033593318,score threshold,0.512,pareto auto mcdm,y_cri_high
16765,0.4191354783869597,0.8023859230539815,0.8513924050632912,0.8261630584983879,score threshold,0.513,pareto auto mcdm,y_cri_high
16765,0.4191354783869597,0.8023859230539815,0.8513924050632912,0.8261630584983879,score threshold,0.514,pareto auto mcdm,y_cri_high
16765,0.4191354783869597,0.8023859230539815,0.8513924050632912,0.8261630584983879,score threshold,0.515,pareto auto mcdm,y_cri_high
16763,0.4190854771369284,0.8024220008351727,0.8513291139240506,0.8261523815373276,score threshold,0.516,pareto auto mcdm,y_cri_high
16763,0.4190854771369284,0.8024220008351727,0.8513291139240506,0.8261523815373276,score threshold,0.517,pareto auto mcdm,y_cri_high
16763,0.4190854771369284,0.8024220008351727,0.8513291139240506,0.8261523815373276,score threshold,0.518,pareto auto mcdm,y_cri_high
16478,0.41196029900747516,0.807682971234373,0.8423417721518988,0.824648367309003,score threshold,0.519,pareto auto mcdm,y_cri_high
16478,0.41196029900747516,0.807682971234373,0.8423417721518988,0.824648367309003,score threshold,0.52,pareto auto mcdm,y_cri_high
16478,0.41196029900747516,0.807682971234373,0.8423417721518988,0.824648367309003,score threshold,0.521,pareto auto mcdm,y_cri_high
16478,0.41196029900747516,0.807682971234373,0.8423417721518988,0.824648367309003,score threshold,0.522,pareto auto mcdm,y_cri_high
16478,0.41196029900747516,0.807682971234373,0.8423417721518988,0.824648367309003,score threshold,0.523,pareto auto mcdm,y_cri_high
16478,0.41196029900747516,0.807682971234373,0.8423417721518988,0.824648367309003,score threshold,0.524,pareto auto mcdm,y_cri_high
16478,0.41196029900747516,0.807682971234373,0.8423417721518988,0.824648367309003,score threshold,0.525,pareto auto mcdm,y_cri_high
16478,0.41196029900747516,0.807682971234373,0.8423417721518988,0.824648367309003,score threshold,0.526,pareto auto mcdm,y_cri_high
16461,0.41153528838220954,0.8079703541704635,0.8417721518987342,0.8245249682278912,score threshold,0.527,pareto auto mcdm,y_cri_high
16455,0.4113852846321158,0.8080826496505621,0.8415822784810126,0.8244923267710432,score threshold,0.528,pareto auto mcdm,y_cri_high
16453,0.4113352833820845,0.8081200996778704,0.8415189873417721,0.8244814435866431,score threshold,0.529,pareto auto mcdm,y_cri_high
16286,0.4071601790044751,0.810573498710549,0.8355063291139241,0.8228510877018014,score threshold,0.53,pareto auto mcdm,y_cri_high
16252,0.40631015775394386,0.811407826729018,0.834620253164557,0.8228503681517534,score threshold,0.531,pareto auto mcdm,y_cri_high
16252,0.40631015775394386,0.811407826729018,0.834620253164557,0.8228503681517534,score threshold,0.532,pareto auto mcdm,y_cri_high
16236,0.40591014775369383,0.811529933481153,0.8339240506329114,0.8225746035709827,score threshold,0.533,pareto auto mcdm,y_cri_high
16236,0.40591014775369383,0.811529933481153,0.8339240506329114,0.8225746035709827,score threshold,0.534,pareto auto mcdm,y_cri_high
16235,0.40588514712867824,0.8115799199260856,0.8339240506329114,0.8226002809427189,score threshold,0.535,pareto auto mcdm,y_cri_high
16228,0.4057101427535688,0.8116218880946512,0.8336075949367089,0.8224678406394405,score threshold,0.536,pareto auto mcdm,y_cri_high
16228,0.4057101427535688,0.8116218880946512,0.8336075949367089,0.8224678406394405,score threshold,0.537,pareto auto mcdm,y_cri_high
16227,0.4056851421285532,0.8116719048499415,0.8336075949367089,0.822493521091579,score threshold,0.538,pareto auto mcdm,y_cri_high
16227,0.4056851421285532,0.8116719048499415,0.8336075949367089,0.822493521091579,score threshold,0.539,pareto auto mcdm,y_cri_high
16223,0.4055851396284907,0.8118103926524071,0.8335443037974684,0.8225338038284983,score threshold,0.54,pareto auto mcdm,y_cri_high
16215,0.40538513462836573,0.8119025593586185,0.8332278481012658,0.8224269873496798,score threshold,0.541,pareto auto mcdm,y_cri_high
16215,0.40538513462836573,0.8119025593586185,0.8332278481012658,0.8224269873496798,score threshold,0.542,pareto auto mcdm,y_cri_high
16215,0.40538513462836573,0.8119025593586185,0.8332278481012658,0.8224269873496798,score threshold,0.543,pareto auto mcdm,y_cri_high
16215,0.40538513462836573,0.8119025593586185,0.8332278481012658,0.8224269873496798,score threshold,0.544,pareto auto mcdm,y_cri_high
16215,0.40538513462836573,0.8119025593586185,0.8332278481012658,0.8224269873496798,score threshold,0.545,pareto auto mcdm,y_cri_high
16215,0.40538513462836573,0.8119025593586185,0.8332278481012658,0.8224269873496798,score threshold,0.546,pareto auto mcdm,y_cri_high
16150,0.4037600940023501,0.8130650154798762,0.8310759493670886,0.8219718309859155,score threshold,0.547,pareto auto mcdm,y_cri_high
16119,0.40298507462686567,0.8135120044667783,0.8299367088607595,0.8216422820263792,score threshold,0.548,pareto auto mcdm,y_cri_high
16109,0.4027350683767094,0.8134583152275126,0.8293670886075949,0.8213356733210067,score threshold,0.549,pareto auto mcdm,y_cri_high
16096,0.4024100602515063,0.8136804174950298,0.8289240506329114,0.8212315023827439,score threshold,0.55,pareto auto mcdm,y_cri_high
16047,0.40118502962574065,0.813983922228454,0.8267088607594937,0.8202970452475901,score threshold,0.551,pareto auto mcdm,y_cri_high
16016,0.40041001025025624,0.8145604395604396,0.8256962025316456,0.8200905204928338,score threshold,0.552,pareto auto mcdm,y_cri_high
16008,0.40021000525013123,0.8145927036481759,0.8253164556962025,0.8199195171026157,score threshold,0.553,pareto auto mcdm,y_cri_high
16004,0.40011000275006875,0.814608847788053,0.825126582278481,0.819833983146774,score threshold,0.554,pareto auto mcdm,y_cri_high
15981,0.39953498837470935,0.8147800513109318,0.8241139240506329,0.8194204084201252,score threshold,0.555,pareto auto mcdm,y_cri_high
15980,0.39950998774969376,0.8147684605757196,0.8240506329113924,0.8193832599118943,score threshold,0.556,pareto auto mcdm,y_cri_high
15979,0.3994849871246781,0.8147568683897616,0.8239873417721519,0.8193461090657352,score threshold,0.557,pareto auto mcdm,y_cri_high
15009,0.3752343808595215,0.8356985808514891,0.7938607594936709,0.8142425914505501,score threshold,0.558,pareto auto mcdm,y_cri_high
15009,0.3752343808595215,0.8356985808514891,0.7938607594936709,0.8142425914505501,score threshold,0.559,pareto auto mcdm,y_cri_high
15009,0.3752343808595215,0.8356985808514891,0.7938607594936709,0.8142425914505501,score threshold,0.56,pareto auto mcdm,y_cri_high
15008,0.37520938023450584,0.8357542643923241,0.7938607594936709,0.8142690210334977,score threshold,0.561,pareto auto mcdm,y_cri_high
15008,0.37520938023450584,0.8357542643923241,0.7938607594936709,0.8142690210334977,score threshold,0.562,pareto auto mcdm,y_cri_high
15006,0.3751593789844746,0.8357990137278422,0.7937974683544303,0.8142569629292995,score threshold,0.5630000000000001,pareto auto mcdm,y_cri_high
15006,0.3751593789844746,0.8357990137278422,0.7937974683544303,0.8142569629292995,score threshold,0.5640000000000001,pareto auto mcdm,y_cri_high
15006,0.3751593789844746,0.8357990137278422,0.7937974683544303,0.8142569629292995,score threshold,0.5650000000000001,pareto auto mcdm,y_cri_high
15006,0.3751593789844746,0.8357990137278422,0.7937974683544303,0.8142569629292995,score threshold,0.5660000000000001,pareto auto mcdm,y_cri_high
15005,0.375134378359459,0.835788070643119,0.7937341772151899,0.8142184710274306,score threshold,0.5670000000000001,pareto auto mcdm,y_cri_high
15005,0.375134378359459,0.835788070643119,0.7937341772151899,0.8142184710274306,score threshold,0.5680000000000001,pareto auto mcdm,y_cri_high
15005,0.375134378359459,0.835788070643119,0.7937341772151899,0.8142184710274306,score threshold,0.5690000000000001,pareto auto mcdm,y_cri_high
14997,0.374934373359334,0.8360338734413549,0.7935443037974683,0.8142351527746209,score threshold,0.5700000000000001,pareto auto mcdm,y_cri_high
14996,0.37490937273431835,0.8360229394505201,0.7934810126582279,0.8141966489154435,score threshold,0.5710000000000001,pareto auto mcdm,y_cri_high
14982,0.3745593639840996,0.8360032038446136,0.7927215189873418,0.813787278279514,score threshold,0.5720000000000001,pareto auto mcdm,y_cri_high
14978,0.3744593614840371,0.835959407130458,0.7924683544303798,0.8136331145623498,score threshold,0.5730000000000001,pareto auto mcdm,y_cri_high
14960,0.37400935023375587,0.8361631016042781,0.7917088607594936,0.8133289986996098,score threshold,0.5740000000000001,pareto auto mcdm,y_cri_high
14959,0.3739843496087402,0.8361521492078348,0.7916455696202531,0.8132904190643389,score threshold,0.5750000000000001,pareto auto mcdm,y_cri_high
14959,0.3739843496087402,0.8361521492078348,0.7916455696202531,0.8132904190643389,score threshold,0.5760000000000001,pareto auto mcdm,y_cri_high
14958,0.37395934898372457,0.8362080492044391,0.7916455696202531,0.8133168606541388,score threshold,0.5770000000000001,pareto auto mcdm,y_cri_high
14955,0.37388434710867774,0.8361751922433969,0.7914556962025316,0.813201105511299,score threshold,0.578,pareto auto mcdm,y_cri_high
14954,0.3738593464836621,0.8361642369934466,0.7913924050632911,0.8131625154451454,score threshold,0.579,pareto auto mcdm,y_cri_high
14954,0.3738593464836621,0.8361642369934466,0.7913924050632911,0.8131625154451454,score threshold,0.58,pareto auto mcdm,y_cri_high
14834,0.37085927148178705,0.8382769313738708,0.7870253164556962,0.8118430502056538,score threshold,0.581,pareto auto mcdm,y_cri_high
14834,0.37085927148178705,0.8382769313738708,0.7870253164556962,0.8118430502056538,score threshold,0.582,pareto auto mcdm,y_cri_high
14834,0.37085927148178705,0.8382769313738708,0.7870253164556962,0.8118430502056538,score threshold,0.583,pareto auto mcdm,y_cri_high
14834,0.37085927148178705,0.8382769313738708,0.7870253164556962,0.8118430502056538,score threshold,0.584,pareto auto mcdm,y_cri_high
14834,0.37085927148178705,0.8382769313738708,0.7870253164556962,0.8118430502056538,score threshold,0.585,pareto auto mcdm,y_cri_high
14834,0.37085927148178705,0.8382769313738708,0.7870253164556962,0.8118430502056538,score threshold,0.586,pareto auto mcdm,y_cri_high
14834,0.37085927148178705,0.8382769313738708,0.7870253164556962,0.8118430502056538,score threshold,0.587,pareto auto mcdm,y_cri_high
14834,0.37085927148178705,0.8382769313738708,0.7870253164556962,0.8118430502056538,score threshold,0.588,pareto auto mcdm,y_cri_high
14834,0.37085927148178705,0.8382769313738708,0.7870253164556962,0.8118430502056538,score threshold,0.589,pareto auto mcdm,y_cri_high
14834,0.37085927148178705,0.8382769313738708,0.7870253164556962,0.8118430502056538,score threshold,0.59,pareto auto mcdm,y_cri_high
14834,0.37085927148178705,0.8382769313738708,0.7870253164556962,0.8118430502056538,score threshold,0.591,pareto auto mcdm,y_cri_high
14834,0.37085927148178705,0.8382769313738708,0.7870253164556962,0.8118430502056538,score threshold,0.592,pareto auto mcdm,y_cri_high
14834,0.37085927148178705,0.8382769313738708,0.7870253164556962,0.8118430502056538,score threshold,0.593,pareto auto mcdm,y_cri_high
14834,0.37085927148178705,0.8382769313738708,0.7870253164556962,0.8118430502056538,score threshold,0.594,pareto auto mcdm,y_cri_high
14834,0.37085927148178705,0.8382769313738708,0.7870253164556962,0.8118430502056538,score threshold,0.595,pareto auto mcdm,y_cri_high
14834,0.37085927148178705,0.8382769313738708,0.7870253164556962,0.8118430502056538,score threshold,0.596,pareto auto mcdm,y_cri_high
14834,0.37085927148178705,0.8382769313738708,0.7870253164556962,0.8118430502056538,score threshold,0.597,pareto auto mcdm,y_cri_high
14834,0.37085927148178705,0.8382769313738708,0.7870253164556962,0.8118430502056538,score threshold,0.598,pareto auto mcdm,y_cri_high
14834,0.37085927148178705,0.8382769313738708,0.7870253164556962,0.8118430502056538,score threshold,0.599,pareto auto mcdm,y_cri_high
14834,0.37085927148178705,0.8382769313738708,0.7870253164556962,0.8118430502056538,score threshold,0.6,pareto auto mcdm,y_cri_high
14834,0.37085927148178705,0.8382769313738708,0.7870253164556962,0.8118430502056538,score threshold,0.601,pareto auto mcdm,y_cri_high
14834,0.37085927148178705,0.8382769313738708,0.7870253164556962,0.8118430502056538,score threshold,0.602,pareto auto mcdm,y_cri_high
14834,0.37085927148178705,0.8382769313738708,0.7870253164556962,0.8118430502056538,score threshold,0.603,pareto auto mcdm,y_cri_high
14834,0.37085927148178705,0.8382769313738708,0.7870253164556962,0.8118430502056538,score threshold,0.604,pareto auto mcdm,y_cri_high
14834,0.37085927148178705,0.8382769313738708,0.7870253164556962,0.8118430502056538,score threshold,0.605,pareto auto mcdm,y_cri_high
14834,0.37085927148178705,0.8382769313738708,0.7870253164556962,0.8118430502056538,score threshold,0.606,pareto auto mcdm,y_cri_high
14834,0.37085927148178705,0.8382769313738708,0.7870253164556962,0.8118430502056538,score threshold,0.607,pareto auto mcdm,y_cri_high
14834,0.37085927148178705,0.8382769313738708,0.7870253164556962,0.8118430502056538,score threshold,0.608,pareto auto mcdm,y_cri_high
14834,0.37085927148178705,0.8382769313738708,0.7870253164556962,0.8118430502056538,score threshold,0.609,pareto auto mcdm,y_cri_high
14834,0.37085927148178705,0.8382769313738708,0.7870253164556962,0.8118430502056538,score threshold,0.61,pareto auto mcdm,y_cri_high
14834,0.37085927148178705,0.8382769313738708,0.7870253164556962,0.8118430502056538,score threshold,0.611,pareto auto mcdm,y_cri_high
14834,0.37085927148178705,0.8382769313738708,0.7870253164556962,0.8118430502056538,score threshold,0.612,pareto auto mcdm,y_cri_high
14834,0.37085927148178705,0.8382769313738708,0.7870253164556962,0.8118430502056538,score threshold,0.613,pareto auto mcdm,y_cri_high
14834,0.37085927148178705,0.8382769313738708,0.7870253164556962,0.8118430502056538,score threshold,0.614,pareto auto mcdm,y_cri_high
14834,0.37085927148178705,0.8382769313738708,0.7870253164556962,0.8118430502056538,score threshold,0.615,pareto auto mcdm,y_cri_high
14834,0.37085927148178705,0.8382769313738708,0.7870253164556962,0.8118430502056538,score threshold,0.616,pareto auto mcdm,y_cri_high
14834,0.37085927148178705,0.8382769313738708,0.7870253164556962,0.8118430502056538,score threshold,0.617,pareto auto mcdm,y_cri_high
14834,0.37085927148178705,0.8382769313738708,0.7870253164556962,0.8118430502056538,score threshold,0.618,pareto auto mcdm,y_cri_high
14834,0.37085927148178705,0.8382769313738708,0.7870253164556962,0.8118430502056538,score threshold,0.619,pareto auto mcdm,y_cri_high
14819,0.37048426210655266,0.8383156758215804,0.7862658227848102,0.8114569385022372,score threshold,0.62,pareto auto mcdm,y_cri_high
14803,0.37008425210630264,0.8386137945011146,0.7856962025316455,0.8112930104891677,score threshold,0.621,pareto auto mcdm,y_cri_high
14803,0.37008425210630264,0.8386137945011146,0.7856962025316455,0.8112930104891677,score threshold,0.622,pareto auto mcdm,y_cri_high
14802,0.37005925148128704,0.8386704499391974,0.7856962025316455,0.8113195215998954,score threshold,0.623,pareto auto mcdm,y_cri_high
14784,0.3696092402310058,0.8387445887445888,0.7848101265822784,0.8108815066701544,score threshold,0.624,pareto auto mcdm,y_cri_high
14784,0.3696092402310058,0.8387445887445888,0.7848101265822784,0.8108815066701544,score threshold,0.625,pareto auto mcdm,y_cri_high
14777,0.3694342358558964,0.8387358733166407,0.7844303797468355,0.8106746901265657,score threshold,0.626,pareto auto mcdm,y_cri_high
14771,0.36928423210580263,0.8388057680590346,0.7841772151898734,0.8105721108239835,score threshold,0.627,pareto auto mcdm,y_cri_high
14768,0.36920923023075575,0.8388407367280607,0.7840506329113924,0.810520806071709,score threshold,0.628,pareto auto mcdm,y_cri_high
14765,0.3691342283557089,0.8388079918726719,0.7838607594936708,0.8104040569278587,score threshold,0.629,pareto auto mcdm,y_cri_high
14764,0.36910922773069327,0.8388648062855595,0.7838607594936708,0.8104305719146708,score threshold,0.63,pareto auto mcdm,y_cri_high
14764,0.36910922773069327,0.8388648062855595,0.7838607594936708,0.8104305719146708,score threshold,0.631,pareto auto mcdm,y_cri_high
14764,0.36910922773069327,0.8388648062855595,0.7838607594936708,0.8104305719146708,score threshold,0.632,pareto auto mcdm,y_cri_high
14764,0.36910922773069327,0.8388648062855595,0.7838607594936708,0.8104305719146708,score threshold,0.633,pareto auto mcdm,y_cri_high
14760,0.3690092252306308,0.8388888888888889,0.7836708860759494,0.8103403141361256,score threshold,0.634,pareto auto mcdm,y_cri_high
14752,0.3688092202305058,0.8390048806941431,0.7833544303797468,0.8102251898402724,score threshold,0.635,pareto auto mcdm,y_cri_high
14740,0.3685092127303183,0.839145183175034,0.7828481012658228,0.8100196463654225,score threshold,0.636,pareto auto mcdm,y_cri_high
14738,0.368459211480287,0.8392590582168544,0.7828481012658228,0.8100726963127907,score threshold,0.637,pareto auto mcdm,y_cri_high
14723,0.3680842021050526,0.8392990558989336,0.7820886075949367,0.8096845002129541,score threshold,0.638,pareto auto mcdm,y_cri_high
14642,0.366059151478787,0.8403223603332878,0.7787341772151899,0.8083568753695553,score threshold,0.639,pareto auto mcdm,y_cri_high
14607,0.3651841296032401,0.8409666598206339,0.7774683544303798,0.8079718485874963,score threshold,0.64,pareto auto mcdm,y_cri_high
14597,0.36493412335308384,0.8408577104884565,0.7768354430379747,0.8075796953646741,score threshold,0.641,pareto auto mcdm,y_cri_high
14593,0.3648341208530213,0.8409511409579935,0.7767088607594936,0.8075543710722863,score threshold,0.642,pareto auto mcdm,y_cri_high
14581,0.3645341133528338,0.8410945751320211,0.7762025316455696,0.8073466969487508,score threshold,0.643,pareto auto mcdm,y_cri_high
14553,0.3638340958523963,0.8416134130419844,0.7751898734177215,0.8070371956643495,score threshold,0.644,pareto auto mcdm,y_cri_high
14505,0.3626340658516463,0.8419165804894864,0.7729113924050633,0.8059396139250948,score threshold,0.645,pareto auto mcdm,y_cri_high
14285,0.35713392834820873,0.8454322716135807,0.764367088607595,0.8028585673923883,score threshold,0.646,pareto auto mcdm,y_cri_high
14278,0.3569589239730993,0.8455666059672223,0.7641139240506329,0.8027794401223486,score threshold,0.647,pareto auto mcdm,y_cri_high
14274,0.3568589214730368,0.8456634440240998,0.7639873417721519,0.8027532087517457,score threshold,0.648,pareto auto mcdm,y_cri_high
14262,0.35655891397284933,0.8458841677184126,0.7635443037974684,0.8026079435832613,score threshold,0.649,pareto auto mcdm,y_cri_high
14260,0.3565089127228181,0.8459326788218794,0.7634810126582279,0.8025948103792415,score threshold,0.65,pareto auto mcdm,y_cri_high
14260,0.3565089127228181,0.8459326788218794,0.7634810126582279,0.8025948103792415,score threshold,0.651,pareto auto mcdm,y_cri_high
13383,0.3345833645841146,0.8614660390047074,0.7296835443037974,0.7901175341808587,score threshold,0.652,pareto auto mcdm,y_cri_high
13383,0.3345833645841146,0.8614660390047074,0.7296835443037974,0.7901175341808587,score threshold,0.653,pareto auto mcdm,y_cri_high
13383,0.3345833645841146,0.8614660390047074,0.7296835443037974,0.7901175341808587,score threshold,0.654,pareto auto mcdm,y_cri_high
13383,0.3345833645841146,0.8614660390047074,0.7296835443037974,0.7901175341808587,score threshold,0.655,pareto auto mcdm,y_cri_high
13383,0.3345833645841146,0.8614660390047074,0.7296835443037974,0.7901175341808587,score threshold,0.656,pareto auto mcdm,y_cri_high
13383,0.3345833645841146,0.8614660390047074,0.7296835443037974,0.7901175341808587,score threshold,0.657,pareto auto mcdm,y_cri_high
13383,0.3345833645841146,0.8614660390047074,0.7296835443037974,0.7901175341808587,score threshold,0.658,pareto auto mcdm,y_cri_high
13383,0.3345833645841146,0.8614660390047074,0.7296835443037974,0.7901175341808587,score threshold,0.659,pareto auto mcdm,y_cri_high
13383,0.3345833645841146,0.8614660390047074,0.7296835443037974,0.7901175341808587,score threshold,0.66,pareto auto mcdm,y_cri_high
13383,0.3345833645841146,0.8614660390047074,0.7296835443037974,0.7901175341808587,score threshold,0.661,pareto auto mcdm,y_cri_high
13383,0.3345833645841146,0.8614660390047074,0.7296835443037974,0.7901175341808587,score threshold,0.662,pareto auto mcdm,y_cri_high
13383,0.3345833645841146,0.8614660390047074,0.7296835443037974,0.7901175341808587,score threshold,0.663,pareto auto mcdm,y_cri_high
13383,0.3345833645841146,0.8614660390047074,0.7296835443037974,0.7901175341808587,score threshold,0.664,pareto auto mcdm,y_cri_high
13383,0.3345833645841146,0.8614660390047074,0.7296835443037974,0.7901175341808587,score threshold,0.665,pareto auto mcdm,y_cri_high
13383,0.3345833645841146,0.8614660390047074,0.7296835443037974,0.7901175341808587,score threshold,0.666,pareto auto mcdm,y_cri_high
13383,0.3345833645841146,0.8614660390047074,0.7296835443037974,0.7901175341808587,score threshold,0.667,pareto auto mcdm,y_cri_high
13383,0.3345833645841146,0.8614660390047074,0.7296835443037974,0.7901175341808587,score threshold,0.668,pareto auto mcdm,y_cri_high
13383,0.3345833645841146,0.8614660390047074,0.7296835443037974,0.7901175341808587,score threshold,0.669,pareto auto mcdm,y_cri_high
13383,0.3345833645841146,0.8614660390047074,0.7296835443037974,0.7901175341808587,score threshold,0.67,pareto auto mcdm,y_cri_high
13383,0.3345833645841146,0.8614660390047074,0.7296835443037974,0.7901175341808587,score threshold,0.671,pareto auto mcdm,y_cri_high
13383,0.3345833645841146,0.8614660390047074,0.7296835443037974,0.7901175341808587,score threshold,0.672,pareto auto mcdm,y_cri_high
13383,0.3345833645841146,0.8614660390047074,0.7296835443037974,0.7901175341808587,score threshold,0.673,pareto auto mcdm,y_cri_high
13383,0.3345833645841146,0.8614660390047074,0.7296835443037974,0.7901175341808587,score threshold,0.674,pareto auto mcdm,y_cri_high
13383,0.3345833645841146,0.8614660390047074,0.7296835443037974,0.7901175341808587,score threshold,0.675,pareto auto mcdm,y_cri_high
13383,0.3345833645841146,0.8614660390047074,0.7296835443037974,0.7901175341808587,score threshold,0.676,pareto auto mcdm,y_cri_high
13383,0.3345833645841146,0.8614660390047074,0.7296835443037974,0.7901175341808587,score threshold,0.677,pareto auto mcdm,y_cri_high
13383,0.3345833645841146,0.8614660390047074,0.7296835443037974,0.7901175341808587,score threshold,0.678,pareto auto mcdm,y_cri_high
13383,0.3345833645841146,0.8614660390047074,0.7296835443037974,0.7901175341808587,score threshold,0.679,pareto auto mcdm,y_cri_high
13383,0.3345833645841146,0.8614660390047074,0.7296835443037974,0.7901175341808587,score threshold,0.68,pareto auto mcdm,y_cri_high
13383,0.3345833645841146,0.8614660390047074,0.7296835443037974,0.7901175341808587,score threshold,0.681,pareto auto mcdm,y_cri_high
13383,0.3345833645841146,0.8614660390047074,0.7296835443037974,0.7901175341808587,score threshold,0.682,pareto auto mcdm,y_cri_high
13383,0.3345833645841146,0.8614660390047074,0.7296835443037974,0.7901175341808587,score threshold,0.683,pareto auto mcdm,y_cri_high
13383,0.3345833645841146,0.8614660390047074,0.7296835443037974,0.7901175341808587,score threshold,0.684,pareto auto mcdm,y_cri_high
13383,0.3345833645841146,0.8614660390047074,0.7296835443037974,0.7901175341808587,score threshold,0.685,pareto auto mcdm,y_cri_high
13383,0.3345833645841146,0.8614660390047074,0.7296835443037974,0.7901175341808587,score threshold,0.686,pareto auto mcdm,y_cri_high
13383,0.3345833645841146,0.8614660390047074,0.7296835443037974,0.7901175341808587,score threshold,0.687,pareto auto mcdm,y_cri_high
13383,0.3345833645841146,0.8614660390047074,0.7296835443037974,0.7901175341808587,score threshold,0.6880000000000001,pareto auto mcdm,y_cri_high
13383,0.3345833645841146,0.8614660390047074,0.7296835443037974,0.7901175341808587,score threshold,0.6890000000000001,pareto auto mcdm,y_cri_high
13383,0.3345833645841146,0.8614660390047074,0.7296835443037974,0.7901175341808587,score threshold,0.6900000000000001,pareto auto mcdm,y_cri_high
13383,0.3345833645841146,0.8614660390047074,0.7296835443037974,0.7901175341808587,score threshold,0.6910000000000001,pareto auto mcdm,y_cri_high
13383,0.3345833645841146,0.8614660390047074,0.7296835443037974,0.7901175341808587,score threshold,0.6920000000000001,pareto auto mcdm,y_cri_high
13383,0.3345833645841146,0.8614660390047074,0.7296835443037974,0.7901175341808587,score threshold,0.6930000000000001,pareto auto mcdm,y_cri_high
13383,0.3345833645841146,0.8614660390047074,0.7296835443037974,0.7901175341808587,score threshold,0.6940000000000001,pareto auto mcdm,y_cri_high
13383,0.3345833645841146,0.8614660390047074,0.7296835443037974,0.7901175341808587,score threshold,0.6950000000000001,pareto auto mcdm,y_cri_high
13383,0.3345833645841146,0.8614660390047074,0.7296835443037974,0.7901175341808587,score threshold,0.6960000000000001,pareto auto mcdm,y_cri_high
13367,0.3341833545838646,0.8615246502580983,0.7288607594936709,0.7896595467480372,score threshold,0.6970000000000001,pareto auto mcdm,y_cri_high
13334,0.33335833395834896,0.8619319034048297,0.7274050632911392,0.7889750806617698,score threshold,0.6980000000000001,pareto auto mcdm,y_cri_high
13297,0.33243331083277083,0.8622997668647063,0.7256962025316456,0.7881224868543149,score threshold,0.6990000000000001,pareto auto mcdm,y_cri_high
13293,0.3323333083327083,0.8622583314526443,0.7254430379746836,0.7879558656721548,score threshold,0.7000000000000001,pareto auto mcdm,y_cri_high
13275,0.3318832970824271,0.8623728813559322,0.7245569620253165,0.7874806534823732,score threshold,0.7010000000000001,pareto auto mcdm,y_cri_high
13264,0.3316082902072552,0.8624095295536791,0.7239873417721518,0.7871593724194881,score threshold,0.7020000000000001,pareto auto mcdm,y_cri_high
13255,0.3313832845821146,0.8624669935873256,0.7235443037974684,0.7869213560488728,score threshold,0.7030000000000001,pareto auto mcdm,y_cri_high
13244,0.3311082777069427,0.8625792811839323,0.7230379746835442,0.7866685029610246,score threshold,0.7040000000000001,pareto auto mcdm,y_cri_high
13243,0.33108327708192703,0.8626444159178434,0.7230379746835442,0.7866955892986262,score threshold,0.705,pareto auto mcdm,y_cri_high
13243,0.33108327708192703,0.8626444159178434,0.7230379746835442,0.7866955892986262,score threshold,0.706,pareto auto mcdm,y_cri_high
13243,0.33108327708192703,0.8626444159178434,0.7230379746835442,0.7866955892986262,score threshold,0.707,pareto auto mcdm,y_cri_high
13166,0.3291582289557239,0.8629804040710922,0.7191139240506329,0.7845059725195056,score threshold,0.708,pareto auto mcdm,y_cri_high
13165,0.3291332283307083,0.8629699962020508,0.7190506329113924,0.7844640082858623,score threshold,0.709,pareto auto mcdm,y_cri_high
13165,0.3291332283307083,0.8629699962020508,0.7190506329113924,0.7844640082858623,score threshold,0.71,pareto auto mcdm,y_cri_high
13141,0.32853321333033325,0.8630241229738985,0.7177848101265822,0.7837324211326492,score threshold,0.711,pareto auto mcdm,y_cri_high
13114,0.3278581964549114,0.8631996339789538,0.7164556962025317,0.7830116898388324,score threshold,0.712,pareto auto mcdm,y_cri_high
13071,0.3267831695792395,0.8633616402723586,0.714240506329114,0.7817533164767414,score threshold,0.713,pareto auto mcdm,y_cri_high
13070,0.3267581689542239,0.8633511859219587,0.7141772151898734,0.7817111188084517,score threshold,0.714,pareto auto mcdm,y_cri_high
13066,0.32665816645416135,0.86346242155212,0.7140506329113924,0.7816808702279499,score threshold,0.715,pareto auto mcdm,y_cri_high
13030,0.32575814395359887,0.8640061396776669,0.7125316455696202,0.7809920221990981,score threshold,0.716,pareto auto mcdm,y_cri_high
13022,0.32555813895347385,0.8640761787743818,0.7121518987341772,0.7807924502116439,score threshold,0.717,pareto auto mcdm,y_cri_high
13015,0.3253831345783645,0.8643104110641567,0.7119620253164557,0.7807739024813465,score threshold,0.718,pareto auto mcdm,y_cri_high
12663,0.3165829145728643,0.8699360341151386,0.6972151898734177,0.7740575483961635,score threshold,0.719,pareto auto mcdm,y_cri_high
12656,0.31640791019775494,0.8699431099873578,0.6968354430379747,0.7738262580826539,score threshold,0.72,pareto auto mcdm,y_cri_high
12652,0.31630790769769246,0.8699810306670882,0.6966455696202531,0.7737241670181358,score threshold,0.721,pareto auto mcdm,y_cri_high
12542,0.31355783894597367,0.8714718545686493,0.6917721518987342,0.7712934866981864,score threshold,0.722,pareto auto mcdm,y_cri_high
12541,0.313532838320958,0.8714616059325413,0.6917088607594937,0.7712501323171377,score threshold,0.723,pareto auto mcdm,y_cri_high
12524,0.3131078276956924,0.8719259022676461,0.6911392405063291,0.7710775314221155,score threshold,0.724,pareto auto mcdm,y_cri_high
12438,0.3109577739443486,0.872969930857051,0.6872151898734177,0.769034634180891,score threshold,0.725,pareto auto mcdm,y_cri_high
12438,0.3109577739443486,0.872969930857051,0.6872151898734177,0.769034634180891,score threshold,0.726,pareto auto mcdm,y_cri_high
12437,0.310932773319333,0.8729597169735467,0.6871518987341773,0.7689910401246591,score threshold,0.727,pareto auto mcdm,y_cri_high
12437,0.310932773319333,0.8729597169735467,0.6871518987341773,0.7689910401246591,score threshold,0.728,pareto auto mcdm,y_cri_high
12437,0.310932773319333,0.8729597169735467,0.6871518987341773,0.7689910401246591,score threshold,0.729,pareto auto mcdm,y_cri_high
12437,0.310932773319333,0.8729597169735467,0.6871518987341773,0.7689910401246591,score threshold,0.73,pareto auto mcdm,y_cri_high
12435,0.3108827720693017,0.8729392842782469,0.6870253164556962,0.768903842748362,score threshold,0.731,pareto auto mcdm,y_cri_high
12421,0.31053276331908297,0.8733596328798003,0.6865822784810126,0.7687891995322632,score threshold,0.732,pareto auto mcdm,y_cri_high
12419,0.31048276206905173,0.8734197600450923,0.6865189873417722,0.7687728126439632,score threshold,0.733,pareto auto mcdm,y_cri_high
12419,0.31048276206905173,0.8734197600450923,0.6865189873417722,0.7687728126439632,score threshold,0.734,pareto auto mcdm,y_cri_high
12419,0.31048276206905173,0.8734197600450923,0.6865189873417722,0.7687728126439632,score threshold,0.735,pareto auto mcdm,y_cri_high
12419,0.31048276206905173,0.8734197600450923,0.6865189873417722,0.7687728126439632,score threshold,0.736,pareto auto mcdm,y_cri_high
12419,0.31048276206905173,0.8734197600450923,0.6865189873417722,0.7687728126439632,score threshold,0.737,pareto auto mcdm,y_cri_high
12415,0.3103827595689892,0.8736206202174789,0.6864556962025317,0.7688109161793373,score threshold,0.738,pareto auto mcdm,y_cri_high
12413,0.31033275831895796,0.8736808184967373,0.6863924050632911,0.7687945273455499,score threshold,0.739,pareto auto mcdm,y_cri_high
12413,0.31033275831895796,0.8736808184967373,0.6863924050632911,0.7687945273455499,score threshold,0.74,pareto auto mcdm,y_cri_high
12412,0.31030775769394237,0.8736706413148566,0.6863291139240506,0.7687508861477386,score threshold,0.741,pareto auto mcdm,y_cri_high
12412,0.31030775769394237,0.8736706413148566,0.6863291139240506,0.7687508861477386,score threshold,0.742,pareto auto mcdm,y_cri_high
12410,0.31025775644391107,0.8736502820306205,0.6862025316455697,0.7686635944700461,score threshold,0.743,pareto auto mcdm,y_cri_high
12409,0.3102327558188955,0.873640099927472,0.6861392405063291,0.768619943989507,score threshold,0.744,pareto auto mcdm,y_cri_high
12373,0.30933273331833294,0.8742423017861473,0.684620253164557,0.7678983423845526,score threshold,0.745,pareto auto mcdm,y_cri_high
12369,0.30923273081827046,0.8742016331150457,0.684367088607595,0.7677233838616919,score threshold,0.746,pareto auto mcdm,y_cri_high
12368,0.3092077301932548,0.8741914618369987,0.6843037974683545,0.7676796364669128,score threshold,0.747,pareto auto mcdm,y_cri_high
12363,0.3090827270681767,0.8742214672814042,0.6840506329113925,0.7675318680538294,score threshold,0.748,pareto auto mcdm,y_cri_high
12363,0.3090827270681767,0.8742214672814042,0.6840506329113925,0.7675318680538294,score threshold,0.749,pareto auto mcdm,y_cri_high
12363,0.3090827270681767,0.8742214672814042,0.6840506329113925,0.7675318680538294,score threshold,0.75,pareto auto mcdm,y_cri_high
11919,0.29798244956123904,0.8788488967195235,0.6629746835443038,0.7557992712579819,score threshold,0.751,pareto auto mcdm,y_cri_high
11919,0.29798244956123904,0.8788488967195235,0.6629746835443038,0.7557992712579819,score threshold,0.752,pareto auto mcdm,y_cri_high
11919,0.29798244956123904,0.8788488967195235,0.6629746835443038,0.7557992712579819,score threshold,0.753,pareto auto mcdm,y_cri_high
11919,0.29798244956123904,0.8788488967195235,0.6629746835443038,0.7557992712579819,score threshold,0.754,pareto auto mcdm,y_cri_high
11918,0.2979574489362234,0.8789226380265145,0.6629746835443038,0.7558265387113068,score threshold,0.755,pareto auto mcdm,y_cri_high
11918,0.2979574489362234,0.8789226380265145,0.6629746835443038,0.7558265387113068,score threshold,0.756,pareto auto mcdm,y_cri_high
11890,0.29725743143578587,0.8792262405382675,0.6616455696202531,0.7550740339472733,score threshold,0.757,pareto auto mcdm,y_cri_high
11889,0.2972324308107703,0.8792160820926908,0.6615822784810127,0.7550290729170429,score threshold,0.758,pareto auto mcdm,y_cri_high
11882,0.2970574264356609,0.8791449250967851,0.6611392405063291,0.7547142547503793,score threshold,0.759,pareto auto mcdm,y_cri_high
11823,0.295582389559739,0.879725957878711,0.6582911392405063,0.7530680954277232,score threshold,0.76,pareto auto mcdm,y_cri_high
11816,0.2954073851846296,0.8798239675016927,0.6579746835443038,0.7528968713789108,score threshold,0.761,pareto auto mcdm,y_cri_high
11816,0.2954073851846296,0.8798239675016927,0.6579746835443038,0.7528968713789108,score threshold,0.762,pareto auto mcdm,y_cri_high
11816,0.2954073851846296,0.8798239675016927,0.6579746835443038,0.7528968713789108,score threshold,0.763,pareto auto mcdm,y_cri_high
11553,0.2888322208055201,0.8828010040682074,0.645506329113924,0.7457317296091837,score threshold,0.764,pareto auto mcdm,y_cri_high
11553,0.2888322208055201,0.8828010040682074,0.645506329113924,0.7457317296091837,score threshold,0.765,pareto auto mcdm,y_cri_high
11553,0.2888322208055201,0.8828010040682074,0.645506329113924,0.7457317296091837,score threshold,0.766,pareto auto mcdm,y_cri_high
11553,0.2888322208055201,0.8828010040682074,0.645506329113924,0.7457317296091837,score threshold,0.767,pareto auto mcdm,y_cri_high
11553,0.2888322208055201,0.8828010040682074,0.645506329113924,0.7457317296091837,score threshold,0.768,pareto auto mcdm,y_cri_high
11553,0.2888322208055201,0.8828010040682074,0.645506329113924,0.7457317296091837,score threshold,0.769,pareto auto mcdm,y_cri_high
11553,0.2888322208055201,0.8828010040682074,0.645506329113924,0.7457317296091837,score threshold,0.77,pareto auto mcdm,y_cri_high
11551,0.2887822195554889,0.882780711626699,0.6453797468354431,0.7456400131622244,score threshold,0.771,pareto auto mcdm,y_cri_high
11549,0.28873221830545764,0.8827604121568967,0.645253164556962,0.7455482833010347,score threshold,0.772,pareto auto mcdm,y_cri_high
11547,0.2886822170554264,0.8828267082359055,0.6451898734177215,0.7455296741872965,score threshold,0.773,pareto auto mcdm,y_cri_high
11441,0.2860321508037701,0.8841010401188707,0.6401898734177215,0.7426305935905436,score threshold,0.774,pareto auto mcdm,y_cri_high
11435,0.2858821470536763,0.8843025797988632,0.64,0.742573893886543,score threshold,0.775,pareto auto mcdm,y_cri_high
11429,0.2857321433035826,0.8843293376498381,0.6396835443037975,0.7423702669947483,score threshold,0.776,pareto auto mcdm,y_cri_high
11427,0.28568214205355136,0.8843090925002188,0.6395569620253164,0.7422778859220627,score threshold,0.777,pareto auto mcdm,y_cri_high
10168,0.25420635515887896,0.9013571990558615,0.5800632911392405,0.7058687615526802,score threshold,0.778,pareto auto mcdm,y_cri_high
10168,0.25420635515887896,0.9013571990558615,0.5800632911392405,0.7058687615526802,score threshold,0.779,pareto auto mcdm,y_cri_high
10164,0.2541063526588165,0.9013183785911059,0.5798101265822785,0.7056693883839162,score threshold,0.78,pareto auto mcdm,y_cri_high
10164,0.2541063526588165,0.9013183785911059,0.5798101265822785,0.7056693883839162,score threshold,0.781,pareto auto mcdm,y_cri_high
10164,0.2541063526588165,0.9013183785911059,0.5798101265822785,0.7056693883839162,score threshold,0.782,pareto auto mcdm,y_cri_high
10164,0.2541063526588165,0.9013183785911059,0.5798101265822785,0.7056693883839162,score threshold,0.783,pareto auto mcdm,y_cri_high
10164,0.2541063526588165,0.9013183785911059,0.5798101265822785,0.7056693883839162,score threshold,0.784,pareto auto mcdm,y_cri_high
10146,0.2536563414085352,0.9015375517445299,0.5789240506329114,0.7050797810837894,score threshold,0.785,pareto auto mcdm,y_cri_high
9915,0.24788119702992575,0.9040847201210287,0.5673417721518987,0.6971806338712814,score threshold,0.786,pareto auto mcdm,y_cri_high
9908,0.24770619265481636,0.9041178845377473,0.5669620253164557,0.6969036875680722,score threshold,0.787,pareto auto mcdm,y_cri_high
9905,0.2476311907797695,0.9042907622412922,0.5668987341772151,0.6969072164948453,score threshold,0.788,pareto auto mcdm,y_cri_high
9902,0.2475561889047226,0.9043627549989901,0.5667721518987342,0.6968329312893938,score threshold,0.789,pareto auto mcdm,y_cri_high
9901,0.247531188279707,0.9043530956469044,0.5667088607594937,0.6967822263725146,score threshold,0.79,pareto auto mcdm,y_cri_high
9888,0.24720618015450385,0.9043284789644013,0.5659493670886075,0.6962005605730303,score threshold,0.791,pareto auto mcdm,y_cri_high
8945,0.22363059076476913,0.9180547792062604,0.519746835443038,0.6637300464740351,score threshold,0.792,pareto auto mcdm,y_cri_high
8945,0.22363059076476913,0.9180547792062604,0.519746835443038,0.6637300464740351,score threshold,0.793,pareto auto mcdm,y_cri_high
8945,0.22363059076476913,0.9180547792062604,0.519746835443038,0.6637300464740351,score threshold,0.794,pareto auto mcdm,y_cri_high
8945,0.22363059076476913,0.9180547792062604,0.519746835443038,0.6637300464740351,score threshold,0.795,pareto auto mcdm,y_cri_high
8899,0.22248056201405036,0.9178559388695359,0.5169620253164557,0.661403295679987,score threshold,0.796,pareto auto mcdm,y_cri_high
8899,0.22248056201405036,0.9178559388695359,0.5169620253164557,0.661403295679987,score threshold,0.797,pareto auto mcdm,y_cri_high
8894,0.22235555888897224,0.9179221947380256,0.5167088607594936,0.6612132501822305,score threshold,0.798,pareto auto mcdm,y_cri_high
8893,0.2223305582639566,0.9179129652535702,0.5166455696202532,0.6611590329243106,score threshold,0.799,pareto auto mcdm,y_cri_high
8892,0.22230555763894097,0.9179037336932073,0.5165822784810127,0.6611048112749068,score threshold,0.8,pareto auto mcdm,y_cri_high
8891,0.22228055701392535,0.9178945000562366,0.5165189873417722,0.6610505852334859,score threshold,0.801,pareto auto mcdm,y_cri_high
8889,0.2222305557638941,0.9178760265496682,0.5163924050632911,0.6609421199724573,score threshold,0.802,pareto auto mcdm,y_cri_high
7787,0.19467986699667492,0.9368177732117632,0.4617088607594937,0.6185610717768262,score threshold,0.803,pareto auto mcdm,y_cri_high
7787,0.19467986699667492,0.9368177732117632,0.4617088607594937,0.6185610717768262,score threshold,0.804,pareto auto mcdm,y_cri_high
7787,0.19467986699667492,0.9368177732117632,0.4617088607594937,0.6185610717768262,score threshold,0.805,pareto auto mcdm,y_cri_high
7787,0.19467986699667492,0.9368177732117632,0.4617088607594937,0.6185610717768262,score threshold,0.806,pareto auto mcdm,y_cri_high
7787,0.19467986699667492,0.9368177732117632,0.4617088607594937,0.6185610717768262,score threshold,0.807,pareto auto mcdm,y_cri_high
7787,0.19467986699667492,0.9368177732117632,0.4617088607594937,0.6185610717768262,score threshold,0.808,pareto auto mcdm,y_cri_high
7787,0.19467986699667492,0.9368177732117632,0.4617088607594937,0.6185610717768262,score threshold,0.809,pareto auto mcdm,y_cri_high
7787,0.19467986699667492,0.9368177732117632,0.4617088607594937,0.6185610717768262,score threshold,0.81,pareto auto mcdm,y_cri_high
7787,0.19467986699667492,0.9368177732117632,0.4617088607594937,0.6185610717768262,score threshold,0.811,pareto auto mcdm,y_cri_high
7787,0.19467986699667492,0.9368177732117632,0.4617088607594937,0.6185610717768262,score threshold,0.812,pareto auto mcdm,y_cri_high
7787,0.19467986699667492,0.9368177732117632,0.4617088607594937,0.6185610717768262,score threshold,0.8130000000000001,pareto auto mcdm,y_cri_high
7787,0.19467986699667492,0.9368177732117632,0.4617088607594937,0.6185610717768262,score threshold,0.8140000000000001,pareto auto mcdm,y_cri_high
7787,0.19467986699667492,0.9368177732117632,0.4617088607594937,0.6185610717768262,score threshold,0.8150000000000001,pareto auto mcdm,y_cri_high
7787,0.19467986699667492,0.9368177732117632,0.4617088607594937,0.6185610717768262,score threshold,0.8160000000000001,pareto auto mcdm,y_cri_high
7787,0.19467986699667492,0.9368177732117632,0.4617088607594937,0.6185610717768262,score threshold,0.8170000000000001,pareto auto mcdm,y_cri_high
7787,0.19467986699667492,0.9368177732117632,0.4617088607594937,0.6185610717768262,score threshold,0.8180000000000001,pareto auto mcdm,y_cri_high
7787,0.19467986699667492,0.9368177732117632,0.4617088607594937,0.6185610717768262,score threshold,0.8190000000000001,pareto auto mcdm,y_cri_high
7787,0.19467986699667492,0.9368177732117632,0.4617088607594937,0.6185610717768262,score threshold,0.8200000000000001,pareto auto mcdm,y_cri_high
7787,0.19467986699667492,0.9368177732117632,0.4617088607594937,0.6185610717768262,score threshold,0.8210000000000001,pareto auto mcdm,y_cri_high
7693,0.19232980824520612,0.9378655920967113,0.45664556962025316,0.6142255139828885,score threshold,0.8220000000000001,pareto auto mcdm,y_cri_high
7691,0.19227980699517488,0.9378494344038486,0.45651898734177215,0.6141075305436124,score threshold,0.8230000000000001,pareto auto mcdm,y_cri_high
7691,0.19227980699517488,0.9378494344038486,0.45651898734177215,0.6141075305436124,score threshold,0.8240000000000001,pareto auto mcdm,y_cri_high
7691,0.19227980699517488,0.9378494344038486,0.45651898734177215,0.6141075305436124,score threshold,0.8250000000000001,pareto auto mcdm,y_cri_high
7661,0.19152978824470612,0.9377365879128051,0.4546835443037975,0.6124206129321,score threshold,0.8260000000000001,pareto auto mcdm,y_cri_high
7661,0.19152978824470612,0.9377365879128051,0.4546835443037975,0.6124206129321,score threshold,0.8270000000000001,pareto auto mcdm,y_cri_high
7656,0.191404785119628,0.9376959247648903,0.45436708860759495,0.61212482946794,score threshold,0.8280000000000001,pareto auto mcdm,y_cri_high
7656,0.191404785119628,0.9376959247648903,0.45436708860759495,0.61212482946794,score threshold,0.8290000000000001,pareto auto mcdm,y_cri_high
7656,0.191404785119628,0.9376959247648903,0.45436708860759495,0.61212482946794,score threshold,0.8300000000000001,pareto auto mcdm,y_cri_high
7651,0.19127978199454987,0.9376552084694811,0.4540506329113924,0.611828919875485,score threshold,0.8310000000000001,pareto auto mcdm,y_cri_high
7651,0.19127978199454987,0.9376552084694811,0.4540506329113924,0.611828919875485,score threshold,0.8320000000000001,pareto auto mcdm,y_cri_high
7647,0.19117977949448736,0.937884137570289,0.4539240506329114,0.6117626988527317,score threshold,0.8330000000000001,pareto auto mcdm,y_cri_high
7469,0.18672966824170603,0.9404204043379301,0.44455696202531647,0.6037216898018823,score threshold,0.834,pareto auto mcdm,y_cri_high
7462,0.18655466386659667,0.9407665505226481,0.4443037974683544,0.6035594531854527,score threshold,0.835,pareto auto mcdm,y_cri_high
7459,0.18647966199154978,0.9408767931358091,0.4441772151898734,0.6034653252504407,score threshold,0.836,pareto auto mcdm,y_cri_high
7094,0.1773544338608465,0.9477022836199606,0.42550632911392405,0.587315453830698,score threshold,0.837,pareto auto mcdm,y_cri_high
7094,0.1773544338608465,0.9477022836199606,0.42550632911392405,0.587315453830698,score threshold,0.838,pareto auto mcdm,y_cri_high
7094,0.1773544338608465,0.9477022836199606,0.42550632911392405,0.587315453830698,score threshold,0.839,pareto auto mcdm,y_cri_high
7094,0.1773544338608465,0.9477022836199606,0.42550632911392405,0.587315453830698,score threshold,0.84,pareto auto mcdm,y_cri_high
7093,0.1773294332358309,0.9476949104751163,0.4254430379746835,0.5872537456864544,score threshold,0.841,pareto auto mcdm,y_cri_high
7087,0.17717942948573714,0.9477917313390716,0.425126582278481,0.5869707694324289,score threshold,0.842,pareto auto mcdm,y_cri_high
7076,0.17690442261056527,0.9479932165065008,0.42455696202531645,0.5864661654135338,score threshold,0.843,pareto auto mcdm,y_cri_high
7073,0.17682942073551838,0.9479711579245016,0.4243670886075949,0.586280767717396,score threshold,0.844,pareto auto mcdm,y_cri_high
7072,0.17680442011050276,0.9479638009049773,0.42430379746835445,0.5862189576775096,score threshold,0.845,pareto auto mcdm,y_cri_high
7072,0.17680442011050276,0.9479638009049773,0.42430379746835445,0.5862189576775096,score threshold,0.846,pareto auto mcdm,y_cri_high
7070,0.17675441886047152,0.947949080622348,0.4241772151898734,0.5860953213817228,score threshold,0.847,pareto auto mcdm,y_cri_high
6712,0.16780419510487762,0.9558998808104887,0.40607594936708863,0.5700071073205402,score threshold,0.848,pareto auto mcdm,y_cri_high
6508,0.16270406760169004,0.9608174554394592,0.3957594936708861,0.5606060606060606,score threshold,0.849,pareto auto mcdm,y_cri_high
6508,0.16270406760169004,0.9608174554394592,0.3957594936708861,0.5606060606060606,score threshold,0.85,pareto auto mcdm,y_cri_high
6508,0.16270406760169004,0.9608174554394592,0.3957594936708861,0.5606060606060606,score threshold,0.851,pareto auto mcdm,y_cri_high
6508,0.16270406760169004,0.9608174554394592,0.3957594936708861,0.5606060606060606,score threshold,0.852,pareto auto mcdm,y_cri_high
6508,0.16270406760169004,0.9608174554394592,0.3957594936708861,0.5606060606060606,score threshold,0.853,pareto auto mcdm,y_cri_high
6508,0.16270406760169004,0.9608174554394592,0.3957594936708861,0.5606060606060606,score threshold,0.854,pareto auto mcdm,y_cri_high
6496,0.16240406010150255,0.9610529556650246,0.395126582278481,0.560010764262648,score threshold,0.855,pareto auto mcdm,y_cri_high
6496,0.16240406010150255,0.9610529556650246,0.395126582278481,0.560010764262648,score threshold,0.856,pareto auto mcdm,y_cri_high
6496,0.16240406010150255,0.9610529556650246,0.395126582278481,0.560010764262648,score threshold,0.857,pareto auto mcdm,y_cri_high
6495,0.16237905947648693,0.9610469591993841,0.3950632911392405,0.5599461762727069,score threshold,0.858,pareto auto mcdm,y_cri_high
6495,0.16237905947648693,0.9610469591993841,0.3950632911392405,0.5599461762727069,score threshold,0.859,pareto auto mcdm,y_cri_high
6495,0.16237905947648693,0.9610469591993841,0.3950632911392405,0.5599461762727069,score threshold,0.86,pareto auto mcdm,y_cri_high
6492,0.16230405760144004,0.9610289587184226,0.39487341772151896,0.5597523775345415,score threshold,0.861,pareto auto mcdm,y_cri_high
6452,0.16130403260081502,0.9617172969621822,0.39272151898734176,0.5577026784109294,score threshold,0.862,pareto auto mcdm,y_cri_high
6452,0.16130403260081502,0.9617172969621822,0.39272151898734176,0.5577026784109294,score threshold,0.863,pareto auto mcdm,y_cri_high
6452,0.16130403260081502,0.9617172969621822,0.39272151898734176,0.5577026784109294,score threshold,0.864,pareto auto mcdm,y_cri_high
6452,0.16130403260081502,0.9617172969621822,0.39272151898734176,0.5577026784109294,score threshold,0.865,pareto auto mcdm,y_cri_high
6452,0.16130403260081502,0.9617172969621822,0.39272151898734176,0.5577026784109294,score threshold,0.866,pareto auto mcdm,y_cri_high
6452,0.16130403260081502,0.9617172969621822,0.39272151898734176,0.5577026784109294,score threshold,0.867,pareto auto mcdm,y_cri_high
6452,0.16130403260081502,0.9617172969621822,0.39272151898734176,0.5577026784109294,score threshold,0.868,pareto auto mcdm,y_cri_high
6452,0.16130403260081502,0.9617172969621822,0.39272151898734176,0.5577026784109294,score threshold,0.869,pareto auto mcdm,y_cri_high
6452,0.16130403260081502,0.9617172969621822,0.39272151898734176,0.5577026784109294,score threshold,0.87,pareto auto mcdm,y_cri_high
6452,0.16130403260081502,0.9617172969621822,0.39272151898734176,0.5577026784109294,score threshold,0.871,pareto auto mcdm,y_cri_high
6452,0.16130403260081502,0.9617172969621822,0.39272151898734176,0.5577026784109294,score threshold,0.872,pareto auto mcdm,y_cri_high
6452,0.16130403260081502,0.9617172969621822,0.39272151898734176,0.5577026784109294,score threshold,0.873,pareto auto mcdm,y_cri_high
6452,0.16130403260081502,0.9617172969621822,0.39272151898734176,0.5577026784109294,score threshold,0.874,pareto auto mcdm,y_cri_high
6452,0.16130403260081502,0.9617172969621822,0.39272151898734176,0.5577026784109294,score threshold,0.875,pareto auto mcdm,y_cri_high
6452,0.16130403260081502,0.9617172969621822,0.39272151898734176,0.5577026784109294,score threshold,0.876,pareto auto mcdm,y_cri_high
6452,0.16130403260081502,0.9617172969621822,0.39272151898734176,0.5577026784109294,score threshold,0.877,pareto auto mcdm,y_cri_high
6452,0.16130403260081502,0.9617172969621822,0.39272151898734176,0.5577026784109294,score threshold,0.878,pareto auto mcdm,y_cri_high
6452,0.16130403260081502,0.9617172969621822,0.39272151898734176,0.5577026784109294,score threshold,0.879,pareto auto mcdm,y_cri_high
6452,0.16130403260081502,0.9617172969621822,0.39272151898734176,0.5577026784109294,score threshold,0.88,pareto auto mcdm,y_cri_high
6452,0.16130403260081502,0.9617172969621822,0.39272151898734176,0.5577026784109294,score threshold,0.881,pareto auto mcdm,y_cri_high
6279,0.15697892447311182,0.9643255295429208,0.3832278481012658,0.5484849857330495,score threshold,0.882,pareto auto mcdm,y_cri_high
6273,0.15682892072301807,0.964450820978798,0.3829113924050633,0.5481810356544194,score threshold,0.883,pareto auto mcdm,y_cri_high
6273,0.15682892072301807,0.964450820978798,0.3829113924050633,0.5481810356544194,score threshold,0.884,pareto auto mcdm,y_cri_high
6272,0.15680392009800245,0.9644451530612245,0.3828481012658228,0.5481152591518667,score threshold,0.885,pareto auto mcdm,y_cri_high
6271,0.15677891947298683,0.9645989475362781,0.3828481012658228,0.5481400933351457,score threshold,0.886,pareto auto mcdm,y_cri_high
6264,0.15660391509787744,0.9647190293742018,0.38246835443037974,0.5477701232777374,score threshold,0.887,pareto auto mcdm,y_cri_high
6263,0.15657891447286182,0.964713396136037,0.3824050632911392,0.5477043013189503,score threshold,0.888,pareto auto mcdm,y_cri_high
6263,0.15657891447286182,0.964713396136037,0.3824050632911392,0.5477043013189503,score threshold,0.889,pareto auto mcdm,y_cri_high
6262,0.1565539138478462,0.9647077610986905,0.38234177215189874,0.5476384733931647,score threshold,0.89,pareto auto mcdm,y_cri_high
6262,0.1565539138478462,0.9647077610986905,0.38234177215189874,0.5476384733931647,score threshold,0.891,pareto auto mcdm,y_cri_high
6262,0.1565539138478462,0.9647077610986905,0.38234177215189874,0.5476384733931647,score threshold,0.892,pareto auto mcdm,y_cri_high
6257,0.15642891072276807,0.9646795588940387,0.3820253164556962,0.5473092442308564,score threshold,0.893,pareto auto mcdm,y_cri_high
5774,0.144353608840221,0.971250432975407,0.3549367088607595,0.5198850468156114,score threshold,0.894,pareto auto mcdm,y_cri_high
5774,0.144353608840221,0.971250432975407,0.3549367088607595,0.5198850468156114,score threshold,0.895,pareto auto mcdm,y_cri_high
5693,0.14232855821395535,0.9720709643421745,0.35025316455696204,0.5149583585353371,score threshold,0.896,pareto auto mcdm,y_cri_high
5688,0.14220355508887722,0.9720464135021097,0.3499367088607595,0.5146128071481757,score threshold,0.897,pareto auto mcdm,y_cri_high
5686,0.14215355383884598,0.9722124516355962,0.349873417721519,0.5145676254305129,score threshold,0.898,pareto auto mcdm,y_cri_high
5685,0.14212855321383033,0.972207563764292,0.3498101265822785,0.5144984873167326,score threshold,0.899,pareto auto mcdm,y_cri_high
5682,0.14205355133878347,0.9723688841957058,0.34968354430379744,0.5143841355553487,score threshold,0.9,pareto auto mcdm,y_cri_high
5674,0.14185354633865846,0.9726824109975326,0.34930379746835444,0.5140169507311168,score threshold,0.901,pareto auto mcdm,y_cri_high
5674,0.14185354633865846,0.9726824109975326,0.34930379746835444,0.5140169507311168,score threshold,0.902,pareto auto mcdm,y_cri_high
5673,0.14182854571364284,0.9726775956284153,0.3492405063291139,0.5139477483351185,score threshold,0.903,pareto auto mcdm,y_cri_high
5673,0.14182854571364284,0.9726775956284153,0.3492405063291139,0.5139477483351185,score threshold,0.904,pareto auto mcdm,y_cri_high
5673,0.14182854571364284,0.9726775956284153,0.3492405063291139,0.5139477483351185,score threshold,0.905,pareto auto mcdm,y_cri_high
5671,0.1417785444636116,0.9726679597954505,0.3491139240506329,0.5138093242047412,score threshold,0.906,pareto auto mcdm,y_cri_high
5155,0.12887822195554888,0.9807953443258972,0.32,0.4825578620854211,score threshold,0.907,pareto auto mcdm,y_cri_high
5155,0.12887822195554888,0.9807953443258972,0.32,0.4825578620854211,score threshold,0.908,pareto auto mcdm,y_cri_high
5155,0.12887822195554888,0.9807953443258972,0.32,0.4825578620854211,score threshold,0.909,pareto auto mcdm,y_cri_high
5155,0.12887822195554888,0.9807953443258972,0.32,0.4825578620854211,score threshold,0.91,pareto auto mcdm,y_cri_high
5155,0.12887822195554888,0.9807953443258972,0.32,0.4825578620854211,score threshold,0.911,pareto auto mcdm,y_cri_high
5155,0.12887822195554888,0.9807953443258972,0.32,0.4825578620854211,score threshold,0.912,pareto auto mcdm,y_cri_high
5155,0.12887822195554888,0.9807953443258972,0.32,0.4825578620854211,score threshold,0.913,pareto auto mcdm,y_cri_high
5155,0.12887822195554888,0.9807953443258972,0.32,0.4825578620854211,score threshold,0.914,pareto auto mcdm,y_cri_high
5155,0.12887822195554888,0.9807953443258972,0.32,0.4825578620854211,score threshold,0.915,pareto auto mcdm,y_cri_high
5155,0.12887822195554888,0.9807953443258972,0.32,0.4825578620854211,score threshold,0.916,pareto auto mcdm,y_cri_high
5130,0.12825320633015824,0.9812865497076023,0.31860759493670887,0.4810320114667941,score threshold,0.917,pareto auto mcdm,y_cri_high
5130,0.12825320633015824,0.9812865497076023,0.31860759493670887,0.4810320114667941,score threshold,0.918,pareto auto mcdm,y_cri_high
5127,0.12817820445511138,0.981275599765945,0.31841772151898734,0.4808142590911263,score threshold,0.919,pareto auto mcdm,y_cri_high
5113,0.12782819570489262,0.9814199100332486,0.31759493670886074,0.47989288959020704,score threshold,0.92,pareto auto mcdm,y_cri_high
5113,0.12782819570489262,0.9814199100332486,0.31759493670886074,0.47989288959020704,score threshold,0.921,pareto auto mcdm,y_cri_high
5112,0.127803195079877,0.9814162754303599,0.31753164556962027,0.4798201989288447,score threshold,0.922,pareto auto mcdm,y_cri_high
5112,0.127803195079877,0.9814162754303599,0.31753164556962027,0.4798201989288447,score threshold,0.923,pareto auto mcdm,y_cri_high
5112,0.127803195079877,0.9814162754303599,0.31753164556962027,0.4798201989288447,score threshold,0.924,pareto auto mcdm,y_cri_high
5112,0.127803195079877,0.9814162754303599,0.31753164556962027,0.4798201989288447,score threshold,0.925,pareto auto mcdm,y_cri_high
5112,0.127803195079877,0.9814162754303599,0.31753164556962027,0.4798201989288447,score threshold,0.926,pareto auto mcdm,y_cri_high
4833,0.12082802070051751,0.9848955100351748,0.3012658227848101,0.46139679154752095,score threshold,0.927,pareto auto mcdm,y_cri_high
4833,0.12082802070051751,0.9848955100351748,0.3012658227848101,0.46139679154752095,score threshold,0.928,pareto auto mcdm,y_cri_high
4833,0.12082802070051751,0.9848955100351748,0.3012658227848101,0.46139679154752095,score threshold,0.929,pareto auto mcdm,y_cri_high
4833,0.12082802070051751,0.9848955100351748,0.3012658227848101,0.46139679154752095,score threshold,0.93,pareto auto mcdm,y_cri_high
4833,0.12082802070051751,0.9848955100351748,0.3012658227848101,0.46139679154752095,score threshold,0.931,pareto auto mcdm,y_cri_high
4833,0.12082802070051751,0.9848955100351748,0.3012658227848101,0.46139679154752095,score threshold,0.932,pareto auto mcdm,y_cri_high
4833,0.12082802070051751,0.9848955100351748,0.3012658227848101,0.46139679154752095,score threshold,0.933,pareto auto mcdm,y_cri_high
4833,0.12082802070051751,0.9848955100351748,0.3012658227848101,0.46139679154752095,score threshold,0.934,pareto auto mcdm,y_cri_high
4833,0.12082802070051751,0.9848955100351748,0.3012658227848101,0.46139679154752095,score threshold,0.935,pareto auto mcdm,y_cri_high
4833,0.12082802070051751,0.9848955100351748,0.3012658227848101,0.46139679154752095,score threshold,0.936,pareto auto mcdm,y_cri_high
4832,0.1208030200755019,0.9848923841059603,0.3012025316455696,0.46132221791392014,score threshold,0.937,pareto auto mcdm,y_cri_high
4832,0.1208030200755019,0.9848923841059603,0.3012025316455696,0.46132221791392014,score threshold,0.9380000000000001,pareto auto mcdm,y_cri_high
4832,0.1208030200755019,0.9848923841059603,0.3012025316455696,0.46132221791392014,score threshold,0.9390000000000001,pareto auto mcdm,y_cri_high
4832,0.1208030200755019,0.9848923841059603,0.3012025316455696,0.46132221791392014,score threshold,0.9400000000000001,pareto auto mcdm,y_cri_high
4832,0.1208030200755019,0.9848923841059603,0.3012025316455696,0.46132221791392014,score threshold,0.9410000000000001,pareto auto mcdm,y_cri_high
4795,0.11987799694992375,0.9849843587069864,0.2989240506329114,0.45865501335275555,score threshold,0.9420000000000001,pareto auto mcdm,y_cri_high
4792,0.11980299507487688,0.9849749582637729,0.29873417721518986,0.45843045843045843,score threshold,0.9430000000000001,pareto auto mcdm,y_cri_high
4780,0.11950298757468937,0.9853556485355649,0.2981012658227848,0.4577259475218659,score threshold,0.9440000000000001,pareto auto mcdm,y_cri_high
4779,0.11947798694967374,0.9853525842226407,0.2980379746835443,0.45765100345011905,score threshold,0.9450000000000001,pareto auto mcdm,y_cri_high
4779,0.11947798694967374,0.9853525842226407,0.2980379746835443,0.45765100345011905,score threshold,0.9460000000000001,pareto auto mcdm,y_cri_high
4779,0.11947798694967374,0.9853525842226407,0.2980379746835443,0.45765100345011905,score threshold,0.9470000000000001,pareto auto mcdm,y_cri_high
4779,0.11947798694967374,0.9853525842226407,0.2980379746835443,0.45765100345011905,score threshold,0.9480000000000001,pareto auto mcdm,y_cri_high
4777,0.1194279856996425,0.985346451747959,0.2979113924050633,0.45750109345385626,score threshold,0.9490000000000001,pareto auto mcdm,y_cri_high
4776,0.11940298507462686,0.9853433835845896,0.2978481012658228,0.4574261275272162,score threshold,0.9500000000000001,pareto auto mcdm,y_cri_high
3945,0.09862746568664217,0.9964512040557668,0.24879746835443037,0.39817675360850846,score threshold,0.9510000000000001,pareto auto mcdm,y_cri_high
3945,0.09862746568664217,0.9964512040557668,0.24879746835443037,0.39817675360850846,score threshold,0.9520000000000001,pareto auto mcdm,y_cri_high
3945,0.09862746568664217,0.9964512040557668,0.24879746835443037,0.39817675360850846,score threshold,0.9530000000000001,pareto auto mcdm,y_cri_high
3945,0.09862746568664217,0.9964512040557668,0.24879746835443037,0.39817675360850846,score threshold,0.9540000000000001,pareto auto mcdm,y_cri_high
3945,0.09862746568664217,0.9964512040557668,0.24879746835443037,0.39817675360850846,score threshold,0.9550000000000001,pareto auto mcdm,y_cri_high
3945,0.09862746568664217,0.9964512040557668,0.24879746835443037,0.39817675360850846,score threshold,0.9560000000000001,pareto auto mcdm,y_cri_high
3945,0.09862746568664217,0.9964512040557668,0.24879746835443037,0.39817675360850846,score threshold,0.9570000000000001,pareto auto mcdm,y_cri_high
3945,0.09862746568664217,0.9964512040557668,0.24879746835443037,0.39817675360850846,score threshold,0.9580000000000001,pareto auto mcdm,y_cri_high
3945,0.09862746568664217,0.9964512040557668,0.24879746835443037,0.39817675360850846,score threshold,0.9590000000000001,pareto auto mcdm,y_cri_high
3945,0.09862746568664217,0.9964512040557668,0.24879746835443037,0.39817675360850846,score threshold,0.9600000000000001,pareto auto mcdm,y_cri_high
3945,0.09862746568664217,0.9964512040557668,0.24879746835443037,0.39817675360850846,score threshold,0.961,pareto auto mcdm,y_cri_high
3944,0.09860246506162654,0.9964503042596349,0.24873417721518987,0.398095623987034,score threshold,0.962,pareto auto mcdm,y_cri_high
3944,0.09860246506162654,0.9964503042596349,0.24873417721518987,0.398095623987034,score threshold,0.963,pareto auto mcdm,y_cri_high
3944,0.09860246506162654,0.9964503042596349,0.24873417721518987,0.398095623987034,score threshold,0.964,pareto auto mcdm,y_cri_high
3944,0.09860246506162654,0.9964503042596349,0.24873417721518987,0.398095623987034,score threshold,0.965,pareto auto mcdm,y_cri_high
3944,0.09860246506162654,0.9964503042596349,0.24873417721518987,0.398095623987034,score threshold,0.966,pareto auto mcdm,y_cri_high
3944,0.09860246506162654,0.9964503042596349,0.24873417721518987,0.398095623987034,score threshold,0.967,pareto auto mcdm,y_cri_high
3944,0.09860246506162654,0.9964503042596349,0.24873417721518987,0.398095623987034,score threshold,0.968,pareto auto mcdm,y_cri_high
3944,0.09860246506162654,0.9964503042596349,0.24873417721518987,0.398095623987034,score threshold,0.969,pareto auto mcdm,y_cri_high
3944,0.09860246506162654,0.9964503042596349,0.24873417721518987,0.398095623987034,score threshold,0.97,pareto auto mcdm,y_cri_high
3941,0.09852746318657966,0.9964476021314387,0.24854430379746836,0.39785218580619014,score threshold,0.971,pareto auto mcdm,y_cri_high
3916,0.09790244756118903,0.9964249233912156,0.2469620253164557,0.39582065327652666,score threshold,0.972,pareto auto mcdm,y_cri_high
3916,0.09790244756118903,0.9964249233912156,0.2469620253164557,0.39582065327652666,score threshold,0.973,pareto auto mcdm,y_cri_high
3916,0.09790244756118903,0.9964249233912156,0.2469620253164557,0.39582065327652666,score threshold,0.974,pareto auto mcdm,y_cri_high
3916,0.09790244756118903,0.9964249233912156,0.2469620253164557,0.39582065327652666,score threshold,0.975,pareto auto mcdm,y_cri_high
3916,0.09790244756118903,0.9964249233912156,0.2469620253164557,0.39582065327652666,score threshold,0.976,pareto auto mcdm,y_cri_high
3916,0.09790244756118903,0.9964249233912156,0.2469620253164557,0.39582065327652666,score threshold,0.977,pareto auto mcdm,y_cri_high
3916,0.09790244756118903,0.9964249233912156,0.2469620253164557,0.39582065327652666,score threshold,0.978,pareto auto mcdm,y_cri_high
3861,0.09652741318532963,0.9963739963739964,0.24348101265822786,0.3913330959768069,score threshold,0.979,pareto auto mcdm,y_cri_high
3852,0.096302407560189,0.9963655244029076,0.2429113924050633,0.3905963769590881,score threshold,0.98,pareto auto mcdm,y_cri_high
3830,0.09575239380984525,0.9963446475195823,0.24151898734177216,0.38879266428935305,score threshold,0.981,pareto auto mcdm,y_cri_high
3828,0.095702392559814,0.9963427377220481,0.24139240506329113,0.3886284899123701,score threshold,0.982,pareto auto mcdm,y_cri_high
3828,0.095702392559814,0.9963427377220481,0.24139240506329113,0.3886284899123701,score threshold,0.983,pareto auto mcdm,y_cri_high
3828,0.095702392559814,0.9963427377220481,0.24139240506329113,0.3886284899123701,score threshold,0.984,pareto auto mcdm,y_cri_high
3828,0.095702392559814,0.9963427377220481,0.24139240506329113,0.3886284899123701,score threshold,0.985,pareto auto mcdm,y_cri_high
3814,0.09535238380959524,0.9963293130571579,0.24050632911392406,0.3874783318038136,score threshold,0.986,pareto auto mcdm,y_cri_high
3814,0.09535238380959524,0.9963293130571579,0.24050632911392406,0.3874783318038136,score threshold,0.987,pareto auto mcdm,y_cri_high
3701,0.09252731318282957,0.9967576330721427,0.23348101265822785,0.3783395723296241,score threshold,0.988,pareto auto mcdm,y_cri_high
3701,0.09252731318282957,0.9967576330721427,0.23348101265822785,0.3783395723296241,score threshold,0.989,pareto auto mcdm,y_cri_high
3701,0.09252731318282957,0.9967576330721427,0.23348101265822785,0.3783395723296241,score threshold,0.99,pareto auto mcdm,y_cri_high
3701,0.09252731318282957,0.9967576330721427,0.23348101265822785,0.3783395723296241,score threshold,0.991,pareto auto mcdm,y_cri_high
3645,0.09112727818195455,0.9967078189300411,0.22993670886075948,0.3736693237336076,score threshold,0.992,pareto auto mcdm,y_cri_high
3391,0.0847771194279857,0.9976408139191979,0.2141139240506329,0.3525610963472461,score threshold,0.993,pareto auto mcdm,y_cri_high
3298,0.08245206130153254,0.9975742874469375,0.20822784810126582,0.34453869515132474,score threshold,0.994,pareto auto mcdm,y_cri_high
3292,0.08230205755143878,0.9975698663426489,0.2078481012658228,0.3440184370416929,score threshold,0.995,pareto auto mcdm,y_cri_high
3292,0.08230205755143878,0.9975698663426489,0.2078481012658228,0.3440184370416929,score threshold,0.996,pareto auto mcdm,y_cri_high
3291,0.08227705692642316,0.9975691279246429,0.2077848101265823,0.34393169556335446,score threshold,0.997,pareto auto mcdm,y_cri_high
2977,0.07442686067151678,0.9973127309371851,0.1879113924050633,0.31623795068434785,score threshold,0.998,pareto auto mcdm,y_cri_high
1340,0.03350083752093802,0.9992537313432835,0.08474683544303797,0.15624270711785299,score threshold,0.999,pareto auto mcdm,y_cri_high
400,0.010000250006250157,1.0,0.01595405232929164,0.031407035175879394,top k rate,0.01,pareto auto mcdm,y_any_risk
800,0.020000500012500314,1.0,0.03190810465858328,0.06184291898577613,top k rate,0.02,pareto auto mcdm,y_any_risk
1200,0.03000075001875047,1.0,0.047862156987874924,0.09135200974421437,top k rate,0.03,pareto auto mcdm,y_any_risk
1600,0.04000100002500063,1.0,0.06381620931716656,0.11997600479904019,top k rate,0.04,pareto auto mcdm,y_any_risk
2000,0.050001250031250784,1.0,0.0797702616464582,0.14775413711583923,top k rate,0.05,pareto auto mcdm,y_any_risk
2400,0.06000150003750094,0.9995833333333334,0.09568442884492662,0.17465055329062318,top k rate,0.060000000000000005,pareto auto mcdm,y_any_risk
2800,0.07000175004375109,0.9992857142857143,0.11159859604339502,0.20077497129735936,top k rate,0.06999999999999999,pareto auto mcdm,y_any_risk
3200,0.08000200005000126,0.999375,0.12755264837268665,0.2262308998302207,top k rate,0.08,pareto auto mcdm,y_any_risk
3600,0.09000225005625141,0.9991666666666666,0.14346681557115507,0.2509068080357143,top k rate,0.09,pareto auto mcdm,y_any_risk
4000,0.10000250006250157,0.998,0.15922144224633056,0.2746285085305449,top k rate,0.09999999999999999,pareto auto mcdm,y_any_risk
4400,0.11000275006875172,0.9981818181818182,0.1751754945756222,0.2980456026058632,top k rate,0.11,pareto auto mcdm,y_any_risk
4800,0.12000300007500188,0.9972916666666667,0.1909301212507977,0.3205008034279593,top k rate,0.12,pareto auto mcdm,y_any_risk
5200,0.13000325008125202,0.9967307692307692,0.20672463305679642,0.3424286469344609,top k rate,0.13,pareto auto mcdm,y_any_risk
5600,0.14000350008750218,0.9958928571428571,0.22243937460114868,0.36365414710485133,top k rate,0.14,pareto auto mcdm,y_any_risk
6000,0.15000375009375233,0.9916666666666667,0.23731652839821316,0.38298146240988673,top k rate,0.15000000000000002,pareto auto mcdm,y_any_risk
6400,0.1600040001000025,0.9865625,0.25183471601786855,0.4012455516014235,top k rate,0.16,pareto auto mcdm,y_any_risk
6800,0.17000425010625267,0.9844117647058823,0.2669910657306956,0.42005522088353414,top k rate,0.17,pareto auto mcdm,y_any_risk
7200,0.18000450011250282,0.9759722222222222,0.28027281429483086,0.43548587010411505,top k rate,0.18000000000000002,pareto auto mcdm,y_any_risk
7600,0.19000475011875298,0.969078947368421,0.2937539885130823,0.4508447600391773,top k rate,0.19,pareto auto mcdm,y_any_risk
8000,0.20000500012500314,0.9665,0.3083918315252074,0.4675858732462506,top k rate,0.2,pareto auto mcdm,y_any_risk
8400,0.2100052501312533,0.9639285714285715,0.32294990427568604,0.483807361376673,top k rate,0.21000000000000002,pareto auto mcdm,y_any_risk
8800,0.22000550013750345,0.9593181818181818,0.3367102744097001,0.49846480869154464,top k rate,0.22,pareto auto mcdm,y_any_risk
9200,0.2300057501437536,0.9566304347826087,0.3510290363752393,0.5135971055088702,top k rate,0.23,pareto auto mcdm,y_any_risk
9600,0.24000600015000376,0.9541666666666667,0.3653477983407786,0.528380249192432,top k rate,0.24000000000000002,pareto auto mcdm,y_any_risk
10000,0.2500062501562539,0.95,0.37890874282067644,0.541742700729927,top k rate,0.25,pareto auto mcdm,y_any_risk
10400,0.26000650016250404,0.9459615384615384,0.3923899170389279,0.5546910239061795,top k rate,0.26,pareto auto mcdm,y_any_risk
10800,0.2700067501687542,0.9431481481481482,0.4062699425654116,0.5679081177520071,top k rate,0.27,pareto auto mcdm,y_any_risk
11200,0.28000700017500435,0.9389285714285714,0.4194320357370772,0.5798411998235553,top k rate,0.28,pareto auto mcdm,y_any_risk
11600,0.2900072501812545,0.935,0.4325941289087428,0.5915139616055847,top k rate,0.29000000000000004,pareto auto mcdm,y_any_risk
12000,0.30000750018750466,0.9328333333333333,0.44647415443522653,0.6039059128182995,top k rate,0.3,pareto auto mcdm,y_any_risk
12400,0.3100077501937548,0.9291935483870968,0.4595564773452457,0.6149658411614005,top k rate,0.31,pareto auto mcdm,y_any_risk
12800,0.320008000200005,0.928359375,0.4739550095724314,0.6275348542458808,top k rate,0.32,pareto auto mcdm,y_any_risk
13200,0.3300082502062552,0.9265909090909091,0.4878350350989151,0.6391617892976589,top k rate,0.33,pareto auto mcdm,y_any_risk
13600,0.34000850021250534,0.9263970588235294,0.5025127632418634,0.6515825403392635,top k rate,0.34,pareto auto mcdm,y_any_risk
14000,0.3500087502187555,0.9282857142857143,0.5183471601786854,0.6652334152334153,top k rate,0.35000000000000003,pareto auto mcdm,y_any_risk
14400,0.36000900022500565,0.9291666666666667,0.5336630504148053,0.677948925820835,top k rate,0.36000000000000004,pareto auto mcdm,y_any_risk
14800,0.3700092502312558,0.9289864864864865,0.5483806636885769,0.6896569020866774,top k rate,0.37,pareto auto mcdm,y_any_risk
15200,0.38000950023750596,0.9256578947368421,0.5611837906828334,0.6987485101311085,top k rate,0.38,pareto auto mcdm,y_any_risk
15600,0.3900097502437561,0.9222435897435898,0.5738273771537971,0.7074645948072384,top k rate,0.39,pareto auto mcdm,y_any_risk
16000,0.40001000025000627,0.9189375,0.5864310784939375,0.7159622126996494,top k rate,0.4,pareto auto mcdm,y_any_risk
16400,0.4100102502562564,0.9154268292682927,0.5987954690491385,0.7240065586419753,top k rate,0.41000000000000003,pareto auto mcdm,y_any_risk
16800,0.4200105002625066,0.9114880952380953,0.6107610082961072,0.7314195643867023,top k rate,0.42000000000000004,pareto auto mcdm,y_any_risk
17200,0.43001075026875674,0.9086046511627907,0.6233248245054244,0.7394019682059046,top k rate,0.43,pareto auto mcdm,y_any_risk
17600,0.4400110002750069,0.9086931818181818,0.637882897255903,0.749578177727784,top k rate,0.44,pareto auto mcdm,y_any_risk
18000,0.45001125028125705,0.9071666666666667,0.651284301212508,0.7582187964338781,top k rate,0.45,pareto auto mcdm,y_any_risk
18400,0.4600115002875072,0.9075,0.6660019144862795,0.7682186234817814,top k rate,0.46,pareto auto mcdm,y_any_risk
18800,0.47001175029375736,0.9051595744680851,0.6787252712188896,0.7757567469000729,top k rate,0.47000000000000003,pareto auto mcdm,y_any_risk
19200,0.4800120003000075,0.9002604166666667,0.689414486279515,0.7808547162992411,top k rate,0.48000000000000004,pareto auto mcdm,y_any_risk
19600,0.49001225030625767,0.8989285714285714,0.7027361199744735,0.7888162607449857,top k rate,0.49,pareto auto mcdm,y_any_risk
20000,0.5000125003125078,0.89745,0.7158982131461391,0.7964589989350372,top k rate,0.5,pareto auto mcdm,y_any_risk
20400,0.5100127503187579,0.8940686274509804,0.7274649010848756,0.8022079521463757,top k rate,0.51,pareto auto mcdm,y_any_risk
20800,0.5200130003250081,0.8875480769230769,0.7363194001276324,0.8048918730380188,top k rate,0.52,pareto auto mcdm,y_any_risk
21200,0.5300132503312582,0.881933962264151,0.7457322910019145,0.8081345089903181,top k rate,0.53,pareto auto mcdm,y_any_risk
21600,0.5400135003375084,0.8753703703703704,0.7541480536056159,0.8102502571134728,top k rate,0.54,pareto auto mcdm,y_any_risk
22000,0.5500137503437585,0.8701363636363636,0.7635210593490747,0.8133497620666214,top k rate,0.55,pareto auto mcdm,y_any_risk
22400,0.5600140003500087,0.8661607142857143,0.773851308232291,0.8174081563869228,top k rate,0.56,pareto auto mcdm,y_any_risk
22800,0.5700142503562589,0.8633333333333333,0.7850989151244416,0.8223596256684492,top k rate,0.5700000000000001,pareto auto mcdm,y_any_risk
23200,0.580014500362509,0.8574568965517242,0.7934349074664965,0.8242045077891945,top k rate,0.5800000000000001,pareto auto mcdm,y_any_risk
23600,0.5900147503687592,0.8497457627118644,0.7998564135290364,0.8240466798159106,top k rate,0.59,pareto auto mcdm,y_any_risk
24000,0.6000150003750093,0.8425416666666666,0.8065172303765157,0.8241359634822302,top k rate,0.6,pareto auto mcdm,y_any_risk
24400,0.6100152503812595,0.8342213114754098,0.8118618379068283,0.8228897153945667,top k rate,0.61,pareto auto mcdm,y_any_risk
24800,0.6200155003875096,0.8257258064516129,0.8167677089980855,0.8212223291626564,top k rate,0.62,pareto auto mcdm,y_any_risk
25200,0.6300157503937599,0.8187301587301588,0.8229100191448628,0.8208147676639084,top k rate,0.63,pareto auto mcdm,y_any_risk
25600,0.64001600040001,0.812578125,0.8296904913848118,0.8210451531417745,top k rate,0.64,pareto auto mcdm,y_any_risk
26000,0.6500162504062602,0.8075769230769231,0.8374680918953414,0.822250939849624,top k rate,0.65,pareto auto mcdm,y_any_risk
26400,0.6600165004125104,0.8023863636363636,0.8448867262284621,0.8230882810071495,top k rate,0.66,pareto auto mcdm,y_any_risk
26800,0.6700167504187605,0.7960074626865672,0.8508694958519464,0.8225246761258482,top k rate,0.67,pareto auto mcdm,y_any_risk
27200,0.6800170004250107,0.7902941176470588,0.8573707721761328,0.8224670951943679,top k rate,0.68,pareto auto mcdm,y_any_risk
27600,0.6900172504312608,0.7835869565217392,0.8625957243139758,0.8211953219927096,top k rate,0.6900000000000001,pareto auto mcdm,y_any_risk
28000,0.700017500437511,0.7776785714285714,0.8684987236758137,0.8205833584564365,top k rate,0.7000000000000001,pareto auto mcdm,y_any_risk
28400,0.7100177504437611,0.7726760563380282,0.8752393107849393,0.8207660083782167,top k rate,0.7100000000000001,pareto auto mcdm,y_any_risk
28800,0.7200180004500113,0.7669791666666667,0.8810226547543076,0.820054945054945,top k rate,0.72,pareto auto mcdm,y_any_risk
29200,0.7300182504562615,0.7628424657534246,0.8884412890874283,0.8208652712264151,top k rate,0.73,pareto auto mcdm,y_any_risk
29600,0.7400185004625116,0.7562162162162163,0.8927887683471601,0.8188469417617793,top k rate,0.74,pareto auto mcdm,y_any_risk
30000,0.7500187504687618,0.7501666666666666,0.8976148691767709,0.8172937245787333,top k rate,0.75,pareto auto mcdm,y_any_risk
30400,0.7600190004750119,0.7435526315789474,0.9015634971282706,0.8149697144505336,top k rate,0.76,pareto auto mcdm,y_any_risk
30800,0.7700192504812621,0.7379220779220779,0.906509253350351,0.813573883161512,top k rate,0.77,pareto auto mcdm,y_any_risk
31200,0.7800195004875122,0.7320192307692308,0.9109365028717294,0.8117358544213819,top k rate,0.78,pareto auto mcdm,y_any_risk
31600,0.7900197504937624,0.7270569620253164,0.9163608806636886,0.8108060417843026,top k rate,0.79,pareto auto mcdm,y_any_risk
32000,0.8000200005000125,0.72234375,0.9219447989789407,0.8100294365012616,top k rate,0.8,pareto auto mcdm,y_any_risk
39871,0.996799919998,0.6287025657746231,0.9998005743458839,0.7719692653557735,score threshold,0.001,pareto auto mcdm,y_any_risk
39865,0.9966499162479062,0.6287721058572683,0.9997606892150607,0.7720097941081355,score threshold,0.002,pareto auto mcdm,y_any_risk
39726,0.9931748293707343,0.6306197452549968,0.9992022973835354,0.7732337417821538,score threshold,0.003,pareto auto mcdm,y_any_risk
39647,0.9911997799944998,0.6315988599389614,0.9987635609444799,0.7738376674546887,score threshold,0.004,pareto auto mcdm,y_any_risk
39537,0.988449711242781,0.6328755343096341,0.9980057434588385,0.7745670107879707,score threshold,0.005,pareto auto mcdm,y_any_risk
39478,0.9869746743668592,0.6334920715335124,0.9974872367581366,0.7748721920991479,score threshold,0.006,pareto auto mcdm,y_any_risk
39228,0.9807245181129528,0.6365861119608442,0.996011486917677,0.7767340590979782,score threshold,0.007,pareto auto mcdm,y_any_risk
39128,0.9782244556113903,0.6379830300552034,0.995652520740268,0.7776635514018692,score threshold,0.008,pareto auto mcdm,y_any_risk
38936,0.9734243356083903,0.6401273885350318,0.9940970006381621,0.7787776527934008,score threshold,0.009000000000000001,pareto auto mcdm,y_any_risk
38797,0.9699492487312182,0.6419826275227466,0.9934189534141672,0.779940190076563,score threshold,0.010000000000000002,pareto auto mcdm,y_any_risk
38511,0.9627990699767495,0.6454519487938511,0.9914246968730057,0.7818756585879874,score threshold,0.011,pareto auto mcdm,y_any_risk
38342,0.9585739643491087,0.6473840696885922,0.9900287172941927,0.7828555208629009,score threshold,0.012,pareto auto mcdm,y_any_risk
38187,0.9546988674716868,0.6492261764474822,0.9888321633694959,0.7838252264499913,score threshold,0.013000000000000001,pareto auto mcdm,y_any_risk
38064,0.9516237905947649,0.6504045817570407,0.9874361837906829,0.7842435377597567,score threshold,0.014000000000000002,pareto auto mcdm,y_any_risk
37764,0.9441236030900773,0.6545122338735303,0.9858407785577536,0.7867146221911007,score threshold,0.015,pareto auto mcdm,y_any_risk
37660,0.9415235380884522,0.6555762081784386,0.9847239948947033,0.7871261875916598,score threshold,0.016,pareto auto mcdm,y_any_risk
37485,0.9371484287107178,0.6571962118180605,0.9825701978302489,0.7876017072429944,score threshold,0.017,pareto auto mcdm,y_any_risk
36999,0.9249981249531238,0.6624773642530879,0.9776244416081685,0.7897730018849383,score threshold,0.018000000000000002,pareto auto mcdm,y_any_risk
36966,0.9241731043276082,0.662825298923335,0.9772654754307594,0.7899029627002805,score threshold,0.019000000000000003,pareto auto mcdm,y_any_risk
36587,0.9146978674466861,0.6673955229999726,0.9739151244416082,0.7920336041778167,score threshold,0.02,pareto auto mcdm,y_any_risk
36328,0.9082227055676392,0.670859942743889,0.9720405232929163,0.7938436482084691,score threshold,0.021,pareto auto mcdm,y_any_risk
36127,0.9031975799394985,0.6730146427879425,0.9697670708359923,0.7945881468651449,score threshold,0.022000000000000002,pareto auto mcdm,y_any_risk
35817,0.8954473861846546,0.6766619203171679,0.9666560306317805,0.7960715400154379,score threshold,0.023,pareto auto mcdm,y_any_risk
35675,0.8918972974324358,0.6787666433076384,0.9658184428844927,0.7972410160172518,score threshold,0.024,pareto auto mcdm,y_any_risk
35429,0.885747143678592,0.6813062745208728,0.962747287811104,0.7979372241781127,score threshold,0.025,pareto auto mcdm,y_any_risk
35151,0.8787969699242482,0.6850160735114221,0.9603940650925336,0.79966125898743,score threshold,0.026000000000000002,pareto auto mcdm,y_any_risk
34983,0.874596864921623,0.6874196038075637,0.9591576260370134,0.800865872949796,score threshold,0.027000000000000003,pareto auto mcdm,y_any_risk
34767,0.8691967299182479,0.6900509103460177,0.9568841735800894,0.8018516352211769,score threshold,0.028,pareto auto mcdm,y_any_risk
34315,0.8578964474111853,0.694973043858371,0.9511805998723676,0.8031387340663781,score threshold,0.029,pareto auto mcdm,y_any_risk
34202,0.8550713767844196,0.6964212619145079,0.9500239310784939,0.8036913317812194,score threshold,0.030000000000000002,pareto auto mcdm,y_any_risk
33994,0.8498712467811695,0.6985644525504501,0.9471522016592214,0.8040835675346223,score threshold,0.031,pareto auto mcdm,y_any_risk
33588,0.8397209930248256,0.7037930213171371,0.9428446075303127,0.8059665871121718,score threshold,0.032,pareto auto mcdm,y_any_risk
33518,0.8379709492737318,0.7046959842472701,0.9420867900446713,0.8062809353131933,score threshold,0.033,pareto auto mcdm,y_any_risk
33195,0.8298957473936849,0.7085404428377767,0.9380982769623485,0.8073180359380095,score threshold,0.034,pareto auto mcdm,y_any_risk
32816,0.8204205105127628,0.7130363237445149,0.9332721761327377,0.8084231619679381,score threshold,0.035,pareto auto mcdm,y_any_risk
32651,0.8162954073851846,0.7147407430094025,0.9307992980216975,0.8085858323371966,score threshold,0.036000000000000004,pareto auto mcdm,y_any_risk
32234,0.8058701467536689,0.7193956691692002,0.9248962986598596,0.8093044358356891,score threshold,0.037000000000000005,pareto auto mcdm,y_any_risk
32024,0.8006200155003875,0.7221771171621284,0.9224234205488194,0.8101092896174863,score threshold,0.038,pareto auto mcdm,y_any_risk
31844,0.796119902997575,0.7241866599673408,0.9197910019144863,0.8103520978283787,score threshold,0.039,pareto auto mcdm,y_any_risk
31587,0.7896947423685592,0.7271978978693766,0.9161614550095725,0.8108155809315378,score threshold,0.04,pareto auto mcdm,y_any_risk
31426,0.7856696417410435,0.7290778336409343,0.9138481174218251,0.8110729583348083,score threshold,0.041,pareto auto mcdm,y_any_risk
31329,0.7832445811145279,0.7302818474895464,0.9125319081046586,0.8112976720270917,score threshold,0.042,pareto auto mcdm,y_any_risk
31024,0.7756193904847621,0.7348182052604435,0.9092613273771538,0.8127852253280091,score threshold,0.043000000000000003,pareto auto mcdm,y_any_risk
30926,0.7731693292332308,0.7360473388087693,0.907905232929164,0.8129933211900425,score threshold,0.044000000000000004,pareto auto mcdm,y_any_risk
30783,0.7695942398559964,0.738134684728584,0.9062699425654116,0.81360666010205,score threshold,0.045,pareto auto mcdm,y_any_risk
30539,0.7634940873521838,0.7417728150889027,0.9035178685386088,0.8146949344554135,score threshold,0.046,pareto auto mcdm,y_any_risk
30381,0.759543988599715,0.7437214048253843,0.9012045309508615,0.8149243503507475,score threshold,0.047,pareto auto mcdm,y_any_risk
30232,0.7558188954723868,0.7463945488224398,0.9000079770261646,0.8160350065094749,score threshold,0.048,pareto auto mcdm,y_any_risk
30153,0.7538438460961524,0.7477531257254668,0.8992900446713465,0.8165504753282028,score threshold,0.049,pareto auto mcdm,y_any_risk
30022,0.7505687642191055,0.7499167277329958,0.89797383535418,0.8172940792100774,score threshold,0.05,pareto auto mcdm,y_any_risk
29859,0.7464936623415586,0.7525034328008305,0.8961790044671346,0.8180808650852888,score threshold,0.051000000000000004,pareto auto mcdm,y_any_risk
29781,0.7445436135903397,0.753500554044525,0.8950223356732611,0.8181867901482143,score threshold,0.052000000000000005,pareto auto mcdm,y_any_risk
29713,0.7428435710892772,0.7548884326725676,0.8946234843650287,0.8188372729761796,score threshold,0.053000000000000005,pareto auto mcdm,y_any_risk
29626,0.7406685167129178,0.7557213258624181,0.8929881940012763,0.8186405353029361,score threshold,0.054,pareto auto mcdm,y_any_risk
29439,0.7359933998349959,0.7589931723224295,0.891193363114231,0.8197978389682816,score threshold,0.055,pareto auto mcdm,y_any_risk
29323,0.7330933273331833,0.7608703065852743,0.8898771537970644,0.8203327511719827,score threshold,0.056,pareto auto mcdm,y_any_risk
29248,0.7312182804570114,0.7619666301969366,0.8888800255264837,0.8205449189985272,score threshold,0.057,pareto auto mcdm,y_any_risk
27682,0.692067301682542,0.7818799219709559,0.8632737715379707,0.820563369602305,score threshold,0.058,pareto auto mcdm,y_any_risk
27638,0.6909672741818546,0.7827628627252333,0.8628749202297383,0.8208689053310567,score threshold,0.059000000000000004,pareto auto mcdm,y_any_risk
27509,0.6877421935548389,0.7852339234432367,0.8615587109125717,0.8216275841083281,score threshold,0.060000000000000005,pareto auto mcdm,y_any_risk
27402,0.6850671266781669,0.78691336398803,0.860043075941289,0.821854632770515,score threshold,0.061,pareto auto mcdm,y_any_risk
27357,0.6839420985524638,0.7872939284278246,0.8590459476707084,0.8216063628907666,score threshold,0.062,pareto auto mcdm,y_any_risk
27288,0.6822170554263857,0.788698328935796,0.8584077855775367,0.8220779220779221,score threshold,0.063,pareto auto mcdm,y_any_risk
27237,0.6809420235505887,0.7895509784484341,0.8577297383535418,0.8222294442638934,score threshold,0.064,pareto auto mcdm,y_any_risk
27166,0.6791669791744793,0.7910255466391813,0.8570915762603701,0.8227344079022934,score threshold,0.065,pareto auto mcdm,y_any_risk
27061,0.6765419135478387,0.7925427737334171,0.8554164007657945,0.8227801968043273,score threshold,0.066,pareto auto mcdm,y_any_risk
27009,0.6752418810470262,0.7936243474397423,0.8549377791959157,0.8231408767112767,score threshold,0.067,pareto auto mcdm,y_any_risk
26991,0.6747918697967449,0.7936719647289837,0.8544192724952138,0.8229260703378599,score threshold,0.068,pareto auto mcdm,y_any_risk
26949,0.6737418435460887,0.794463616460722,0.853940650925335,0.8231291209319314,score threshold,0.069,pareto auto mcdm,y_any_risk
26887,0.6721918047951199,0.7952542120727489,0.8528238672622847,0.8230335456802479,score threshold,0.07,pareto auto mcdm,y_any_risk
26830,0.6707667691692293,0.7953037644427879,0.8510689215060625,0.8222419174598281,score threshold,0.07100000000000001,pareto auto mcdm,y_any_risk
26773,0.6693417335433386,0.7962499533111717,0.850271218889598,0.822374385186614,score threshold,0.07200000000000001,pareto auto mcdm,y_any_risk
26748,0.668716717917948,0.7965455361148497,0.8497925973197192,0.8223079891933617,score threshold,0.07300000000000001,pareto auto mcdm,y_any_risk
26691,0.6672916822920573,0.7976471469783822,0.8491544352265475,0.8225952900720592,score threshold,0.074,pareto auto mcdm,y_any_risk
26679,0.6669916747918698,0.7978559916038832,0.8489948947032546,0.8226314467353287,score threshold,0.075,pareto auto mcdm,y_any_risk
26617,0.665441636040901,0.7987000788969456,0.8479179961710275,0.8225734682427596,score threshold,0.076,pareto auto mcdm,y_any_risk
26595,0.6648916222905573,0.7992479789434104,0.8477983407785578,0.822807594789711,score threshold,0.077,pareto auto mcdm,y_any_risk
26559,0.6639915997899948,0.7997665574758086,0.8472000638162093,0.8228002556603591,score threshold,0.078,pareto auto mcdm,y_any_risk
26544,0.6636165904147604,0.8001054852320675,0.8470804084237397,0.8229231246125233,score threshold,0.079,pareto auto mcdm,y_any_risk
26503,0.6625915647891197,0.800701807342565,0.8464023611997448,0.8229180804653418,score threshold,0.08,pareto auto mcdm,y_any_risk
26443,0.6610915272881822,0.8015731951745263,0.845405232929164,0.8229059497233815,score threshold,0.081,pareto auto mcdm,y_any_risk
26429,0.6607415185379635,0.8017707820954255,0.8451659221442246,0.8228966427836353,score threshold,0.082,pareto auto mcdm,y_any_risk
26408,0.6602165054126353,0.8022190245380187,0.8449664964901085,0.8230380730380731,score threshold,0.083,pareto auto mcdm,y_any_risk
26352,0.6588164704117603,0.8027853673345476,0.8437699425654116,0.8227675793403858,score threshold,0.084,pareto auto mcdm,y_any_risk
26261,0.6565414135353383,0.8041963367731617,0.8423340778557754,0.8228235248280833,score threshold,0.085,pareto auto mcdm,y_any_risk
26244,0.6561164029100728,0.8044505410760555,0.8420548819400128,0.8228232909813703,score threshold,0.08600000000000001,pareto auto mcdm,y_any_risk
26224,0.6556163904097603,0.8047589993898718,0.8417358008934269,0.8228321896444167,score threshold,0.08700000000000001,pareto auto mcdm,y_any_risk
26201,0.6550413760344008,0.8051601083928094,0.8414167198468411,0.8228892399508513,score threshold,0.08800000000000001,pareto auto mcdm,y_any_risk
26170,0.6542663566589165,0.8058463889950325,0.8411375239310785,0.8231138519183482,score threshold,0.089,pareto auto mcdm,y_any_risk
26157,0.6539413485337133,0.8060557403371946,0.8409380982769623,0.8231275254250522,score threshold,0.09,pareto auto mcdm,y_any_risk
26099,0.6524913122828071,0.8062761025326641,0.83930280791321,0.8224580328701804,score threshold,0.091,pareto auto mcdm,y_any_risk
26049,0.6512412810320258,0.8068255979116281,0.838265794511806,0.8222452612429334,score threshold,0.092,pareto auto mcdm,y_any_risk
25991,0.6497912447811195,0.8077796160209303,0.8373883216336949,0.8223175293265182,score threshold,0.093,pareto auto mcdm,y_any_risk
25947,0.648691217280432,0.8081473773461286,0.836351308232291,0.8220074874066524,score threshold,0.094,pareto auto mcdm,y_any_risk
25873,0.6468411710292757,0.8086422138909287,0.8344767070835992,0.821356364707037,score threshold,0.095,pareto auto mcdm,y_any_risk
25850,0.6462661566539164,0.8089748549323017,0.834077855775367,0.8213345901574958,score threshold,0.096,pareto auto mcdm,y_any_risk
25825,0.6456411410285258,0.8093320425943853,0.8336391193363114,0.821305774407136,score threshold,0.097,pareto auto mcdm,y_any_risk
25808,0.6452161304032601,0.8096714197148172,0.8334396936821953,0.8213836477987422,score threshold,0.098,pareto auto mcdm,y_any_risk
25800,0.6450161254031351,0.8098837209302325,0.8333998085513721,0.8214735021229753,score threshold,0.099,pareto auto mcdm,y_any_risk
25782,0.6445661141528538,0.810255216817935,0.833200382897256,0.8215676249655878,score threshold,0.1,pareto auto mcdm,y_any_risk
25772,0.6443161079026976,0.8105696104299239,0.833200382897256,0.8217292109196759,score threshold,0.101,pareto auto mcdm,y_any_risk
25759,0.6439910997774945,0.8107845801467448,0.8330009572431397,0.8217426373669611,score threshold,0.10200000000000001,pareto auto mcdm,y_any_risk
25752,0.643816095402385,0.8108496427461944,0.8328414167198468,0.8216984101999055,score threshold,0.10300000000000001,pareto auto mcdm,y_any_risk
25734,0.6433660841521038,0.8110670708012746,0.8324824505424377,0.8216352399322915,score threshold,0.10400000000000001,pareto auto mcdm,y_any_risk
25679,0.6419910497762444,0.8114801978270182,0.831126356094448,0.8211857894425726,score threshold,0.10500000000000001,pareto auto mcdm,y_any_risk
25667,0.6416910422760569,0.8117816651731796,0.8310465858328016,0.8213011687262264,score threshold,0.106,pareto auto mcdm,y_any_risk
25660,0.6415160379009476,0.8118472330475448,0.8308870453095086,0.8212568004415359,score threshold,0.107,pareto auto mcdm,y_any_risk
25629,0.6407410185254632,0.8122439424089898,0.8302887683471601,0.8211672353602493,score threshold,0.108,pareto auto mcdm,y_any_risk
25627,0.6406910172754319,0.8123073321106645,0.8302887683471601,0.8211996291840076,score threshold,0.109,pareto auto mcdm,y_any_risk
25616,0.64041601040026,0.8123828856964397,0.8300095724313976,0.8211016414141414,score threshold,0.11,pareto auto mcdm,y_any_risk
25582,0.6395659891497287,0.812758971151591,0.8292916400765794,0.8209420776246693,score threshold,0.111,pareto auto mcdm,y_any_risk
25571,0.6392909822745568,0.8128739587814321,0.8290523292916401,0.8208834389747843,score threshold,0.112,pareto auto mcdm,y_any_risk
25544,0.638615965399135,0.8131067961165048,0.8284141671984684,0.8206891101627943,score threshold,0.113,pareto auto mcdm,y_any_risk
25528,0.638215955398885,0.8133813851457223,0.8281748564135291,0.8207114624505929,score threshold,0.114,pareto auto mcdm,y_any_risk
25524,0.6381159528988225,0.8134696755994358,0.8281349712827059,0.8207368171396948,score threshold,0.115,pareto auto mcdm,y_any_risk
25516,0.6379159478986974,0.8136855306474369,0.8280950861518825,0.8208270736142959,score threshold,0.116,pareto auto mcdm,y_any_risk
25506,0.6376659416485412,0.8139261350270525,0.8280153158902361,0.8209102771956186,score threshold,0.117,pareto auto mcdm,y_any_risk
25495,0.6373909347733694,0.8141596391449304,0.8278956604977664,0.8209701979551882,score threshold,0.11800000000000001,pareto auto mcdm,y_any_risk
25421,0.635540888522213,0.8156642146257032,0.8270181876196554,0.8213019626482879,score threshold,0.11900000000000001,pareto auto mcdm,y_any_risk
25359,0.6339908497712443,0.8163571118734966,0.8257019783024888,0.8210029545319347,score threshold,0.12000000000000001,pareto auto mcdm,y_any_risk
25284,0.6321158028950724,0.8170384432842904,0.8239470325462668,0.8204781952498212,score threshold,0.121,pareto auto mcdm,y_any_risk
25249,0.6312407810195255,0.8177353558556775,0.8235082961072112,0.8206116730589614,score threshold,0.122,pareto auto mcdm,y_any_risk
25236,0.6309157728943223,0.817998097955302,0.8233487555839183,0.8206647054146458,score threshold,0.123,pareto auto mcdm,y_any_risk
25215,0.6303907597689943,0.8184017449930597,0.8230695596681558,0.8207290154513095,score threshold,0.124,pareto auto mcdm,y_any_risk
25091,0.6272906822670566,0.8210115180742099,0.8216336949585195,0.8213224886868807,score threshold,0.125,pareto auto mcdm,y_any_risk
25035,0.6258906472661817,0.8222089075294587,0.8209955328653478,0.821601772207476,score threshold,0.126,pareto auto mcdm,y_any_risk
24902,0.6225655641391035,0.823668781623966,0.8180839183152521,0.8208668507623964,score threshold,0.127,pareto auto mcdm,y_any_risk
24697,0.6174404360109003,0.8279143215775195,0.8155312699425654,0.8216761437842834,score threshold,0.128,pareto auto mcdm,y_any_risk
24695,0.617390434760869,0.8279408787203888,0.8154913848117422,0.8216689774348463,score threshold,0.129,pareto auto mcdm,y_any_risk
24617,0.6154403860096502,0.8298736645407645,0.8148133375877473,0.8222745476866107,score threshold,0.13,pareto auto mcdm,y_any_risk
24463,0.6115902897572439,0.8329722437967543,0.8127393107849393,0.8227314020389623,score threshold,0.131,pareto auto mcdm,y_any_risk
24394,0.6098652466311658,0.8344264983192589,0.8118618379068283,0.8229895281607569,score threshold,0.132,pareto auto mcdm,y_any_risk
24269,0.6067401685042126,0.8376117680992212,0.8107849393746012,0.8239800571532803,score threshold,0.133,pareto auto mcdm,y_any_risk
24203,0.6050901272531813,0.8387803164896913,0.8097080408423739,0.8239878234398782,score threshold,0.134,pareto auto mcdm,y_any_risk
24179,0.6044901122528064,0.8391993051821829,0.8093091895341417,0.8239832693752411,score threshold,0.135,pareto auto mcdm,y_any_risk
24164,0.604115102877572,0.8394305578546598,0.809029993618379,0.8239499553172476,score threshold,0.136,pareto auto mcdm,y_any_risk
24089,0.6022400560014001,0.8406326539084229,0.8076738991703892,0.8238237627387563,score threshold,0.137,pareto auto mcdm,y_any_risk
24046,0.6011650291257281,0.8418032105131831,0.8073548181238035,0.82421922716723,score threshold,0.138,pareto auto mcdm,y_any_risk
24006,0.6001650041251031,0.8423727401482962,0.8065571155073389,0.8240759607155956,score threshold,0.139,pareto auto mcdm,y_any_risk
23991,0.5997899947498687,0.8426493268308949,0.8063178047223994,0.8240833214438579,score threshold,0.14,pareto auto mcdm,y_any_risk
23979,0.5994899872496813,0.8428625046916052,0.8061183790682833,0.8240810584901429,score threshold,0.14100000000000001,pareto auto mcdm,y_any_risk
23938,0.5984649616240406,0.8435959562202356,0.8054403318442884,0.8240767190369312,score threshold,0.14200000000000002,pareto auto mcdm,y_any_risk
23912,0.5978149453736343,0.8440531950485112,0.805001595405233,0.8240650008165932,score threshold,0.14300000000000002,pareto auto mcdm,y_any_risk
23855,0.5963899097477436,0.8446447285684343,0.8036455009572432,0.8236352116418337,score threshold,0.14400000000000002,pareto auto mcdm,y_any_risk
23759,0.5939898497462437,0.8465423628940612,0.8022096362476069,0.8237799758350228,score threshold,0.14500000000000002,pareto auto mcdm,y_any_risk
23753,0.5938398459961499,0.846714099271671,0.8021697511167837,0.8238402457757297,score threshold,0.146,pareto auto mcdm,y_any_risk
23688,0.5922148053701343,0.847855454238433,0.8010529674537332,0.8237899917965545,score threshold,0.147,pareto auto mcdm,y_any_risk
23659,0.5914897872446812,0.848598841878355,0.8007737715379707,0.8239929408384806,score threshold,0.148,pareto auto mcdm,y_any_risk
23571,0.589289732243306,0.8503245513554792,0.7994176770899809,0.8240856855045947,score threshold,0.149,pareto auto mcdm,y_any_risk
23437,0.5859396484912123,0.8532235354354226,0.7975829610721124,0.8244655630913851,score threshold,0.15,pareto auto mcdm,y_any_risk
23358,0.5839645991149779,0.8548248993920713,0.7963864071474155,0.8245715465620483,score threshold,0.151,pareto auto mcdm,y_any_risk
23350,0.5837645941148528,0.8549464668094219,0.7962268666241226,0.8245425632976746,score threshold,0.152,pareto auto mcdm,y_any_risk
23283,0.582089552238806,0.8562040974101276,0.7951100829610721,0.8245269362010134,score threshold,0.153,pareto auto mcdm,y_any_risk
23245,0.5811395284882122,0.8567003656700366,0.7942724952137843,0.8243061448351512,score threshold,0.154,pareto auto mcdm,y_any_risk
23233,0.5808395209880247,0.8568846037963241,0.794033184428845,0.8242624987061381,score threshold,0.155,pareto auto mcdm,y_any_risk
23110,0.5777644441111027,0.8591518823020338,0.7919192724952138,0.8241667012577311,score threshold,0.156,pareto auto mcdm,y_any_risk
23092,0.5773144328608215,0.8593885328252209,0.7915204211869815,0.8240594634997094,score threshold,0.157,pareto auto mcdm,y_any_risk
23060,0.5765144128603215,0.8600607111882047,0.7910417996171027,0.8241087010720518,score threshold,0.158,pareto auto mcdm,y_any_risk
23023,0.5755893897347434,0.8609216870086436,0.790563178047224,0.8242436843746751,score threshold,0.159,pareto auto mcdm,y_any_risk
22982,0.5745643641091027,0.8611086937603342,0.7893267389917039,0.823656719523869,score threshold,0.16,pareto auto mcdm,y_any_risk
22950,0.5737643441086027,0.8616993464052287,0.7887683471601787,0.8236225063512557,score threshold,0.161,pareto auto mcdm,y_any_risk
21861,0.5465386634665866,0.8713233612369059,0.7597319719208679,0.8117103104425457,score threshold,0.162,pareto auto mcdm,y_any_risk
21820,0.545513637840946,0.872089825847846,0.7589741544352265,0.8116096562313401,score threshold,0.163,pareto auto mcdm,y_any_risk
21729,0.5432385809645242,0.8723365088131069,0.7560226547543076,0.8100254268071195,score threshold,0.164,pareto auto mcdm,y_any_risk
21718,0.5429635740893523,0.8726402062805046,0.7559029993618379,0.8100876255610173,score threshold,0.165,pareto auto mcdm,y_any_risk
21682,0.5420635515887897,0.8735356516926482,0.7554243777919591,0.810198057920178,score threshold,0.166,pareto auto mcdm,y_any_risk
21664,0.5416135403385085,0.8740306499261448,0.755224952137843,0.8102961314618281,score threshold,0.167,pareto auto mcdm,y_any_risk
21622,0.5405635140878522,0.8748496901304227,0.7544671346522016,0.8102111620336659,score threshold,0.168,pareto auto mcdm,y_any_risk
21587,0.5396884922123053,0.8756659100384491,0.7539486279514996,0.8102616858483894,score threshold,0.169,pareto auto mcdm,y_any_risk
21563,0.5390884772119303,0.8759449056253769,0.7533503509891513,0.8100353811514956,score threshold,0.17,pareto auto mcdm,y_any_risk
21459,0.5364884122103053,0.877394100377464,0.7509572431397575,0.809266940319357,score threshold,0.171,pareto auto mcdm,y_any_risk
21432,0.5358133953348834,0.8781728256812243,0.7506780472239949,0.8094357474625838,score threshold,0.17200000000000001,pareto auto mcdm,y_any_risk
21406,0.5351633790844771,0.8787723068298607,0.7502791959157626,0.8094582383062955,score threshold,0.17300000000000001,pareto auto mcdm,y_any_risk
21377,0.534438360959024,0.8794966552837161,0.7498803446075303,0.8095330362332881,score threshold,0.17400000000000002,pareto auto mcdm,y_any_risk
21353,0.533838345958649,0.8798763639769588,0.7493618379068283,0.8093914916532041,score threshold,0.17500000000000002,pareto auto mcdm,y_any_risk
21347,0.5336883422085552,0.8799831358036257,0.7492421825143587,0.80936685408992,score threshold,0.17600000000000002,pareto auto mcdm,y_any_risk
21166,0.529163229080727,0.8817915524898422,0.7444160816847479,0.8073013538647865,score threshold,0.177,pareto auto mcdm,y_any_risk
21110,0.527763194079852,0.8836096636665087,0.7439773452456924,0.8078039062838335,score threshold,0.178,pareto auto mcdm,y_any_risk
21004,0.5251131278281957,0.8836888211769187,0.7403079132099554,0.8056688948693463,score threshold,0.179,pareto auto mcdm,y_any_risk
20951,0.5237880947023675,0.8852083432771706,0.7397096362476069,0.8059448536601265,score threshold,0.18,pareto auto mcdm,y_any_risk
20905,0.5226380659516487,0.885194929442717,0.7380743458838545,0.8049677012419253,score threshold,0.181,pareto auto mcdm,y_any_risk
20866,0.5216630415760394,0.8860826224480015,0.7374361837906829,0.8049545038965562,score threshold,0.182,pareto auto mcdm,y_any_risk
20820,0.5205130128253206,0.8870797310278579,0.7366384811742183,0.8048897411313519,score threshold,0.183,pareto auto mcdm,y_any_risk
20806,0.5201630040751019,0.8874843795059117,0.7364789406509253,0.8049609834779197,score threshold,0.184,pareto auto mcdm,y_any_risk
20779,0.51948798719968,0.8881081861494778,0.7360402042118698,0.8049551809120848,score threshold,0.185,pareto auto mcdm,y_any_risk
20764,0.5191129778244457,0.888508957811597,0.7358407785577536,0.8050004363382494,score threshold,0.186,pareto auto mcdm,y_any_risk
20739,0.518487962199055,0.8888085250012054,0.735202616464582,0.8047412193577962,score threshold,0.187,pareto auto mcdm,y_any_risk
20653,0.5163379084477112,0.8894591584757663,0.7326898532227186,0.8034991798797156,score threshold,0.188,pareto auto mcdm,y_any_risk
20631,0.5157878946973674,0.8901168145024477,0.7324505424377792,0.8036233945255234,score threshold,0.189,pareto auto mcdm,y_any_risk
20605,0.5151378784469611,0.8906576073768503,0.7319719208679004,0.8035553998730214,score threshold,0.19,pareto auto mcdm,y_any_risk
20573,0.5143378584464612,0.8914110727652749,0.7314534141671984,0.8035491291488662,score threshold,0.191,pareto auto mcdm,y_any_risk
20540,0.5135128378209455,0.8926484907497566,0.7312938736439055,0.80395509953521,score threshold,0.192,pareto auto mcdm,y_any_risk
20532,0.5133128328208205,0.892850185076953,0.7311742182514359,0.8039645645118849,score threshold,0.193,pareto auto mcdm,y_any_risk
20494,0.5123628090702268,0.8934810188347809,0.7303366305041481,0.8037132950006584,score threshold,0.194,pareto auto mcdm,y_any_risk
20406,0.5101627540688517,0.8939037537979025,0.727544671346522,0.8021900699239193,score threshold,0.195,pareto auto mcdm,y_any_risk
20397,0.5099377484437111,0.8941511006520567,0.7274250159540523,0.8022168950273812,score threshold,0.196,pareto auto mcdm,y_any_risk
20374,0.5093627340683518,0.8946205948758221,0.7269862795149968,0.8021388020947938,score threshold,0.197,pareto auto mcdm,y_any_risk
20366,0.5091627290682267,0.8947756064028283,0.7268267389917039,0.802103965843567,score threshold,0.198,pareto auto mcdm,y_any_risk
20313,0.5078376959423986,0.8951902722394526,0.725271218889598,0.801322022694723,score threshold,0.199,pareto auto mcdm,y_any_risk
20301,0.507537688442211,0.8952268361164475,0.7248723675813656,0.8010931611310691,score threshold,0.2,pareto auto mcdm,y_any_risk
20297,0.5074376859421486,0.8952061881066168,0.7247128270580727,0.8009874583967026,score threshold,0.201,pareto auto mcdm,y_any_risk
20283,0.5070876771919298,0.8951831583099147,0.7241943203573707,0.8006614485723735,score threshold,0.202,pareto auto mcdm,y_any_risk
20275,0.5068876721918048,0.8952897657213317,0.7239948947032546,0.8005821774318036,score threshold,0.203,pareto auto mcdm,y_any_risk
20258,0.5064626615665392,0.8954980748346333,0.7235561582641991,0.800397088021178,score threshold,0.20400000000000001,pareto auto mcdm,y_any_risk
20209,0.5052376309407736,0.8952446929585828,0.7216017868538609,0.7990989598286257,score threshold,0.20500000000000002,pareto auto mcdm,y_any_risk
20206,0.5051626290657266,0.8952786301098683,0.7215220165922144,0.799063562878219,score threshold,0.20600000000000002,pareto auto mcdm,y_any_risk
20203,0.5050876271906798,0.8952630797406326,0.7214023611997448,0.7989839867476533,score threshold,0.20700000000000002,pareto auto mcdm,y_any_risk
20194,0.5048626215655392,0.8954144795483807,0.7212029355456286,0.7989219281579993,score threshold,0.20800000000000002,pareto auto mcdm,y_any_risk
20175,0.5043876096902422,0.8958612143742255,0.7208838544990428,0.7989037947267222,score threshold,0.20900000000000002,pareto auto mcdm,y_any_risk
20166,0.5041626040651016,0.8961122681741546,0.7207641991065731,0.7989301030107432,score threshold,0.21,pareto auto mcdm,y_any_risk
20165,0.504137603440086,0.8961567071658815,0.7207641991065731,0.7989477639984968,score threshold,0.211,pareto auto mcdm,y_any_risk
20139,0.5034875871896798,0.8964198818213417,0.720046266751755,0.7986109575103404,score threshold,0.212,pareto auto mcdm,y_any_risk
20124,0.5031125778144454,0.896640826873385,0.7196873005743459,0.7984777413930436,score threshold,0.213,pareto auto mcdm,y_any_risk
20118,0.5029625740643516,0.8967094144547172,0.719527760051053,0.7984067271520248,score threshold,0.214,pareto auto mcdm,y_any_risk
20054,0.5013625340633516,0.8968285628802234,0.7173340778557754,0.7971014492753623,score threshold,0.215,pareto auto mcdm,y_any_risk
20023,0.5005875146878672,0.8972181990710683,0.7165363752393108,0.7967623905089256,score threshold,0.216,pareto auto mcdm,y_any_risk
19991,0.49978749468736716,0.897503876744535,0.7156190172303765,0.7963073918735992,score threshold,0.217,pareto auto mcdm,y_any_risk
19963,0.4990874771869297,0.8977608575865351,0.714821314613912,0.7959142888864217,score threshold,0.218,pareto auto mcdm,y_any_risk
19799,0.4949873746843671,0.897419061568766,0.7086790044671346,0.791959171848187,score threshold,0.219,pareto auto mcdm,y_any_risk
19797,0.49493737343433586,0.8974592109915643,0.7086391193363114,0.7919498985936838,score threshold,0.22,pareto auto mcdm,y_any_risk
19785,0.49463736593414837,0.8977508213292898,0.7084396936821953,0.7919388278306618,score threshold,0.221,pareto auto mcdm,y_any_risk
19777,0.49443736093402335,0.8979117156292663,0.7082801531589024,0.791901714642467,score threshold,0.222,pareto auto mcdm,y_any_risk
19770,0.494262356558914,0.8978755690440061,0.7080009572431397,0.7917131260871504,score threshold,0.223,pareto auto mcdm,y_any_risk
19759,0.4939873496837421,0.8979705450680703,0.7076818761965539,0.7915504896165599,score threshold,0.224,pareto auto mcdm,y_any_risk
19754,0.49386234655866396,0.8980459653741014,0.7075622208040843,0.7915049301744523,score threshold,0.225,pareto auto mcdm,y_any_risk
19713,0.49283732093302335,0.897986100542789,0.7060465858328016,0.7905325443786982,score threshold,0.226,pareto auto mcdm,y_any_risk
19701,0.4925373134328358,0.8981777574742399,0.7057673899170389,0.7904317334107609,score threshold,0.227,pareto auto mcdm,y_any_risk
19695,0.4923873096827421,0.8982990606752983,0.7056477345245692,0.7904036455424754,score threshold,0.228,pareto auto mcdm,y_any_risk
19691,0.49228730718267955,0.8983291859225027,0.7055280791320996,0.790340236355919,score threshold,0.229,pareto auto mcdm,y_any_risk
19687,0.49218730468261707,0.8983593234113882,0.7054084237396299,0.7902768158359212,score threshold,0.23,pareto auto mcdm,y_any_risk
19686,0.4921623040576014,0.8983541603169766,0.7053685386088067,0.7902497877474418,score threshold,0.231,pareto auto mcdm,y_any_risk
19684,0.4921123028075702,0.8983438325543589,0.7052887683471601,0.7901957279470909,score threshold,0.232,pareto auto mcdm,y_any_risk
19681,0.4920373009325233,0.8983791474010467,0.7052089980855137,0.79015931892834,score threshold,0.233,pareto auto mcdm,y_any_risk
19663,0.4915872896822421,0.8984386919595179,0.7046107211231653,0.789806639096904,score threshold,0.234,pareto auto mcdm,y_any_risk
19663,0.4915872896822421,0.8984386919595179,0.7046107211231653,0.789806639096904,score threshold,0.23500000000000001,pareto auto mcdm,y_any_risk
19660,0.4915122878071952,0.8984231943031536,0.7044910657306956,0.7897254761691854,score threshold,0.23600000000000002,pareto auto mcdm,y_any_risk
19660,0.4915122878071952,0.8984231943031536,0.7044910657306956,0.7897254761691854,score threshold,0.23700000000000002,pareto auto mcdm,y_any_risk
19638,0.49096227405685144,0.8986658519197475,0.7038927887683472,0.7894430776112726,score threshold,0.23800000000000002,pareto auto mcdm,y_any_risk
19628,0.4907122678066952,0.8988689627063379,0.703693363114231,0.7893959731543624,score threshold,0.23900000000000002,pareto auto mcdm,y_any_risk
19627,0.49068726718167954,0.8988638100575738,0.7036534779834078,0.7893688896843329,score threshold,0.24000000000000002,pareto auto mcdm,y_any_risk
19627,0.49068726718167954,0.8988638100575738,0.7036534779834078,0.7893688896843329,score threshold,0.241,pareto auto mcdm,y_any_risk
19626,0.4906622665566639,0.8989096097014165,0.7036534779834078,0.7893865497337689,score threshold,0.242,pareto auto mcdm,y_any_risk
19626,0.4906622665566639,0.8989096097014165,0.7036534779834078,0.7893865497337689,score threshold,0.243,pareto auto mcdm,y_any_risk
19623,0.49058726468161706,0.8988941548183255,0.7035338225909381,0.7893052914196219,score threshold,0.244,pareto auto mcdm,y_any_risk
19615,0.49038725968149205,0.8989039000764721,0.7032546266751755,0.7891333049880278,score threshold,0.245,pareto auto mcdm,y_any_risk
19613,0.4903372584314608,0.8989445775760975,0.7032147415443523,0.7891238670694865,score threshold,0.246,pareto auto mcdm,y_any_risk
19602,0.4900622515562889,0.8989388837873686,0.70281589023612,0.7888704839503962,score threshold,0.247,pareto auto mcdm,y_any_risk
19601,0.49003725093127326,0.898933727871027,0.7027760051052967,0.7888433729545811,score threshold,0.248,pareto auto mcdm,y_any_risk
19487,0.487187179679492,0.898342484733412,0.6982291001914487,0.7857447429251105,score threshold,0.249,pareto auto mcdm,y_any_risk
19487,0.487187179679492,0.898342484733412,0.6982291001914487,0.7857447429251105,score threshold,0.25,pareto auto mcdm,y_any_risk
19486,0.48716217905447634,0.8983372677819973,0.6981892150606254,0.7857174918084294,score threshold,0.251,pareto auto mcdm,y_any_risk
19483,0.4870871771794295,0.8983216137145204,0.6980695596681558,0.7856357311188419,score threshold,0.252,pareto auto mcdm,y_any_risk
19480,0.4870121753043826,0.898305954825462,0.697949904275686,0.7855539594182079,score threshold,0.253,pareto auto mcdm,y_any_risk
19480,0.4870121753043826,0.898305954825462,0.697949904275686,0.7855539594182079,score threshold,0.254,pareto auto mcdm,y_any_risk
19477,0.48693717342933573,0.8983929763310572,0.6979100191448628,0.7855619654762171,score threshold,0.255,pareto auto mcdm,y_any_risk
19447,0.486187154678867,0.8982362318095336,0.696713465220166,0.7847435926233743,score threshold,0.256,pareto auto mcdm,y_any_risk
19447,0.486187154678867,0.8982362318095336,0.696713465220166,0.7847435926233743,score threshold,0.257,pareto auto mcdm,y_any_risk
19447,0.486187154678867,0.8982362318095336,0.696713465220166,0.7847435926233743,score threshold,0.258,pareto auto mcdm,y_any_risk
19447,0.486187154678867,0.8982362318095336,0.696713465220166,0.7847435926233743,score threshold,0.259,pareto auto mcdm,y_any_risk
19446,0.4861621540538513,0.898282423120436,0.696713465220166,0.7847612201806011,score threshold,0.26,pareto auto mcdm,y_any_risk
19443,0.4860871521788045,0.8983695931697784,0.6966735800893427,0.7847691789284511,score threshold,0.261,pareto auto mcdm,y_any_risk
19441,0.4860371509287732,0.8983591379044288,0.6965938098276963,0.7847145777637994,score threshold,0.262,pareto auto mcdm,y_any_risk
19441,0.4860371509287732,0.8983591379044288,0.6965938098276963,0.7847145777637994,score threshold,0.263,pareto auto mcdm,y_any_risk
19441,0.4860371509287732,0.8983591379044288,0.6965938098276963,0.7847145777637994,score threshold,0.264,pareto auto mcdm,y_any_risk
19441,0.4860371509287732,0.8983591379044288,0.6965938098276963,0.7847145777637994,score threshold,0.265,pareto auto mcdm,y_any_risk
19439,0.48598714967874196,0.8983486804876794,0.6965140395660497,0.7846599716923907,score threshold,0.266,pareto auto mcdm,y_any_risk
19439,0.48598714967874196,0.8983486804876794,0.6965140395660497,0.7846599716923907,score threshold,0.267,pareto auto mcdm,y_any_risk
19439,0.48598714967874196,0.8983486804876794,0.6965140395660497,0.7846599716923907,score threshold,0.268,pareto auto mcdm,y_any_risk
19439,0.48598714967874196,0.8983486804876794,0.6965140395660497,0.7846599716923907,score threshold,0.269,pareto auto mcdm,y_any_risk
19439,0.48598714967874196,0.8983486804876794,0.6965140395660497,0.7846599716923907,score threshold,0.27,pareto auto mcdm,y_any_risk
19439,0.48598714967874196,0.8983486804876794,0.6965140395660497,0.7846599716923907,score threshold,0.271,pareto auto mcdm,y_any_risk
19439,0.48598714967874196,0.8983486804876794,0.6965140395660497,0.7846599716923907,score threshold,0.272,pareto auto mcdm,y_any_risk
19436,0.48591214780369507,0.8984873430747067,0.6965140395660497,0.7847128606093287,score threshold,0.273,pareto auto mcdm,y_any_risk
19430,0.48576214405360135,0.8986618630983016,0.6964342693044033,0.784728776234776,score threshold,0.274,pareto auto mcdm,y_any_risk
19424,0.4856121403035076,0.8987850082372323,0.6963146139119336,0.7846997482919813,score threshold,0.275,pareto auto mcdm,y_any_risk
19422,0.48556213905347634,0.8987745855215735,0.6962348436502872,0.7846451206904301,score threshold,0.276,pareto auto mcdm,y_any_risk
19421,0.4855371384284607,0.8988208640131816,0.6962348436502872,0.7846627559391365,score threshold,0.277,pareto auto mcdm,y_any_risk
19414,0.4853621340533513,0.8988358916246008,0.6959955328653478,0.7845164770939171,score threshold,0.278,pareto auto mcdm,y_any_risk
19411,0.48528713217830444,0.8988717737365411,0.6959157626037014,0.7844794640649236,score threshold,0.279,pareto auto mcdm,y_any_risk
19410,0.48526213155328884,0.8989180834621329,0.6959157626037014,0.7844970999505418,score threshold,0.28,pareto auto mcdm,y_any_risk
19405,0.4851371284282107,0.899046637464571,0.6958359923420548,0.784495357150887,score threshold,0.281,pareto auto mcdm,y_any_risk
19405,0.4851371284282107,0.899046637464571,0.6958359923420548,0.784495357150887,score threshold,0.28200000000000003,pareto auto mcdm,y_any_risk
19401,0.4850371259281482,0.8992319983506005,0.6958359923420548,0.7845659163987139,score threshold,0.28300000000000003,pareto auto mcdm,y_any_risk
19400,0.4850121253031326,0.8992268041237114,0.6957961072112316,0.7845385860766325,score threshold,0.28400000000000003,pareto auto mcdm,y_any_risk
19399,0.48498712467811694,0.8992731584102274,0.6957961072112316,0.7845562276539767,score threshold,0.28500000000000003,pareto auto mcdm,y_any_risk
19395,0.48488712217805446,0.8993555039958753,0.6957163369495852,0.7845368475498684,score threshold,0.28600000000000003,pareto auto mcdm,y_any_risk
19392,0.4848121203030076,0.8994430693069307,0.6956764518187619,0.7845448002878733,score threshold,0.28700000000000003,pareto auto mcdm,y_any_risk
19383,0.48458711467786697,0.899705927874942,0.6955567964262923,0.7845686649420762,score threshold,0.28800000000000003,pareto auto mcdm,y_any_risk
19383,0.48458711467786697,0.899705927874942,0.6955567964262923,0.7845686649420762,score threshold,0.28900000000000003,pareto auto mcdm,y_any_risk
19371,0.4842871071776794,0.8998502916731196,0.6952377153797065,0.7844204936660442,score threshold,0.29,pareto auto mcdm,y_any_risk
19368,0.4842121053026326,0.8998347790169352,0.6951180599872367,0.7843384338433843,score threshold,0.291,pareto auto mcdm,y_any_risk
19367,0.48418710467761694,0.8998296070635617,0.6950781748564135,0.7843110781070681,score threshold,0.292,pareto auto mcdm,y_any_risk
19366,0.4841621040526013,0.8998760714654549,0.6950781748564135,0.7843287276655115,score threshold,0.293,pareto auto mcdm,y_any_risk
19362,0.4840621015525388,0.9000103295114141,0.6950382897255903,0.7843543232659675,score threshold,0.294,pareto auto mcdm,y_any_risk
19353,0.4838370959273982,0.9000671730481062,0.6947590938098277,0.784198086662915,score threshold,0.295,pareto auto mcdm,y_any_risk
19352,0.48381209530238256,0.9000620090946673,0.6947192086790045,0.784170718530524,score threshold,0.296,pareto auto mcdm,y_any_risk
19350,0.4837620940523513,0.9000516795865633,0.694639438417358,0.7841159785691775,score threshold,0.297,pareto auto mcdm,y_any_risk
19349,0.4837370934273357,0.900098196289214,0.694639438417358,0.7841336304900836,score threshold,0.298,pareto auto mcdm,y_any_risk
19347,0.48368709217730443,0.9000878689202461,0.6945596681557116,0.7840788851617551,score threshold,0.299,pareto auto mcdm,y_any_risk
19330,0.4832620815520388,0.9003103983445422,0.694120931716656,0.7838836088464484,score threshold,0.3,pareto auto mcdm,y_any_risk
19327,0.4831870796769919,0.9003466652869043,0.6940411614550096,0.783846483028897,score threshold,0.301,pareto auto mcdm,y_any_risk
19327,0.4831870796769919,0.9003466652869043,0.6940411614550096,0.783846483028897,score threshold,0.302,pareto auto mcdm,y_any_risk
19326,0.4831620790519763,0.9003415088481838,0.6940012763241863,0.7838190909500428,score threshold,0.303,pareto auto mcdm,y_any_risk
19325,0.4831370784269607,0.9003363518758085,0.6939613911933631,0.7837916976372278,score threshold,0.304,pareto auto mcdm,y_any_risk
19325,0.4831370784269607,0.9003363518758085,0.6939613911933631,0.7837916976372278,score threshold,0.305,pareto auto mcdm,y_any_risk
19311,0.4827870696767419,0.9003676660970431,0.6934827696234843,0.7834981862424802,score threshold,0.306,pareto auto mcdm,y_any_risk
19307,0.4826870671766794,0.900347024395297,0.6933232291001914,0.7833885396245972,score threshold,0.307,pareto auto mcdm,y_any_risk
19304,0.48261206530163253,0.9003315375051802,0.6932035737077218,0.7833062916892014,score threshold,0.308,pareto auto mcdm,y_any_risk
19295,0.4823870596764919,0.9003368748380409,0.6928844926611359,0.783104559695269,score threshold,0.309,pareto auto mcdm,y_any_risk
19265,0.48163704092602316,0.9001816766156242,0.6916879387364391,0.7822811647157002,score threshold,0.31,pareto auto mcdm,y_any_risk
19226,0.48066201655041374,0.9001352335379174,0.6902520740268028,0.7813445302270983,score threshold,0.311,pareto auto mcdm,y_any_risk
19221,0.4805370134253356,0.9002133083606472,0.6901324186343332,0.7812972704490552,score threshold,0.312,pareto auto mcdm,y_any_risk
19218,0.4804620115502888,0.9001977312935789,0.6900127632418634,0.7812147211560172,score threshold,0.313,pareto auto mcdm,y_any_risk
19216,0.4804120103002575,0.9001873438800999,0.6899329929802169,0.7811596820809249,score threshold,0.314,pareto auto mcdm,y_any_risk
19216,0.4804120103002575,0.9001873438800999,0.6899329929802169,0.7811596820809249,score threshold,0.315,pareto auto mcdm,y_any_risk
19213,0.48033700842521065,0.9003279029823557,0.6899329929802169,0.7812126002032291,score threshold,0.316,pareto auto mcdm,y_any_risk
19175,0.4793869846746169,0.9001825293350717,0.6884572431397575,0.780211087757362,score threshold,0.317,pareto auto mcdm,y_any_risk
19170,0.47926198154953875,0.9002608242044862,0.6883375877472878,0.780163645404819,score threshold,0.318,pareto auto mcdm,y_any_risk
19169,0.4792369809245231,0.900307788617038,0.6883375877472878,0.7801812798083226,score threshold,0.319,pareto auto mcdm,y_any_risk
19165,0.4791369784244606,0.9003913383772502,0.6882578174856413,0.7801614033501367,score threshold,0.32,pareto auto mcdm,y_any_risk
19161,0.4790369759243981,0.900422733677783,0.6881381620931717,0.7800963081861958,score threshold,0.321,pareto auto mcdm,y_any_risk
19142,0.47856196404910123,0.9003238950997806,0.6873803446075303,0.7795720812412358,score threshold,0.322,pareto auto mcdm,y_any_risk
19141,0.4785369634240856,0.9003709315082806,0.6873803446075303,0.7795897134327008,score threshold,0.323,pareto auto mcdm,y_any_risk
19141,0.4785369634240856,0.9003709315082806,0.6873803446075303,0.7795897134327008,score threshold,0.324,pareto auto mcdm,y_any_risk
19141,0.4785369634240856,0.9003709315082806,0.6873803446075303,0.7795897134327008,score threshold,0.325,pareto auto mcdm,y_any_risk
19139,0.47848696217405434,0.9003605204033649,0.6873005743458839,0.7795345049874466,score threshold,0.326,pareto auto mcdm,y_any_risk
19139,0.47848696217405434,0.9003605204033649,0.6873005743458839,0.7795345049874466,score threshold,0.327,pareto auto mcdm,y_any_risk
19139,0.47848696217405434,0.9003605204033649,0.6873005743458839,0.7795345049874466,score threshold,0.328,pareto auto mcdm,y_any_risk
19132,0.478311957798945,0.9003240643947313,0.6870213784301212,0.7793412360872319,score threshold,0.329,pareto auto mcdm,y_any_risk
19130,0.47826195654891374,0.9003136434918976,0.6869416081684748,0.7792860051581376,score threshold,0.33,pareto auto mcdm,y_any_risk
19130,0.47826195654891374,0.9003136434918976,0.6869416081684748,0.7792860051581376,score threshold,0.331,pareto auto mcdm,y_any_risk
19129,0.4782369559238981,0.9003084322233258,0.6869017230376515,0.7792583878192801,score threshold,0.332,pareto auto mcdm,y_any_risk
19125,0.4781369534238356,0.9003398692810457,0.6867820676451819,0.7791931579066452,score threshold,0.333,pareto auto mcdm,y_any_risk
19117,0.4779369484237106,0.9004550923262018,0.6865826419910658,0.7791079227862138,score threshold,0.334,pareto auto mcdm,y_any_risk
19115,0.47788694717367936,0.9005493068270991,0.6865826419910658,0.7791431869101773,score threshold,0.335,pareto auto mcdm,y_any_risk
19113,0.4778369459236481,0.9005912206351698,0.6865427568602425,0.7791331899966052,score threshold,0.336,pareto auto mcdm,y_any_risk
19111,0.4777869446736168,0.9005808173303333,0.6864629865985961,0.7790779258991014,score threshold,0.337,pareto auto mcdm,y_any_risk
19110,0.47776194404860123,0.9005756148613292,0.6864231014677729,0.7790502919741071,score threshold,0.338,pareto auto mcdm,y_any_risk
19110,0.47776194404860123,0.9005756148613292,0.6864231014677729,0.7790502919741071,score threshold,0.339,pareto auto mcdm,y_any_risk
19106,0.4776619415485387,0.9006594786977913,0.6863433312061263,0.779030286567975,score threshold,0.34,pareto auto mcdm,y_any_risk
19105,0.4776369409235231,0.900654278984559,0.6863034460753031,0.7790026484369694,score threshold,0.341,pareto auto mcdm,y_any_risk
19104,0.47761194029850745,0.9007014237855946,0.6863034460753031,0.7790202825063383,score threshold,0.342,pareto auto mcdm,y_any_risk
19104,0.47761194029850745,0.9007014237855946,0.6863034460753031,0.7790202825063383,score threshold,0.343,pareto auto mcdm,y_any_risk
19103,0.47758693967349186,0.9007485735224834,0.6863034460753031,0.7790379173740803,score threshold,0.34400000000000003,pareto auto mcdm,y_any_risk
19101,0.47753693842346057,0.9007905345269881,0.6862635609444799,0.7790279129785163,score threshold,0.34500000000000003,pareto auto mcdm,y_any_risk
19081,0.47703692592314806,0.9011058120643572,0.6857849393746012,0.778837225103617,score threshold,0.34600000000000003,pareto auto mcdm,y_any_risk
19070,0.4767619190479762,0.9012060828526481,0.6854658583280153,0.7786688414661773,score threshold,0.34700000000000003,pareto auto mcdm,y_any_risk
19060,0.47651191279781996,0.9015739769150053,0.6853860880663688,0.7787546451554428,score threshold,0.34800000000000003,pareto auto mcdm,y_any_risk
19056,0.4764119102977574,0.9015533165407221,0.685226547543076,0.7786439448875997,score threshold,0.34900000000000003,pareto auto mcdm,y_any_risk
19047,0.4761869046726168,0.9017168057961884,0.6850271218889598,0.778576123665541,score threshold,0.35000000000000003,pareto auto mcdm,y_any_risk
18993,0.47483687092177307,0.90149002263992,0.6829132099553287,0.7771247021445592,score threshold,0.35100000000000003,pareto auto mcdm,y_any_risk
18972,0.4743118577964449,0.9018026565464896,0.6823947032546267,0.7769049132685496,score threshold,0.35200000000000004,pareto auto mcdm,y_any_risk
18968,0.47421185529638243,0.901940109658372,0.6823548181238035,0.776930063578565,score threshold,0.353,pareto auto mcdm,y_any_risk
18964,0.4741118527963199,0.9020248892638684,0.682275047862157,0.7769098010718503,score threshold,0.354,pareto auto mcdm,y_any_risk
18962,0.47406185154628866,0.9020672924796962,0.6822351627313338,0.7768996684380252,score threshold,0.355,pareto auto mcdm,y_any_risk
18955,0.4738868471711793,0.9021366394091269,0.6820357370772177,0.7767960569650442,score threshold,0.356,pareto auto mcdm,y_any_risk
18941,0.4735368384209605,0.9023282825616388,0.6816767708998086,0.7766341762661032,score threshold,0.357,pareto auto mcdm,y_any_risk
18905,0.472636815920398,0.9028828352287754,0.6807992980216975,0.7762694135570867,score threshold,0.358,pareto auto mcdm,y_any_risk
18887,0.47218680467011676,0.9034256366813151,0.6805599872367581,0.7763142928638049,score threshold,0.359,pareto auto mcdm,y_any_risk
18880,0.4720118002950074,0.9036016949152542,0.6804403318442884,0.7763014197306152,score threshold,0.36,pareto auto mcdm,y_any_risk
18866,0.4716617915447886,0.9038481925156366,0.6801212507977026,0.776184623788065,score threshold,0.361,pareto auto mcdm,y_any_risk
18858,0.47146178654466364,0.9039664863718316,0.6799218251435865,0.7760983382654223,score threshold,0.362,pareto auto mcdm,y_any_risk
18825,0.470636765919148,0.9044887118193891,0.6791241225271218,0.775770553796387,score threshold,0.363,pareto auto mcdm,y_any_risk
18784,0.46961174029350733,0.9053982112436116,0.6783264199106573,0.7755837285662167,score threshold,0.364,pareto auto mcdm,y_any_risk
18771,0.4692867321683042,0.9057056097171168,0.6780871091257179,0.7755399949820952,score threshold,0.365,pareto auto mcdm,y_any_risk
18761,0.46903672591814793,0.9059751612387399,0.677927568602425,0.775534414710378,score threshold,0.366,pareto auto mcdm,y_any_risk
18734,0.46836170904272606,0.9062666809010356,0.6771697511167837,0.7751449573117838,score threshold,0.367,pareto auto mcdm,y_any_risk
18731,0.4682867071676792,0.9063050557898671,0.6770899808551372,0.7751067278496907,score threshold,0.368,pareto auto mcdm,y_any_risk
18706,0.46766169154228854,0.906500588046616,0.6763321633694959,0.774681346795194,score threshold,0.369,pareto auto mcdm,y_any_risk
18683,0.4670866771669292,0.9068672054809185,0.6757737715379707,0.774448634441778,score threshold,0.37,pareto auto mcdm,y_any_risk
18680,0.4670116752918823,0.9068522483940042,0.675654116145501,0.7743646004754068,score threshold,0.371,pareto auto mcdm,y_any_risk
18675,0.4668866721668042,0.9069879518072289,0.6755743458838545,0.7743616705145495,score threshold,0.372,pareto auto mcdm,y_any_risk
18674,0.46686167154178854,0.907036521366606,0.6755743458838545,0.7743793718282814,score threshold,0.373,pareto auto mcdm,y_any_risk
18642,0.46606165154128854,0.9071987984121875,0.6745373324824505,0.7737566912202041,score threshold,0.374,pareto auto mcdm,y_any_risk
18579,0.4644866121653041,0.9073685343667581,0.6723835354179962,0.7723992577489633,score threshold,0.375,pareto auto mcdm,y_any_risk
18543,0.46358658966474164,0.9075661974869222,0.6712268666241226,0.7717069815430471,score threshold,0.376,pareto auto mcdm,y_any_risk
18534,0.463361584039601,0.9076292219704327,0.6709476707083599,0.7715452002018071,score threshold,0.377,pareto auto mcdm,y_any_risk
18527,0.4631865796644916,0.9075943218006153,0.6706684747925973,0.7713479666964839,score threshold,0.378,pareto auto mcdm,y_any_risk
18429,0.4607365184129603,0.9071029355906451,0.6667597319719208,0.7685800326429277,score threshold,0.379,pareto auto mcdm,y_any_risk
18389,0.4597364934123353,0.9076078090162597,0.6656828334396937,0.7680449138307909,score threshold,0.38,pareto auto mcdm,y_any_risk
18377,0.4594364859121478,0.9076563095173314,0.6652839821314613,0.7677967271974039,score threshold,0.381,pareto auto mcdm,y_any_risk
18375,0.45938648466211657,0.9076462585034014,0.6652042118698149,0.7677400050636407,score threshold,0.382,pareto auto mcdm,y_any_risk
18372,0.4593114827870697,0.9076311778793816,0.6650845564773452,0.7676549120707117,score threshold,0.383,pareto auto mcdm,y_any_risk
18372,0.4593114827870697,0.9076311778793816,0.6650845564773452,0.7676549120707117,score threshold,0.384,pareto auto mcdm,y_any_risk
18372,0.4593114827870697,0.9076311778793816,0.6650845564773452,0.7676549120707117,score threshold,0.385,pareto auto mcdm,y_any_risk
18259,0.456486412160304,0.9081548825236869,0.6613752393107849,0.7653642888463225,score threshold,0.386,pareto auto mcdm,y_any_risk
18237,0.45593639840996025,0.9080989197784723,0.6605376515634971,0.7647833013923203,score threshold,0.387,pareto auto mcdm,y_any_risk
18226,0.45566139153478835,0.9080983210797762,0.6601388002552648,0.7645156820176452,score threshold,0.388,pareto auto mcdm,y_any_risk
18191,0.45478636965924146,0.9080864163597383,0.6588624760689215,0.763654855188036,score threshold,0.389,pareto auto mcdm,y_any_risk
18170,0.45426135653391336,0.9079801871216291,0.6580248883216337,0.7630544378150872,score threshold,0.39,pareto auto mcdm,y_any_risk
18136,0.45341133528338207,0.9078628142920159,0.6567086790044672,0.7621273838178115,score threshold,0.391,pareto auto mcdm,y_any_risk
18135,0.4533863346583665,0.9078577336641853,0.6566687938736439,0.7620987340014349,score threshold,0.392,pareto auto mcdm,y_any_risk
18135,0.4533863346583665,0.9078577336641853,0.6566687938736439,0.7620987340014349,score threshold,0.393,pareto auto mcdm,y_any_risk
18132,0.4533113327833196,0.9078424884182661,0.6565491384811742,0.7620127765947597,score threshold,0.394,pareto auto mcdm,y_any_risk
18131,0.45328633215830394,0.9078374055485081,0.656509253350351,0.7619841214730458,score threshold,0.395,pareto auto mcdm,y_any_risk
18131,0.45328633215830394,0.9078374055485081,0.656509253350351,0.7619841214730458,score threshold,0.396,pareto auto mcdm,y_any_risk
17863,0.4465861646541164,0.9064546828640206,0.6458200382897256,0.7542564341446373,score threshold,0.397,pareto auto mcdm,y_any_risk
17855,0.44638615965399137,0.9064127695323438,0.6455009572431397,0.754024273767093,score threshold,0.398,pareto auto mcdm,y_any_risk
17854,0.4463611590289757,0.9064635375826146,0.6455009572431397,0.7540418394446257,score threshold,0.399,pareto auto mcdm,y_any_risk
17854,0.4463611590289757,0.9064635375826146,0.6455009572431397,0.7540418394446257,score threshold,0.4,pareto auto mcdm,y_any_risk
17854,0.4463611590289757,0.9064635375826146,0.6455009572431397,0.7540418394446257,score threshold,0.401,pareto auto mcdm,y_any_risk
17854,0.4463611590289757,0.9064635375826146,0.6455009572431397,0.7540418394446257,score threshold,0.402,pareto auto mcdm,y_any_risk
17854,0.4463611590289757,0.9064635375826146,0.6455009572431397,0.7540418394446257,score threshold,0.403,pareto auto mcdm,y_any_risk
17854,0.4463611590289757,0.9064635375826146,0.6455009572431397,0.7540418394446257,score threshold,0.404,pareto auto mcdm,y_any_risk
17846,0.4461611540288507,0.9067017819119131,0.6453813018506701,0.7540425928514842,score threshold,0.405,pareto auto mcdm,y_any_risk
17845,0.4461361534038351,0.9066965536564864,0.6453414167198468,0.75401356105972,score threshold,0.406,pareto auto mcdm,y_any_risk
17830,0.44576114402860073,0.9069545709478407,0.6449824505424377,0.7538576290149643,score threshold,0.40700000000000003,pareto auto mcdm,y_any_risk
17828,0.4457111427785695,0.9070002243661656,0.6449425654116145,0.7538461538461538,score threshold,0.40800000000000003,pareto auto mcdm,y_any_risk
17826,0.4456611415285382,0.9069897901940985,0.6448627951499681,0.7537880553871975,score threshold,0.40900000000000003,pareto auto mcdm,y_any_risk
17822,0.4455611390284757,0.9070811356750084,0.6447830248883216,0.7537650953513312,score threshold,0.41000000000000003,pareto auto mcdm,y_any_risk
17817,0.4454361359033976,0.9071111859460066,0.6446234843650287,0.7536664412786496,score threshold,0.41100000000000003,pareto auto mcdm,y_any_risk
17811,0.4452861321533038,0.9071921846050194,0.6444639438417358,0.7535853368467691,score threshold,0.41200000000000003,pareto auto mcdm,y_any_risk
17800,0.44501112527813197,0.9074157303370787,0.6442246330567964,0.7534987870871431,score threshold,0.41300000000000003,pareto auto mcdm,y_any_risk
17799,0.4449861246531163,0.9074105286813866,0.6441847479259732,0.7534697114599613,score threshold,0.41400000000000003,pareto auto mcdm,y_any_risk
17786,0.4446611165279132,0.907567749915664,0.6438257817485641,0.753278267767978,score threshold,0.41500000000000004,pareto auto mcdm,y_any_risk
17777,0.4444361109027726,0.9076334589638296,0.6435465858328016,0.7531097575205956,score threshold,0.41600000000000004,pareto auto mcdm,y_any_risk
17774,0.4443611090277257,0.9076741307527849,0.643466815571155,0.7530691313074733,score threshold,0.41700000000000004,pareto auto mcdm,y_any_risk
17770,0.4442611065276632,0.9077658975801913,0.6433870453095086,0.7530460762802857,score threshold,0.418,pareto auto mcdm,y_any_risk
17766,0.4441611040276007,0.9078577057300462,0.6433072750478621,0.7530230169475699,score threshold,0.419,pareto auto mcdm,y_any_risk
17761,0.44403610090252255,0.9079443725015484,0.6431876196553925,0.7529708402400018,score threshold,0.42,pareto auto mcdm,y_any_risk
17759,0.4439860996524913,0.9079340052930909,0.643107849393746,0.7529126100254488,score threshold,0.421,pareto auto mcdm,y_any_risk
17753,0.4438360959023976,0.9079592181603109,0.6429084237396299,0.752784588441331,score threshold,0.422,pareto auto mcdm,y_any_risk
17752,0.44381109527738194,0.9079540333483551,0.6428685386088067,0.7527554642256679,score threshold,0.423,pareto auto mcdm,y_any_risk
17750,0.4437610940273507,0.907943661971831,0.6427887683471601,0.7526972117136052,score threshold,0.424,pareto auto mcdm,y_any_risk
17741,0.44353608840221004,0.9081224282734908,0.642589342693044,0.7526218671898722,score threshold,0.425,pareto auto mcdm,y_any_risk
17735,0.4433860846521163,0.9082041161544968,0.6424298021697511,0.7525404723526526,score threshold,0.426,pareto auto mcdm,y_any_risk
17729,0.44323608090202254,0.9082294545659654,0.642230376515635,0.7524123268147941,score threshold,0.427,pareto auto mcdm,y_any_risk
17728,0.44321108027700695,0.9082242779783394,0.6421904913848118,0.7523831775700934,score threshold,0.428,pareto auto mcdm,y_any_risk
17728,0.44321108027700695,0.9082242779783394,0.6421904913848118,0.7523831775700934,score threshold,0.429,pareto auto mcdm,y_any_risk
17727,0.4431860796519913,0.9082191008066791,0.6421506062539886,0.7523540269632468,score threshold,0.43,pareto auto mcdm,y_any_risk
17686,0.44216105402635064,0.9087413773606242,0.6410338225909381,0.7517657514383274,score threshold,0.431,pareto auto mcdm,y_any_risk
17675,0.4418860471511788,0.9087411598302687,0.6406349712827059,0.7514913327251035,score threshold,0.432,pareto auto mcdm,y_any_risk
17646,0.4411610290257256,0.908931202538819,0.6397176132737715,0.7509246687579006,score threshold,0.433,pareto auto mcdm,y_any_risk
17632,0.4408110202755069,0.9088588929219601,0.6391592214422464,0.7505151742225553,score threshold,0.434,pareto auto mcdm,y_any_risk
17612,0.4403110077751944,0.9087553940495117,0.6383615188257817,0.7499297160528535,score threshold,0.435,pareto auto mcdm,y_any_risk
17590,0.43976099402485064,0.9086981239340535,0.6375239310784939,0.7493319581829263,score threshold,0.436,pareto auto mcdm,y_any_risk
17584,0.43961099027475686,0.9087238398544131,0.6373245054243778,0.7492029257314329,score threshold,0.437,pareto auto mcdm,y_any_risk
17583,0.43958598964974127,0.9087186486947619,0.6372846202935546,0.7491736021568398,score threshold,0.438,pareto auto mcdm,y_any_risk
17580,0.4395109877746944,0.908703071672355,0.6371649649010849,0.7490856231829691,score threshold,0.439,pareto auto mcdm,y_any_risk
17580,0.4395109877746944,0.908703071672355,0.6371649649010849,0.7490856231829691,score threshold,0.44,pareto auto mcdm,y_any_risk
17577,0.4394359858996475,0.9086874893326506,0.6370453095086152,0.7489976318319304,score threshold,0.441,pareto auto mcdm,y_any_risk
17489,0.43723593089827245,0.9084567442392361,0.6336949585194639,0.7465989990836681,score threshold,0.442,pareto auto mcdm,y_any_risk
17488,0.4372109302732568,0.9084515096065874,0.6336550733886407,0.7465695488721804,score threshold,0.443,pareto auto mcdm,y_any_risk
17301,0.43253581339533487,0.9080399976879949,0.6265954052329291,0.7415099237722135,score threshold,0.444,pareto auto mcdm,y_any_risk
17296,0.43241081027025674,0.9081290471785384,0.6264757498404595,0.7414558157099698,score threshold,0.445,pareto auto mcdm,y_any_risk
17289,0.4322358058951474,0.9082653710451732,0.6263162093171666,0.7413894856117655,score threshold,0.446,pareto auto mcdm,y_any_risk
17287,0.43218580464511613,0.9082547579105686,0.6262364390555201,0.7413300597275667,score threshold,0.447,pareto auto mcdm,y_any_risk
17285,0.4321358033950849,0.9083019959502459,0.6261965539246969,0.741317845928654,score threshold,0.448,pareto auto mcdm,y_any_risk
17280,0.43201080027000677,0.9083912037037037,0.6260768985322271,0.7412636947487722,score threshold,0.449,pareto auto mcdm,y_any_risk
17279,0.4319857996449911,0.908385901961919,0.6260370134014039,0.7412339732237727,score threshold,0.45,pareto auto mcdm,y_any_risk
17278,0.43196079901997547,0.9084384766755411,0.6260370134014039,0.7412514757969303,score threshold,0.451,pareto auto mcdm,y_any_risk
17274,0.431860796519913,0.908475164987843,0.6259173580089342,0.7411798044679545,score threshold,0.452,pareto auto mcdm,y_any_risk
17272,0.43181079526988175,0.9085224641037517,0.625877472878111,0.741167579822407,score threshold,0.453,pareto auto mcdm,y_any_risk
17268,0.4317107927698192,0.9085012740328932,0.6257179323548181,0.7410486537553141,score threshold,0.454,pareto auto mcdm,y_any_risk
17268,0.4317107927698192,0.9085012740328932,0.6257179323548181,0.7410486537553141,score threshold,0.455,pareto auto mcdm,y_any_risk
17267,0.4316857921448036,0.9085538889210633,0.6257179323548181,0.7410661564987364,score threshold,0.456,pareto auto mcdm,y_any_risk
17267,0.4316857921448036,0.9085538889210633,0.6257179323548181,0.7410661564987364,score threshold,0.457,pareto auto mcdm,y_any_risk
17263,0.4315857896447411,0.9085326999942073,0.6255583918315252,0.7409472068028817,score threshold,0.458,pareto auto mcdm,y_any_risk
17262,0.4315607890197255,0.9085274012281311,0.625518506700702,0.7409174658666793,score threshold,0.459,pareto auto mcdm,y_any_risk
17262,0.4315607890197255,0.9085274012281311,0.625518506700702,0.7409174658666793,score threshold,0.46,pareto auto mcdm,y_any_risk
17262,0.4315607890197255,0.9085274012281311,0.625518506700702,0.7409174658666793,score threshold,0.461,pareto auto mcdm,y_any_risk
17260,0.43151078776969426,0.9085168018539976,0.6254387364390556,0.7408579797788907,score threshold,0.462,pareto auto mcdm,y_any_risk
17258,0.43146078651966296,0.9085062000231776,0.625358966177409,0.7407984880699268,score threshold,0.463,pareto auto mcdm,y_any_risk
17255,0.43138578464461613,0.9085482468849608,0.6252791959157626,0.7407564911285941,score threshold,0.464,pareto auto mcdm,y_any_risk
17255,0.43138578464461613,0.9085482468849608,0.6252791959157626,0.7407564911285941,score threshold,0.465,pareto auto mcdm,y_any_risk
17255,0.43138578464461613,0.9085482468849608,0.6252791959157626,0.7407564911285941,score threshold,0.466,pareto auto mcdm,y_any_risk
17255,0.43138578464461613,0.9085482468849608,0.6252791959157626,0.7407564911285941,score threshold,0.467,pareto auto mcdm,y_any_risk
17246,0.43116077901947547,0.9086744752406355,0.6250398851308232,0.7406304645777211,score threshold,0.468,pareto auto mcdm,y_any_risk
17217,0.43043576089402236,0.9086948945809374,0.6240028717294193,0.7399087233086619,score threshold,0.46900000000000003,pareto auto mcdm,y_any_risk
17203,0.43008575214380357,0.9086205894320758,0.6234444798978941,0.739491425192194,score threshold,0.47000000000000003,pareto auto mcdm,y_any_risk
17188,0.4297107427685692,0.9085408424482196,0.6228462029355456,0.7390440132513014,score threshold,0.47100000000000003,pareto auto mcdm,y_any_risk
17172,0.4293107327683192,0.9085138597717214,0.6222479259731972,0.7386137676356406,score threshold,0.47200000000000003,pareto auto mcdm,y_any_risk
17161,0.4290357258931473,0.9084552182273761,0.6218091895341417,0.7382852271920063,score threshold,0.47300000000000003,pareto auto mcdm,y_any_risk
17161,0.4290357258931473,0.9084552182273761,0.6218091895341417,0.7382852271920063,score threshold,0.47400000000000003,pareto auto mcdm,y_any_risk
17161,0.4290357258931473,0.9084552182273761,0.6218091895341417,0.7382852271920063,score threshold,0.47500000000000003,pareto auto mcdm,y_any_risk
17159,0.4289857246431161,0.9084445480505857,0.6217294192724953,0.7382254741777368,score threshold,0.47600000000000003,pareto auto mcdm,y_any_risk
17157,0.42893572339308483,0.9084338753861397,0.6216496490108487,0.7381657155035639,score threshold,0.47700000000000004,pareto auto mcdm,y_any_risk
17157,0.42893572339308483,0.9084338753861397,0.6216496490108487,0.7381657155035639,score threshold,0.47800000000000004,pareto auto mcdm,y_any_risk
17157,0.42893572339308483,0.9084338753861397,0.6216496490108487,0.7381657155035639,score threshold,0.47900000000000004,pareto auto mcdm,y_any_risk
16982,0.4245606140153504,0.90961017547992,0.6161056158264199,0.7346269082608076,score threshold,0.48000000000000004,pareto auto mcdm,y_any_risk
16940,0.42351058776469414,0.9100354191263282,0.6148691767708998,0.7338855565076645,score threshold,0.481,pareto auto mcdm,y_any_risk
16940,0.42351058776469414,0.9100354191263282,0.6148691767708998,0.7338855565076645,score threshold,0.482,pareto auto mcdm,y_any_risk
16940,0.42351058776469414,0.9100354191263282,0.6148691767708998,0.7338855565076645,score threshold,0.483,pareto auto mcdm,y_any_risk
16940,0.42351058776469414,0.9100354191263282,0.6148691767708998,0.7338855565076645,score threshold,0.484,pareto auto mcdm,y_any_risk
16940,0.42351058776469414,0.9100354191263282,0.6148691767708998,0.7338855565076645,score threshold,0.485,pareto auto mcdm,y_any_risk
16928,0.4232105802645066,0.9102079395085066,0.614550095724314,0.7337142857142858,score threshold,0.486,pareto auto mcdm,y_any_risk
16922,0.42306057651441287,0.91023519678525,0.6143506700701978,0.7335809877601562,score threshold,0.487,pareto auto mcdm,y_any_risk
16909,0.4227355683892097,0.9104618842036785,0.614031589023612,0.7334270265119935,score threshold,0.488,pareto auto mcdm,y_any_risk
16909,0.4227355683892097,0.9104618842036785,0.614031589023612,0.7334270265119935,score threshold,0.489,pareto auto mcdm,y_any_risk
16907,0.4226855671391785,0.9104512923641095,0.6139518187619656,0.7333666833416709,score threshold,0.49,pareto auto mcdm,y_any_risk
16865,0.42163554088852223,0.9114734657574859,0.6131142310146778,0.7330996494742114,score threshold,0.491,pareto auto mcdm,y_any_risk
16864,0.4216105402635066,0.9114682163187856,0.6130743458838545,0.7330694391453644,score threshold,0.492,pareto auto mcdm,y_any_risk
16862,0.42156053901347534,0.9114577155734789,0.612994575622208,0.7330090141651167,score threshold,0.493,pareto auto mcdm,y_any_risk
16862,0.42156053901347534,0.9114577155734789,0.612994575622208,0.7330090141651167,score threshold,0.494,pareto auto mcdm,y_any_risk
16862,0.42156053901347534,0.9114577155734789,0.612994575622208,0.7330090141651167,score threshold,0.495,pareto auto mcdm,y_any_risk
16862,0.42156053901347534,0.9114577155734789,0.612994575622208,0.7330090141651167,score threshold,0.496,pareto auto mcdm,y_any_risk
16856,0.42141053526338157,0.9115448504983389,0.6128350350989151,0.732923106277428,score threshold,0.497,pareto auto mcdm,y_any_risk
16854,0.42136053401335033,0.9115343538625845,0.6127552648372687,0.7328626627868149,score threshold,0.498,pareto auto mcdm,y_any_risk
16853,0.4213355333883347,0.9115884412270813,0.6127552648372687,0.7328801431127012,score threshold,0.499,pareto auto mcdm,y_any_risk
16853,0.4213355333883347,0.9115884412270813,0.6127552648372687,0.7328801431127012,score threshold,0.5,pareto auto mcdm,y_any_risk
16849,0.4212355308882722,0.9115674520743071,0.6125957243139758,0.7327592376136065,score threshold,0.501,pareto auto mcdm,y_any_risk
16846,0.4211605290132253,0.9115517036685267,0.6124760689215061,0.7326685433465338,score threshold,0.502,pareto auto mcdm,y_any_risk
16842,0.42106052651316284,0.9115306970668566,0.6123165283982132,0.7325475974614687,score threshold,0.503,pareto auto mcdm,y_any_risk
16842,0.42106052651316284,0.9115306970668566,0.6123165283982132,0.7325475974614687,score threshold,0.504,pareto auto mcdm,y_any_risk
16842,0.42106052651316284,0.9115306970668566,0.6123165283982132,0.7325475974614687,score threshold,0.505,pareto auto mcdm,y_any_risk
16842,0.42106052651316284,0.9115306970668566,0.6123165283982132,0.7325475974614687,score threshold,0.506,pareto auto mcdm,y_any_risk
16842,0.42106052651316284,0.9115306970668566,0.6123165283982132,0.7325475974614687,score threshold,0.507,pareto auto mcdm,y_any_risk
16821,0.4205355133878347,0.9115391474942037,0.6115587109125717,0.7320077339889719,score threshold,0.508,pareto auto mcdm,y_any_risk
16821,0.4205355133878347,0.9115391474942037,0.6115587109125717,0.7320077339889719,score threshold,0.509,pareto auto mcdm,y_any_risk
16782,0.4195604890122253,0.9113931593373853,0.610043075941289,0.7308739905385387,score threshold,0.51,pareto auto mcdm,y_any_risk
16775,0.41938548463711595,0.9113561847988078,0.6097638800255265,0.7306616961789375,score threshold,0.511,pareto auto mcdm,y_any_risk
16766,0.4191604790119753,0.9113086007395921,0.6094049138481175,0.7303886419044887,score threshold,0.512,pareto auto mcdm,y_any_risk
16765,0.4191354783869597,0.9113033104682374,0.6093650287172941,0.7303582952888591,score threshold,0.513,pareto auto mcdm,y_any_risk
16765,0.4191354783869597,0.9113033104682374,0.6093650287172941,0.7303582952888591,score threshold,0.514,pareto auto mcdm,y_any_risk
16765,0.4191354783869597,0.9113033104682374,0.6093650287172941,0.7303582952888591,score threshold,0.515,pareto auto mcdm,y_any_risk
16763,0.4190854771369284,0.9113523832249597,0.6093251435864709,0.7303454045655552,score threshold,0.516,pareto auto mcdm,y_any_risk
16763,0.4190854771369284,0.9113523832249597,0.6093251435864709,0.7303454045655552,score threshold,0.517,pareto auto mcdm,y_any_risk
16763,0.4190854771369284,0.9113523832249597,0.6093251435864709,0.7303454045655552,score threshold,0.518,pareto auto mcdm,y_any_risk
16478,0.41196029900747516,0.9138851802403204,0.600630185067007,0.7248616125150421,score threshold,0.519,pareto auto mcdm,y_any_risk
16478,0.41196029900747516,0.9138851802403204,0.600630185067007,0.7248616125150421,score threshold,0.52,pareto auto mcdm,y_any_risk
16478,0.41196029900747516,0.9138851802403204,0.600630185067007,0.7248616125150421,score threshold,0.521,pareto auto mcdm,y_any_risk
16478,0.41196029900747516,0.9138851802403204,0.600630185067007,0.7248616125150421,score threshold,0.522,pareto auto mcdm,y_any_risk
16478,0.41196029900747516,0.9138851802403204,0.600630185067007,0.7248616125150421,score threshold,0.523,pareto auto mcdm,y_any_risk
16478,0.41196029900747516,0.9138851802403204,0.600630185067007,0.7248616125150421,score threshold,0.524,pareto auto mcdm,y_any_risk
16478,0.41196029900747516,0.9138851802403204,0.600630185067007,0.7248616125150421,score threshold,0.525,pareto auto mcdm,y_any_risk
16478,0.41196029900747516,0.9138851802403204,0.600630185067007,0.7248616125150421,score threshold,0.526,pareto auto mcdm,y_any_risk
16461,0.41153528838220954,0.9142822428771035,0.600271218889598,0.7247249175354538,score threshold,0.527,pareto auto mcdm,y_any_risk
16455,0.4113852846321158,0.9144333029474324,0.6001515634971283,0.724685144604715,score threshold,0.528,pareto auto mcdm,y_any_risk
16453,0.4113352833820845,0.9144836807876983,0.6001116783663051,0.7246718844069837,score threshold,0.529,pareto auto mcdm,y_any_risk
16286,0.4071601790044751,0.9177821441729093,0.5961630504148053,0.7228105807824363,score threshold,0.53,pareto auto mcdm,y_any_risk
16252,0.40631015775394386,0.9186561653950283,0.5954850031908104,0.7225825186332397,score threshold,0.531,pareto auto mcdm,y_any_risk
16252,0.40631015775394386,0.9186561653950283,0.5954850031908104,0.7225825186332397,score threshold,0.532,pareto auto mcdm,y_any_risk
16236,0.40591014775369383,0.9188839615668883,0.595046266751755,0.7223298150479326,score threshold,0.533,pareto auto mcdm,y_any_risk
16236,0.40591014775369383,0.9188839615668883,0.595046266751755,0.7223298150479326,score threshold,0.534,pareto auto mcdm,y_any_risk
16235,0.40588514712867824,0.9188789651986449,0.5950063816209317,0.722298883966398,score threshold,0.535,pareto auto mcdm,y_any_risk
16228,0.4057101427535688,0.9189672171555336,0.5948069559668155,0.722179176755448,score threshold,0.536,pareto auto mcdm,y_any_risk
16228,0.4057101427535688,0.9189672171555336,0.5948069559668155,0.722179176755448,score threshold,0.537,pareto auto mcdm,y_any_risk
16227,0.4056851421285532,0.9189622234547359,0.5947670708359923,0.7221482360347709,score threshold,0.538,pareto auto mcdm,y_any_risk
16227,0.4056851421285532,0.9189622234547359,0.5947670708359923,0.7221482360347709,score threshold,0.539,pareto auto mcdm,y_any_risk
16223,0.4055851396284907,0.9190038833754546,0.5946474154435226,0.7220728901804092,score threshold,0.54,pareto auto mcdm,y_any_risk
16215,0.40538513462836573,0.918963922294172,0.5943283343969368,0.7218252718773464,score threshold,0.541,pareto auto mcdm,y_any_risk
16215,0.40538513462836573,0.918963922294172,0.5943283343969368,0.7218252718773464,score threshold,0.542,pareto auto mcdm,y_any_risk
16215,0.40538513462836573,0.918963922294172,0.5943283343969368,0.7218252718773464,score threshold,0.543,pareto auto mcdm,y_any_risk
16215,0.40538513462836573,0.918963922294172,0.5943283343969368,0.7218252718773464,score threshold,0.544,pareto auto mcdm,y_any_risk
16215,0.40538513462836573,0.918963922294172,0.5943283343969368,0.7218252718773464,score threshold,0.545,pareto auto mcdm,y_any_risk
16215,0.40538513462836573,0.918963922294172,0.5943283343969368,0.7218252718773464,score threshold,0.546,pareto auto mcdm,y_any_risk
16150,0.4037600940023501,0.9192569659442724,0.5921346522016592,0.7202949881131435,score threshold,0.547,pareto auto mcdm,y_any_risk
16119,0.40298507462686567,0.9191016812457349,0.5908982131461391,0.7193318928892234,score threshold,0.548,pareto auto mcdm,y_any_risk
16109,0.4027350683767094,0.9190514619156993,0.5904993618379069,0.719020907700153,score threshold,0.549,pareto auto mcdm,y_any_risk
16096,0.4024100602515063,0.919110337972167,0.5900606253988513,0.718713563933152,score threshold,0.55,pareto auto mcdm,y_any_risk
16047,0.40118502962574065,0.9188633389418583,0.5881062539885131,0.7171867020112357,score threshold,0.551,pareto auto mcdm,y_any_risk
16016,0.40041001025025624,0.9189560439560439,0.5870293554562859,0.7164135514018691,score threshold,0.552,pareto auto mcdm,y_any_risk
16008,0.40021000525013123,0.9189780109945027,0.5867501595405233,0.7162122687439143,score threshold,0.553,pareto auto mcdm,y_any_risk
16004,0.40011000275006875,0.91895776055986,0.5865906190172304,0.7160872528970689,score threshold,0.554,pareto auto mcdm,y_any_risk
15981,0.39953498837470935,0.9190914210625117,0.585832801531589,0.7155628090517137,score threshold,0.555,pareto auto mcdm,y_any_risk
15980,0.39950998774969376,0.9190863579474343,0.5857929164007658,0.715531520997759,score threshold,0.556,pareto auto mcdm,y_any_risk
15979,0.3994849871246781,0.9190812941986357,0.5857530312699426,0.7155002314194538,score threshold,0.557,pareto auto mcdm,y_any_risk
15009,0.3752343808595215,0.9282430541674995,0.5556796426292279,0.6951922357226616,score threshold,0.558,pareto auto mcdm,y_any_risk
15009,0.3752343808595215,0.9282430541674995,0.5556796426292279,0.6951922357226616,score threshold,0.559,pareto auto mcdm,y_any_risk
15009,0.3752343808595215,0.9282430541674995,0.5556796426292279,0.6951922357226616,score threshold,0.56,pareto auto mcdm,y_any_risk
15008,0.37520938023450584,0.9282382729211087,0.5556397574984046,0.6951596806387226,score threshold,0.561,pareto auto mcdm,y_any_risk
15008,0.37520938023450584,0.9282382729211087,0.5556397574984046,0.6951596806387226,score threshold,0.562,pareto auto mcdm,y_any_risk
15006,0.3751593789844746,0.9282953485272558,0.5555998723675813,0.6951444682868406,score threshold,0.5630000000000001,pareto auto mcdm,y_any_risk
15006,0.3751593789844746,0.9282953485272558,0.5555998723675813,0.6951444682868406,score threshold,0.5640000000000001,pareto auto mcdm,y_any_risk
15006,0.3751593789844746,0.9282953485272558,0.5555998723675813,0.6951444682868406,score threshold,0.5650000000000001,pareto auto mcdm,y_any_risk
15006,0.3751593789844746,0.9282953485272558,0.5555998723675813,0.6951444682868406,score threshold,0.5660000000000001,pareto auto mcdm,y_any_risk
15005,0.375134378359459,0.9282905698100633,0.5555599872367581,0.6951119095740699,score threshold,0.5670000000000001,pareto auto mcdm,y_any_risk
15005,0.375134378359459,0.9282905698100633,0.5555599872367581,0.6951119095740699,score threshold,0.5680000000000001,pareto auto mcdm,y_any_risk
15005,0.375134378359459,0.9282905698100633,0.5555599872367581,0.6951119095740699,score threshold,0.5690000000000001,pareto auto mcdm,y_any_risk
14997,0.374934373359334,0.9282523171300927,0.5552409061901723,0.6948513813671416,score threshold,0.5700000000000001,pareto auto mcdm,y_any_risk
14996,0.37490937273431835,0.9282475326753801,0.5552010210593491,0.6948188080263552,score threshold,0.5710000000000001,pareto auto mcdm,y_any_risk
14982,0.3745593639840996,0.9281804832465625,0.5546426292278238,0.6943626104758576,score threshold,0.5720000000000001,pareto auto mcdm,y_any_risk
14978,0.3744593614840371,0.928161303244759,0.554483088704531,0.6942322097378277,score threshold,0.5730000000000001,pareto auto mcdm,y_any_risk
14960,0.37400935023375587,0.9280748663101605,0.5537651563497128,0.6936450839328537,score threshold,0.5740000000000001,pareto auto mcdm,y_any_risk
14959,0.3739843496087402,0.9280700581589678,0.5537252712188896,0.693612450350978,score threshold,0.5750000000000001,pareto auto mcdm,y_any_risk
14959,0.3739843496087402,0.9280700581589678,0.5537252712188896,0.693612450350978,score threshold,0.5760000000000001,pareto auto mcdm,y_any_risk
14958,0.37395934898372457,0.9280652493648883,0.5536853860880664,0.693579815138646,score threshold,0.5770000000000001,pareto auto mcdm,y_any_risk
14955,0.37388434710867774,0.9280508191240388,0.5535657306955967,0.6934818997176906,score threshold,0.578,pareto auto mcdm,y_any_risk
14954,0.3738593464836621,0.9280460077571219,0.5535258455647735,0.6934492579823115,score threshold,0.579,pareto auto mcdm,y_any_risk
14954,0.3738593464836621,0.9280460077571219,0.5535258455647735,0.6934492579823115,score threshold,0.58,pareto auto mcdm,y_any_risk
14834,0.37085927148178705,0.928475124713496,0.5493379068283344,0.6902721395278906,score threshold,0.581,pareto auto mcdm,y_any_risk
14834,0.37085927148178705,0.928475124713496,0.5493379068283344,0.6902721395278906,score threshold,0.582,pareto auto mcdm,y_any_risk
14834,0.37085927148178705,0.928475124713496,0.5493379068283344,0.6902721395278906,score threshold,0.583,pareto auto mcdm,y_any_risk
14834,0.37085927148178705,0.928475124713496,0.5493379068283344,0.6902721395278906,score threshold,0.584,pareto auto mcdm,y_any_risk
14834,0.37085927148178705,0.928475124713496,0.5493379068283344,0.6902721395278906,score threshold,0.585,pareto auto mcdm,y_any_risk
14834,0.37085927148178705,0.928475124713496,0.5493379068283344,0.6902721395278906,score threshold,0.586,pareto auto mcdm,y_any_risk
14834,0.37085927148178705,0.928475124713496,0.5493379068283344,0.6902721395278906,score threshold,0.587,pareto auto mcdm,y_any_risk
14834,0.37085927148178705,0.928475124713496,0.5493379068283344,0.6902721395278906,score threshold,0.588,pareto auto mcdm,y_any_risk
14834,0.37085927148178705,0.928475124713496,0.5493379068283344,0.6902721395278906,score threshold,0.589,pareto auto mcdm,y_any_risk
14834,0.37085927148178705,0.928475124713496,0.5493379068283344,0.6902721395278906,score threshold,0.59,pareto auto mcdm,y_any_risk
14834,0.37085927148178705,0.928475124713496,0.5493379068283344,0.6902721395278906,score threshold,0.591,pareto auto mcdm,y_any_risk
14834,0.37085927148178705,0.928475124713496,0.5493379068283344,0.6902721395278906,score threshold,0.592,pareto auto mcdm,y_any_risk
14834,0.37085927148178705,0.928475124713496,0.5493379068283344,0.6902721395278906,score threshold,0.593,pareto auto mcdm,y_any_risk
14834,0.37085927148178705,0.928475124713496,0.5493379068283344,0.6902721395278906,score threshold,0.594,pareto auto mcdm,y_any_risk
14834,0.37085927148178705,0.928475124713496,0.5493379068283344,0.6902721395278906,score threshold,0.595,pareto auto mcdm,y_any_risk
14834,0.37085927148178705,0.928475124713496,0.5493379068283344,0.6902721395278906,score threshold,0.596,pareto auto mcdm,y_any_risk
14834,0.37085927148178705,0.928475124713496,0.5493379068283344,0.6902721395278906,score threshold,0.597,pareto auto mcdm,y_any_risk
14834,0.37085927148178705,0.928475124713496,0.5493379068283344,0.6902721395278906,score threshold,0.598,pareto auto mcdm,y_any_risk
14834,0.37085927148178705,0.928475124713496,0.5493379068283344,0.6902721395278906,score threshold,0.599,pareto auto mcdm,y_any_risk
14834,0.37085927148178705,0.928475124713496,0.5493379068283344,0.6902721395278906,score threshold,0.6,pareto auto mcdm,y_any_risk
14834,0.37085927148178705,0.928475124713496,0.5493379068283344,0.6902721395278906,score threshold,0.601,pareto auto mcdm,y_any_risk
14834,0.37085927148178705,0.928475124713496,0.5493379068283344,0.6902721395278906,score threshold,0.602,pareto auto mcdm,y_any_risk
14834,0.37085927148178705,0.928475124713496,0.5493379068283344,0.6902721395278906,score threshold,0.603,pareto auto mcdm,y_any_risk
14834,0.37085927148178705,0.928475124713496,0.5493379068283344,0.6902721395278906,score threshold,0.604,pareto auto mcdm,y_any_risk
14834,0.37085927148178705,0.928475124713496,0.5493379068283344,0.6902721395278906,score threshold,0.605,pareto auto mcdm,y_any_risk
14834,0.37085927148178705,0.928475124713496,0.5493379068283344,0.6902721395278906,score threshold,0.606,pareto auto mcdm,y_any_risk
14834,0.37085927148178705,0.928475124713496,0.5493379068283344,0.6902721395278906,score threshold,0.607,pareto auto mcdm,y_any_risk
14834,0.37085927148178705,0.928475124713496,0.5493379068283344,0.6902721395278906,score threshold,0.608,pareto auto mcdm,y_any_risk
14834,0.37085927148178705,0.928475124713496,0.5493379068283344,0.6902721395278906,score threshold,0.609,pareto auto mcdm,y_any_risk
14834,0.37085927148178705,0.928475124713496,0.5493379068283344,0.6902721395278906,score threshold,0.61,pareto auto mcdm,y_any_risk
14834,0.37085927148178705,0.928475124713496,0.5493379068283344,0.6902721395278906,score threshold,0.611,pareto auto mcdm,y_any_risk
14834,0.37085927148178705,0.928475124713496,0.5493379068283344,0.6902721395278906,score threshold,0.612,pareto auto mcdm,y_any_risk
14834,0.37085927148178705,0.928475124713496,0.5493379068283344,0.6902721395278906,score threshold,0.613,pareto auto mcdm,y_any_risk
14834,0.37085927148178705,0.928475124713496,0.5493379068283344,0.6902721395278906,score threshold,0.614,pareto auto mcdm,y_any_risk
14834,0.37085927148178705,0.928475124713496,0.5493379068283344,0.6902721395278906,score threshold,0.615,pareto auto mcdm,y_any_risk
14834,0.37085927148178705,0.928475124713496,0.5493379068283344,0.6902721395278906,score threshold,0.616,pareto auto mcdm,y_any_risk
14834,0.37085927148178705,0.928475124713496,0.5493379068283344,0.6902721395278906,score threshold,0.617,pareto auto mcdm,y_any_risk
14834,0.37085927148178705,0.928475124713496,0.5493379068283344,0.6902721395278906,score threshold,0.618,pareto auto mcdm,y_any_risk
14834,0.37085927148178705,0.928475124713496,0.5493379068283344,0.6902721395278906,score threshold,0.619,pareto auto mcdm,y_any_risk
14819,0.37048426210655266,0.9286051690397463,0.5488592852584556,0.6899300594118974,score threshold,0.62,pareto auto mcdm,y_any_risk
14803,0.37008425210630264,0.9289333243261501,0.5484604339502234,0.689705329153605,score threshold,0.621,pareto auto mcdm,y_any_risk
14803,0.37008425210630264,0.9289333243261501,0.5484604339502234,0.689705329153605,score threshold,0.622,pareto auto mcdm,y_any_risk
14802,0.37005925148128704,0.9289285231725443,0.5484205488194002,0.6896724682750665,score threshold,0.623,pareto auto mcdm,y_any_risk
14784,0.3696092402310058,0.9290449134199135,0.5478222718570517,0.6892312324367724,score threshold,0.624,pareto auto mcdm,y_any_risk
14784,0.3696092402310058,0.9290449134199135,0.5478222718570517,0.6892312324367724,score threshold,0.625,pareto auto mcdm,y_any_risk
14777,0.3694342358558964,0.9290789740813427,0.5475829610721124,0.6890511681598033,score threshold,0.626,pareto auto mcdm,y_any_risk
14771,0.36928423210580263,0.9291855663123688,0.5474234205488194,0.6889541450192004,score threshold,0.627,pareto auto mcdm,y_any_risk
14768,0.36920923023075575,0.929238894907909,0.5473436502871729,0.6889056224899598,score threshold,0.628,pareto auto mcdm,y_any_risk
14765,0.3691342283557089,0.9292245174398917,0.5472239948947033,0.6888068880688807,score threshold,0.629,pareto auto mcdm,y_any_risk
14764,0.36910922773069327,0.9292874559739908,0.5472239948947033,0.6888241791344513,score threshold,0.63,pareto auto mcdm,y_any_risk
14764,0.36910922773069327,0.9292874559739908,0.5472239948947033,0.6888241791344513,score threshold,0.631,pareto auto mcdm,y_any_risk
14764,0.36910922773069327,0.9292874559739908,0.5472239948947033,0.6888241791344513,score threshold,0.632,pareto auto mcdm,y_any_risk
14764,0.36910922773069327,0.9292874559739908,0.5472239948947033,0.6888241791344513,score threshold,0.633,pareto auto mcdm,y_any_risk
14760,0.3690092252306308,0.9293360433604336,0.5471043395022336,0.6887427194215706,score threshold,0.634,pareto auto mcdm,y_any_risk
14752,0.3688092202305058,0.9293655097613883,0.5468251435864709,0.6885295299316995,score threshold,0.635,pareto auto mcdm,y_any_risk
14740,0.3685092127303183,0.9293080054274084,0.5463465220165922,0.6881342308851602,score threshold,0.636,pareto auto mcdm,y_any_risk
14738,0.368459211480287,0.9292984122676076,0.5462667517549458,0.6880683245415725,score threshold,0.637,pareto auto mcdm,y_any_risk
14723,0.3680842021050526,0.929226380493106,0.5456684747925973,0.6875738158060057,score threshold,0.638,pareto auto mcdm,y_any_risk
14642,0.366059151478787,0.9288348586258708,0.5424377791959157,0.6848970136475802,score threshold,0.639,pareto auto mcdm,y_any_risk
14607,0.3651841296032401,0.9289381803245019,0.5412013401403957,0.6839386073237733,score threshold,0.64,pareto auto mcdm,y_any_risk
14597,0.36493412335308384,0.9288894978420223,0.5408024888321634,0.6836068466560791,score threshold,0.641,pareto auto mcdm,y_any_risk
14593,0.3648341208530213,0.9288700061673405,0.5406429483088705,0.6834740955502332,score threshold,0.642,pareto auto mcdm,y_any_risk
14581,0.3645341133528338,0.9288114669775736,0.5401643267389917,0.6830756815373364,score threshold,0.643,pareto auto mcdm,y_any_risk
14553,0.3638340958523963,0.9286745001030715,0.5390475430759413,0.6821451104100946,score threshold,0.644,pareto auto mcdm,y_any_risk
14505,0.3626340658516463,0.9287142364701827,0.5372925973197192,0.6807489198271723,score threshold,0.645,pareto auto mcdm,y_any_risk
14285,0.35713392834820873,0.9288064403220161,0.5291959157626037,0.6742383819904972,score threshold,0.646,pareto auto mcdm,y_any_risk
14278,0.3569589239730993,0.9287715366297801,0.5289167198468411,0.674002541296061,score threshold,0.647,pareto auto mcdm,y_any_risk
14274,0.3568589214730368,0.9287515762925599,0.5287571793235482,0.67386773750826,score threshold,0.648,pareto auto mcdm,y_any_risk
14262,0.35655891397284933,0.9289019772822886,0.5283982131461391,0.6736157014287893,score threshold,0.649,pareto auto mcdm,y_any_risk
14260,0.3565089127228181,0.9288920056100982,0.5283184428844927,0.6735482558730804,score threshold,0.65,pareto auto mcdm,y_any_risk
14260,0.3565089127228181,0.9288920056100982,0.5283184428844927,0.6735482558730804,score threshold,0.651,pareto auto mcdm,y_any_risk
13383,0.3345833645841146,0.9254277815138608,0.4939773452456924,0.6441295020153426,score threshold,0.652,pareto auto mcdm,y_any_risk
13383,0.3345833645841146,0.9254277815138608,0.4939773452456924,0.6441295020153426,score threshold,0.653,pareto auto mcdm,y_any_risk
13383,0.3345833645841146,0.9254277815138608,0.4939773452456924,0.6441295020153426,score threshold,0.654,pareto auto mcdm,y_any_risk
13383,0.3345833645841146,0.9254277815138608,0.4939773452456924,0.6441295020153426,score threshold,0.655,pareto auto mcdm,y_any_risk
13383,0.3345833645841146,0.9254277815138608,0.4939773452456924,0.6441295020153426,score threshold,0.656,pareto auto mcdm,y_any_risk
13383,0.3345833645841146,0.9254277815138608,0.4939773452456924,0.6441295020153426,score threshold,0.657,pareto auto mcdm,y_any_risk
13383,0.3345833645841146,0.9254277815138608,0.4939773452456924,0.6441295020153426,score threshold,0.658,pareto auto mcdm,y_any_risk
13383,0.3345833645841146,0.9254277815138608,0.4939773452456924,0.6441295020153426,score threshold,0.659,pareto auto mcdm,y_any_risk
13383,0.3345833645841146,0.9254277815138608,0.4939773452456924,0.6441295020153426,score threshold,0.66,pareto auto mcdm,y_any_risk
13383,0.3345833645841146,0.9254277815138608,0.4939773452456924,0.6441295020153426,score threshold,0.661,pareto auto mcdm,y_any_risk
13383,0.3345833645841146,0.9254277815138608,0.4939773452456924,0.6441295020153426,score threshold,0.662,pareto auto mcdm,y_any_risk
13383,0.3345833645841146,0.9254277815138608,0.4939773452456924,0.6441295020153426,score threshold,0.663,pareto auto mcdm,y_any_risk
13383,0.3345833645841146,0.9254277815138608,0.4939773452456924,0.6441295020153426,score threshold,0.664,pareto auto mcdm,y_any_risk
13383,0.3345833645841146,0.9254277815138608,0.4939773452456924,0.6441295020153426,score threshold,0.665,pareto auto mcdm,y_any_risk
13383,0.3345833645841146,0.9254277815138608,0.4939773452456924,0.6441295020153426,score threshold,0.666,pareto auto mcdm,y_any_risk
13383,0.3345833645841146,0.9254277815138608,0.4939773452456924,0.6441295020153426,score threshold,0.667,pareto auto mcdm,y_any_risk
13383,0.3345833645841146,0.9254277815138608,0.4939773452456924,0.6441295020153426,score threshold,0.668,pareto auto mcdm,y_any_risk
13383,0.3345833645841146,0.9254277815138608,0.4939773452456924,0.6441295020153426,score threshold,0.669,pareto auto mcdm,y_any_risk
13383,0.3345833645841146,0.9254277815138608,0.4939773452456924,0.6441295020153426,score threshold,0.67,pareto auto mcdm,y_any_risk
13383,0.3345833645841146,0.9254277815138608,0.4939773452456924,0.6441295020153426,score threshold,0.671,pareto auto mcdm,y_any_risk
13383,0.3345833645841146,0.9254277815138608,0.4939773452456924,0.6441295020153426,score threshold,0.672,pareto auto mcdm,y_any_risk
13383,0.3345833645841146,0.9254277815138608,0.4939773452456924,0.6441295020153426,score threshold,0.673,pareto auto mcdm,y_any_risk
13383,0.3345833645841146,0.9254277815138608,0.4939773452456924,0.6441295020153426,score threshold,0.674,pareto auto mcdm,y_any_risk
13383,0.3345833645841146,0.9254277815138608,0.4939773452456924,0.6441295020153426,score threshold,0.675,pareto auto mcdm,y_any_risk
13383,0.3345833645841146,0.9254277815138608,0.4939773452456924,0.6441295020153426,score threshold,0.676,pareto auto mcdm,y_any_risk
13383,0.3345833645841146,0.9254277815138608,0.4939773452456924,0.6441295020153426,score threshold,0.677,pareto auto mcdm,y_any_risk
13383,0.3345833645841146,0.9254277815138608,0.4939773452456924,0.6441295020153426,score threshold,0.678,pareto auto mcdm,y_any_risk
13383,0.3345833645841146,0.9254277815138608,0.4939773452456924,0.6441295020153426,score threshold,0.679,pareto auto mcdm,y_any_risk
13383,0.3345833645841146,0.9254277815138608,0.4939773452456924,0.6441295020153426,score threshold,0.68,pareto auto mcdm,y_any_risk
13383,0.3345833645841146,0.9254277815138608,0.4939773452456924,0.6441295020153426,score threshold,0.681,pareto auto mcdm,y_any_risk
13383,0.3345833645841146,0.9254277815138608,0.4939773452456924,0.6441295020153426,score threshold,0.682,pareto auto mcdm,y_any_risk
13383,0.3345833645841146,0.9254277815138608,0.4939773452456924,0.6441295020153426,score threshold,0.683,pareto auto mcdm,y_any_risk
13383,0.3345833645841146,0.9254277815138608,0.4939773452456924,0.6441295020153426,score threshold,0.684,pareto auto mcdm,y_any_risk
13383,0.3345833645841146,0.9254277815138608,0.4939773452456924,0.6441295020153426,score threshold,0.685,pareto auto mcdm,y_any_risk
13383,0.3345833645841146,0.9254277815138608,0.4939773452456924,0.6441295020153426,score threshold,0.686,pareto auto mcdm,y_any_risk
13383,0.3345833645841146,0.9254277815138608,0.4939773452456924,0.6441295020153426,score threshold,0.687,pareto auto mcdm,y_any_risk
13383,0.3345833645841146,0.9254277815138608,0.4939773452456924,0.6441295020153426,score threshold,0.6880000000000001,pareto auto mcdm,y_any_risk
13383,0.3345833645841146,0.9254277815138608,0.4939773452456924,0.6441295020153426,score threshold,0.6890000000000001,pareto auto mcdm,y_any_risk
13383,0.3345833645841146,0.9254277815138608,0.4939773452456924,0.6441295020153426,score threshold,0.6900000000000001,pareto auto mcdm,y_any_risk
13383,0.3345833645841146,0.9254277815138608,0.4939773452456924,0.6441295020153426,score threshold,0.6910000000000001,pareto auto mcdm,y_any_risk
13383,0.3345833645841146,0.9254277815138608,0.4939773452456924,0.6441295020153426,score threshold,0.6920000000000001,pareto auto mcdm,y_any_risk
13383,0.3345833645841146,0.9254277815138608,0.4939773452456924,0.6441295020153426,score threshold,0.6930000000000001,pareto auto mcdm,y_any_risk
13383,0.3345833645841146,0.9254277815138608,0.4939773452456924,0.6441295020153426,score threshold,0.6940000000000001,pareto auto mcdm,y_any_risk
13383,0.3345833645841146,0.9254277815138608,0.4939773452456924,0.6441295020153426,score threshold,0.6950000000000001,pareto auto mcdm,y_any_risk
13383,0.3345833645841146,0.9254277815138608,0.4939773452456924,0.6441295020153426,score threshold,0.6960000000000001,pareto auto mcdm,y_any_risk
13367,0.3341833545838646,0.9255629535423057,0.49345883854499045,0.6437212206352922,score threshold,0.6970000000000001,pareto auto mcdm,y_any_risk
13334,0.33335833395834896,0.9259037048147593,0.49242182514358646,0.6429203770244233,score threshold,0.6980000000000001,pareto auto mcdm,y_any_risk
13297,0.33243331083277083,0.9262239602917951,0.4912252712188896,0.6419765956892283,score threshold,0.6990000000000001,pareto auto mcdm,y_any_risk
13293,0.3323333083327083,0.926201760324983,0.49106573069559667,0.6418350058647204,score threshold,0.7000000000000001,pareto auto mcdm,y_any_risk
13275,0.3318832970824271,0.9264030131826742,0.4905073388640715,0.6414061073878009,score threshold,0.7010000000000001,pareto auto mcdm,y_any_risk
13264,0.3316082902072552,0.9264173703256936,0.4901084875558392,0.6410684474123539,score threshold,0.7020000000000001,pareto auto mcdm,y_any_risk
13255,0.3313832845821146,0.9265182949830253,0.4898292916400766,0.6408537062645132,score threshold,0.7030000000000001,pareto auto mcdm,y_any_risk
13244,0.3311082777069427,0.9266837813349441,0.48951021059349076,0.6406201064829314,score threshold,0.7040000000000001,pareto auto mcdm,y_any_risk
13243,0.33108327708192703,0.9266782451106245,0.4894703254626675,0.6405846274305103,score threshold,0.705,pareto auto mcdm,y_any_risk
13243,0.33108327708192703,0.9266782451106245,0.4894703254626675,0.6405846274305103,score threshold,0.706,pareto auto mcdm,y_any_risk
13243,0.33108327708192703,0.9266782451106245,0.4894703254626675,0.6405846274305103,score threshold,0.707,pareto auto mcdm,y_any_risk
13166,0.3291582289557239,0.9264772899893665,0.48651882578174854,0.6380040797112819,score threshold,0.708,pareto auto mcdm,y_any_risk
13165,0.3291332283307083,0.9264717052791492,0.48647894065092534,0.6379684598687135,score threshold,0.709,pareto auto mcdm,y_any_risk
13165,0.3291332283307083,0.9264717052791492,0.48647894065092534,0.6379684598687135,score threshold,0.71,pareto auto mcdm,y_any_risk
13141,0.32853321333033325,0.926337417243741,0.48552169751116786,0.6371130243634365,score threshold,0.711,pareto auto mcdm,y_any_risk
13114,0.3278581964549114,0.9261857556809516,0.48444479897894066,0.6361493741161682,score threshold,0.712,pareto auto mcdm,y_any_risk
13071,0.3267831695792395,0.9260959375717237,0.48280950861518823,0.6347167239074011,score threshold,0.713,pareto auto mcdm,y_any_risk
13070,0.3267581689542239,0.9260902830910482,0.48276962348436503,0.6346809291594567,score threshold,0.714,pareto auto mcdm,y_any_risk
13066,0.32665816645416135,0.9260676565130874,0.4826100829610721,0.6345377313965074,score threshold,0.715,pareto auto mcdm,y_any_risk
13030,0.32575814395359887,0.9263238679969301,0.48141352903637524,0.6335625426486798,score threshold,0.716,pareto auto mcdm,y_any_risk
13022,0.32555813895347385,0.9262786054369528,0.4810944479897894,0.6332755814563973,score threshold,0.717,pareto auto mcdm,y_any_risk
13015,0.3253831345783645,0.9263157894736842,0.48085513720485,0.6330769028802479,score threshold,0.718,pareto auto mcdm,y_any_risk
12663,0.3165829145728643,0.927821211403301,0.4686104020421187,0.6227110109977474,score threshold,0.719,pareto auto mcdm,y_any_risk
12656,0.31640791019775494,0.9277812895069533,0.4683312061263561,0.6224554707379135,score threshold,0.72,pareto auto mcdm,y_any_risk
12652,0.31630790769769246,0.9278374960480557,0.46821155073388643,0.6223624218004453,score threshold,0.721,pareto auto mcdm,y_any_risk
12542,0.31355783894597367,0.9280019135704034,0.4642230376515635,0.6188653161057053,score threshold,0.722,pareto auto mcdm,y_any_risk
12541,0.313532838320958,0.9279961725540228,0.46418315252074027,0.6188285964958924,score threshold,0.723,pareto auto mcdm,y_any_risk
12524,0.3131078276956924,0.9284573618652188,0.46378430121250797,0.6185764443025854,score threshold,0.724,pareto auto mcdm,y_any_risk
12438,0.3109577739443486,0.9282842900787908,0.46051372048500316,0.6156225006664889,score threshold,0.725,pareto auto mcdm,y_any_risk
12438,0.3109577739443486,0.9282842900787908,0.46051372048500316,0.6156225006664889,score threshold,0.726,pareto auto mcdm,y_any_risk
12437,0.310932773319333,0.9282785237597492,0.46047383535417996,0.6155855927910635,score threshold,0.727,pareto auto mcdm,y_any_risk
12437,0.310932773319333,0.9282785237597492,0.46047383535417996,0.6155855927910635,score threshold,0.728,pareto auto mcdm,y_any_risk
12437,0.310932773319333,0.9282785237597492,0.46047383535417996,0.6155855927910635,score threshold,0.729,pareto auto mcdm,y_any_risk
12437,0.310932773319333,0.9282785237597492,0.46047383535417996,0.6155855927910635,score threshold,0.73,pareto auto mcdm,y_any_risk
12435,0.3108827720693017,0.9282669883393647,0.4603940650925335,0.6155117711360546,score threshold,0.731,pareto auto mcdm,y_any_risk
12421,0.31053276331908297,0.9287496980919411,0.4601148691767709,0.6153682020643854,score threshold,0.732,pareto auto mcdm,y_any_risk
12419,0.31048276206905173,0.9288187454706498,0.46007498404594765,0.6153476834440266,score threshold,0.733,pareto auto mcdm,y_any_risk
12419,0.31048276206905173,0.9288187454706498,0.46007498404594765,0.6153476834440266,score threshold,0.734,pareto auto mcdm,y_any_risk
12419,0.31048276206905173,0.9288187454706498,0.46007498404594765,0.6153476834440266,score threshold,0.735,pareto auto mcdm,y_any_risk
12419,0.31048276206905173,0.9288187454706498,0.46007498404594765,0.6153476834440266,score threshold,0.736,pareto auto mcdm,y_any_risk
12419,0.31048276206905173,0.9288187454706498,0.46007498404594765,0.6153476834440266,score threshold,0.737,pareto auto mcdm,y_any_risk
12415,0.3103827595689892,0.9290374546919049,0.46003509891512445,0.6153599914637075,score threshold,0.738,pareto auto mcdm,y_any_risk
12413,0.31033275831895796,0.9291065818093934,0.4599952137843012,0.6153394691209817,score threshold,0.739,pareto auto mcdm,y_any_risk
12413,0.31033275831895796,0.9291065818093934,0.4599952137843012,0.6153394691209817,score threshold,0.74,pareto auto mcdm,y_any_risk
12412,0.31030775769394237,0.9291008701256849,0.459955328653478,0.6153025290790738,score threshold,0.741,pareto auto mcdm,y_any_risk
12412,0.31030775769394237,0.9291008701256849,0.459955328653478,0.6153025290790738,score threshold,0.742,pareto auto mcdm,y_any_risk
12410,0.31025775644391107,0.9290894439967768,0.45987555839183153,0.6152286430820127,score threshold,0.743,pareto auto mcdm,y_any_risk
12409,0.3102327558188955,0.9290837295511323,0.45983567326100827,0.6151916971265441,score threshold,0.744,pareto auto mcdm,y_any_risk
12373,0.30933273331833294,0.9296856057544653,0.45879865985960433,0.6143944451862732,score threshold,0.745,pareto auto mcdm,y_any_risk
12369,0.30923273081827046,0.9296628668445307,0.4586391193363114,0.6142464143585908,score threshold,0.746,pareto auto mcdm,y_any_risk
12368,0.3092077301932548,0.9296571798188874,0.4585992342054882,0.6142094017094017,score threshold,0.747,pareto auto mcdm,y_any_risk
12363,0.3090827270681767,0.9297096174067783,0.4584396936821953,0.6140777347402164,score threshold,0.748,pareto auto mcdm,y_any_risk
12363,0.3090827270681767,0.9297096174067783,0.4584396936821953,0.6140777347402164,score threshold,0.749,pareto auto mcdm,y_any_risk
12363,0.3090827270681767,0.9297096174067783,0.4584396936821953,0.6140777347402164,score threshold,0.75,pareto auto mcdm,y_any_risk
11919,0.29798244956123904,0.9331319741589059,0.44360242501595404,0.6013354599767511,score threshold,0.751,pareto auto mcdm,y_any_risk
11919,0.29798244956123904,0.9331319741589059,0.44360242501595404,0.6013354599767511,score threshold,0.752,pareto auto mcdm,y_any_risk
11919,0.29798244956123904,0.9331319741589059,0.44360242501595404,0.6013354599767511,score threshold,0.753,pareto auto mcdm,y_any_risk
11919,0.29798244956123904,0.9331319741589059,0.44360242501595404,0.6013354599767511,score threshold,0.754,pareto auto mcdm,y_any_risk
11918,0.2979574489362234,0.933126363483806,0.44356253988513084,0.6012976480129765,score threshold,0.755,pareto auto mcdm,y_any_risk
11918,0.2979574489362234,0.933126363483806,0.44356253988513084,0.6012976480129765,score threshold,0.756,pareto auto mcdm,y_any_risk
11890,0.29725743143578587,0.9330529857022708,0.44248564135290364,0.6002921919809534,score threshold,0.757,pareto auto mcdm,y_any_risk
11889,0.2972324308107703,0.9330473546976197,0.44244575622208043,0.6002543221233192,score threshold,0.758,pareto auto mcdm,y_any_risk
11882,0.2970574264356609,0.9330079111260731,0.4421665603063178,0.5999891757319912,score threshold,0.759,pareto auto mcdm,y_any_risk
11823,0.295582389559739,0.9336885731201895,0.44029195915762603,0.5984008673261959,score threshold,0.76,pareto auto mcdm,y_any_risk
11816,0.2954073851846296,0.9337339201083277,0.44005264837268665,0.5981891129906745,score threshold,0.761,pareto auto mcdm,y_any_risk
11816,0.2954073851846296,0.9337339201083277,0.44005264837268665,0.5981891129906745,score threshold,0.762,pareto auto mcdm,y_any_risk
11816,0.2954073851846296,0.9337339201083277,0.44005264837268665,0.5981891129906745,score threshold,0.763,pareto auto mcdm,y_any_risk
11553,0.2888322208055201,0.9355145849562884,0.4310784939374601,0.5901979522184301,score threshold,0.764,pareto auto mcdm,y_any_risk
11553,0.2888322208055201,0.9355145849562884,0.4310784939374601,0.5901979522184301,score threshold,0.765,pareto auto mcdm,y_any_risk
11553,0.2888322208055201,0.9355145849562884,0.4310784939374601,0.5901979522184301,score threshold,0.766,pareto auto mcdm,y_any_risk
11553,0.2888322208055201,0.9355145849562884,0.4310784939374601,0.5901979522184301,score threshold,0.767,pareto auto mcdm,y_any_risk
11553,0.2888322208055201,0.9355145849562884,0.4310784939374601,0.5901979522184301,score threshold,0.768,pareto auto mcdm,y_any_risk
11553,0.2888322208055201,0.9355145849562884,0.4310784939374601,0.5901979522184301,score threshold,0.769,pareto auto mcdm,y_any_risk
11553,0.2888322208055201,0.9355145849562884,0.4310784939374601,0.5901979522184301,score threshold,0.77,pareto auto mcdm,y_any_risk
11551,0.2887822195554889,0.9355034196173492,0.43099872367581366,0.5901209622368457,score threshold,0.771,pareto auto mcdm,y_any_risk
11549,0.28873221830545764,0.935492250411291,0.4309189534141672,0.5900439638458808,score threshold,0.772,pareto auto mcdm,y_any_risk
11547,0.2886822170554264,0.9354810773361046,0.43083918315252073,0.5899669570441574,score threshold,0.773,pareto auto mcdm,y_any_risk
11441,0.2860321508037701,0.936981033126475,0.42756860242501593,0.5871881247774765,score threshold,0.774,pareto auto mcdm,y_any_risk
11435,0.2858821470536763,0.9372103191954526,0.42744894703254627,0.5871202783027912,score threshold,0.775,pareto auto mcdm,y_any_risk
11429,0.2857321433035826,0.9371773558491556,0.4272096362476069,0.5868880304649188,score threshold,0.776,pareto auto mcdm,y_any_risk
11427,0.28568214205355136,0.9371663603745515,0.4271298659859604,0.5868105975506178,score threshold,0.777,pareto auto mcdm,y_any_risk
10168,0.25420635515887896,0.9482690794649882,0.38457243139757497,0.5472190692395006,score threshold,0.778,pareto auto mcdm,y_any_risk
10168,0.25420635515887896,0.9482690794649882,0.38457243139757497,0.5472190692395006,score threshold,0.779,pareto auto mcdm,y_any_risk
10164,0.2541063526588165,0.9482487209759937,0.38441289087428204,0.5470541491656261,score threshold,0.78,pareto auto mcdm,y_any_risk
10164,0.2541063526588165,0.9482487209759937,0.38441289087428204,0.5470541491656261,score threshold,0.781,pareto auto mcdm,y_any_risk
10164,0.2541063526588165,0.9482487209759937,0.38441289087428204,0.5470541491656261,score threshold,0.782,pareto auto mcdm,y_any_risk
10164,0.2541063526588165,0.9482487209759937,0.38441289087428204,0.5470541491656261,score threshold,0.783,pareto auto mcdm,y_any_risk
10164,0.2541063526588165,0.9482487209759937,0.38441289087428204,0.5470541491656261,score threshold,0.784,pareto auto mcdm,y_any_risk
10146,0.2536563414085352,0.9482554701360142,0.38373484365028715,0.5463683343744676,score threshold,0.785,pareto auto mcdm,y_any_risk
9915,0.24788119702992575,0.950882501260716,0.37603701340140394,0.5389430359847943,score threshold,0.786,pareto auto mcdm,y_any_risk
9908,0.24770619265481636,0.9509487283003634,0.37579770261646456,0.5387078330474557,score threshold,0.787,pareto auto mcdm,y_any_risk
9905,0.2476311907797695,0.9510348308934882,0.37571793235481815,0.5386396775023586,score threshold,0.788,pareto auto mcdm,y_any_risk
9902,0.2475561889047226,0.9510199959604121,0.37559827696234843,0.5385143249270887,score threshold,0.789,pareto auto mcdm,y_any_risk
9901,0.247531188279707,0.951015048984951,0.37555839183152523,0.5384725359563092,score threshold,0.79,pareto auto mcdm,y_any_risk
9888,0.24720618015450385,0.9510517799352751,0.37507977026164646,0.5379862700228834,score threshold,0.791,pareto auto mcdm,y_any_risk
8945,0.22363059076476913,0.9583007266629402,0.34189534141671984,0.5039833024664139,score threshold,0.792,pareto auto mcdm,y_any_risk
8945,0.22363059076476913,0.9583007266629402,0.34189534141671984,0.5039833024664139,score threshold,0.793,pareto auto mcdm,y_any_risk
8945,0.22363059076476913,0.9583007266629402,0.34189534141671984,0.5039833024664139,score threshold,0.794,pareto auto mcdm,y_any_risk
8945,0.22363059076476913,0.9583007266629402,0.34189534141671984,0.5039833024664139,score threshold,0.795,pareto auto mcdm,y_any_risk
8899,0.22248056201405036,0.9580851781099,0.3400606253988513,0.5019575520296724,score threshold,0.796,pareto auto mcdm,y_any_risk
8899,0.22248056201405036,0.9580851781099,0.3400606253988513,0.5019575520296724,score threshold,0.797,pareto auto mcdm,y_any_risk
8894,0.22235555888897224,0.9580616145716213,0.33986119974473517,0.5017370311487959,score threshold,0.798,pareto auto mcdm,y_any_risk
8893,0.2223305582639566,0.9580568986843585,0.3398213146139119,0.5016929191815104,score threshold,0.799,pareto auto mcdm,y_any_risk
8892,0.22230555763894097,0.9580521817363923,0.3397814294830887,0.501648804616653,score threshold,0.8,pareto auto mcdm,y_any_risk
8891,0.22228055701392535,0.9580474637273647,0.3397415443522655,0.501604687453994,score threshold,0.801,pareto auto mcdm,y_any_risk
8889,0.2222305557638941,0.9580380245246934,0.33966177409061904,0.5015164453343541,score threshold,0.802,pareto auto mcdm,y_any_risk
7787,0.19467986699667492,0.9671246950044947,0.30037492022973833,0.45838278705986185,score threshold,0.803,pareto auto mcdm,y_any_risk
7787,0.19467986699667492,0.9671246950044947,0.30037492022973833,0.45838278705986185,score threshold,0.804,pareto auto mcdm,y_any_risk
7787,0.19467986699667492,0.9671246950044947,0.30037492022973833,0.45838278705986185,score threshold,0.805,pareto auto mcdm,y_any_risk
7787,0.19467986699667492,0.9671246950044947,0.30037492022973833,0.45838278705986185,score threshold,0.806,pareto auto mcdm,y_any_risk
7787,0.19467986699667492,0.9671246950044947,0.30037492022973833,0.45838278705986185,score threshold,0.807,pareto auto mcdm,y_any_risk
7787,0.19467986699667492,0.9671246950044947,0.30037492022973833,0.45838278705986185,score threshold,0.808,pareto auto mcdm,y_any_risk
7787,0.19467986699667492,0.9671246950044947,0.30037492022973833,0.45838278705986185,score threshold,0.809,pareto auto mcdm,y_any_risk
7787,0.19467986699667492,0.9671246950044947,0.30037492022973833,0.45838278705986185,score threshold,0.81,pareto auto mcdm,y_any_risk
7787,0.19467986699667492,0.9671246950044947,0.30037492022973833,0.45838278705986185,score threshold,0.811,pareto auto mcdm,y_any_risk
7787,0.19467986699667492,0.9671246950044947,0.30037492022973833,0.45838278705986185,score threshold,0.812,pareto auto mcdm,y_any_risk
7787,0.19467986699667492,0.9671246950044947,0.30037492022973833,0.45838278705986185,score threshold,0.8130000000000001,pareto auto mcdm,y_any_risk
7787,0.19467986699667492,0.9671246950044947,0.30037492022973833,0.45838278705986185,score threshold,0.8140000000000001,pareto auto mcdm,y_any_risk
7787,0.19467986699667492,0.9671246950044947,0.30037492022973833,0.45838278705986185,score threshold,0.8150000000000001,pareto auto mcdm,y_any_risk
7787,0.19467986699667492,0.9671246950044947,0.30037492022973833,0.45838278705986185,score threshold,0.8160000000000001,pareto auto mcdm,y_any_risk
7787,0.19467986699667492,0.9671246950044947,0.30037492022973833,0.45838278705986185,score threshold,0.8170000000000001,pareto auto mcdm,y_any_risk
7787,0.19467986699667492,0.9671246950044947,0.30037492022973833,0.45838278705986185,score threshold,0.8180000000000001,pareto auto mcdm,y_any_risk
7787,0.19467986699667492,0.9671246950044947,0.30037492022973833,0.45838278705986185,score threshold,0.8190000000000001,pareto auto mcdm,y_any_risk
7787,0.19467986699667492,0.9671246950044947,0.30037492022973833,0.45838278705986185,score threshold,0.8200000000000001,pareto auto mcdm,y_any_risk
7787,0.19467986699667492,0.9671246950044947,0.30037492022973833,0.45838278705986185,score threshold,0.8210000000000001,pareto auto mcdm,y_any_risk
7693,0.19232980824520612,0.968412842844144,0.2971442246330568,0.45475354799328555,score threshold,0.8220000000000001,pareto auto mcdm,y_any_risk
7691,0.19227980699517488,0.9684046287868938,0.2970644543714103,0.4546592192412172,score threshold,0.8230000000000001,pareto auto mcdm,y_any_risk
7691,0.19227980699517488,0.9684046287868938,0.2970644543714103,0.4546592192412172,score threshold,0.8240000000000001,pareto auto mcdm,y_any_risk
7691,0.19227980699517488,0.9684046287868938,0.2970644543714103,0.4546592192412172,score threshold,0.8250000000000001,pareto auto mcdm,y_any_risk
7661,0.19152978824470612,0.968411434538572,0.2959077855775367,0.4533040051324352,score threshold,0.8260000000000001,pareto auto mcdm,y_any_risk
7661,0.19152978824470612,0.968411434538572,0.2959077855775367,0.4533040051324352,score threshold,0.8270000000000001,pareto auto mcdm,y_any_risk
7656,0.191404785119628,0.9683908045977011,0.29570835992342054,0.4530677096064532,score threshold,0.8280000000000001,pareto auto mcdm,y_any_risk
7656,0.191404785119628,0.9683908045977011,0.29570835992342054,0.4530677096064532,score threshold,0.8290000000000001,pareto auto mcdm,y_any_risk
7656,0.191404785119628,0.9683908045977011,0.29570835992342054,0.4530677096064532,score threshold,0.8300000000000001,pareto auto mcdm,y_any_risk
7651,0.19127978199454987,0.968370147693112,0.2955089342693044,0.452831341869633,score threshold,0.8310000000000001,pareto auto mcdm,y_any_risk
7651,0.19127978199454987,0.968370147693112,0.2955089342693044,0.452831341869633,score threshold,0.8320000000000001,pareto auto mcdm,y_any_risk
7647,0.19117977949448736,0.9686151431934091,0.29542916400765795,0.45276444879122224,score threshold,0.8330000000000001,pareto auto mcdm,y_any_risk
7469,0.18672966824170603,0.9714821261213014,0.2894065092533504,0.445960480624443,score threshold,0.834,pareto auto mcdm,y_any_risk
7462,0.18655466386659667,0.9718574108818011,0.28924696873005745,0.44581053666933057,score threshold,0.835,pareto auto mcdm,y_any_risk
7459,0.18647966199154978,0.971846091969433,0.28912731333758773,0.44566720973840335,score threshold,0.836,pareto auto mcdm,y_any_risk
7094,0.1773544338608465,0.9767409078094164,0.2763640714741544,0.4308275819187962,score threshold,0.837,pareto auto mcdm,y_any_risk
7094,0.1773544338608465,0.9767409078094164,0.2763640714741544,0.4308275819187962,score threshold,0.838,pareto auto mcdm,y_any_risk
7094,0.1773544338608465,0.9767409078094164,0.2763640714741544,0.4308275819187962,score threshold,0.839,pareto auto mcdm,y_any_risk
7094,0.1773544338608465,0.9767409078094164,0.2763640714741544,0.4308275819187962,score threshold,0.84,pareto auto mcdm,y_any_risk
7093,0.1773294332358309,0.9767376286479628,0.2763241863433312,0.43077879682885123,score threshold,0.841,pareto auto mcdm,y_any_risk
7087,0.17717942948573714,0.9767179342458022,0.27608487555839184,0.4304860225753288,score threshold,0.842,pareto auto mcdm,y_any_risk
7076,0.17690442261056527,0.9768230638778971,0.27568602425015953,0.43001119820828665,score threshold,0.843,pareto auto mcdm,y_any_risk
7073,0.17682942073551838,0.9768132334228757,0.27556636885768987,0.42986467568828746,score threshold,0.844,pareto auto mcdm,y_any_risk
7072,0.17680442011050276,0.9768099547511312,0.2755264837268666,0.4298158287705326,score threshold,0.845,pareto auto mcdm,y_any_risk
7072,0.17680442011050276,0.9768099547511312,0.2755264837268666,0.4298158287705326,score threshold,0.846,pareto auto mcdm,y_any_risk
7070,0.17675441886047152,0.9768033946251768,0.27544671346522015,0.42971812581668845,score threshold,0.847,pareto auto mcdm,y_any_risk
6712,0.16780419510487762,0.9851013110846245,0.2637204850031908,0.41605839416058393,score threshold,0.848,pareto auto mcdm,y_any_risk
6508,0.16270406760169004,0.9854025814382299,0.2557833439693682,0.4061431285623813,score threshold,0.849,pareto auto mcdm,y_any_risk
6508,0.16270406760169004,0.9854025814382299,0.2557833439693682,0.4061431285623813,score threshold,0.85,pareto auto mcdm,y_any_risk
6508,0.16270406760169004,0.9854025814382299,0.2557833439693682,0.4061431285623813,score threshold,0.851,pareto auto mcdm,y_any_risk
6508,0.16270406760169004,0.9854025814382299,0.2557833439693682,0.4061431285623813,score threshold,0.852,pareto auto mcdm,y_any_risk
6508,0.16270406760169004,0.9854025814382299,0.2557833439693682,0.4061431285623813,score threshold,0.853,pareto auto mcdm,y_any_risk
6508,0.16270406760169004,0.9854025814382299,0.2557833439693682,0.4061431285623813,score threshold,0.854,pareto auto mcdm,y_any_risk
6496,0.16240406010150255,0.9855295566502463,0.2553446075303127,0.4056006082108464,score threshold,0.855,pareto auto mcdm,y_any_risk
6496,0.16240406010150255,0.9855295566502463,0.2553446075303127,0.4056006082108464,score threshold,0.856,pareto auto mcdm,y_any_risk
6496,0.16240406010150255,0.9855295566502463,0.2553446075303127,0.4056006082108464,score threshold,0.857,pareto auto mcdm,y_any_risk
6495,0.16237905947648693,0.9855273287143956,0.2553047223994895,0.405550099787753,score threshold,0.858,pareto auto mcdm,y_any_risk
6495,0.16237905947648693,0.9855273287143956,0.2553047223994895,0.405550099787753,score threshold,0.859,pareto auto mcdm,y_any_risk
6495,0.16237905947648693,0.9855273287143956,0.2553047223994895,0.405550099787753,score threshold,0.86,pareto auto mcdm,y_any_risk
6492,0.16230405760144004,0.985520640788663,0.25518506700701976,0.405398555316183,score threshold,0.861,pareto auto mcdm,y_any_risk
6452,0.16130403260081502,0.9855858648481091,0.25362954690491385,0.40343864991752315,score threshold,0.862,pareto auto mcdm,y_any_risk
6452,0.16130403260081502,0.9855858648481091,0.25362954690491385,0.40343864991752315,score threshold,0.863,pareto auto mcdm,y_any_risk
6452,0.16130403260081502,0.9855858648481091,0.25362954690491385,0.40343864991752315,score threshold,0.864,pareto auto mcdm,y_any_risk
6452,0.16130403260081502,0.9855858648481091,0.25362954690491385,0.40343864991752315,score threshold,0.865,pareto auto mcdm,y_any_risk
6452,0.16130403260081502,0.9855858648481091,0.25362954690491385,0.40343864991752315,score threshold,0.866,pareto auto mcdm,y_any_risk
6452,0.16130403260081502,0.9855858648481091,0.25362954690491385,0.40343864991752315,score threshold,0.867,pareto auto mcdm,y_any_risk
6452,0.16130403260081502,0.9855858648481091,0.25362954690491385,0.40343864991752315,score threshold,0.868,pareto auto mcdm,y_any_risk
6452,0.16130403260081502,0.9855858648481091,0.25362954690491385,0.40343864991752315,score threshold,0.869,pareto auto mcdm,y_any_risk
6452,0.16130403260081502,0.9855858648481091,0.25362954690491385,0.40343864991752315,score threshold,0.87,pareto auto mcdm,y_any_risk
6452,0.16130403260081502,0.9855858648481091,0.25362954690491385,0.40343864991752315,score threshold,0.871,pareto auto mcdm,y_any_risk
6452,0.16130403260081502,0.9855858648481091,0.25362954690491385,0.40343864991752315,score threshold,0.872,pareto auto mcdm,y_any_risk
6452,0.16130403260081502,0.9855858648481091,0.25362954690491385,0.40343864991752315,score threshold,0.873,pareto auto mcdm,y_any_risk
6452,0.16130403260081502,0.9855858648481091,0.25362954690491385,0.40343864991752315,score threshold,0.874,pareto auto mcdm,y_any_risk
6452,0.16130403260081502,0.9855858648481091,0.25362954690491385,0.40343864991752315,score threshold,0.875,pareto auto mcdm,y_any_risk
6452,0.16130403260081502,0.9855858648481091,0.25362954690491385,0.40343864991752315,score threshold,0.876,pareto auto mcdm,y_any_risk
6452,0.16130403260081502,0.9855858648481091,0.25362954690491385,0.40343864991752315,score threshold,0.877,pareto auto mcdm,y_any_risk
6452,0.16130403260081502,0.9855858648481091,0.25362954690491385,0.40343864991752315,score threshold,0.878,pareto auto mcdm,y_any_risk
6452,0.16130403260081502,0.9855858648481091,0.25362954690491385,0.40343864991752315,score threshold,0.879,pareto auto mcdm,y_any_risk
6452,0.16130403260081502,0.9855858648481091,0.25362954690491385,0.40343864991752315,score threshold,0.88,pareto auto mcdm,y_any_risk
6452,0.16130403260081502,0.9855858648481091,0.25362954690491385,0.40343864991752315,score threshold,0.881,pareto auto mcdm,y_any_risk
6279,0.15697892447311182,0.9882146838668577,0.24748723675813655,0.39584064304168926,score threshold,0.882,pareto auto mcdm,y_any_risk
6273,0.15682892072301807,0.9882034114458792,0.2472479259731972,0.3955335779231137,score threshold,0.883,pareto auto mcdm,y_any_risk
6273,0.15682892072301807,0.9882034114458792,0.2472479259731972,0.3955335779231137,score threshold,0.884,pareto auto mcdm,y_any_risk
6272,0.15680392009800245,0.9882015306122449,0.24720804084237397,0.3954823889739663,score threshold,0.885,pareto auto mcdm,y_any_risk
6271,0.15677891947298683,0.9881996491787594,0.24716815571155074,0.39543119675844685,score threshold,0.886,pareto auto mcdm,y_any_risk
6264,0.15660391509787744,0.9881864623243933,0.24688895979578812,0.39507275976512635,score threshold,0.887,pareto auto mcdm,y_any_risk
6263,0.15657891447286182,0.9881845760817499,0.2468490746649649,0.39502154140737195,score threshold,0.888,pareto auto mcdm,y_any_risk
6263,0.15657891447286182,0.9881845760817499,0.2468490746649649,0.39502154140737195,score threshold,0.889,pareto auto mcdm,y_any_risk
6262,0.1565539138478462,0.9881826892366656,0.24680918953414166,0.3949703197804302,score threshold,0.89,pareto auto mcdm,y_any_risk
6262,0.1565539138478462,0.9881826892366656,0.24680918953414166,0.3949703197804302,score threshold,0.891,pareto auto mcdm,y_any_risk
6262,0.1565539138478462,0.9881826892366656,0.24680918953414166,0.3949703197804302,score threshold,0.892,pareto auto mcdm,y_any_risk
6257,0.15642891072276807,0.9881732459645197,0.24660976388002553,0.3947141625969549,score threshold,0.893,pareto auto mcdm,y_any_risk
5774,0.144353608840221,0.9925528229996536,0.22858168474792598,0.3715878882188939,score threshold,0.894,pareto auto mcdm,y_any_risk
5774,0.144353608840221,0.9925528229996536,0.22858168474792598,0.3715878882188939,score threshold,0.895,pareto auto mcdm,y_any_risk
5693,0.14232855821395535,0.9933251361320921,0.22555041480536056,0.3676255485129205,score threshold,0.896,pareto auto mcdm,y_any_risk
5688,0.14220355508887722,0.9933192686357243,0.2253509891512444,0.3673602080624187,score threshold,0.897,pareto auto mcdm,y_any_risk
5686,0.14215355383884598,0.9933169187478016,0.22527121888959795,0.3672540477274205,score threshold,0.898,pareto auto mcdm,y_any_risk
5685,0.14212855321383033,0.9933157431838171,0.22523133375877472,0.36720096238254707,score threshold,0.899,pareto auto mcdm,y_any_risk
5682,0.14205355133878347,0.9933122140091517,0.22511167836630505,0.36704168563438905,score threshold,0.9,pareto auto mcdm,y_any_risk
5674,0.14185354633865846,0.9934790271413465,0.22483248245054244,0.36668184479281857,score threshold,0.901,pareto auto mcdm,y_any_risk
5674,0.14185354633865846,0.9934790271413465,0.22483248245054244,0.36668184479281857,score threshold,0.902,pareto auto mcdm,y_any_risk
5673,0.14182854571364284,0.9934778776661378,0.2247925973197192,0.3666287201170922,score threshold,0.903,pareto auto mcdm,y_any_risk
5673,0.14182854571364284,0.9934778776661378,0.2247925973197192,0.3666287201170922,score threshold,0.904,pareto auto mcdm,y_any_risk
5673,0.14182854571364284,0.9934778776661378,0.2247925973197192,0.3666287201170922,score threshold,0.905,pareto auto mcdm,y_any_risk
5671,0.1417785444636116,0.9934755774995592,0.22471282705807274,0.36652246039748887,score threshold,0.906,pareto auto mcdm,y_any_risk
5155,0.12887822195554888,0.9967022308438409,0.20492980216975112,0.33996096205379295,score threshold,0.907,pareto auto mcdm,y_any_risk
5155,0.12887822195554888,0.9967022308438409,0.20492980216975112,0.33996096205379295,score threshold,0.908,pareto auto mcdm,y_any_risk
5155,0.12887822195554888,0.9967022308438409,0.20492980216975112,0.33996096205379295,score threshold,0.909,pareto auto mcdm,y_any_risk
5155,0.12887822195554888,0.9967022308438409,0.20492980216975112,0.33996096205379295,score threshold,0.91,pareto auto mcdm,y_any_risk
5155,0.12887822195554888,0.9967022308438409,0.20492980216975112,0.33996096205379295,score threshold,0.911,pareto auto mcdm,y_any_risk
5155,0.12887822195554888,0.9967022308438409,0.20492980216975112,0.33996096205379295,score threshold,0.912,pareto auto mcdm,y_any_risk
5155,0.12887822195554888,0.9967022308438409,0.20492980216975112,0.33996096205379295,score threshold,0.913,pareto auto mcdm,y_any_risk
5155,0.12887822195554888,0.9967022308438409,0.20492980216975112,0.33996096205379295,score threshold,0.914,pareto auto mcdm,y_any_risk
5155,0.12887822195554888,0.9967022308438409,0.20492980216975112,0.33996096205379295,score threshold,0.915,pareto auto mcdm,y_any_risk
5155,0.12887822195554888,0.9967022308438409,0.20492980216975112,0.33996096205379295,score threshold,0.916,pareto auto mcdm,y_any_risk
5130,0.12825320633015824,0.9970760233918129,0.20401244416081685,0.33871929011323754,score threshold,0.917,pareto auto mcdm,y_any_risk
5130,0.12825320633015824,0.9970760233918129,0.20401244416081685,0.33871929011323754,score threshold,0.918,pareto auto mcdm,y_any_risk
5127,0.12817820445511138,0.9970743124634289,0.20389278876834716,0.338554256763469,score threshold,0.919,pareto auto mcdm,y_any_risk
5113,0.12782819570489262,0.9970663015841972,0.20333439693682195,0.33778366738446247,score threshold,0.92,pareto auto mcdm,y_any_risk
5113,0.12782819570489262,0.9970663015841972,0.20333439693682195,0.33778366738446247,score threshold,0.921,pareto auto mcdm,y_any_risk
5112,0.127803195079877,0.9970657276995305,0.20329451180599872,0.33772859793267956,score threshold,0.922,pareto auto mcdm,y_any_risk
5112,0.127803195079877,0.9970657276995305,0.20329451180599872,0.33772859793267956,score threshold,0.923,pareto auto mcdm,y_any_risk
5112,0.127803195079877,0.9970657276995305,0.20329451180599872,0.33772859793267956,score threshold,0.924,pareto auto mcdm,y_any_risk
5112,0.127803195079877,0.9970657276995305,0.20329451180599872,0.33772859793267956,score threshold,0.925,pareto auto mcdm,y_any_risk
5112,0.127803195079877,0.9970657276995305,0.20329451180599872,0.33772859793267956,score threshold,0.926,pareto auto mcdm,y_any_risk
4833,0.12082802070051751,0.9973101593213325,0.19224633056796425,0.3223541213843839,score threshold,0.927,pareto auto mcdm,y_any_risk
4833,0.12082802070051751,0.9973101593213325,0.19224633056796425,0.3223541213843839,score threshold,0.928,pareto auto mcdm,y_any_risk
4833,0.12082802070051751,0.9973101593213325,0.19224633056796425,0.3223541213843839,score threshold,0.929,pareto auto mcdm,y_any_risk
4833,0.12082802070051751,0.9973101593213325,0.19224633056796425,0.3223541213843839,score threshold,0.93,pareto auto mcdm,y_any_risk
4833,0.12082802070051751,0.9973101593213325,0.19224633056796425,0.3223541213843839,score threshold,0.931,pareto auto mcdm,y_any_risk
4833,0.12082802070051751,0.9973101593213325,0.19224633056796425,0.3223541213843839,score threshold,0.932,pareto auto mcdm,y_any_risk
4833,0.12082802070051751,0.9973101593213325,0.19224633056796425,0.3223541213843839,score threshold,0.933,pareto auto mcdm,y_any_risk
4833,0.12082802070051751,0.9973101593213325,0.19224633056796425,0.3223541213843839,score threshold,0.934,pareto auto mcdm,y_any_risk
4833,0.12082802070051751,0.9973101593213325,0.19224633056796425,0.3223541213843839,score threshold,0.935,pareto auto mcdm,y_any_risk
4833,0.12082802070051751,0.9973101593213325,0.19224633056796425,0.3223541213843839,score threshold,0.936,pareto auto mcdm,y_any_risk
4832,0.1208030200755019,0.9973096026490066,0.19220644543714102,0.3222980203317282,score threshold,0.937,pareto auto mcdm,y_any_risk
4832,0.1208030200755019,0.9973096026490066,0.19220644543714102,0.3222980203317282,score threshold,0.9380000000000001,pareto auto mcdm,y_any_risk
4832,0.1208030200755019,0.9973096026490066,0.19220644543714102,0.3222980203317282,score threshold,0.9390000000000001,pareto auto mcdm,y_any_risk
4832,0.1208030200755019,0.9973096026490066,0.19220644543714102,0.3222980203317282,score threshold,0.9400000000000001,pareto auto mcdm,y_any_risk
4832,0.1208030200755019,0.9973096026490066,0.19220644543714102,0.3222980203317282,score threshold,0.9410000000000001,pareto auto mcdm,y_any_risk
4795,0.11987799694992375,0.997497393117831,0.19077058072750477,0.3202866039441524,score threshold,0.9420000000000001,pareto auto mcdm,y_any_risk
4792,0.11980299507487688,0.9974958263772955,0.1906509253350351,0.320117867666756,score threshold,0.9430000000000001,pareto auto mcdm,y_any_risk
4780,0.11950298757468937,0.9974895397489539,0.19017230376515634,0.3194425834114967,score threshold,0.9440000000000001,pareto auto mcdm,y_any_risk
4779,0.11947798694967374,0.997489014438167,0.1901324186343331,0.31938628521657564,score threshold,0.9450000000000001,pareto auto mcdm,y_any_risk
4779,0.11947798694967374,0.997489014438167,0.1901324186343331,0.31938628521657564,score threshold,0.9460000000000001,pareto auto mcdm,y_any_risk
4779,0.11947798694967374,0.997489014438167,0.1901324186343331,0.31938628521657564,score threshold,0.9470000000000001,pareto auto mcdm,y_any_risk
4779,0.11947798694967374,0.997489014438167,0.1901324186343331,0.31938628521657564,score threshold,0.9480000000000001,pareto auto mcdm,y_any_risk
4777,0.1194279856996425,0.997487963156793,0.19005264837268665,0.31927367751013436,score threshold,0.9490000000000001,pareto auto mcdm,y_any_risk
4776,0.11940298507462686,0.9974874371859297,0.19001276324186345,0.3192173679978558,score threshold,0.9500000000000001,pareto auto mcdm,y_any_risk
3945,0.09862746568664217,0.9979721166032953,0.15702776005105296,0.2713581693490023,score threshold,0.9510000000000001,pareto auto mcdm,y_any_risk
3945,0.09862746568664217,0.9979721166032953,0.15702776005105296,0.2713581693490023,score threshold,0.9520000000000001,pareto auto mcdm,y_any_risk
3945,0.09862746568664217,0.9979721166032953,0.15702776005105296,0.2713581693490023,score threshold,0.9530000000000001,pareto auto mcdm,y_any_risk
3945,0.09862746568664217,0.9979721166032953,0.15702776005105296,0.2713581693490023,score threshold,0.9540000000000001,pareto auto mcdm,y_any_risk
3945,0.09862746568664217,0.9979721166032953,0.15702776005105296,0.2713581693490023,score threshold,0.9550000000000001,pareto auto mcdm,y_any_risk
3945,0.09862746568664217,0.9979721166032953,0.15702776005105296,0.2713581693490023,score threshold,0.9560000000000001,pareto auto mcdm,y_any_risk
3945,0.09862746568664217,0.9979721166032953,0.15702776005105296,0.2713581693490023,score threshold,0.9570000000000001,pareto auto mcdm,y_any_risk
3945,0.09862746568664217,0.9979721166032953,0.15702776005105296,0.2713581693490023,score threshold,0.9580000000000001,pareto auto mcdm,y_any_risk
3945,0.09862746568664217,0.9979721166032953,0.15702776005105296,0.2713581693490023,score threshold,0.9590000000000001,pareto auto mcdm,y_any_risk
3945,0.09862746568664217,0.9979721166032953,0.15702776005105296,0.2713581693490023,score threshold,0.9600000000000001,pareto auto mcdm,y_any_risk
3945,0.09862746568664217,0.9979721166032953,0.15702776005105296,0.2713581693490023,score threshold,0.961,pareto auto mcdm,y_any_risk
3944,0.09860246506162654,0.9979716024340771,0.15698787492022973,0.27129859387923905,score threshold,0.962,pareto auto mcdm,y_any_risk
3944,0.09860246506162654,0.9979716024340771,0.15698787492022973,0.27129859387923905,score threshold,0.963,pareto auto mcdm,y_any_risk
3944,0.09860246506162654,0.9979716024340771,0.15698787492022973,0.27129859387923905,score threshold,0.964,pareto auto mcdm,y_any_risk
3944,0.09860246506162654,0.9979716024340771,0.15698787492022973,0.27129859387923905,score threshold,0.965,pareto auto mcdm,y_any_risk
3944,0.09860246506162654,0.9979716024340771,0.15698787492022973,0.27129859387923905,score threshold,0.966,pareto auto mcdm,y_any_risk
3944,0.09860246506162654,0.9979716024340771,0.15698787492022973,0.27129859387923905,score threshold,0.967,pareto auto mcdm,y_any_risk
3944,0.09860246506162654,0.9979716024340771,0.15698787492022973,0.27129859387923905,score threshold,0.968,pareto auto mcdm,y_any_risk
3944,0.09860246506162654,0.9979716024340771,0.15698787492022973,0.27129859387923905,score threshold,0.969,pareto auto mcdm,y_any_risk
3944,0.09860246506162654,0.9979716024340771,0.15698787492022973,0.27129859387923905,score threshold,0.97,pareto auto mcdm,y_any_risk
3941,0.09852746318657966,0.9979700583608221,0.15686821952776006,0.27111984282907664,score threshold,0.971,pareto auto mcdm,y_any_risk
3916,0.09790244756118903,0.9979570990806946,0.15587109125717932,0.2696288119221747,score threshold,0.972,pareto auto mcdm,y_any_risk
3916,0.09790244756118903,0.9979570990806946,0.15587109125717932,0.2696288119221747,score threshold,0.973,pareto auto mcdm,y_any_risk
3916,0.09790244756118903,0.9979570990806946,0.15587109125717932,0.2696288119221747,score threshold,0.974,pareto auto mcdm,y_any_risk
3916,0.09790244756118903,0.9979570990806946,0.15587109125717932,0.2696288119221747,score threshold,0.975,pareto auto mcdm,y_any_risk
3916,0.09790244756118903,0.9979570990806946,0.15587109125717932,0.2696288119221747,score threshold,0.976,pareto auto mcdm,y_any_risk
3916,0.09790244756118903,0.9979570990806946,0.15587109125717932,0.2696288119221747,score threshold,0.977,pareto auto mcdm,y_any_risk
3916,0.09790244756118903,0.9979570990806946,0.15587109125717932,0.2696288119221747,score threshold,0.978,pareto auto mcdm,y_any_risk
3861,0.09652741318532963,0.9979279979279979,0.15367740906190172,0.26633947395707325,score threshold,0.979,pareto auto mcdm,y_any_risk
3852,0.096302407560189,0.9979231568016614,0.15331844288449267,0.26580002765869176,score threshold,0.98,pareto auto mcdm,y_any_risk
3830,0.09575239380984525,0.997911227154047,0.15244097000638163,0.2644799667843056,score threshold,0.981,pareto auto mcdm,y_any_risk
3828,0.095702392559814,0.9979101358411703,0.15236119974473517,0.2643598615916955,score threshold,0.982,pareto auto mcdm,y_any_risk
3828,0.095702392559814,0.9979101358411703,0.15236119974473517,0.2643598615916955,score threshold,0.983,pareto auto mcdm,y_any_risk
3828,0.095702392559814,0.9979101358411703,0.15236119974473517,0.2643598615916955,score threshold,0.984,pareto auto mcdm,y_any_risk
3828,0.095702392559814,0.9979101358411703,0.15236119974473517,0.2643598615916955,score threshold,0.985,pareto auto mcdm,y_any_risk
3814,0.09535238380959524,0.9979024646040902,0.15180280791320996,0.26351865955826353,score threshold,0.986,pareto auto mcdm,y_any_risk
3814,0.09535238380959524,0.9979024646040902,0.15180280791320996,0.26351865955826353,score threshold,0.987,pareto auto mcdm,y_any_risk
3701,0.09252731318282957,0.9983788165360713,0.14737555839183153,0.2568380078545859,score threshold,0.988,pareto auto mcdm,y_any_risk
3701,0.09252731318282957,0.9983788165360713,0.14737555839183153,0.2568380078545859,score threshold,0.989,pareto auto mcdm,y_any_risk
3701,0.09252731318282957,0.9983788165360713,0.14737555839183153,0.2568380078545859,score threshold,0.99,pareto auto mcdm,y_any_risk
3701,0.09252731318282957,0.9983788165360713,0.14737555839183153,0.2568380078545859,score threshold,0.991,pareto auto mcdm,y_any_risk
3645,0.09112727818195455,0.9983539094650206,0.1451419910657307,0.2534387296723195,score threshold,0.992,pareto auto mcdm,y_any_risk
3391,0.0847771194279857,0.9994102034797995,0.13517070835992342,0.23813371745775216,score threshold,0.993,pareto auto mcdm,y_any_risk
3298,0.08245206130153254,0.9993935718617344,0.13146139119336311,0.23235812477969686,score threshold,0.994,pareto auto mcdm,y_any_risk
3292,0.08230205755143878,0.9993924665856622,0.13122208040842373,0.23198420533070088,score threshold,0.995,pareto auto mcdm,y_any_risk
3292,0.08230205755143878,0.9993924665856622,0.13122208040842373,0.23198420533070088,score threshold,0.996,pareto auto mcdm,y_any_risk
3291,0.08227705692642316,0.9993922819811607,0.1311821952776005,0.23192187004195608,score threshold,0.997,pareto auto mcdm,y_any_risk
2977,0.07442686067151678,0.9993281827342962,0.11865826419910658,0.21212877464437235,score threshold,0.998,pareto auto mcdm,y_any_risk
1340,0.03350083752093802,1.0,0.05344607530312699,0.10146902922913827,score threshold,0.999,pareto auto mcdm,y_any_risk
