algorithm,solution_index,method,normalization,top_k_rate,selected_criteria_count,decision_signature,objective_ap_loss,objective_ndcg_loss,objective_f1_loss,objective_any_f1_loss,objective_review_burden,objective_complexity,primary_average_precision,primary_precision,primary_recall,primary_f1,primary_ndcg,any_precision,any_recall,any_f1,any_ndcg,review_burden,complexity,criterion_selected_p_cri_high,weight_p_cri_high,criterion_selected_p_proc_high,weight_p_proc_high,criterion_selected_p_buyer_concentration_high,weight_p_buyer_concentration_high,criterion_selected_p_single_bid,weight_p_single_bid,criterion_selected_p_no_call_for_tender,weight_p_no_call_for_tender,criterion_selected_risk_consensus_mean,weight_risk_consensus_mean,criterion_selected_risk_consensus_max,weight_risk_consensus_max,criterion_selected_uncertainty_mean,weight_uncertainty_mean,criterion_selected_uncertainty_max,weight_uncertainty_max
NSGA-II,0,vikor,minmax,0.010000190067647305,3,"{""criteria"": [0, 3, 7], ""method"": ""vikor"", ""normalization"": ""minmax"", ""top_k_rate"": 0.01, ""weights"": [0.9774, 0.0043, 0.0182]}",0.08852122309959598,0.0,0.9506497779240006,0.968391107364872,0.010000190067647305,0.3333333333333333,0.911478776900404,1.0,0.0252993759487266,0.049350222075999345,1.0,1.0,0.016058237876030404,0.03160889263512802,1.0,0.010000190067647305,0.3333333333333333,True,0.9774319365240485,False,0.0,False,0.0,True,0.0043488968137504755,False,0.0,False,0.0,False,0.0,True,0.01821916666220095,False,0.0
NSGA-II,1,topsis,minmax,0.011359472418885434,3,"{""criteria"": [4, 7, 8], ""method"": ""topsis"", ""normalization"": ""minmax"", ""top_k_rate"": 0.0114, ""weights"": [0.7642, 0.14, 0.0958]}",0.41036984592646675,0.3261728025255799,0.9622950819672131,0.9640454163162321,0.011359472418885434,0.3333333333333333,0.5896301540735333,0.672514619883041,0.01939618822735706,0.03770491803278689,0.6738271974744201,1.0,0.01830639117867466,0.03595458368376787,1.0,0.011359472418885434,0.3333333333333333,False,0.0,False,0.0,False,0.0,False,0.0,True,0.7642173931644429,False,0.0,False,0.0,True,0.13998349282064484,True,0.09579911401491228
NSGA-II,3,topsis,minmax,0.010142847987161873,4,"{""criteria"": [4, 6, 7, 8], ""method"": ""topsis"", ""normalization"": ""minmax"", ""top_k_rate"": 0.0101, ""weights"": [0.3568, 0.4606, 0.0587, 0.1239]}",0.3212425369542906,0.3602510139186623,0.967773758632029,0.9677691173372657,0.010142847987161873,0.4444444444444444,0.6787574630457094,0.6405228758169934,0.01652892561983471,0.032226241367971066,0.6397489860813377,1.0,0.01637940263355101,0.032230882662734356,1.0,0.010142847987161873,0.4444444444444444,False,0.0,False,0.0,False,0.0,False,0.0,True,0.35677295024153166,False,0.0,True,0.4605769638501055,True,0.058724881006410996,True,0.12392520490195186
NSGA-II,4,topsis,minmax,0.04092343698436635,3,"{""criteria"": [4, 6, 7], ""method"": ""topsis"", ""normalization"": ""minmax"", ""top_k_rate"": 0.0409, ""weights"": [0.6178, 0.3551, 0.0271]}",0.33264257345747994,0.36985121994038883,0.8829283203423506,0.8766449020592667,0.04092343698436635,0.3333333333333333,0.6673574265425201,0.6237785016286646,0.06459773992241524,0.11707167965764939,0.6301487800596112,1.0,0.06573172037255112,0.12335509794073331,1.0,0.04092343698436635,0.3333333333333333,False,0.0,False,0.0,False,0.0,False,0.0,True,0.617751804838978,False,0.0,True,0.35510858742252976,True,0.02713960773849236,False,0.0
NSGA-II,5,topsis,minmax,0.19996852620374445,4,"{""criteria"": [0, 3, 4, 7], ""method"": ""topsis"", ""normalization"": ""minmax"", ""top_k_rate"": 0.2, ""weights"": [0.6705, 0.2417, 0.055, 0.0328]}",0.09564822817520369,0.049253831195119835,0.3645425019599059,0.521594684385382,0.19996852620374445,0.4444444444444444,0.9043517718247963,0.9456666666666667,0.4784955304435824,0.6354574980400941,0.9507461688048802,0.984,0.31602612140027836,0.4784053156146179,0.9861713223931323,0.19996852620374445,0.4444444444444444,True,0.6704896581169826,False,0.0,False,0.0,True,0.24174806155310954,True,0.05499421112809943,False,0.0,False,0.0,True,0.032768069201808574,False,0.0
NSGA-II,6,vikor,minmax,0.19704842756486224,3,"{""criteria"": [0, 4, 7], ""method"": ""vikor"", ""normalization"": ""minmax"", ""top_k_rate"": 0.197, ""weights"": [0.9546, 0.0358, 0.0096]}",0.08849428256724545,0.047622226149490965,0.37084974676420934,0.5306172237131008,0.19704842756486224,0.3333333333333333,0.9115057174327545,0.9455345060893099,0.47141170517793896,0.6291502532357907,0.952377773850509,0.976319350473613,0.30896049673482495,0.46938277628689923,0.979564185154275,0.19704842756486224,0.3333333333333333,True,0.9546081202935203,False,0.0,False,0.0,False,0.0,True,0.03581274232570963,False,0.0,False,0.0,True,0.009579137380770077,False,0.0
NSGA-II,7,topsis,minmax,0.19998498338809761,3,"{""criteria"": [0, 4, 7], ""method"": ""topsis"", ""normalization"": ""minmax"", ""top_k_rate"": 0.2, ""weights"": [0.9571, 0.033, 0.0099]}",0.08871311123040893,0.04929019241170696,0.36588643745100247,0.52548415849607,0.19998498338809761,0.3333333333333333,0.9112868887695911,0.9436666666666667,0.4774835554056333,0.6341135625489975,0.950709807588293,0.976,0.3134568033401135,0.47451584150393,0.9792309810782401,0.19998498338809761,0.3333333333333333,True,0.9570863743125545,False,0.0,False,0.0,False,0.0,True,0.03297948148972186,False,0.0,False,0.0,True,0.009934144197723685,False,0.0
NSGA-II,8,topsis,minmax,0.14448667118061914,7,"{""criteria"": [0, 3, 4, 5, 6, 7, 8], ""method"": ""topsis"", ""normalization"": ""minmax"", ""top_k_rate"": 0.1445, ""weights"": [0.1785, 0.0056, 0.3783, 0.1806, 0.2055, 0.0014, 0.0502]}",0.206392442133722,0.09731195453337715,0.5237742373718661,0.6255104700669041,0.14448667118061914,0.7777777777777778,0.793607557866278,0.8892988929889298,0.3251813121942992,0.4762257626281338,0.9026880454666228,0.9940036900369004,0.23070335081897014,0.37448952993309587,0.9948183093972004,0.14448667118061914,0.7777777777777778,True,0.17845104966311334,False,0.0,False,0.0,True,0.005631184317709772,True,0.37829360220561625,True,0.18056617824049664,True,0.2054613133346744,True,0.0014115719610105582,True,0.05018510027737897
NSGA-II,9,topsis,minmax,0.17285249414085396,5,"{""criteria"": [0, 1, 6, 7, 8], ""method"": ""topsis"", ""normalization"": ""minmax"", ""top_k_rate"": 0.1729, ""weights"": [0.4241, 0.2398, 0.2239, 0.001, 0.1112]}",0.10886866293253772,0.04574107364361768,0.4226707345693499,0.5728171610524552,0.17285249414085396,0.5555555555555556,0.8911313370674623,0.9487080601619745,0.4149097655591162,0.5773292654306501,0.9542589263563823,0.9830312379483224,0.27288298897334334,0.42718283894754483,0.9851780399518979,0.17285249414085396,0.5555555555555556,True,0.42408940988797617,True,0.23978198630746217,False,0.0,False,0.0,False,0.0,False,0.0,True,0.2239059281229141,True,0.000988868412078111,True,0.11123380726956937
NSGA-II,10,topsis,minmax,0.0456998090850427,4,"{""criteria"": [3, 4, 5, 7], ""method"": ""topsis"", ""normalization"": ""minmax"", ""top_k_rate"": 0.0457, ""weights"": [0.1064, 0.6315, 0.2597, 0.0024]}",0.27872872725363607,0.0157265049423001,0.7965230536659108,0.8631694425052359,0.0456998090850427,0.4444444444444444,0.7212712727463639,0.9810495626822158,0.11350986675662,0.20347694633408916,0.9842734950576999,1.0,0.07343967455304572,0.13683055749476414,1.0,0.0456998090850427,0.4444444444444444,False,0.0,False,0.0,False,0.0,True,0.1063934253351894,True,0.631512566038362,True,0.2596747545706639,False,0.0,True,0.002419254055784721,False,0.0
NSGA-II,11,vikor,minmax,0.0244144436225721,6,"{""criteria"": [0, 1, 4, 6, 7, 8], ""method"": ""vikor"", ""normalization"": ""minmax"", ""top_k_rate"": 0.0244, ""weights"": [0.4097, 0.2196, 0.0457, 0.2165, 0.001, 0.1075]}",0.10754002975395838,0.0021349510944832506,0.8837357052096569,0.9243922538112896,0.0244144436225721,0.6666666666666666,0.8924599702460416,0.997275204359673,0.0617304773148929,0.11626429479034307,0.9978650489055167,1.0,0.03928915533668772,0.07560774618871034,1.0,0.0244144436225721,0.6666666666666666,True,0.4097481504781866,True,0.21959124422319806,False,0.0,False,0.0,True,0.045716997336584485,False,0.0,True,0.21651399201272595,True,0.0009554282504303467,True,0.10747418769887458
NSGA-II,12,topsis,minmax,0.027371731992300974,6,"{""criteria"": [0, 1, 4, 6, 7, 8], ""method"": ""topsis"", ""normalization"": ""minmax"", ""top_k_rate"": 0.0274, ""weights"": [0.4098, 0.2196, 0.0457, 0.2164, 0.001, 0.1075]}",0.10741324191270052,0.0038552739717360174,0.8709779179810726,0.9157095980311731,0.027371731992300974,0.6666666666666666,0.8925867580872995,0.9951338199513382,0.06898296508686119,0.12902208201892745,0.996144726028264,1.0,0.04399957178032331,0.08429040196882692,1.0,0.027371731992300974,0.6666666666666666,True,0.409821836347536,True,0.2196307337772405,False,0.0,False,0.0,True,0.04572521872010716,False,0.0,True,0.2163730960805435,True,0.0009556000670966374,True,0.10749351500747614
NSGA-II,13,topsis,minmax,0.12911757713209854,7,"{""criteria"": [0, 3, 4, 5, 6, 7, 8], ""method"": ""topsis"", ""normalization"": ""minmax"", ""top_k_rate"": 0.1291, ""weights"": [0.1339, 0.0067, 0.3118, 0.2464, 0.2408, 0.0016, 0.0588]}",0.19639031094999237,0.07706189350732018,0.5504703788456649,0.658804752615712,0.12911757713209854,0.7777777777777778,0.8036096890500076,0.912751677852349,0.2981953111823242,0.44952962115433515,0.9229381064926798,0.9932885906040269,0.2059736644898833,0.34119524738428797,0.9942301467946751,0.12911757713209854,0.7777777777777778,True,0.13393698316767166,False,0.0,False,0.0,True,0.006657538023472541,True,0.3118158981696877,True,0.24638929055922318,True,0.2407927472659036,True,0.001592537830981084,True,0.05881500498306008
NSGA-II,14,topsis,minmax,0.10325718557854466,5,"{""criteria"": [3, 4, 6, 7, 8], ""method"": ""topsis"", ""normalization"": ""minmax"", ""top_k_rate"": 0.1033, ""weights"": [0.0306, 0.6034, 0.3008, 0.0007, 0.0644]}",0.3072137689450133,0.23649615299228754,0.6932334848890078,0.7155188246097337,0.10325718557854466,0.5555555555555556,0.6927862310549867,0.7404777275661717,0.19345589475459604,0.30676651511099223,0.7635038470077125,1.0,0.1658280697998073,0.2844811753902663,1.0,0.10325718557854466,0.5555555555555556,False,0.0,False,0.0,False,0.0,True,0.030567451376108706,True,0.603425117350351,False,0.0,True,0.300841273880046,True,0.0007479478447181545,True,0.06441820954877621
NSGA-II,15,topsis,minmax,0.19891267395050466,3,"{""criteria"": [0, 4, 7], ""method"": ""topsis"", ""normalization"": ""minmax"", ""top_k_rate"": 0.1989, ""weights"": [0.9546, 0.0358, 0.0096]}",0.08871001727886307,0.048969197242133444,0.3678895994614608,0.5274645030425964,0.19891267395050466,0.3333333333333333,0.9112899827211369,0.9440348525469169,0.47512228031708553,0.6321104005385392,0.9510308027578666,0.9758713136729222,0.3117439246333369,0.47253549695740366,0.9791365332559389,0.19891267395050466,0.3333333333333333,True,0.9546081202935203,False,0.0,False,0.0,False,0.0,True,0.03581274232570963,False,0.0,False,0.0,True,0.009579137380770077,False,0.0
NSGA-II,16,topsis,vector,0.16881434188202674,6,"{""criteria"": [0, 1, 3, 4, 7, 8], ""method"": ""topsis"", ""normalization"": ""vector"", ""top_k_rate"": 0.1688, ""weights"": [0.3943, 0.0083, 0.0302, 0.4347, 0.075, 0.0575]}",0.17466172947756986,0.09407725361406949,0.4649019144410306,0.5844702711807309,0.16881434188202674,0.6666666666666666,0.8253382705224301,0.8938018160284248,0.38185191431944676,0.5350980855589694,0.9059227463859305,0.9739439399921043,0.2641044856011134,0.4155297288192691,0.9775149569421724,0.16881434188202674,0.6666666666666666,True,0.3943098628574558,True,0.008264518406444491,False,0.0,True,0.030184337976819287,True,0.4347141791877785,False,0.0,False,0.0,True,0.07503789938813654,True,0.057489202183365444
NSGA-II,17,topsis,minmax,0.18222604438698908,4,"{""criteria"": [3, 4, 6, 7], ""method"": ""topsis"", ""normalization"": ""minmax"", ""top_k_rate"": 0.1822, ""weights"": [0.0046, 0.6684, 0.3245, 0.0025]}",0.2901622770093213,0.26398299498200584,0.551656470045019,0.5546169772256728,0.18222604438698908,0.4444444444444444,0.7098377229906787,0.7103145574250183,0.327542587282847,0.44834352995498095,0.7360170050179942,0.9835405998536942,0.28787067765763835,0.4453830227743271,0.9858207119430836,0.18222604438698908,0.4444444444444444,False,0.0,False,0.0,False,0.0,True,0.004586622873399739,True,0.6684147567868535,False,0.0,True,0.32447391902634326,True,0.0025247013134035512,False,0.0
NSGA-II,18,topsis,vector,0.14451319602396198,3,"{""criteria"": [1, 4, 7], ""method"": ""topsis"", ""normalization"": ""vector"", ""top_k_rate"": 0.1445, ""weights"": [0.0028, 0.9845, 0.0127]}",0.39087961611684974,0.2932178319978176,0.6206002223045572,0.6253366930228517,0.14451319602396198,0.3333333333333333,0.6091203838831503,0.7084870848708487,0.25906560971496034,0.3793997776954427,0.7067821680021824,0.9944649446494465,0.23081040573814368,0.3746633069771483,0.9953438833604922,0.14451319602396198,0.3333333333333333,False,0.0,True,0.0028275041466461945,False,0.0,False,0.0,True,0.9844887003870021,False,0.0,False,0.0,True,0.012683795466351934,False,0.0
NSGA-II,19,topsis,minmax,0.15932449199904686,5,"{""criteria"": [0, 3, 5, 7, 8], ""method"": ""topsis"", ""normalization"": ""minmax"", ""top_k_rate"": 0.1593, ""weights"": [0.3525, 0.0279, 0.5504, 0.001, 0.0683]}",0.12235820090431215,0.0755949630290309,0.474456064430821,0.6068536356661837,0.15932449199904686,0.5555555555555556,0.8776417990956878,0.9146443514644351,0.36869623882610897,0.525543935569179,0.9244050369709691,0.9648535564853556,0.24686864361417407,0.39314636433381633,0.9696975551915314,0.15932449199904686,0.5555555555555556,True,0.3524555660207932,False,0.0,False,0.0,True,0.027866581533685292,False,0.0,True,0.5504179989869427,False,0.0,True,0.0009521840555081908,True,0.06830766940307072
NSGA-II,20,topsis,minmax,0.18747382276930144,3,"{""criteria"": [0, 3, 7], ""method"": ""topsis"", ""normalization"": ""minmax"", ""top_k_rate"": 0.1875, ""weights"": [0.9874, 0.0026, 0.01]}",0.0885859831735083,0.043963820739195025,0.38908591694314154,0.5472722784497654,0.18747382276930144,0.3333333333333333,0.9114140168264917,0.94950213371266,0.45032889188733344,0.6109140830568585,0.956036179260805,0.9783072546230441,0.2945080826463976,0.4527277215502345,0.9813161964324213,0.18747382276930144,0.3333333333333333,True,0.9873538054735127,False,0.0,False,0.0,True,0.0026184943472204666,False,0.0,False,0.0,False,0.0,True,0.010027700179266763,False,0.0
NSGA-II,21,vikor,minmax,0.12353313528362717,3,"{""criteria"": [4, 6, 7], ""method"": ""vikor"", ""normalization"": ""minmax"", ""top_k_rate"": 0.1235, ""weights"": [0.6447, 0.3528, 0.0025]}",0.3518677112502703,0.2520705908139165,0.6412233359033668,0.6689297838127568,0.12353313528362717,0.3333333333333333,0.6481322887497297,0.7533729087965462,0.2354528588294822,0.3587766640966332,0.7479294091860835,1.0,0.19837276522856226,0.3310702161872432,1.0,0.12353313528362717,0.3333333333333333,False,0.0,False,0.0,False,0.0,False,0.0,True,0.6446983560883047,False,0.0,True,0.3527877028330282,True,0.0025139410786669983,False,0.0
NSGA-II,22,vikor,minmax,0.1178174260546866,3,"{""criteria"": [0, 4, 7], ""method"": ""vikor"", ""normalization"": ""minmax"", ""top_k_rate"": 0.1178, ""weights"": [0.5349, 0.4597, 0.0054]}",0.1557054026296132,0.040017846701718374,0.5619072365856828,0.6829597623548473,0.1178174260546866,0.3333333333333333,0.8442945973703868,0.9536199095022625,0.28436498566368695,0.4380927634143173,0.9599821532982816,0.9960407239819005,0.18852371266459694,0.3170402376451526,0.9966859496913019,0.1178174260546866,0.3333333333333333,True,0.534930086819201,False,0.0,False,0.0,False,0.0,True,0.45970208874916435,False,0.0,False,0.0,True,0.005367824431634653,False,0.0
NSGA-II,23,topsis,minmax,0.04854303318293198,3,"{""criteria"": [4, 7, 8], ""method"": ""topsis"", ""normalization"": ""minmax"", ""top_k_rate"": 0.0485, ""weights"": [0.913, 0.0033, 0.0837]}",0.3924606898799109,0.22557012939203713,0.8311805346951037,0.8552135054617677,0.04854303318293198,0.3333333333333333,0.6075393101200891,0.7709190672153635,0.09478832855456232,0.16881946530489636,0.7744298706079629,1.0,0.07804303607750776,0.14478649453823236,1.0,0.04854303318293198,0.3333333333333333,False,0.0,False,0.0,False,0.0,False,0.0,True,0.9129774881393034,False,0.0,False,0.0,True,0.003276955910194099,True,0.08374555595050256
NSGA-II,24,topsis,minmax,0.1924234529821696,3,"{""criteria"": [3, 4, 7], ""method"": ""topsis"", ""normalization"": ""minmax"", ""top_k_rate"": 0.1924, ""weights"": [0.0229, 0.9523, 0.0248]}",0.3588853637768128,0.2821378610274655,0.5376588021778583,0.5412168792934249,0.1924234529821696,0.3333333333333333,0.6411146362231872,0.7059231035677174,0.3437341878900321,0.4623411978221416,0.7178621389725345,0.9715968133010046,0.30028904828176856,0.45878312070657506,0.9754566652417266,0.1924234529821696,0.3333333333333333,False,0.0,False,0.0,False,0.0,True,0.022883440322762516,True,0.9522738341351208,False,0.0,False,0.0,True,0.024842725542116688,False,0.0
NSGA-II,25,topsis,minmax,0.1952902935357021,4,"{""criteria"": [0, 3, 4, 7], ""method"": ""topsis"", ""normalization"": ""minmax"", ""top_k_rate"": 0.1953, ""weights"": [0.3913, 0.0511, 0.5549, 0.0028]}",0.19350446644060226,0.15382863785767165,0.45388870075629306,0.5371200391166164,0.1952902935357021,0.4444444444444444,0.8064955335593977,0.8255972696245734,0.4079946027997976,0.5461112992437069,0.8461713621423284,0.9692832764505119,0.3040359704528423,0.46287996088338357,0.9732929274810316,0.1952902935357021,0.4444444444444444,True,0.3912946464070658,False,0.0,False,0.0,True,0.05105878142688244,True,0.554878518005473,False,0.0,False,0.0,True,0.002768054160578603,False,0.0
NSGA-II,26,topsis,minmax,0.02905449701056767,5,"{""criteria"": [0, 4, 6, 7, 8], ""method"": ""topsis"", ""normalization"": ""minmax"", ""top_k_rate"": 0.0291, ""weights"": [0.144, 0.4961, 0.219, 0.0304, 0.1105]}",0.2640537283144394,0.04982350744875341,0.8711704634721131,0.9108110872455764,0.02905449701056767,0.5555555555555556,0.7359462716855606,0.9403669724770642,0.06915162759318604,0.12882953652788687,0.9501764925512466,1.0,0.046675944759661706,0.08918891275442366,1.0,0.02905449701056767,0.5555555555555556,True,0.1439563873348316,False,0.0,False,0.0,False,0.0,True,0.49611558059323263,False,0.0,True,0.21903658254840724,True,0.030416569919469737,True,0.11047487960405876
NSGA-II,27,vikor,minmax,0.11189887023786217,3,"{""criteria"": [3, 4, 7], ""method"": ""vikor"", ""normalization"": ""minmax"", ""top_k_rate"": 0.1119, ""weights"": [0.21, 0.6233, 0.1667]}",0.3313817770777854,0.17666129399352548,0.6403785488958991,0.7021778584392014,0.11189887023786217,0.3333333333333333,0.6686182229222146,0.8147706968433591,0.23073030865238658,0.359621451104101,0.8233387060064745,0.97736748064324,0.17567712236377261,0.29782214156079856,0.9804065179991641,0.11189887023786217,0.3333333333333333,False,0.0,False,0.0,False,0.0,True,0.2099755189060508,True,0.6233040657353793,False,0.0,False,0.0,True,0.16672041535856977,False,0.0
NSGA-II,28,topsis,minmax,0.08234298659167785,4,"{""criteria"": [0, 1, 4, 7], ""method"": ""topsis"", ""normalization"": ""minmax"", ""top_k_rate"": 0.0823, ""weights"": [0.3674, 0.3441, 0.2425, 0.046]}",0.1336671424958188,0.01775875914508218,0.6622470341939986,0.7662853361066465,0.08234298659167785,0.4444444444444444,0.8663328575041812,0.9789644012944984,0.20408163265306123,0.3377529658060014,0.9822412408549178,1.0,0.13231988009849052,0.2337146638933535,1.0,0.08234298659167785,0.4444444444444444,True,0.3673842019606016,True,0.3441146769127291,False,0.0,False,0.0,True,0.24253589515588858,False,0.0,False,0.0,True,0.045965225970780565,False,0.0
NSGA-II,29,topsis,vector,0.06817554109960215,3,"{""criteria"": [3, 4, 7], ""method"": ""topsis"", ""normalization"": ""vector"", ""top_k_rate"": 0.0682, ""weights"": [0.0062, 0.9438, 0.05]}",0.39655797693791883,0.3631751956015763,0.8132911392405063,0.8025858741798533,0.06817554109960215,0.3333333333333333,0.6034420230620812,0.6344086021505376,0.10946196660482375,0.1867088607594937,0.6368248043984237,1.0,0.10951718231452735,0.19741412582014667,1.0,0.06817554109960215,0.3333333333333333,False,0.0,False,0.0,False,0.0,True,0.006199184578092058,True,0.9437912607263101,False,0.0,False,0.0,True,0.05000955469559784,False,0.0
NSGA-II,30,topsis,vector,0.06951390501118936,4,"{""criteria"": [1, 3, 4, 7], ""method"": ""topsis"", ""normalization"": ""vector"", ""top_k_rate"": 0.0695, ""weights"": [0.5078, 0.02, 0.4415, 0.0306]}",0.2385954734308252,0.19259605837438576,0.7550200803212852,0.7991140215716487,0.06951390501118936,0.4444444444444444,0.7614045265691748,0.8187919463087249,0.14403778040141677,0.24497991967871485,0.8074039416256142,1.0,0.11165828069799807,0.20088597842835132,1.0,0.06951390501118936,0.4444444444444444,False,0.0,True,0.507842307288472,False,0.0,True,0.01996814054349086,True,0.44154311834350235,False,0.0,False,0.0,True,0.030646433824534768,False,0.0
NSGA-II,31,topsis,minmax,0.1382276492567809,3,"{""criteria"": [0, 4, 7], ""method"": ""topsis"", ""normalization"": ""minmax"", ""top_k_rate"": 0.1382, ""weights"": [0.5027, 0.4878, 0.0095]}",0.15925559325603145,0.05915970191756703,0.5169311508184431,0.6408234778799825,0.1382276492567809,0.3333333333333333,0.8407444067439686,0.9320154291224687,0.3260246247259234,0.48306884918155685,0.940840298082433,0.9884281581485053,0.21946258430574886,0.3591765221200175,0.9901929813192684,0.1382276492567809,0.3333333333333333,True,0.5027361374331019,False,0.0,False,0.0,False,0.0,True,0.4877989961256101,False,0.0,False,0.0,True,0.009464866441288076,False,0.0
NSGA-II,32,topsis,minmax,0.12786723932657756,4,"{""criteria"": [4, 5, 6, 7], ""method"": ""topsis"", ""normalization"": ""minmax"", ""top_k_rate"": 0.1279, ""weights"": [0.4446, 0.2782, 0.2473, 0.0298]}",0.2315274674120671,0.11530373687400275,0.5748693768319103,0.6600053290700773,0.12786723932657756,0.4444444444444444,0.7684725325879329,0.8696558915537018,0.28132906054983975,0.4251306231680897,0.8846962631259973,0.9979144942648592,0.20490311529814795,0.33999467092992275,0.9981600347386174,0.12786723932657756,0.4444444444444444,False,0.0,False,0.0,False,0.0,False,0.0,True,0.44460131364377575,True,0.27821783086672514,True,0.2473442594705509,True,0.02983659601894825,False,0.0
NSGA-II,33,topsis,minmax,0.1629001607048112,4,"{""criteria"": [0, 6, 7, 8], ""method"": ""topsis"", ""normalization"": ""minmax"", ""top_k_rate"": 0.1629, ""weights"": [0.8783, 0.0459, 0.0009, 0.0749]}",0.08925429678235908,0.02945953234539478,0.4360444285202436,0.5894781501909208,0.1629001607048112,0.4444444444444444,0.9107457032176409,0.9660392798690671,0.39821217743295667,0.5639555714797564,0.9705404676546052,0.9897708674304418,0.25896584948078366,0.4105218498090793,0.9912152364943155,0.1629001607048112,0.4444444444444444,True,0.8782888967155933,False,0.0,False,0.0,False,0.0,False,0.0,False,0.0,True,0.0458950429061531,True,0.0008918405752961239,True,0.07492421980295741
NSGA-II,34,topsis,minmax,0.15030351764642846,3,"{""criteria"": [0, 4, 7], ""method"": ""topsis"", ""normalization"": ""minmax"", ""top_k_rate"": 0.1503, ""weights"": [0.9387, 0.0543, 0.007]}",0.08893091272030973,0.023408112148527782,0.46383186705767343,0.613487409451535,0.15030351764642846,0.3333333333333333,0.9110690872796903,0.9729490022172949,0.3700455388767077,0.5361681329423266,0.9765918878514722,0.9937915742793791,0.23991007386789423,0.386512590548465,0.9947146836225794,0.15030351764642846,0.3333333333333333,True,0.9386896060751224,False,0.0,False,0.0,False,0.0,True,0.05430282932355341,False,0.0,False,0.0,True,0.007007564601324164,False,0.0
NSGA-II,35,topsis,vector,0.03707663731083225,3,"{""criteria"": [3, 4, 7], ""method"": ""topsis"", ""normalization"": ""vector"", ""top_k_rate"": 0.0371, ""weights"": [0.0414, 0.8353, 0.1234]}",0.39300863024659394,0.3501424063583831,0.8899167437557817,0.8874520105071732,0.03707663731083225,0.3333333333333333,0.6069913697534061,0.6409335727109515,0.0602125147579693,0.11008325624421832,0.6498575936416169,1.0,0.059629589979659565,0.11254798949282684,1.0,0.03707663731083225,0.3333333333333333,False,0.0,False,0.0,False,0.0,True,0.041378973715657276,True,0.8352698621256596,False,0.0,False,0.0,True,0.12335116415868311,False,0.0
NSGA-II,36,topsis,vector,0.04174146889556976,3,"{""criteria"": [4, 7, 8], ""method"": ""topsis"", ""normalization"": ""vector"", ""top_k_rate"": 0.0417, ""weights"": [0.663, 0.1287, 0.2083]}",0.409884885823127,0.31875512883691615,0.8691275167785235,0.8745987158908508,0.04174146889556976,0.3333333333333333,0.590115114176873,0.6842105263157895,0.07235621521335807,0.1308724832214765,0.6812448711630839,0.9968102073365231,0.06690932448346001,0.12540128410914925,0.9973871356332755,0.04174146889556976,0.3333333333333333,False,0.0,False,0.0,False,0.0,False,0.0,True,0.6630042452888714,False,0.0,False,0.0,True,0.12872612631999947,True,0.2082696283911292
NSGA-II,37,topsis,minmax,0.06463297907623175,3,"{""criteria"": [0, 6, 7], ""method"": ""topsis"", ""normalization"": ""minmax"", ""top_k_rate"": 0.0646, ""weights"": [0.4007, 0.5944, 0.0049]}",0.09714071040196115,0.0008487524043740979,0.7190897231482823,0.8118514208127243,0.06463297907623175,0.3333333333333333,0.9028592895980388,0.9989690721649485,0.16343396862877382,0.28091027685171766,0.9991512475956259,1.0,0.10384327159832994,0.18814857918727573,1.0,0.06463297907623175,0.3333333333333333,True,0.40074481559043285,False,0.0,False,0.0,False,0.0,False,0.0,False,0.0,True,0.594395280134104,True,0.0048599042754630395,False,0.0
NSGA-II,38,topsis,minmax,0.1198291009961371,3,"{""criteria"": [3, 4, 7], ""method"": ""topsis"", ""normalization"": ""minmax"", ""top_k_rate"": 0.1198, ""weights"": [0.0583, 0.9133, 0.0284]}",0.33619896657261883,0.21457449912526083,0.6479875760320952,0.677170302540623,0.1198291009961371,0.3333333333333333,0.6638010334273812,0.7563959955506118,0.2293810086017878,0.3520124239679048,0.7854255008747392,1.0,0.19248474467401777,0.32282969745937695,1.0,0.1198291009961371,0.3333333333333333,False,0.0,False,0.0,False,0.0,True,0.05826908256106655,True,0.9132839108278963,False,0.0,False,0.0,True,0.028447006611037093,False,0.0
NSGA-II,39,topsis,vector,0.10180751381295332,3,"{""criteria"": [0, 4, 6], ""method"": ""topsis"", ""normalization"": ""vector"", ""top_k_rate"": 0.1018, ""weights"": [0.3993, 0.3805, 0.2202]}",0.1583719061594182,0.026977454781263233,0.6030575298377364,0.7188333793357254,0.10180751381295332,0.3333333333333333,0.8416280938405818,0.9685863874345549,0.2496205093607691,0.3969424701622636,0.9730225452187368,1.0,0.16357991649716305,0.28116662066427456,1.0,0.10180751381295332,0.3333333333333333,True,0.39934141591913214,False,0.0,False,0.0,False,0.0,True,0.3804931426431934,False,0.0,True,0.22016544143767455,False,0.0,False,0.0
NSGA-II,40,topsis,minmax,0.17420821688951785,4,"{""criteria"": [0, 4, 6, 7], ""method"": ""topsis"", ""normalization"": ""minmax"", ""top_k_rate"": 0.1742, ""weights"": [0.6331, 0.0067, 0.307, 0.0533]}",0.09148018565854898,0.034991605078009025,0.4127838913603372,0.5683453237410072,0.17420821688951785,0.4444444444444444,0.908519814341451,0.9598163030998852,0.4230055658627087,0.5872161086396628,0.965008394921991,0.9873708381171068,0.27620169146772294,0.43165467625899284,0.9891074690053664,0.17420821688951785,0.4444444444444444,True,0.6330840094970309,False,0.0,False,0.0,False,0.0,True,0.006663949905502714,False,0.0,True,0.3069950773197065,True,0.053256963277760014,False,0.0
NSGA-II,41,topsis,vector,0.19561955263486824,3,"{""criteria"": [0, 4, 7], ""method"": ""topsis"", ""normalization"": ""vector"", ""top_k_rate"": 0.1956, ""weights"": [0.5248, 0.4634, 0.0118]}",0.15027288897233815,0.09586707614418422,0.40929602888086647,0.5438253502769632,0.19561955263486824,0.3333333333333333,0.8497271110276619,0.8919931856899489,0.44155844155844154,0.5907039711191335,0.9041329238558158,0.9540034071550255,0.2997537736859009,0.45617464972303684,0.9599927207557046,0.19561955263486824,0.3333333333333333,True,0.5247598191650477,False,0.0,False,0.0,False,0.0,True,0.46341318139793203,False,0.0,False,0.0,True,0.011826999437020374,False,0.0
NSGA-II,42,topsis,minmax,0.15971316318400852,4,"{""criteria"": [0, 3, 4, 7], ""method"": ""topsis"", ""normalization"": ""minmax"", ""top_k_rate"": 0.1597, ""weights"": [0.9141, 0.0233, 0.0028, 0.0597]}",0.088585613626455,0.028829507904151508,0.4436036036036036,0.5958081281417739,0.15971316318400852,0.4444444444444444,0.911414386373545,0.9666110183639399,0.39062236464833866,0.5563963963963964,0.9711704920958485,0.989983305509182,0.25393426827962745,0.40419187185822614,0.9914280279685364,0.15971316318400852,0.4444444444444444,True,0.9141184109074856,False,0.0,False,0.0,True,0.023341784413557703,True,0.0028428910689511522,False,0.0,False,0.0,True,0.0596969136100055,False,0.0
NSGA-II,43,topsis,minmax,0.01465007184610349,4,"{""criteria"": [3, 4, 7, 8], ""method"": ""topsis"", ""normalization"": ""minmax"", ""top_k_rate"": 0.0147, ""weights"": [0.0526, 0.7931, 0.02, 0.1343]}",0.37725288870428586,0.10843979833548034,0.9375508212717515,0.9539797092354356,0.01465007184610349,0.4444444444444444,0.6227471112957141,0.8727272727272727,0.03238320121437004,0.0624491787282485,0.8915602016645197,1.0,0.023552082218177926,0.04602029076456438,1.0,0.01465007184610349,0.4444444444444444,False,0.0,False,0.0,False,0.0,True,0.05258165747361013,True,0.793144301594474,False,0.0,False,0.0,True,0.020004464290270755,True,0.1342695766416451
NSGA-II,44,topsis,minmax,0.07829837606866101,3,"{""criteria"": [1, 4, 7], ""method"": ""topsis"", ""normalization"": ""minmax"", ""top_k_rate"": 0.0783, ""weights"": [0.5194, 0.4198, 0.0608]}",0.2500664254082421,0.20883703998974112,0.7311373873873874,0.7771015595283378,0.07829837606866101,0.3333333333333333,0.7499335745917579,0.8127659574468085,0.16107269354022602,0.26886261261261263,0.7911629600102589,0.9974468085106383,0.12546836527138422,0.2228984404716622,0.9978327048172703,0.07829837606866101,0.3333333333333333,False,0.0,True,0.5194063788395556,False,0.0,False,0.0,True,0.41984278821409327,False,0.0,False,0.0,True,0.06075083294635119,False,0.0
NSGA-II,45,topsis,vector,0.036739633304905886,3,"{""criteria"": [3, 4, 7], ""method"": ""topsis"", ""normalization"": ""vector"", ""top_k_rate"": 0.0367, ""weights"": [0.1628, 0.5367, 0.3005]}",0.3864314046750883,0.33303249668483215,0.8870544669032556,0.8942686748205803,0.036739633304905886,0.3333333333333333,0.6135685953249117,0.6630434782608695,0.0617304773148929,0.11294553309674435,0.6669675033151679,0.947463768115942,0.05598972272775934,0.10573132517941979,0.9523600368852214,0.036739633304905886,0.3333333333333333,False,0.0,False,0.0,False,0.0,True,0.1627852613050032,True,0.5366852759991461,False,0.0,False,0.0,True,0.30052946269585074,False,0.0
NSGA-II,46,topsis,vector,0.05966796066545824,4,"{""criteria"": [4, 6, 7, 8], ""method"": ""topsis"", ""normalization"": ""vector"", ""top_k_rate"": 0.0597, ""weights"": [0.5729, 0.1964, 0.03, 0.2007]}",0.3657025496362978,0.2738425945833648,0.809495896834701,0.8251270027354435,0.05966796066545824,0.4444444444444444,0.6342974503637022,0.7262569832402235,0.1096306291111486,0.19050410316529895,0.7261574054166352,1.0,0.09581415266031475,0.1748729972645565,1.0,0.05966796066545824,0.4444444444444444,False,0.0,False,0.0,False,0.0,False,0.0,True,0.5728638249006028,False,0.0,True,0.19641261153141668,True,0.02997883752205087,True,0.20074472604592963
NSGA-II,47,topsis,minmax,0.07602442660472582,3,"{""criteria"": [0, 4, 7], ""method"": ""topsis"", ""normalization"": ""minmax"", ""top_k_rate"": 0.076, ""weights"": [0.517, 0.4378, 0.0453]}",0.14583248597881215,0.012534277679860817,0.6820367751060821,0.7822934554474337,0.07602442660472582,0.3333333333333333,0.8541675140211878,0.9851007887817704,0.18957665710912464,0.31796322489391793,0.9874657223201392,1.0,0.1221496627770046,0.2177065445525663,1.0,0.07602442660472582,0.3333333333333333,True,0.5169608789760569,False,0.0,False,0.0,False,0.0,True,0.4377623545753704,False,0.0,False,0.0,True,0.04527676644857287,False,0.0
NSGA-II,48,topsis,minmax,0.14087412305853828,4,"{""criteria"": [3, 4, 6, 7], ""method"": ""topsis"", ""normalization"": ""minmax"", ""top_k_rate"": 0.1409, ""weights"": [0.0126, 0.4939, 0.4794, 0.014]}",0.2845740186958985,0.24891679901521424,0.6115394180552102,0.6313951458005937,0.14087412305853828,0.4444444444444444,0.7154259813041015,0.7392333175579744,0.2634508348794063,0.38846058194478983,0.7510832009847858,0.9990534784666352,0.22599293437533455,0.3686048541994063,0.9992072508632259,0.14087412305853828,0.4444444444444444,False,0.0,False,0.0,False,0.0,True,0.012617432877019366,True,0.4939261175891473,False,0.0,True,0.47944357833750284,True,0.014012871196330573,False,0.0
NSGA-II,49,topsis,vector,0.06730738886886249,4,"{""criteria"": [3, 4, 7, 8], ""method"": ""topsis"", ""normalization"": ""vector"", ""top_k_rate"": 0.0673, ""weights"": [0.0422, 0.8238, 0.0437, 0.0904]}",0.3840483241022441,0.2678082368717889,0.7875774607292116,0.8048497729687953,0.06730738886886249,0.4444444444444444,0.6159516758977559,0.7297029702970297,0.12430426716141002,0.2124225392707883,0.7321917631282111,1.0,0.10812546836527138,0.1951502270312047,1.0,0.06730738886886249,0.4444444444444444,False,0.0,False,0.0,False,0.0,True,0.04219350284557445,True,0.8237907712065579,False,0.0,False,0.0,True,0.04366273225265526,True,0.0903529936952125
NSGA-II,50,vikor,vector,0.1067299105389223,3,"{""criteria"": [3, 4, 6], ""method"": ""vikor"", ""normalization"": ""vector"", ""top_k_rate"": 0.1067, ""weights"": [0.009, 0.6211, 0.3699]}",0.30348558060038555,0.17173856544280208,0.6581673306772908,0.7073661122281119,0.1067299105389223,0.3333333333333333,0.6965144193996144,0.8038725796377264,0.21706864564007422,0.3418326693227092,0.8282614345571979,1.0,0.17139492559683117,0.29263388777188815,1.0,0.1067299105389223,0.3333333333333333,False,0.0,False,0.0,False,0.0,True,0.009008073192038144,True,0.6210621346803845,False,0.0,True,0.3699297921275772,False,0.0,False,0.0
NSGA-II,51,topsis,minmax,0.02013800664797001,3,"{""criteria"": [3, 4, 7], ""method"": ""topsis"", ""normalization"": ""minmax"", ""top_k_rate"": 0.0201, ""weights"": [0.0672, 0.8818, 0.051]}",0.34182508075796336,0.09015198573197669,0.9107830551989731,0.9371630029033596,0.02013800664797001,0.3333333333333333,0.6581749192420366,0.9174917491749175,0.04688817675830663,0.08921694480102697,0.9098480142680233,1.0,0.032437640509581415,0.0628369970966404,1.0,0.02013800664797001,0.3333333333333333,False,0.0,False,0.0,False,0.0,True,0.06719375886769306,True,0.8818040239289244,False,0.0,False,0.0,True,0.05100221720338242,False,0.0
NSGA-II,52,topsis,minmax,0.09959701593418983,5,"{""criteria"": [0, 4, 5, 7, 8], ""method"": ""topsis"", ""normalization"": ""minmax"", ""top_k_rate"": 0.0996, ""weights"": [0.2285, 0.4598, 0.1883, 0.0004, 0.1231]}",0.22244629309967423,0.06178601780641213,0.6254883470295028,0.7247808029533918,0.09959701593418983,0.5555555555555556,0.7775537069003258,0.9303882195448461,0.23444088379153313,0.37451165297049716,0.9382139821935879,0.9979919678714859,0.15961888448774222,0.2752191970466082,0.9982692290262388,0.09959701593418983,0.5555555555555556,True,0.22851759211471584,False,0.0,False,0.0,False,0.0,True,0.4597523171555133,True,0.1882930341856878,False,0.0,True,0.0003837358141312018,True,0.12305332072995188
NSGA-II,53,topsis,vector,0.08938204810751943,6,"{""criteria"": [1, 3, 4, 6, 7, 8], ""method"": ""topsis"", ""normalization"": ""vector"", ""top_k_rate"": 0.0894, ""weights"": [0.0188, 0.0929, 0.4411, 0.3045, 0.0332, 0.1095]}",0.27846661579064724,0.16106107253651614,0.6976616231086656,0.7494851151469762,0.08938204810751943,0.6666666666666666,0.7215333842093528,0.819537658463833,0.18536009445100354,0.3023383768913343,0.8389389274634839,0.9977628635346756,0.1432394818541912,0.25051488485302376,0.9981189542883471,0.08938204810751943,0.6666666666666666,False,0.0,True,0.018787220762874524,False,0.0,True,0.09292293326240914,True,0.4410624509710303,False,0.0,True,0.30451177045778827,True,0.0332256685409609,True,0.10948995600493695
NSGA-II,54,topsis,minmax,0.013340416376841434,6,"{""criteria"": [0, 4, 5, 6, 7, 8], ""method"": ""topsis"", ""normalization"": ""minmax"", ""top_k_rate"": 0.0133, ""weights"": [0.37, 0.2466, 0.1452, 0.1904, 0.0013, 0.0465]}",0.12601781692850134,0.0,0.9344208809135399,0.9578704674072521,0.013340416376841434,0.6666666666666666,0.8739821830714987,1.0,0.03390116377129364,0.06557911908646002,1.0,1.0,0.021518038753880742,0.042129532592747855,1.0,0.013340416376841434,0.6666666666666666,True,0.3700304276519527,False,0.0,False,0.0,False,0.0,True,0.246602972236992,True,0.14516517310763005,True,0.1904335459398816,True,0.00125947575099609,True,0.04650840531254753
NSGA-II,55,topsis,minmax,0.0751176921007026,4,"{""criteria"": [1, 3, 4, 7], ""method"": ""topsis"", ""normalization"": ""minmax"", ""top_k_rate"": 0.0751, ""weights"": [0.0032, 0.0537, 0.8798, 0.0634]}",0.3615649230092106,0.2034846244156142,0.7434807256235827,0.784677111196026,0.0751176921007026,0.4444444444444444,0.6384350769907894,0.80301685891748,0.1526395682239838,0.25651927437641725,0.7965153755843858,1.0,0.1206508939085751,0.21532288880397402,1.0,0.0751176921007026,0.4444444444444444,False,0.0,True,0.0031705773380200164,False,0.0,True,0.05365963094333155,True,0.8797690132450161,False,0.0,False,0.0,True,0.06340077847363222,False,0.0
NSGA-II,56,topsis,vector,0.09373212175240363,4,"{""criteria"": [0, 4, 6, 7], ""method"": ""topsis"", ""normalization"": ""vector"", ""top_k_rate"": 0.0937, ""weights"": [0.1942, 0.4464, 0.3475, 0.0119]}",0.21680470958234688,0.04039681187056643,0.6349011588275392,0.7389038801526008,0.09373212175240363,0.4444444444444444,0.7831952904176531,0.9523470839260313,0.2258390959689661,0.36509884117246083,0.9596031881294336,0.9978662873399715,0.15019805160047103,0.2610961198473992,0.9982365359792452,0.09373212175240363,0.4444444444444444,True,0.19415919158123907,False,0.0,False,0.0,False,0.0,True,0.4464189385896228,False,0.0,True,0.34747255139458555,True,0.011949318434552708,False,0.0
NSGA-II,57,topsis,minmax,0.01817821756147483,3,"{""criteria"": [4, 7, 8], ""method"": ""topsis"", ""normalization"": ""minmax"", ""top_k_rate"": 0.0182, ""weights"": [0.7482, 0.0812, 0.1707]}",0.4049780988164533,0.3367067329318689,0.9409867784585617,0.9432078219263574,0.01817821756147483,0.3333333333333333,0.5950219011835467,0.6703296703296703,0.03086523865744645,0.059013221541438246,0.6632932670681311,1.0,0.029225992934375333,0.0567921780736426,1.0,0.01817821756147483,0.3333333333333333,False,0.0,False,0.0,False,0.0,False,0.0,True,0.7481950699138776,False,0.0,False,0.0,True,0.08115431953537797,True,0.1706506105507443
NSGA-II,58,topsis,vector,0.05432299500475595,4,"{""criteria"": [0, 4, 6, 8], ""method"": ""topsis"", ""normalization"": ""vector"", ""top_k_rate"": 0.0543, ""weights"": [0.6098, 0.3064, 0.0319, 0.052]}",0.10672003522501483,0.0020509817042427825,0.7588967971530249,0.8395037416305632,0.05432299500475595,0.4444444444444444,0.8932799647749852,0.9975460122699387,0.13712261764209815,0.2411032028469751,0.9979490182957572,1.0,0.08724975912643186,0.1604962583694368,1.0,0.05432299500475595,0.4444444444444444,True,0.6097544225718502,False,0.0,False,0.0,False,0.0,True,0.30636648019232743,False,0.0,True,0.03186275665194212,False,0.0,True,0.05201634058388019
NSGA-II,59,vikor,minmax,0.02129119202236939,3,"{""criteria"": [0, 4, 7], ""method"": ""vikor"", ""normalization"": ""minmax"", ""top_k_rate"": 0.0213, ""weights"": [0.4933, 0.4977, 0.0091]}",0.17940477916906006,0.0,0.8975836133781405,0.9337542697443328,0.02129119202236939,0.3333333333333333,0.8205952208309399,1.0,0.053972002023950076,0.1024163866218595,1.0,1.0,0.03425757413553153,0.06624573025566712,1.0,0.02129119202236939,0.3333333333333333,True,0.4932767514121348,False,0.0,False,0.0,False,0.0,True,0.4976635199722812,False,0.0,False,0.0,True,0.009059728615583908,False,0.0
NSGA-II,60,vikor,minmax,0.19810356635767437,4,"{""criteria"": [0, 3, 4, 7], ""method"": ""vikor"", ""normalization"": ""minmax"", ""top_k_rate"": 0.1981, ""weights"": [0.6885, 0.212, 0.0658, 0.0336]}",0.09722427509885123,0.05504298270521757,0.37287945174699466,0.5258669698692439,0.19810356635767437,0.4444444444444444,0.9027757249011488,0.9390982503364738,0.4707370551526396,0.6271205482530053,0.9449570172947824,0.9821668909825033,0.31249330906755163,0.47413303013075614,0.9845482381710627,0.19810356635767437,0.4444444444444444,True,0.6885231623117489,False,0.0,False,0.0,True,0.21200024845872975,True,0.0658271893371472,False,0.0,False,0.0,True,0.033649399892373984,False,0.0
NSGA-II,61,topsis,minmax,0.086891644430177,3,"{""criteria"": [3, 4, 7], ""method"": ""topsis"", ""normalization"": ""minmax"", ""top_k_rate"": 0.0869, ""weights"": [0.0306, 0.9358, 0.0336]}",0.35896297875882177,0.1905003599407219,0.7082814876261578,0.7550023485204321,0.086891644430177,0.3333333333333333,0.6410370212411782,0.8090490797546013,0.17793894417271042,0.2917185123738421,0.8094996400592781,1.0,0.13959961460229098,0.2449976514795679,1.0,0.086891644430177,0.3333333333333333,False,0.0,False,0.0,False,0.0,True,0.030601261667144445,True,0.9357624819618484,False,0.0,False,0.0,True,0.03363625637100722,False,0.0
NSGA-II,62,topsis,minmax,0.10412533780920272,4,"{""criteria"": [3, 4, 6, 7], ""method"": ""topsis"", ""normalization"": ""minmax"", ""top_k_rate"": 0.1041, ""weights"": [0.0048, 0.6636, 0.3308, 0.0008]}",0.2851086667437922,0.18466656121932767,0.671071953010279,0.7134733559570761,0.10412533780920272,0.4444444444444444,0.7148913332562078,0.7887323943661971,0.2077922077922078,0.328928046989721,0.8153334387806723,1.0,0.16721978374906327,0.286526644042924,1.0,0.10412533780920272,0.4444444444444444,False,0.0,False,0.0,False,0.0,True,0.004764687716648347,True,0.663638587932488,False,0.0,True,0.33077435724544973,True,0.0008223671054139107,False,0.0
NSGA-II,63,topsis,vector,0.05202600218134096,4,"{""criteria"": [0, 4, 6, 8], ""method"": ""topsis"", ""normalization"": ""vector"", ""top_k_rate"": 0.052, ""weights"": [0.5622, 0.3604, 0.0294, 0.048]}",0.11804066926047374,0.002128934000046212,0.7678092399403875,0.8456826714088125,0.05202600218134096,0.4444444444444444,0.8819593307395263,0.9974391805377721,0.13138809242705346,0.23219076005961248,0.9978710659999538,1.0,0.08360989187453163,0.15431732859118752,1.0,0.05202600218134096,0.4444444444444444,True,0.5622168001569292,False,0.0,False,0.0,False,0.0,True,0.36044347764955253,False,0.0,True,0.029378675128712076,False,0.0,True,0.04796104706480604
NSGA-II,64,topsis,minmax,0.14720646069564366,4,"{""criteria"": [3, 4, 6, 7], ""method"": ""topsis"", ""normalization"": ""minmax"", ""top_k_rate"": 0.1472, ""weights"": [0.0155, 0.5992, 0.3673, 0.0181]}",0.2948532437119198,0.26606224379036814,0.6077178321248617,0.6190146333015846,0.14720646069564366,0.4444444444444444,0.7051467562880802,0.7228260869565217,0.269185360094451,0.39228216787513825,0.7339377562096319,0.9963768115942029,0.23552082218177925,0.38098536669841543,0.9969523309332091,0.14720646069564366,0.4444444444444444,False,0.0,False,0.0,False,0.0,True,0.015455110224503304,True,0.5991668502451765,False,0.0,True,0.36726587358818574,True,0.018112165942134426,False,0.0
NSGA-II,65,topsis,vector,0.13336963272867852,4,"{""criteria"": [3, 4, 6, 7], ""method"": ""topsis"", ""normalization"": ""vector"", ""top_k_rate"": 0.1334, ""weights"": [0.0066, 0.5324, 0.4566, 0.0044]}",0.2677481996717811,0.23584879491808675,0.6290037831021438,0.6471521777464293,0.13336963272867852,0.4444444444444444,0.7322518003282189,0.7351324337831084,0.2481025468038455,0.3709962168978562,0.7641512050819133,1.0,0.21421689326624557,0.35284782225357075,1.0,0.13336963272867852,0.4444444444444444,False,0.0,False,0.0,False,0.0,True,0.006577340747042261,True,0.5324274907949148,False,0.0,True,0.4566124345117871,True,0.004382733946255859,False,0.0
NSGA-II,66,topsis,minmax,0.10670740325765937,4,"{""criteria"": [0, 5, 6, 7], ""method"": ""topsis"", ""normalization"": ""minmax"", ""top_k_rate"": 0.1067, ""weights"": [0.4934, 0.2185, 0.279, 0.0091]}",0.09668430637927916,0.013346076578182875,0.5811420982735724,0.7073661122281119,0.10670740325765937,0.4444444444444444,0.9033156936207208,0.9850093691442848,0.265980772474279,0.4188579017264276,0.9866539234218171,1.0,0.17139492559683117,0.29263388777188815,1.0,0.10670740325765937,0.4444444444444444,True,0.4934060430818197,False,0.0,False,0.0,False,0.0,False,0.0,True,0.21845006965085711,True,0.27901022728721775,True,0.0091336599801055,False,0.0
NSGA-II,67,topsis,vector,0.08454113580367674,4,"{""criteria"": [1, 3, 4, 7], ""method"": ""topsis"", ""normalization"": ""vector"", ""top_k_rate"": 0.0845, ""weights"": [0.0132, 0.3472, 0.617, 0.0226]}",0.30488327873487087,0.0505701323161557,0.6679633231453181,0.7607917059377944,0.08454113580367674,0.4444444444444444,0.6951167212651291,0.9416863672182821,0.20155169505818857,0.33203667685468186,0.9494298676838443,1.0,0.13585269243121723,0.2392082940622055,1.0,0.08454113580367674,0.4444444444444444,False,0.0,True,0.013236147993427089,False,0.0,True,0.34722473027708106,True,0.6169767096915042,False,0.0,False,0.0,True,0.022562412037987634,False,0.0
NSGA-II,68,topsis,minmax,0.11063791977663989,3,"{""criteria"": [3, 4, 7], ""method"": ""topsis"", ""normalization"": ""minmax"", ""top_k_rate"": 0.1106, ""weights"": [0.0839, 0.9116, 0.0045]}",0.3359114333752078,0.20307179883264304,0.6642508894452497,0.6982092537042087,0.11063791977663989,0.3333333333333333,0.6640885666247922,0.7674698795180723,0.21487603305785125,0.3357491105547504,0.796928201167357,1.0,0.1777111658280698,0.3017907462957913,1.0,0.11063791977663989,0.3333333333333333,False,0.0,False,0.0,False,0.0,True,0.08388094687438466,True,0.9115716080534799,False,0.0,False,0.0,True,0.004547445072135365,False,0.0
NSGA-II,69,topsis,vector,0.04247043784268605,3,"{""criteria"": [4, 7, 8], ""method"": ""topsis"", ""normalization"": ""vector"", ""top_k_rate"": 0.0425, ""weights"": [0.8025, 0.1128, 0.0847]}",0.408152045648565,0.36531041829867517,0.8781787726511345,0.8721314760998096,0.04247043784268605,0.3333333333333333,0.591847954351435,0.6269592476489029,0.06746500252993759,0.12182122734886552,0.6346895817013248,1.0,0.06830103843271598,0.12786852390019038,1.0,0.04247043784268605,0.3333333333333333,False,0.0,False,0.0,False,0.0,False,0.0,True,0.8025497555097276,False,0.0,False,0.0,True,0.1127697729431983,True,0.08468047154707399
NSGA-II,70,topsis,vector,0.08627832945781033,4,"{""criteria"": [1, 3, 4, 7], ""method"": ""topsis"", ""normalization"": ""vector"", ""top_k_rate"": 0.0863, ""weights"": [0.0087, 0.0331, 0.9513, 0.0068]}",0.33438876402402107,0.14217610634821776,0.7009966777408638,0.7564874012786762,0.08627832945781033,0.4444444444444444,0.6656112359759789,0.833976833976834,0.1821555068308315,0.29900332225913623,0.8578238936517822,1.0,0.13863612032972916,0.2435125987213238,1.0,0.08627832945781033,0.4444444444444444,False,0.0,True,0.008736327317097408,False,0.0,True,0.033127685205474676,True,0.9513020601049874,False,0.0,False,0.0,True,0.00683392737244064,False,0.0
NSGA-II,71,topsis,minmax,0.0901686292827423,6,"{""criteria"": [0, 3, 5, 6, 7, 8], ""method"": ""topsis"", ""normalization"": ""minmax"", ""top_k_rate"": 0.0902, ""weights"": [0.2066, 0.0138, 0.3226, 0.2974, 0.0105, 0.149]}",0.14126227179411355,0.05529427793476738,0.6511947267234276,0.7518234524032168,0.0901686292827423,0.6666666666666666,0.8587377282058865,0.9386548410938654,0.21420138303255187,0.3488052732765724,0.9447057220652326,0.9807834441980784,0.1420618777432823,0.24817654759678323,0.9837274436718034,0.0901686292827423,0.6666666666666666,True,0.2065976362323646,False,0.0,False,0.0,True,0.013752060342364363,False,0.0,True,0.3226365774678723,True,0.2974298061283297,True,0.01054979090734968,True,0.14903412892171933
NSGA-II,72,topsis,vector,0.1334849064060019,3,"{""criteria"": [1, 4, 8], ""method"": ""topsis"", ""normalization"": ""vector"", ""top_k_rate"": 0.1335, ""weights"": [0.549, 0.362, 0.089]}",0.23777429558916585,0.15197889567784817,0.5698436712052446,0.6532087447108603,0.1334849064060019,0.3333333333333333,0.7622257044108341,0.8517224163754369,0.2877382357901838,0.43015632879475535,0.8480211043221518,0.982026959560659,0.21057702601434536,0.3467912552891396,0.984445708511003,0.1334849064060019,0.3333333333333333,False,0.0,True,0.5489744354027932,False,0.0,False,0.0,True,0.3620285748384714,False,0.0,False,0.0,False,0.0,True,0.08899698975873546
NSGA-II,73,topsis,vector,0.09666255975043352,3,"{""criteria"": [1, 4, 7], ""method"": ""topsis"", ""normalization"": ""vector"", ""top_k_rate"": 0.0967, ""weights"": [0.0616, 0.8749, 0.0636]}",0.36096008407047075,0.16989955148502978,0.6647242173736279,0.7312575294226671,0.09666255975043352,0.3333333333333333,0.6390399159295292,0.853103448275862,0.208635520323832,0.33527578262637214,0.8301004485149702,1.0,0.15522963280162724,0.26874247057733297,1.0,0.09666255975043352,0.3333333333333333,False,0.0,True,0.061559132894089076,False,0.0,False,0.0,True,0.8748726928539439,False,0.0,False,0.0,True,0.06356817425196698,False,0.0
NSGA-II,74,topsis,minmax,0.16280055338005364,5,"{""criteria"": [0, 1, 3, 4, 7], ""method"": ""topsis"", ""normalization"": ""minmax"", ""top_k_rate"": 0.1628, ""weights"": [0.3247, 0.0241, 0.0182, 0.5892, 0.0438]}",0.21483027143058642,0.13896980655435287,0.509497073229005,0.5890689977085632,0.16280055338005364,0.5555555555555556,0.7851697285694136,0.8407043407043407,0.3462641254849047,0.4905029267709951,0.8610301934456471,0.9914004914004914,0.25917995931913074,0.4109310022914368,0.99254211773669,0.16280055338005364,0.5555555555555556,True,0.32469645622637056,True,0.024064761605264894,False,0.0,True,0.01823359108335807,True,0.5892241136833556,False,0.0,False,0.0,True,0.04378107740165087,False,0.0
NSGA-II,75,topsis,minmax,0.061649008780705665,4,"{""criteria"": [0, 3, 4, 7], ""method"": ""topsis"", ""normalization"": ""minmax"", ""top_k_rate"": 0.0616, ""weights"": [0.5649, 0.0224, 0.4066, 0.0061]}",0.1280995868076702,0.0020791309812452363,0.7306682229355121,0.8197934930839665,0.061649008780705665,0.4444444444444444,0.8719004131923298,0.9978378378378379,0.155675493337831,0.2693317770644879,0.9979208690187548,1.0,0.09902580023552082,0.1802065069160335,1.0,0.061649008780705665,0.4444444444444444,True,0.5648629622011254,False,0.0,False,0.0,True,0.02239414371209726,True,0.40661337176891266,False,0.0,False,0.0,True,0.006129522317864644,False,0.0
NSGA-II,76,topsis,minmax,0.1455914043012188,3,"{""criteria"": [4, 5, 7], ""method"": ""topsis"", ""normalization"": ""minmax"", ""top_k_rate"": 0.1456, ""weights"": [0.5975, 0.3726, 0.0299]}",0.2582642234395869,0.12263378472941355,0.5355602120054235,0.6241214750542299,0.1455914043012188,0.3333333333333333,0.7417357765604131,0.8626373626373627,0.3177601619160061,0.4644397879945766,0.8773662152705864,0.9917582417582418,0.23188095492987904,0.37587852494577007,0.9929455052325004,0.1455914043012188,0.3333333333333333,False,0.0,False,0.0,False,0.0,False,0.0,True,0.5975024389610134,True,0.3725676775948646,False,0.0,True,0.029929883444122025,False,0.0
NSGA-II,77,vikor,minmax,0.1178174260546866,4,"{""criteria"": [3, 4, 7, 8], ""method"": ""vikor"", ""normalization"": ""minmax"", ""top_k_rate"": 0.1178, ""weights"": [0.0535, 0.8071, 0.0094, 0.13]}",0.37185378625866994,0.25508020246080954,0.6671430427439262,0.681879557115852,0.1178174260546866,0.4444444444444444,0.6281462137413301,0.7245475113122172,0.21605667060212513,0.3328569572560738,0.7449197975391905,0.9994343891402715,0.18916604217963814,0.318120442884148,0.9995264754648143,0.1178174260546866,0.4444444444444444,False,0.0,False,0.0,False,0.0,True,0.05348129983739942,True,0.8070951262948016,False,0.0,False,0.0,True,0.009410515638473947,True,0.13001305822932493
NSGA-II,78,topsis,minmax,0.13917100688023937,4,"{""criteria"": [0, 6, 7, 8], ""method"": ""topsis"", ""normalization"": ""minmax"", ""top_k_rate"": 0.1392, ""weights"": [0.6146, 0.3066, 0.004, 0.0749]}",0.09204256190977356,0.02066656163723135,0.49158039166770606,0.6361886429258903,0.13917100688023937,0.4444444444444444,0.9079574380902264,0.9760536398467433,0.3437341878900321,0.5084196083322939,0.9793334383627686,0.9956896551724138,0.22256717696178138,0.3638113570741097,0.9963026147812094,0.13917100688023937,0.4444444444444444,True,0.6145771714060134,False,0.0,False,0.0,False,0.0,False,0.0,False,0.0,True,0.30655764968432986,True,0.003955426833989365,True,0.07490975207566736
NSGA-II,79,topsis,vector,0.07175128797856777,3,"{""criteria"": [0, 4, 7], ""method"": ""topsis"", ""normalization"": ""vector"", ""top_k_rate"": 0.0718, ""weights"": [0.6029, 0.3735, 0.0236]}",0.11543937689303174,0.008525991670914945,0.6956894090779332,0.7932424649644845,0.07175128797856777,0.3333333333333333,0.8845606231069683,0.989786443825441,0.17979423174228368,0.3043105909220668,0.991474008329085,1.0,0.1152981479498983,0.20675753503551547,1.0,0.07175128797856777,0.3333333333333333,True,0.6028612523290461,False,0.0,False,0.0,False,0.0,True,0.37352271797252384,False,0.0,False,0.0,True,0.02361602969843009,False,0.0
NSGA-II,80,topsis,minmax,0.045570445263004335,3,"{""criteria"": [3, 4, 7], ""method"": ""topsis"", ""normalization"": ""minmax"", ""top_k_rate"": 0.0456, ""weights"": [0.0609, 0.8878, 0.0513]}",0.3458917794587746,0.07493932096043676,0.8055345531528807,0.8635411471321696,0.045570445263004335,0.3333333333333333,0.6541082205412254,0.9400584795321637,0.10844999156687468,0.1944654468471193,0.9250606790395632,1.0,0.07322556471469864,0.1364588528678304,1.0,0.045570445263004335,0.3333333333333333,False,0.0,False,0.0,False,0.0,True,0.06086031908600609,True,0.8877911758566643,False,0.0,False,0.0,True,0.05134850505732949,False,0.0
NSGA-II,81,topsis,vector,0.04528572573059736,3,"{""criteria"": [1, 4, 7], ""method"": ""topsis"", ""normalization"": ""vector"", ""top_k_rate"": 0.0453, ""weights"": [0.0086, 0.9737, 0.0177]}",0.3792011645178186,0.2454245895162267,0.841730972915721,0.8642850014968566,0.04528572573059736,0.3333333333333333,0.6207988354821814,0.7691176470588236,0.08821049080789341,0.158269027084279,0.7545754104837733,1.0,0.0727973450380045,0.13571499850314342,1.0,0.04528572573059736,0.3333333333333333,False,0.0,True,0.008586595055425706,False,0.0,False,0.0,True,0.9736643409907865,False,0.0,False,0.0,True,0.0177490639537878,False,0.0
NSGA-II,82,topsis,vector,0.08815355441440637,3,"{""criteria"": [1, 4, 7], ""method"": ""topsis"", ""normalization"": ""vector"", ""top_k_rate"": 0.0882, ""weights"": [0.5333, 0.434, 0.0327]}",0.24802233529458728,0.1759298290131326,0.6905681191395477,0.7518754688672169,0.08815355441440637,0.3333333333333333,0.7519776647054127,0.8480725623582767,0.18923933209647495,0.30943188086045226,0.8240701709868674,1.0,0.14163365806658815,0.24812453113278315,1.0,0.08815355441440637,0.3333333333333333,False,0.0,True,0.5333117025147337,False,0.0,False,0.0,True,0.4339950250917992,False,0.0,False,0.0,True,0.03269327239346712,False,0.0
NSGA-II,83,topsis,vector,0.16258389717212512,5,"{""criteria"": [0, 1, 3, 4, 7], ""method"": ""topsis"", ""normalization"": ""vector"", ""top_k_rate"": 0.1626, ""weights"": [0.2357, 0.0329, 0.0577, 0.6098, 0.064]}",0.25115796111490307,0.14970862563995802,0.5155353728489482,0.5894736842105264,0.16258389717212512,0.5555555555555556,0.7488420388850969,0.8310783107831078,0.34187890032045876,0.4844646271510517,0.850291374360042,0.991389913899139,0.2588587945616101,0.41052631578947363,0.9925813562617871,0.16258389717212512,0.5555555555555556,True,0.2356615680948135,True,0.03287809686924087,False,0.0,True,0.05765282214729237,True,0.6097820226530123,False,0.0,False,0.0,True,0.06402549023564094,False,0.0
NSGA-II,84,edas,vector,0.05966796066545824,4,"{""criteria"": [4, 6, 7, 8], ""method"": ""edas"", ""normalization"": ""vector"", ""top_k_rate"": 0.0597, ""weights"": [0.5727, 0.1966, 0.03, 0.2006]}",0.3710259484305626,0.27169456304079775,0.809495896834701,0.8251270027354435,0.05966796066545824,0.4444444444444444,0.6289740515694374,0.7262569832402235,0.1096306291111486,0.19050410316529895,0.7283054369592022,1.0,0.09581415266031475,0.1748729972645565,1.0,0.05966796066545824,0.4444444444444444,False,0.0,False,0.0,False,0.0,False,0.0,True,0.5727340984049747,False,0.0,True,0.19663862183342226,True,0.030013333912426752,True,0.20061394584917638
NSGA-II,85,topsis,minmax,0.19362397308602575,3,"{""criteria"": [0, 4, 7], ""method"": ""topsis"", ""normalization"": ""minmax"", ""top_k_rate"": 0.1936, ""weights"": [0.2315, 0.7379, 0.0306]}",0.2645055692648509,0.2373428609816165,0.5182250396196514,0.5340519353258206,0.19362397308602575,0.3333333333333333,0.7354944307351491,0.7325301204819277,0.358913813459268,0.4817749603803486,0.7626571390183835,0.9820998278829605,0.3054276844020983,0.4659480646741794,0.9844138038446082,0.19362397308602575,0.3333333333333333,True,0.23149306017838397,False,0.0,False,0.0,False,0.0,True,0.737865059878384,False,0.0,False,0.0,True,0.030641879943232156,False,0.0
NSGA-II,86,topsis,minmax,0.12911757713209854,7,"{""criteria"": [0, 3, 4, 5, 6, 7, 8], ""method"": ""topsis"", ""normalization"": ""minmax"", ""top_k_rate"": 0.1291, ""weights"": [0.1205, 0.006, 0.4036, 0.1956, 0.2192, 0.0015, 0.0535]}",0.2258934764860131,0.09868459016104925,0.562420544113908,0.6570313885440681,0.12911757713209854,0.7777777777777778,0.7741065235139869,0.8884873515745999,0.2902681733850565,0.43757945588609204,0.9013154098389508,0.9984512132163139,0.20704421368161868,0.34296861145593194,0.9986155915028584,0.12911757713209854,0.7777777777777778,True,0.12051797857041885,False,0.0,False,0.0,True,0.0060082474777328875,True,0.40362407853465065,True,0.19563505917988075,True,0.21921896850941747,True,0.001450181530074949,True,0.053545486197824475
NSGA-II,87,topsis,minmax,0.12911757713209854,6,"{""criteria"": [0, 3, 4, 5, 6, 7], ""method"": ""topsis"", ""normalization"": ""minmax"", ""top_k_rate"": 0.1291, ""weights"": [0.1481, 0.0312, 0.3447, 0.1938, 0.2804, 0.0018]}",0.20353655861856368,0.07610769443749299,0.5502161200101703,0.6586274162085477,0.12911757713209854,0.6666666666666666,0.7964634413814363,0.9132679401135777,0.29836397368864903,0.4497838799898297,0.923892305562507,0.9938048528652556,0.20608071940905684,0.34137258379145236,0.9947157891999749,0.12911757713209854,0.6666666666666666,True,0.1480790391213533,False,0.0,False,0.0,True,0.03117641279501788,True,0.34473972379925877,True,0.19383403303647317,True,0.2804101015100904,True,0.0017606897378065122,False,0.0
NSGA-II,88,topsis,vector,0.13307230038912762,3,"{""criteria"": [4, 7, 8], ""method"": ""topsis"", ""normalization"": ""vector"", ""top_k_rate"": 0.1331, ""weights"": [0.6615, 0.1293, 0.2092]}",0.40993225778777864,0.3491289984989795,0.6734384858044165,0.6552879950604216,0.13307230038912762,0.3333333333333333,0.5900677422122214,0.6482965931863728,0.2182492831843481,0.3265615141955836,0.6508710015010205,0.9789579158316634,0.2091853120650894,0.3447120049395784,0.9813524394185791,0.13307230038912762,0.3333333333333333,False,0.0,False,0.0,False,0.0,False,0.0,True,0.6614639687672899,False,0.0,False,0.0,True,0.12931448337587628,True,0.20922154785683383
NSGA-II,89,vikor,minmax,0.02129119202236939,4,"{""criteria"": [0, 3, 4, 7], ""method"": ""vikor"", ""normalization"": ""minmax"", ""top_k_rate"": 0.0213, ""weights"": [0.4899, 0.0069, 0.4942, 0.009]}",0.17936254258034234,0.0,0.8975836133781405,0.9337542697443328,0.02129119202236939,0.4444444444444444,0.8206374574196577,1.0,0.053972002023950076,0.1024163866218595,1.0,1.0,0.03425757413553153,0.06624573025566712,1.0,0.02129119202236939,0.4444444444444444,True,0.48993134131719945,False,0.0,False,0.0,True,0.006850996038768674,True,0.4942206105631802,False,0.0,False,0.0,True,0.008997052080851699,False,0.0
NSGA-II,90,vikor,vector,0.024870320376623706,3,"{""criteria"": [3, 4, 7], ""method"": ""vikor"", ""normalization"": ""vector"", ""top_k_rate"": 0.0249, ""weights"": [0.0139, 0.9694, 0.0167]}",0.359692604650949,0.13373815927011423,0.894336030461685,0.9230056613484303,0.024870320376623706,0.3333333333333333,0.640307395349051,0.8903743315508021,0.05616461460617305,0.10566396953831508,0.8662618407298858,1.0,0.04003853977090247,0.07699433865156974,1.0,0.024870320376623706,0.3333333333333333,False,0.0,False,0.0,False,0.0,True,0.01394773945577421,True,0.9693688107980393,False,0.0,False,0.0,True,0.016683449746186445,False,0.0
NSGA-II,91,topsis,minmax,0.09894699747731847,4,"{""criteria"": [1, 3, 4, 7], ""method"": ""topsis"", ""normalization"": ""minmax"", ""top_k_rate"": 0.0989, ""weights"": [0.0283, 0.6112, 0.1342, 0.2263]}",0.2679681906076823,0.1159614357743094,0.650930671702185,0.7284315536670978,0.09894699747731847,0.4444444444444444,0.7320318093923177,0.8713804713804714,0.2182492831843481,0.34906932829781495,0.8840385642256906,0.98989898989899,0.15737073118509795,0.2715684463329023,0.9912736297942301,0.09894699747731847,0.4444444444444444,False,0.0,True,0.028345643924034665,False,0.0,True,0.6111998277045092,True,0.1341638799077813,False,0.0,False,0.0,True,0.22629064846367486,False,0.0
NSGA-II,92,topsis,vector,0.05074693274414388,5,"{""criteria"": [0, 3, 4, 5, 8], ""method"": ""topsis"", ""normalization"": ""vector"", ""top_k_rate"": 0.0507, ""weights"": [0.1728, 0.0323, 0.4915, 0.2699, 0.0335]}",0.23268123649098005,0.011223735852173067,0.7752204453743835,0.8491537167178066,0.05074693274414388,0.5555555555555556,0.76731876350902,0.9868766404199475,0.12683420475628268,0.22477955462561652,0.9887762641478269,1.0,0.08157584841023445,0.1508462832821934,1.0,0.05074693274414388,0.5555555555555556,True,0.1728135689849187,False,0.0,False,0.0,True,0.03227992308509439,True,0.4915372288341094,True,0.26987713632208415,False,0.0,False,0.0,True,0.03349214277379343
NSGA-II,93,topsis,minmax,0.1427166507073351,5,"{""criteria"": [0, 3, 4, 6, 7], ""method"": ""topsis"", ""normalization"": ""minmax"", ""top_k_rate"": 0.1427, ""weights"": [0.2323, 0.0121, 0.4749, 0.2672, 0.0135]}",0.21274407995329936,0.09231648338641063,0.5254027261462206,0.6298554258839923,0.1427166507073351,0.5555555555555556,0.7872559200467006,0.8944418496029892,0.3229886996120762,0.4745972738537794,0.9076835166135894,0.9925268566090611,0.22749170324376405,0.37014457411600765,0.9936134872167891,0.1427166507073351,0.5555555555555556,True,0.2322937109038617,False,0.0,False,0.0,True,0.012131101742208238,True,0.47488804133217016,False,0.0,True,0.2672143922659021,True,0.013472753755857728,False,0.0
NSGA-II,94,topsis,minmax,0.011467012520320554,3,"{""criteria"": [0, 4, 7], ""method"": ""topsis"", ""normalization"": ""minmax"", ""top_k_rate"": 0.0115, ""weights"": [0.2613, 0.7306, 0.0081]}",0.2552166101780332,0.0,0.9436158006884118,0.9638389572164406,0.011467012520320554,0.3333333333333333,0.7447833898219668,1.0,0.029009951087873166,0.056384199311588265,1.0,1.0,0.018413446097848195,0.03616104278355933,1.0,0.011467012520320554,0.3333333333333333,True,0.26131674765381924,False,0.0,False,0.0,False,0.0,True,0.7305758400366378,False,0.0,False,0.0,True,0.00810741230954301,False,0.0
NSGA-II,95,topsis,vector,0.1467235107368786,4,"{""criteria"": [3, 4, 6, 7], ""method"": ""topsis"", ""normalization"": ""vector"", ""top_k_rate"": 0.1467, ""weights"": [0.0273, 0.5762, 0.3532, 0.0432]}",0.3146403767389465,0.27686209322413,0.608610086100861,0.6198232542020448,0.1467235107368786,0.4444444444444444,0.6853596232610535,0.7228532485233985,0.26834204756282676,0.39138991389913896,0.72313790677587,0.9968196274420718,0.23487849266673805,0.3801767457979553,0.9973257103238378,0.1467235107368786,0.4444444444444444,False,0.0,False,0.0,False,0.0,True,0.027319983560679488,True,0.5762483196856267,False,0.0,True,0.3532177096354132,True,0.04321398711828044,False,0.0
NSGA-II,96,topsis,minmax,0.049426351617589404,3,"{""criteria"": [0, 4, 7], ""method"": ""topsis"", ""normalization"": ""minmax"", ""top_k_rate"": 0.0494, ""weights"": [0.3431, 0.5936, 0.0633]}",0.20989171126206385,0.010889936793702315,0.7802428421526009,0.8528215808787067,0.049426351617589404,0.3333333333333333,0.7901082887379361,0.9878706199460916,0.12362961713611065,0.2197571578473992,0.9891100632062977,1.0,0.07943475002676373,0.14717841912129326,1.0,0.049426351617589404,0.3333333333333333,True,0.3430961588998872,False,0.0,False,0.0,False,0.0,True,0.5935729018613647,False,0.0,False,0.0,True,0.06333093923874801,False,0.0
NSGA-II,97,topsis,vector,0.09172573241085992,4,"{""criteria"": [3, 4, 6, 7], ""method"": ""topsis"", ""normalization"": ""vector"", ""top_k_rate"": 0.0917, ""weights"": [0.2197, 0.5384, 0.2377, 0.0042]}",0.2690482947334524,0.08719822432440472,0.6613278576317592,0.7432117196976766,0.09172573241085992,0.4444444444444444,0.7309517052665476,0.8989825581395349,0.208635520323832,0.3386721423682409,0.9128017756755953,1.0,0.14730756878278556,0.25678828030232337,1.0,0.09172573241085992,0.4444444444444444,False,0.0,False,0.0,False,0.0,True,0.21974936707859533,True,0.538402603605157,False,0.0,True,0.237660511090404,True,0.004187518225843626,False,0.0
NSGA-II,98,topsis,minmax,0.19495716153292164,3,"{""criteria"": [0, 4, 7], ""method"": ""topsis"", ""normalization"": ""minmax"", ""top_k_rate"": 0.195, ""weights"": [0.5024, 0.4777, 0.0199]}",0.15763271739001483,0.10350717939752807,0.41653489948046085,0.5439426055763901,0.19495716153292164,0.3333333333333333,0.8423672826099852,0.8830769230769231,0.43565525383707204,0.5834651005195391,0.8964928206024719,0.9562393162393162,0.29943260892838025,0.45605739442361,0.9619623304117523,0.19495716153292164,0.3333333333333333,True,0.5023630039156086,False,0.0,False,0.0,False,0.0,True,0.4777473102064012,False,0.0,False,0.0,True,0.019889685877990334,False,0.0
NSGA-II,99,topsis,minmax,0.010436475842927749,4,"{""criteria"": [3, 4, 7, 8], ""method"": ""topsis"", ""normalization"": ""minmax"", ""top_k_rate"": 0.0104, ""weights"": [0.0511, 0.7705, 0.048, 0.1304]}",0.3849231981333726,0.19903042411553418,0.9562931317778508,0.9669404085070541,0.010436475842927749,0.4444444444444444,0.6150768018666274,0.8471337579617835,0.02243211334120425,0.04370686822214919,0.8009695758844658,1.0,0.016807622310245157,0.033059591492945885,1.0,0.010436475842927749,0.4444444444444444,False,0.0,False,0.0,False,0.0,True,0.05108194880422869,True,0.7705226224325211,False,0.0,False,0.0,True,0.047955424215727786,True,0.1304400045475225
NSGA-III,0,cocoso,sum,0.038421295613246705,3,"{""criteria"": [1, 4, 7], ""method"": ""cocoso"", ""normalization"": ""sum"", ""top_k_rate"": 0.0384, ""weights"": [0.0155, 0.8865, 0.098]}",0.37562462649076944,0.30566012551631905,0.8761143559790963,0.8836458963500706,0.038421295613246705,0.3333333333333333,0.6243753735092306,0.6984402079722704,0.06797099004891213,0.12388564402090378,0.694339874483681,1.0,0.06177068836313029,0.11635410364992942,1.0,0.038421295613246705,0.3333333333333333,False,0.0,True,0.01550071797581343,False,0.0,False,0.0,True,0.8865452189846426,False,0.0,False,0.0,True,0.09795406303954389,False,0.0
NSGA-III,1,cocoso,sum,0.14203869620873155,3,"{""criteria"": [1, 4, 6], ""method"": ""cocoso"", ""normalization"": ""sum"", ""top_k_rate"": 0.142, ""weights"": [0.0028, 0.5261, 0.4711]}",0.26699334733188196,0.2309557606677518,0.6086848635235732,0.6290097629009763,0.14203869620873155,0.3333333333333333,0.733006652668118,0.7400281557954013,0.265980772474279,0.3913151364764268,0.7690442393322482,0.998592210229939,0.22781286800128467,0.37099023709902373,0.9988191473379497,0.14203869620873155,0.3333333333333333,False,0.0,True,0.0028421195196165656,False,0.0,False,0.0,True,0.5260970572392683,False,0.0,True,0.47106082324111515,False,0.0,False,0.0
NSGA-III,2,topsis,robust,0.010144749691477505,3,"{""criteria"": [0, 3, 7], ""method"": ""topsis"", ""normalization"": ""robust"", ""top_k_rate"": 0.0101, ""weights"": [0.9538, 0.0213, 0.0249]}",0.08853862623219289,0.0,0.9496876027622493,0.9677691173372657,0.010144749691477505,0.3333333333333333,0.9114613737678071,1.0,0.02580536346770113,0.05031239723775074,1.0,1.0,0.01637940263355101,0.032230882662734356,1.0,0.010144749691477505,0.3333333333333333,True,0.9537734259983274,False,0.0,False,0.0,True,0.02134412718916223,False,0.0,False,0.0,False,0.0,True,0.02488244681251044,False,0.0
NSGA-III,3,cocoso,robust,0.1957778620438987,3,"{""criteria"": [0, 1, 6], ""method"": ""cocoso"", ""normalization"": ""robust"", ""top_k_rate"": 0.1958, ""weights"": [0.6978, 0.0107, 0.2915]}",0.09360306925222628,0.046715276142914486,0.3728851793367923,0.5320084704349243,0.1957778620438987,0.3333333333333333,0.9063969307477737,0.9465440926115083,0.46888176758306627,0.6271148206632077,0.9532847238570855,0.9782090568607422,0.307568782785569,0.4679915295650757,0.9811369413447569,0.1957778620438987,0.3333333333333333,True,0.6978216736384827,True,0.0106864390896302,False,0.0,False,0.0,False,0.0,False,0.0,True,0.29149188727188713,False,0.0,False,0.0
NSGA-III,4,cocoso,robust,0.14013682628167012,5,"{""criteria"": [0, 3, 4, 5, 7], ""method"": ""cocoso"", ""normalization"": ""robust"", ""top_k_rate"": 0.1401, ""weights"": [0.4406, 0.0018, 0.5201, 0.0264, 0.0112]}",0.1763807292628864,0.07122090466962361,0.5193624704270949,0.6348859564799441,0.14013682628167012,0.5555555555555556,0.8236192707371136,0.9181731684110371,0.3255186372069489,0.480637529572905,0.9287790953303764,0.9938154138915318,0.22363772615351676,0.36511404352005594,0.9947367809640911,0.14013682628167012,0.5555555555555556,True,0.44057288778710774,False,0.0,False,0.0,True,0.0018095448970731134,True,0.5200500015921579,True,0.02636187310579595,False,0.0,True,0.011205692617865453,False,0.0
NSGA-III,5,cocoso,sum,0.1297687190294848,5,"{""criteria"": [0, 3, 4, 6, 7], ""method"": ""cocoso"", ""normalization"": ""sum"", ""top_k_rate"": 0.1298, ""weights"": [0.2653, 0.0442, 0.4298, 0.229, 0.0316]}",0.1852977085807198,0.06826938443709019,0.5444388014220416,0.656094968107725,0.1297687190294848,0.5555555555555556,0.8147022914192802,0.9214175654853621,0.3025805363467701,0.45556119857795835,0.9317306155629098,0.9969183359013868,0.20779359811583342,0.343905031892275,0.997396536300229,0.1297687190294848,0.5555555555555556,True,0.26533936004324327,False,0.0,False,0.0,True,0.044206319044044276,True,0.42979651929418855,False,0.0,True,0.22901655932828982,True,0.031641242290233886,False,0.0
NSGA-III,6,cocoso,robust,0.17002850813174086,7,"{""criteria"": [0, 1, 2, 3, 5, 6, 7], ""method"": ""cocoso"", ""normalization"": ""robust"", ""top_k_rate"": 0.17, ""weights"": [0.5941, 0.0043, 0.025, 0.06, 0.0252, 0.2498, 0.0416]}",0.09399277822318064,0.03500432414201893,0.4224056603773585,0.5756811301715439,0.17002850813174086,0.7777777777777778,0.9060072217768194,0.960015680125441,0.4130544779895429,0.5775943396226415,0.9649956758579811,0.9890239121912975,0.2700995610748314,0.4243188698284561,0.9906071053082155,0.17002850813174086,0.7777777777777778,True,0.5941003922734828,True,0.004329712612238725,True,0.02504526837086205,True,0.0600084318693673,False,0.0,True,0.02515625785087819,True,0.24975061685985764,True,0.041609320163313396,False,0.0
NSGA-III,7,cocoso,sum,0.15595969091125667,3,"{""criteria"": [0, 1, 3], ""method"": ""cocoso"", ""normalization"": ""sum"", ""top_k_rate"": 0.156, ""weights"": [0.8859, 0.0044, 0.1097]}",0.09071354004952914,0.025411831511229943,0.4502358205345266,0.6019176440373255,0.15595969091125667,0.3333333333333333,0.9092864599504709,0.9713675213675214,0.38336987687637036,0.5497641794654734,0.9745881684887701,0.9935897435897436,0.24890268707847127,0.3980823559626745,0.9945387547305654,0.15595969091125667,0.3333333333333333,True,0.8858962072971297,True,0.00438654251027378,False,0.0,True,0.10971725019259654,False,0.0,False,0.0,False,0.0,False,0.0,False,0.0
NSGA-III,8,cocoso,minmax,0.08189568714565039,3,"{""criteria"": [0, 2, 7], ""method"": ""cocoso"", ""normalization"": ""minmax"", ""top_k_rate"": 0.0819, ""weights"": [0.9508, 0.0213, 0.0279]}",0.08873930494067528,0.0006870340591241808,0.6568873987147248,0.7674550614947966,0.08189568714565039,0.3333333333333333,0.9112606950593247,0.9991863303498779,0.2071175577669084,0.34311260128527526,0.9993129659408758,1.0,0.13157049566427578,0.2325449385052034,1.0,0.08189568714565039,0.3333333333333333,True,0.9508050929461286,False,0.0,True,0.021341632177820143,False,0.0,False,0.0,False,0.0,False,0.0,True,0.027853274876051354,False,0.0
NSGA-III,9,cocoso,robust,0.0774790308716367,3,"{""criteria"": [0, 3, 4], ""method"": ""cocoso"", ""normalization"": ""robust"", ""top_k_rate"": 0.0775, ""weights"": [0.3427, 0.0338, 0.6235]}",0.20382374424850302,0.01877119243596148,0.6793570219966159,0.7785605483625285,0.0774790308716367,0.3333333333333333,0.796176255751497,0.9776440240756664,0.1917692696913476,0.3206429780033841,0.9812288075640385,1.0,0.12450487099882239,0.22143945163747145,1.0,0.0774790308716367,0.3333333333333333,True,0.3426775094226566,False,0.0,False,0.0,True,0.03378761957052286,True,0.6235348710068206,False,0.0,False,0.0,False,0.0,False,0.0
NSGA-III,10,cocoso,sum,0.14078475965197199,5,"{""criteria"": [0, 1, 3, 5, 7], ""method"": ""cocoso"", ""normalization"": ""sum"", ""top_k_rate"": 0.1408, ""weights"": [0.8842, 0.0149, 0.0063, 0.0904, 0.0042]}",0.08965908951734658,0.017679782359434904,0.48538738962815575,0.6325853488169039,0.14078475965197199,0.5555555555555556,0.9103409104826534,0.9796401515151515,0.3489627255861022,0.5146126103718442,0.9823202176405651,0.9962121212121212,0.2252435499411198,0.36741465118309613,0.9967938464644494,0.14078475965197199,0.5555555555555556,True,0.8841914004457083,True,0.014942477462010247,False,0.0,True,0.006332158118257698,False,0.0,True,0.09037809771415957,False,0.0,True,0.004155866259864292,False,0.0
NSGA-III,11,cocoso,robust,0.1168531627205063,3,"{""criteria"": [0, 1, 6], ""method"": ""cocoso"", ""normalization"": ""robust"", ""top_k_rate"": 0.1169, ""weights"": [0.9458, 0.0067, 0.0475]}",0.09071339358719055,0.005950590531602407,0.5467326217130956,0.6839733189111231,0.1168531627205063,0.3333333333333333,0.9092866064128095,0.9931545921277809,0.29364142351155337,0.45326737828690444,0.9940494094683976,1.0,0.18766727331120864,0.3160266810888769,1.0,0.1168531627205063,0.3333333333333333,True,0.9457650240495973,True,0.006725607916201108,False,0.0,False,0.0,False,0.0,False,0.0,True,0.047509368034201714,False,0.0,False,0.0
NSGA-III,12,cocoso,sum,0.03222547329395458,5,"{""criteria"": [0, 1, 3, 4, 7], ""method"": ""cocoso"", ""normalization"": ""sum"", ""top_k_rate"": 0.0322, ""weights"": [0.2722, 0.0488, 0.0025, 0.6763, 0.0003]}",0.2174871733967968,0.001687270892582804,0.8493684702947139,0.9014758269720102,0.03222547329395458,0.5555555555555556,0.7825128266032032,0.9979338842975206,0.08146399055489964,0.15063152970528612,0.9983127291074172,1.0,0.05181458087999143,0.09852417302798981,1.0,0.03222547329395458,0.5555555555555556,True,0.27221783583140263,True,0.048760254632941404,False,0.0,True,0.002511616883426504,True,0.6762597240994694,False,0.0,False,0.0,True,0.000250568552759989,False,0.0
NSGA-III,13,topsis,robust,0.03435901878332096,7,"{""criteria"": [0, 1, 2, 3, 5, 6, 7], ""method"": ""topsis"", ""normalization"": ""robust"", ""top_k_rate"": 0.0344, ""weights"": [0.4865, 0.0024, 0.0219, 0.0547, 0.1941, 0.2294, 0.011]}",0.09604244933125394,0.0019149542273043663,0.8401861908456167,0.895302830475804,0.03435901878332096,0.7777777777777778,0.9039575506687461,0.998062015503876,0.08686119075729465,0.15981380915438323,0.9980850457726956,1.0,0.05524033829354459,0.104697169524196,1.0,0.03435901878332096,0.7777777777777778,True,0.4865224541690028,True,0.0024383913702175357,True,0.021881922710909576,True,0.0546648355583321,False,0.0,True,0.1941149456961229,True,0.229357658790814,True,0.011019791704601023,False,0.0
NSGA-III,14,cocoso,robust,0.14006254956098865,5,"{""criteria"": [0, 3, 4, 5, 7], ""method"": ""cocoso"", ""normalization"": ""robust"", ""top_k_rate"": 0.1401, ""weights"": [0.4384, 0.0018, 0.5174, 0.0312, 0.0111]}",0.17620711695975655,0.07161387346475356,0.5198007471980075,0.6350288411116938,0.14006254956098865,0.5555555555555556,0.8237928830402435,0.9176582579723941,0.3251813121942992,0.4801992528019925,0.9283861265352464,0.9938124702522608,0.22353067123434323,0.3649711588883063,0.9947340196492258,0.14006254956098865,0.5555555555555556,True,0.4383641233030815,False,0.0,False,0.0,True,0.001838475084642458,True,0.5174427872009045,True,0.031205100320508918,False,0.0,True,0.011149514090862638,False,0.0
NSGA-III,15,cocoso,sum,0.1716375397775843,4,"{""criteria"": [0, 1, 3, 5], ""method"": ""cocoso"", ""normalization"": ""sum"", ""top_k_rate"": 0.1716, ""weights"": [0.9006, 0.0025, 0.0047, 0.0922]}",0.0892747343670448,0.03316191512950417,0.41745061147695195,0.572339711312521,0.1716375397775843,0.4444444444444444,0.9107252656329552,0.9619417475728156,0.41777702816663853,0.582549388523048,0.9668380848704958,0.9895145631067961,0.2727759340541698,0.42766028868747896,0.9909799072396941,0.1716375397775843,0.4444444444444444,True,0.900608683900411,True,0.002510582605286626,False,0.0,True,0.004725390888759079,False,0.0,True,0.09215534260554327,False,0.0,False,0.0,False,0.0
NSGA-III,16,cocoso,robust,0.18063949945265637,3,"{""criteria"": [0, 1, 4], ""method"": ""cocoso"", ""normalization"": ""robust"", ""top_k_rate"": 0.1806, ""weights"": [0.551, 0.0032, 0.4458]}",0.15306278962122788,0.09639483410176097,0.4411390207199908,0.5636876607750394,0.18063949945265637,0.3333333333333333,0.8469372103787721,0.8907749077490775,0.40715129026817337,0.5588609792800092,0.903605165898239,0.970110701107011,0.28144738250722623,0.43631233922496065,0.9741837466779923,0.18063949945265637,0.3333333333333333,True,0.5509920241315912,True,0.003233591236298939,False,0.0,False,0.0,True,0.44577438463210983,False,0.0,False,0.0,False,0.0,False,0.0
NSGA-III,17,cocoso,robust,0.034729773130020465,3,"{""criteria"": [1, 3, 4], ""method"": ""cocoso"", ""normalization"": ""robust"", ""top_k_rate"": 0.0347, ""weights"": [0.0238, 0.0909, 0.8853]}",0.3197545996022363,0.0017529146539676521,0.8387596899224806,0.8943419184749544,0.034729773130020465,0.3333333333333333,0.6802454003977637,0.9980806142034548,0.08770450328891888,0.1612403100775194,0.9982470853460323,1.0,0.05577561288941227,0.10565808152504563,1.0,0.034729773130020465,0.3333333333333333,False,0.0,True,0.023801810187822573,False,0.0,True,0.09088527730794509,True,0.8853129125042323,False,0.0,False,0.0,False,0.0,False,0.0
NSGA-III,18,cocoso,sum,0.11410777726886315,3,"{""criteria"": [0, 3, 7], ""method"": ""cocoso"", ""normalization"": ""sum"", ""top_k_rate"": 0.1141, ""weights"": [0.3616, 0.6098, 0.0286]}",0.14415286097726066,0.09473057737590318,0.6003140950137418,0.6909436352121596,0.11410777726886315,0.3333333333333333,0.8558471390227393,0.8919392523364486,0.25754764715803674,0.3996859049862583,0.9052694226240968,0.9976635514018691,0.18284980194839953,0.3090563647878404,0.9978973473421905,0.11410777726886315,0.3333333333333333,True,0.36161951952515237,False,0.0,False,0.0,True,0.6097828703936968,False,0.0,False,0.0,False,0.0,True,0.028597610081150755,False,0.0
NSGA-III,19,cocoso,sum,0.19887702078604652,3,"{""criteria"": [0, 2, 3], ""method"": ""cocoso"", ""normalization"": ""sum"", ""top_k_rate"": 0.1989, ""weights"": [0.5858, 0.0103, 0.4039]}",0.11070455839453708,0.08199759694652198,0.3916068222621185,0.52190847127556,0.19887702078604652,0.3333333333333333,0.8892954416054629,0.9088166275561516,0.4572440546466521,0.6083931777378815,0.918002403053478,0.9875963794837412,0.31538379188523713,0.4780915287244401,0.9891428350648805,0.19887702078604652,0.3333333333333333,True,0.5857666655834319,False,0.0,True,0.010321516904363611,True,0.4039118175122045,False,0.0,False,0.0,False,0.0,False,0.0,False,0.0
NSGA-III,20,cocoso,sum,0.11708946134439384,7,"{""criteria"": [0, 1, 2, 3, 5, 6, 7], ""method"": ""cocoso"", ""normalization"": ""sum"", ""top_k_rate"": 0.1171, ""weights"": [0.5944, 0.0091, 0.0244, 0.0031, 0.0857, 0.2802, 0.0032]}",0.09394694408644688,0.009849443637001132,0.5480093676814988,0.6833663723193368,0.11708946134439384,0.7777777777777778,0.9060530559135531,0.9886169607285145,0.292966773486254,0.4519906323185012,0.9901505563629989,1.0,0.1880954929879028,0.31663362768066317,1.0,0.11708946134439384,0.7777777777777778,True,0.5944061334271741,True,0.009118029274759966,True,0.024358036727759647,True,0.0030857180480842704,False,0.0,True,0.0856872047416465,True,0.2801638573190451,True,0.003181020461530452,False,0.0
NSGA-III,21,cocoso,robust,0.13648526084458876,3,"{""criteria"": [0, 1, 4], ""method"": ""cocoso"", ""normalization"": ""robust"", ""top_k_rate"": 0.1365, ""weights"": [0.369, 0.0033, 0.6277]}",0.20154365131768393,0.08230903962774294,0.5351635953365927,0.641935200632189,0.13648526084458876,0.3333333333333333,0.7984563486823161,0.9052734375,0.31270028672626077,0.4648364046634073,0.9176909603722571,0.99560546875,0.21828498019483994,0.35806479936781105,0.9962598113783108,0.13648526084458876,0.3333333333333333,True,0.3689665548924761,True,0.0033280210752714753,False,0.0,False,0.0,True,0.6277054240322524,False,0.0,False,0.0,False,0.0,False,0.0
NSGA-III,22,cocoso,minmax,0.11445811691186841,5,"{""criteria"": [0, 1, 5, 6, 7], ""method"": ""cocoso"", ""normalization"": ""minmax"", ""top_k_rate"": 0.1145, ""weights"": [0.6587, 0.01, 0.0373, 0.2899, 0.0042]}",0.09222687164024768,0.006556642512448807,0.5542767460109862,0.6894555977572798,0.11445811691186841,0.5555555555555556,0.9077731283597523,0.9924286546301689,0.28740091077753416,0.4457232539890138,0.9934433574875512,1.0,0.18381329622096135,0.3105444022427202,1.0,0.11445811691186841,0.5555555555555556,True,0.6586544834716921,True,0.009992609901954405,False,0.0,False,0.0,False,0.0,True,0.0372968347708111,True,0.28986111812191867,True,0.004194953733623651,False,0.0
NSGA-III,23,cocoso,robust,0.15168815282138667,8,"{""criteria"": [0, 1, 2, 3, 4, 5, 6, 7], ""method"": ""cocoso"", ""normalization"": ""robust"", ""top_k_rate"": 0.1517, ""weights"": [0.1489, 0.0013, 0.0252, 0.0379, 0.3201, 0.1952, 0.2707, 0.0007]}",0.1786058910586814,0.10136123272376252,0.5093235831809872,0.6131531376431092,0.15168815282138667,0.8888888888888888,0.8213941089413186,0.8844463971880492,0.3395176252319109,0.49067641681901275,0.8986387672762375,0.9872583479789103,0.24055240338293546,0.3868468623568908,0.9890635180295555,0.15168815282138667,0.8888888888888888,True,0.14888085644803578,True,0.0013391853712974365,True,0.02519318103924795,True,0.037886136198031106,True,0.3200904214633106,True,0.19521562130696382,True,0.2707031616936269,True,0.000691436479486404,False,0.0
NSGA-III,24,cocoso,sum,0.11489736919410817,3,"{""criteria"": [0, 1, 5], ""method"": ""cocoso"", ""normalization"": ""sum"", ""top_k_rate"": 0.1149, ""weights"": [0.7109, 0.0034, 0.2857]}",0.09304323283567706,0.011813710738067806,0.5554684437475499,0.6883868052417532,0.11489736919410817,0.3333333333333333,0.9069567671643229,0.9866589327146171,0.28689492325855964,0.4445315562524501,0.9881862892619322,1.0,0.18456268065517611,0.3116131947582467,1.0,0.11489736919410817,0.3333333333333333,True,0.7109316097100635,True,0.0033969816876227308,False,0.0,False,0.0,False,0.0,True,0.2856714086023137,False,0.0,False,0.0,False,0.0
NSGA-III,25,cocoso,robust,0.03829242915804153,3,"{""criteria"": [3, 4, 7], ""method"": ""cocoso"", ""normalization"": ""robust"", ""top_k_rate"": 0.0383, ""weights"": [0.0282, 0.9225, 0.0493]}",0.3622499269663457,0.18879555669522163,0.8542435424354243,0.8840258168616377,0.03829242915804153,0.3333333333333333,0.6377500730336543,0.8243478260869566,0.07994602799797605,0.14575645756457564,0.8112044433047784,1.0,0.06155657852478321,0.11597418313836225,1.0,0.03829242915804153,0.3333333333333333,False,0.0,False,0.0,False,0.0,True,0.028216896051910724,True,0.9225187813246946,False,0.0,False,0.0,True,0.04926432262339471,False,0.0
NSGA-III,26,edas,sum,0.1500528203411685,4,"{""criteria"": [0, 3, 4, 6], ""method"": ""edas"", ""normalization"": ""sum"", ""top_k_rate"": 0.1501, ""weights"": [0.4566, 0.0451, 0.3059, 0.1924]}",0.15171442430131865,0.07237279608042335,0.49535452322738394,0.6183574879227053,0.1500528203411685,0.4444444444444444,0.8482855756986813,0.9169258107507774,0.34811941305447797,0.5046454767726161,0.9276272039195766,0.9826743669480231,0.23680548121186168,0.3816425120772947,0.9852495711048463,0.1500528203411685,0.4444444444444444,True,0.4565938315898458,False,0.0,False,0.0,True,0.045052967337562644,True,0.3059316659867231,False,0.0,True,0.19242153508586854,False,0.0,False,0.0
NSGA-III,27,cocoso,sum,0.17631309750161422,4,"{""criteria"": [0, 1, 3, 5], ""method"": ""cocoso"", ""normalization"": ""sum"", ""top_k_rate"": 0.1763, ""weights"": [0.9723, 0.0027, 0.0076, 0.0174]}",0.08888368222147913,0.03651093901050484,0.40891066013529276,0.5649924912397798,0.17631309750161422,0.4444444444444444,0.9111163177785209,0.9580340264650283,0.42739079102715466,0.5910893398647072,0.9634890609894952,0.985633270321361,0.2790921742854084,0.4350075087602202,0.9876561866120813,0.17631309750161422,0.4444444444444444,True,0.9723152981542909,True,0.0026885631442612615,False,0.0,True,0.007555726779341304,False,0.0,True,0.017440411922106658,False,0.0,False,0.0,False,0.0
NSGA-III,28,cocoso,robust,0.17894417018566017,3,"{""criteria"": [1, 4, 7], ""method"": ""cocoso"", ""normalization"": ""robust"", ""top_k_rate"": 0.1789, ""weights"": [0.0092, 0.9836, 0.0072]}",0.3608519445199607,0.29763831489140524,0.5697201904098456,0.5659043659043659,0.17894417018566017,0.3333333333333333,0.6391480554800393,0.690387481371088,0.3125316242199359,0.43027980959015444,0.7023616851085948,0.9724292101341282,0.27941333904292903,0.43409563409563406,0.9764427981812688,0.17894417018566017,0.3333333333333333,False,0.0,True,0.009152915229834609,False,0.0,False,0.0,True,0.9836457132990248,False,0.0,False,0.0,True,0.007201371471140612,False,0.0
NSGA-III,29,cocoso,robust,0.18891034972597998,3,"{""criteria"": [0, 1, 3], ""method"": ""cocoso"", ""normalization"": ""robust"", ""top_k_rate"": 0.1889, ""weights"": [0.7232, 0.0529, 0.2239]}",0.09685736725111849,0.051274995556626846,0.3903914184639964,0.5411909650924025,0.18891034972597998,0.3333333333333333,0.9031426327488815,0.9424841213832039,0.4504975543936583,0.6096085815360036,0.9487250044433732,0.9855328158080452,0.2990043892516861,0.4588090349075975,0.9875760867728354,0.18891034972597998,0.3333333333333333,True,0.7232255921435051,True,0.05288243202958354,False,0.0,True,0.22389197582691123,False,0.0,False,0.0,False,0.0,False,0.0,False,0.0
NSGA-III,30,cocoso,robust,0.11563430319094797,7,"{""criteria"": [0, 1, 2, 3, 5, 6, 7], ""method"": ""cocoso"", ""normalization"": ""robust"", ""top_k_rate"": 0.1156, ""weights"": [0.6268, 0.0042, 0.0068, 0.0247, 0.035, 0.2771, 0.0254]}",0.09271347502009875,0.00898963238792061,0.5519311064718163,0.686710003611412,0.11563430319094797,0.7777777777777778,0.9072865249799013,0.9896253602305476,0.28959352335975713,0.4480688935281837,0.9910103676120794,1.0,0.185740284766085,0.31328999638858795,1.0,0.11563430319094797,0.7777777777777778,True,0.6268453976926285,True,0.0041518743579851,True,0.006759071275415494,True,0.024687562122923737,False,0.0,True,0.035022789301578046,True,0.27714014754657773,True,0.025393157702891335,False,0.0
NSGA-III,31,cocoso,sum,0.15576602455736188,3,"{""criteria"": [0, 1, 3], ""method"": ""cocoso"", ""normalization"": ""sum"", ""top_k_rate"": 0.1558, ""weights"": [0.742, 0.0059, 0.2521]}",0.09610918925691048,0.03087147519449629,0.4539075731913864,0.6011303305360507,0.15576602455736188,0.3333333333333333,0.9038908107430895,0.965768078733419,0.3806712767751729,0.5460924268086136,0.9691285248055037,0.9965768078733419,0.2493309067551654,0.39886966946394925,0.9970895486382334,0.15576602455736188,0.3333333333333333,True,0.7420142451709248,True,0.005881912060654709,False,0.0,True,0.25210384276842046,False,0.0,False,0.0,False,0.0,False,0.0,False,0.0
NSGA-III,32,cocoso,robust,0.03790688161806775,5,"{""criteria"": [0, 1, 4, 6, 7], ""method"": ""cocoso"", ""normalization"": ""robust"", ""top_k_rate"": 0.0379, ""weights"": [0.467, 0.0016, 0.3146, 0.2168, 0.0]}",0.13936724881982665,0.0,0.8248691905201601,0.8851664984863774,0.03790688161806775,0.5555555555555556,0.8606327511801733,1.0,0.09596896609883623,0.17513080947983994,1.0,1.0,0.060914249009741996,0.1148335015136226,1.0,0.03790688161806775,0.5555555555555556,True,0.4669592261971352,True,0.0016002740172740317,False,0.0,False,0.0,True,0.3146055796717002,False,0.0,True,0.21682360582069313,True,1.1314293197469357e-05,False,0.0
NSGA-III,33,cocoso,robust,0.1344106276313788,5,"{""criteria"": [0, 3, 4, 5, 6], ""method"": ""cocoso"", ""normalization"": ""robust"", ""top_k_rate"": 0.1344, ""weights"": [0.153, 0.0614, 0.4016, 0.0373, 0.3467]}",0.19660587877995916,0.09622058889203666,0.5487037503146237,0.6453600986089101,0.1344106276313788,0.5555555555555556,0.8033941212200408,0.8889439762022806,0.30241187384044527,0.4512962496853763,0.9037794111079633,0.9985126425384234,0.21560860721550154,0.35463990139109,0.9987288798696629,0.1344106276313788,0.5555555555555556,True,0.15298390163970726,False,0.0,False,0.0,True,0.061402951360260354,True,0.40160822386637707,True,0.03730123932035373,True,0.3467036838133015,False,0.0,False,0.0
NSGA-III,34,cocoso,robust,0.11684683981447382,3,"{""criteria"": [0, 1, 6], ""method"": ""cocoso"", ""normalization"": ""robust"", ""top_k_rate"": 0.1168, ""weights"": [0.9624, 0.0042, 0.0334]}",0.09064851035608879,0.006315209786409093,0.546992970580578,0.6841535965386695,0.11684683981447382,0.3333333333333333,0.9093514896439112,0.9925841414717627,0.2934727610052285,0.453007029419422,0.9936847902135909,0.9994295493439818,0.18756021839203513,0.3158464034613305,0.9995211392550588,0.11684683981447382,0.3333333333333333,True,0.9623985543955271,True,0.0041803469332274325,False,0.0,False,0.0,False,0.0,False,0.0,True,0.03342109867124549,False,0.0,False,0.0
NSGA-III,35,cocoso,robust,0.1344106276313788,3,"{""criteria"": [0, 1, 4], ""method"": ""cocoso"", ""normalization"": ""robust"", ""top_k_rate"": 0.1344, ""weights"": [0.2747, 0.0044, 0.7209]}",0.2369771954101847,0.10009284081801861,0.5507173420588976,0.6457122732875507,0.1344106276313788,0.3333333333333333,0.7630228045898153,0.8849776896380763,0.3010625737898465,0.4492826579411025,0.8999071591819814,0.9975210708973723,0.2153944973771545,0.3542877267124494,0.9978822720389732,0.1344106276313788,0.3333333333333333,True,0.27470535455502876,True,0.004426472900163923,False,0.0,False,0.0,True,0.7208681725448073,False,0.0,False,0.0,False,0.0,False,0.0
NSGA-III,36,topsis,robust,0.03435901878332096,6,"{""criteria"": [0, 1, 3, 5, 6, 7], ""method"": ""topsis"", ""normalization"": ""robust"", ""top_k_rate"": 0.0344, ""weights"": [0.4916, 0.0025, 0.0566, 0.2009, 0.2374, 0.011]}",0.09641533462823126,0.0019655262128922546,0.8401861908456167,0.895302830475804,0.03435901878332096,0.6666666666666666,0.9035846653717687,0.998062015503876,0.08686119075729465,0.15981380915438323,0.9980344737871077,1.0,0.05524033829354459,0.104697169524196,1.0,0.03435901878332096,0.6666666666666666,True,0.49158913757751416,True,0.0024927318485661334,False,0.0,True,0.056631831490039836,False,0.0,True,0.2009139091250025,True,0.23739101412396466,True,0.01098137583491266,False,0.0
NSGA-III,37,cocoso,sum,0.1710202881946599,6,"{""criteria"": [0, 1, 2, 3, 5, 7], ""method"": ""cocoso"", ""normalization"": ""sum"", ""top_k_rate"": 0.171, ""weights"": [0.6946, 0.0044, 0.01, 0.0016, 0.273, 0.0164]}",0.0932809849116304,0.0408597055510419,0.4241318422601531,0.5738641135466532,0.1710202881946599,0.6666666666666666,0.9067190150883696,0.9532346063912704,0.4125484904705684,0.5758681577398469,0.9591402944489581,0.9886983632112237,0.2715983299432609,0.42613588645334677,0.9903550959923416,0.1710202881946599,0.6666666666666666,True,0.6946458565590621,True,0.004382630337893741,True,0.009999279581600731,True,0.0015929221165640885,False,0.0,True,0.2729767385227431,False,0.0,True,0.016402572882136115,False,0.0
NSGA-III,38,cocoso,minmax,0.1958850927303463,3,"{""criteria"": [0, 2, 5], ""method"": ""cocoso"", ""normalization"": ""minmax"", ""top_k_rate"": 0.1959, ""weights"": [0.9732, 0.0142, 0.0126]}",0.08884153922259397,0.046990164079143804,0.37280108254397837,0.5325732899022801,0.1958850927303463,0.3333333333333333,0.911158460777406,0.9462402177611432,0.4690504300893911,0.6271989174560216,0.9530098359208562,0.9765226267437904,0.3072476180280484,0.4674267100977199,0.9797160406504953,0.1958850927303463,0.3333333333333333,True,0.9732487524473018,False,0.0,True,0.014151882084600371,False,0.0,False,0.0,True,0.012599365468097893,False,0.0,False,0.0,False,0.0
NSGA-III,39,cocoso,robust,0.12869078208027374,4,"{""criteria"": [0, 1, 6, 7], ""method"": ""cocoso"", ""normalization"": ""robust"", ""top_k_rate"": 0.1287, ""weights"": [0.595, 0.0043, 0.3746, 0.0261]}",0.09347892020198789,0.011973542152709182,0.5155216284987278,0.6580908445706175,0.12869078208027374,0.4444444444444444,0.9065210797980121,0.9860176074572761,0.32113341204250295,0.4844783715012722,0.9880264578472908,0.9979285344381149,0.20629482924740392,0.3419091554293825,0.9982333773698577,0.12869078208027374,0.4444444444444444,True,0.5950067200391826,True,0.00426198546489781,False,0.0,False,0.0,False,0.0,False,0.0,True,0.37464829664297444,True,0.02608299785294505,False,0.0
NSGA-III,40,topsis,robust,0.0336110000515769,4,"{""criteria"": [0, 1, 3, 5], ""method"": ""topsis"", ""normalization"": ""robust"", ""top_k_rate"": 0.0336, ""weights"": [0.9639, 0.0029, 0.0145, 0.0188]}",0.08883088695561325,0.0017180439865629449,0.8433322971712776,0.897420272191753,0.0336110000515769,0.4444444444444444,0.9111691130443867,0.998019801980198,0.08500590318772137,0.15666770282872244,0.998281956013437,1.0,0.05406273418263569,0.102579727808247,1.0,0.0336110000515769,0.4444444444444444,True,0.9638505452297232,True,0.0028844061686820245,False,0.0,True,0.0144624599924959,False,0.0,True,0.018802588609098836,False,0.0,False,0.0,False,0.0
NSGA-III,41,cocoso,sum,0.0364103201974978,4,"{""criteria"": [1, 2, 3, 4], ""method"": ""cocoso"", ""normalization"": ""sum"", ""top_k_rate"": 0.0364, ""weights"": [0.0024, 0.1053, 0.1005, 0.7917]}",0.3349930446811096,0.021312204195450102,0.8350833848054354,0.8893608414239482,0.0364103201974978,0.4444444444444444,0.6650069553188904,0.9762340036563071,0.0900657783774667,0.16491661519456455,0.9786877958045499,1.0,0.058559040787924205,0.11063915857605178,1.0,0.0364103201974978,0.4444444444444444,False,0.0,True,0.0024431826986630657,True,0.10530233443835632,True,0.10054882177512617,True,0.7917056610878546,False,0.0,False,0.0,False,0.0,False,0.0
NSGA-III,42,edas,sum,0.11363181265896831,4,"{""criteria"": [0, 1, 3, 4], ""method"": ""edas"", ""normalization"": ""sum"", ""top_k_rate"": 0.1136, ""weights"": [0.2635, 0.0059, 0.0957, 0.6348]}",0.24030049957223432,0.050995938379283845,0.579250720461095,0.6912909650552237,0.11363181265896831,0.4444444444444444,0.7596995004277657,0.9419354838709677,0.27087198515769945,0.4207492795389049,0.9490040616207162,1.0,0.18252863719087892,0.30870903494477636,1.0,0.11363181265896831,0.4444444444444444,True,0.26354084516789783,True,0.005936650701243683,False,0.0,True,0.0956850409925732,True,0.6348374631382852,False,0.0,False,0.0,False,0.0,False,0.0
NSGA-III,43,cocoso,robust,0.11380184229382834,3,"{""criteria"": [0, 1, 3], ""method"": ""cocoso"", ""normalization"": ""robust"", ""top_k_rate"": 0.1138, ""weights"": [0.9779, 0.0137, 0.0083]}",0.08916084655061274,0.007056925571219619,0.5565741225772656,0.690984793627806,0.11380184229382834,0.3333333333333333,0.9108391534493873,0.9917984768599882,0.2855456232079609,0.4434258774227344,0.9929430744287804,1.0,0.182742747029226,0.30901520637219404,1.0,0.11380184229382834,0.3333333333333333,True,0.9779456494884387,True,0.013745113251409818,False,0.0,True,0.00830923726015146,False,0.0,False,0.0,False,0.0,False,0.0,False,0.0
NSGA-III,44,edas,sum,0.14077883987118095,6,"{""criteria"": [0, 3, 4, 5, 6, 7], ""method"": ""edas"", ""normalization"": ""sum"", ""top_k_rate"": 0.1408, ""weights"": [0.1496, 0.0531, 0.3543, 0.0241, 0.3809, 0.0381]}",0.20700403578830973,0.10517973823780047,0.5378684243253327,0.6324107220815507,0.14077883987118095,0.6666666666666666,0.7929959642116903,0.8797348484848485,0.31337493675156014,0.4621315756746674,0.8948202617621995,0.9966856060606061,0.22535060486029332,0.3675892779184493,0.9971805046930247,0.14077883987118095,0.6666666666666666,True,0.14958339014540184,False,0.0,False,0.0,True,0.05308789506417793,True,0.35430997093990313,True,0.024082382327293827,True,0.38087504998162525,True,0.03806131154159802,False,0.0
NSGA-III,45,cocoso,robust,0.11611998069414678,7,"{""criteria"": [0, 1, 3, 4, 5, 6, 7], ""method"": ""cocoso"", ""normalization"": ""robust"", ""top_k_rate"": 0.1161, ""weights"": [0.2539, 0.0022, 0.0014, 0.4062, 0.0434, 0.2841, 0.0087]}",0.1801495680794356,0.05041897150979269,0.5721548689870943,0.686186050708292,0.11611998069414678,0.7777777777777778,0.8198504319205644,0.9420206659012629,0.276775172879069,0.4278451310129057,0.9495810284902073,0.9982778415614236,0.18616850444277916,0.313813949291708,0.9985244131678316,0.11611998069414678,0.7777777777777778,True,0.2539064099139836,True,0.002150963863519751,False,0.0,True,0.001435552192390645,True,0.4062382041022683,True,0.04340395918952209,True,0.2841451260008242,True,0.008719784737491399,False,0.0
NSGA-III,46,cocoso,robust,0.11559135265937823,3,"{""criteria"": [0, 1, 5], ""method"": ""cocoso"", ""normalization"": ""robust"", ""top_k_rate"": 0.1156, ""weights"": [0.8168, 0.0452, 0.138]}",0.09143989566803035,0.010015111966999557,0.552655617904215,0.68686230248307,0.11559135265937823,0.3333333333333333,0.9085601043319697,0.9884659746251442,0.2890875358407826,0.447344382095785,0.9899848880330004,1.0,0.18563322984691147,0.31313769751693005,1.0,0.11559135265937823,0.3333333333333333,True,0.8168288905119908,True,0.04519005655571031,False,0.0,False,0.0,False,0.0,True,0.13798105293229887,False,0.0,False,0.0,False,0.0
NSGA-III,47,cocoso,sum,0.03135561651465723,3,"{""criteria"": [0, 3, 4], ""method"": ""cocoso"", ""normalization"": ""sum"", ""top_k_rate"": 0.0314, ""weights"": [0.4879, 0.0212, 0.491]}",0.16707663652666316,0.0019013822408181502,0.853125,0.9039951080309825,0.03135561651465723,0.3333333333333333,0.8329233634733368,0.9978768577494692,0.07927137797267668,0.146875,0.9980986177591818,1.0,0.050422866930735465,0.09600489196901753,1.0,0.03135561651465723,0.3333333333333333,True,0.4878542833094361,False,0.0,False,0.0,True,0.021177928442830094,True,0.4909677882477338,False,0.0,False,0.0,False,0.0,False,0.0
NSGA-III,48,cocoso,robust,0.032220187388507356,7,"{""criteria"": [0, 1, 2, 3, 5, 6, 7], ""method"": ""cocoso"", ""normalization"": ""robust"", ""top_k_rate"": 0.0322, ""weights"": [0.581, 0.0045, 0.0262, 0.0619, 0.026, 0.2576, 0.0428]}",0.09439176535665328,0.0019389133080804921,0.8493684702947139,0.9014758269720102,0.032220187388507356,0.7777777777777778,0.9056082346433467,0.9979338842975206,0.08146399055489964,0.15063152970528612,0.9980610866919195,1.0,0.05181458087999143,0.09852417302798981,1.0,0.032220187388507356,0.7777777777777778,True,0.5809975951659576,True,0.004466379387388614,True,0.026211818974335336,True,0.06190258965762469,False,0.0,True,0.025950311623777658,True,0.25763396027194696,True,0.042837344918969136,False,0.0
NSGA-III,49,cocoso,sum,0.18989466556624188,3,"{""criteria"": [0, 1, 3], ""method"": ""cocoso"", ""normalization"": ""sum"", ""top_k_rate"": 0.1899, ""weights"": [0.742, 0.0059, 0.2521]}",0.09610918925691048,0.05069817986407721,0.3877876509455457,0.5391304347826087,0.18989466556624188,0.3333333333333333,0.9038908107430895,0.9431379431379432,0.4531961544948558,0.6122123490544543,0.9493018201359228,0.9859599859599859,0.3007172679584627,0.46086956521739136,0.987960644731654,0.18989466556624188,0.3333333333333333,True,0.7420142451709248,True,0.005881912060654709,False,0.0,True,0.25210384276842046,False,0.0,False,0.0,False,0.0,False,0.0,False,0.0
NSGA-III,50,edas,robust,0.15158350378579644,7,"{""criteria"": [0, 1, 3, 4, 5, 6, 7], ""method"": ""edas"", ""normalization"": ""robust"", ""top_k_rate"": 0.1516, ""weights"": [0.1649, 0.0233, 0.0411, 0.3764, 0.0582, 0.2974, 0.0387]}",0.201421022191145,0.11718463005662105,0.5194441058149457,0.6125699526474386,0.15158350378579644,0.7777777777777778,0.798578977808855,0.866754617414248,0.3324337999662675,0.4805558941850543,0.882815369943379,0.9894459102902374,0.24087356814045605,0.38743004735256137,0.9909994005497481,0.15158350378579644,0.7777777777777778,True,0.16490483524370958,True,0.02334110382821069,False,0.0,True,0.04114487699920643,True,0.37635631539787656,True,0.05815376151737953,True,0.29737104241342577,True,0.03872806460019133,False,0.0
NSGA-III,51,cocoso,robust,0.1458353292483978,3,"{""criteria"": [1, 3, 4], ""method"": ""cocoso"", ""normalization"": ""robust"", ""top_k_rate"": 0.1458, ""weights"": [0.0065, 0.0508, 0.9427]}",0.3286094763854438,0.24794479701897865,0.6121719847234199,0.6213028016306705,0.1458353292483978,0.3333333333333333,0.6713905236145562,0.7193784277879341,0.2654747849553044,0.38782801527658,0.7520552029810214,0.9977148080438757,0.23370088855582913,0.3786971983693295,0.99807629554024,0.1458353292483978,0.3333333333333333,False,0.0,True,0.006528808118349234,False,0.0,True,0.050779909902717676,True,0.942691281978933,False,0.0,False,0.0,False,0.0,False,0.0
NSGA-III,52,cocoso,robust,0.033812788452349044,3,"{""criteria"": [1, 4, 6], ""method"": ""cocoso"", ""normalization"": ""robust"", ""top_k_rate"": 0.0338, ""weights"": [0.0108, 0.9323, 0.0569]}",0.3216031223353457,0.028838457645742444,0.8474444617057636,0.896842319017159,0.033812788452349044,0.3333333333333333,0.6783968776646543,0.9665354330708661,0.0828132906054984,0.15255553829423643,0.9711615423542576,1.0,0.0543838989401563,0.1031576809828409,1.0,0.033812788452349044,0.3333333333333333,False,0.0,True,0.010754238466746679,False,0.0,False,0.0,True,0.9323497656371075,False,0.0,True,0.05689599589614599,False,0.0,False,0.0
NSGA-III,53,edas,sum,0.1502513637933837,3,"{""criteria"": [0, 3, 4], ""method"": ""edas"", ""normalization"": ""sum"", ""top_k_rate"": 0.1503, ""weights"": [0.2657, 0.0943, 0.64]}",0.24221363649072403,0.1233002245589142,0.5268239032139803,0.613109098749461,0.1502513637933837,0.3333333333333333,0.757786363509276,0.8589174800354925,0.32653061224489793,0.47317609678601974,0.8766997754410858,0.9951197870452528,0.2401241837062413,0.386890901250539,0.9958496785671498,0.1502513637933837,0.3333333333333333,True,0.2657016575362321,False,0.0,False,0.0,True,0.09425574825231943,True,0.6400425942114485,False,0.0,False,0.0,False,0.0,False,0.0
NSGA-III,54,cocoso,robust,0.17098695647763731,3,"{""criteria"": [0, 6, 7], ""method"": ""cocoso"", ""normalization"": ""robust"", ""top_k_rate"": 0.171, ""weights"": [0.6215, 0.3539, 0.0246]}",0.09261027922053067,0.035829679897676936,0.42100306098422413,0.5748362170334285,0.17098695647763731,0.3333333333333333,0.9073897207794693,0.9586744639376218,0.4147411030527914,0.5789969390157759,0.9641703201023231,0.9867446393762184,0.27095600042821966,0.4251637829665715,0.9886089677991898,0.17098695647763731,0.3333333333333333,True,0.6214960480382253,False,0.0,False,0.0,False,0.0,False,0.0,False,0.0,True,0.3538676984374054,True,0.02463625352436935,False,0.0
NSGA-III,55,edas,sum,0.14077883987118095,6,"{""criteria"": [0, 3, 4, 5, 6, 7], ""method"": ""edas"", ""normalization"": ""sum"", ""top_k_rate"": 0.1408, ""weights"": [0.1732, 0.0571, 0.3808, 0.0259, 0.3222, 0.0409]}",0.2065518624063103,0.10308212364852376,0.5366247979107076,0.6325853488169039,0.14077883987118095,0.6666666666666666,0.7934481375936897,0.8821022727272727,0.31421824928318437,0.4633752020892924,0.8969178763514762,0.9962121212121212,0.2252435499411198,0.36741465118309613,0.9967809979654004,0.14077883987118095,0.6666666666666666,True,0.1732044544427393,False,0.0,False,0.0,True,0.057051105690653886,True,0.3807605401364755,True,0.025880222558762902,True,0.3222009458639853,True,0.040902731307382985,False,0.0
NSGA-III,56,cocoso,sum,0.11417554993688303,3,"{""criteria"": [0, 3, 7], ""method"": ""cocoso"", ""normalization"": ""sum"", ""top_k_rate"": 0.1142, ""weights"": [0.8962, 0.0395, 0.0643]}",0.08888850754602529,0.0075600018201434915,0.5556137136875163,0.6900669440926361,0.11417554993688303,0.3333333333333333,0.9111114924539747,0.9912434325744308,0.28638893573958507,0.4443862863124836,0.9924399981798565,1.0,0.18338507654426722,0.30993305590736386,1.0,0.11417554993688303,0.3333333333333333,True,0.8962305399244511,False,0.0,False,0.0,True,0.03950356471729273,False,0.0,False,0.0,False,0.0,True,0.06426589535825632,False,0.0
NSGA-III,57,cocoso,sum,0.14273781789118256,6,"{""criteria"": [0, 1, 2, 3, 5, 7], ""method"": ""cocoso"", ""normalization"": ""sum"", ""top_k_rate"": 0.1427, ""weights"": [0.8541, 0.0149, 0.0214, 0.0075, 0.043, 0.0592]}",0.08949062385746176,0.022042414253235276,0.48302354399008685,0.6291586831562446,0.14273781789118256,0.6666666666666666,0.9105093761425382,0.9743110695936479,0.35182998819362454,0.5169764560099132,0.9779575857467647,0.9943951424567959,0.2279199229204582,0.3708413168437555,0.9952671899504416,0.14273781789118256,0.6666666666666666,True,0.8540859946561491,True,0.014903044331324531,True,0.021363104469128782,True,0.007491071908103604,False,0.0,True,0.04297704976606499,False,0.0,True,0.05917973486922887,False,0.0
NSGA-III,58,cocoso,sum,0.14078475965197199,4,"{""criteria"": [0, 1, 3, 7], ""method"": ""cocoso"", ""normalization"": ""sum"", ""top_k_rate"": 0.1408, ""weights"": [0.8949, 0.016, 0.0531, 0.036]}",0.0893535119351252,0.018902381405179414,0.48613356547693076,0.6324107220815507,0.14078475965197199,0.4444444444444444,0.9106464880648748,0.978219696969697,0.3484567380671277,0.5138664345230692,0.9810976185948206,0.9966856060606061,0.22535060486029332,0.3675892779184493,0.9971910008112309,0.14078475965197199,0.4444444444444444,True,0.8948627354370362,True,0.01604556642913984,False,0.0,True,0.05306049322523617,False,0.0,False,0.0,False,0.0,True,0.03603120490858785,False,0.0
NSGA-III,59,cocoso,sum,0.11161697731241496,4,"{""criteria"": [1, 5, 6, 7], ""method"": ""cocoso"", ""normalization"": ""sum"", ""top_k_rate"": 0.1116, ""weights"": [0.0206, 0.1281, 0.8445, 0.0068]}",0.15958488262897363,0.05548387927022336,0.5870594423987375,0.70079883805374,0.11161697731241496,0.4444444444444444,0.8404151173710264,0.9373134328358209,0.26480013493000504,0.41294055760126247,0.9445161207297766,0.9838805970149254,0.17642650679798738,0.29920116194626,0.9863800275198076,0.11161697731241496,0.4444444444444444,False,0.0,True,0.02063713273301672,False,0.0,False,0.0,False,0.0,True,0.12810393917479607,True,0.8444815854281079,True,0.006777342664079394,False,0.0
NSGA-III,60,cocoso,robust,0.11672398413305923,3,"{""criteria"": [0, 1, 5], ""method"": ""cocoso"", ""normalization"": ""robust"", ""top_k_rate"": 0.1167, ""weights"": [0.8483, 0.0141, 0.1376]}",0.09016452302518574,0.008512083639570678,0.5484374999999999,0.6842769563649477,0.11672398413305923,0.3333333333333333,0.9098354769748143,0.9902912621359223,0.2924607859672795,0.45156250000000003,0.9914879163604293,1.0,0.1874531634728616,0.3157230436350523,1.0,0.11672398413305923,0.3333333333333333,True,0.8483476729520069,True,0.01409777853364212,False,0.0,False,0.0,False,0.0,True,0.13755454851435117,False,0.0,False,0.0,False,0.0
NSGA-III,61,cocoso,minmax,0.12743361457656202,3,"{""criteria"": [0, 3, 6], ""method"": ""cocoso"", ""normalization"": ""minmax"", ""top_k_rate"": 0.1274, ""weights"": [0.4422, 0.067, 0.4909]}",0.09934741951748427,0.012505155896190945,0.5189389108532075,0.660534968452857,0.12743361457656202,0.3333333333333333,0.9006525804825157,0.9864016736401674,0.31809748692865575,0.48106108914679246,0.987494844103809,0.9989539748953975,0.2044748956214538,0.33946503154714297,0.9991254934777953,0.12743361457656202,0.3333333333333333,True,0.44216752564072315,False,0.0,False,0.0,True,0.06697032611131798,False,0.0,False,0.0,True,0.4908621482479588,False,0.0,False,0.0
NSGA-III,62,cocoso,sum,0.031417102418929234,5,"{""criteria"": [0, 2, 3, 5, 6], ""method"": ""cocoso"", ""normalization"": ""sum"", ""top_k_rate"": 0.0314, ""weights"": [0.3864, 0.0101, 0.0027, 0.5563, 0.0445]}",0.10901813494493717,0.0020257212331307173,0.8528354944539915,0.903801080199735,0.031417102418929234,0.5555555555555556,0.8909818650550628,0.9978813559322034,0.07944004047900152,0.14716450554600846,0.9979742787668693,1.0,0.050529921849909,0.09619891980026496,1.0,0.031417102418929234,0.5555555555555556,True,0.3864001996818206,False,0.0,True,0.010064509676229584,True,0.0027063594617047063,False,0.0,True,0.5562971372993872,True,0.044531793880858,False,0.0,False,0.0
NSGA-III,63,cocoso,sum,0.11667838973230345,7,"{""criteria"": [0, 1, 2, 3, 5, 6, 7], ""method"": ""cocoso"", ""normalization"": ""sum"", ""top_k_rate"": 0.1167, ""weights"": [0.5606, 0.003, 0.0246, 0.0322, 0.0871, 0.2805, 0.0121]}",0.09472719901044846,0.010533366077301376,0.5494791666666667,0.6842769563649477,0.11667838973230345,0.7777777777777778,0.9052728009895515,0.9880068532267275,0.2917861359419801,0.4505208333333333,0.9894666339226986,1.0,0.1874531634728616,0.3157230436350523,1.0,0.11667838973230345,0.7777777777777778,True,0.5605572344995864,True,0.0029911912079148358,True,0.024592373613939674,True,0.03217643985079172,False,0.0,True,0.08707377063803882,True,0.28046410345519573,True,0.012144886734532836,False,0.0
NSGA-III,64,cocoso,sum,0.1710202881946599,5,"{""criteria"": [0, 1, 2, 3, 7], ""method"": ""cocoso"", ""normalization"": ""sum"", ""top_k_rate"": 0.171, ""weights"": [0.9551, 0.006, 0.0128, 0.0033, 0.0228]}",0.08882365740214193,0.03380523964135984,0.4194231901118306,0.5742000503905267,0.1710202881946599,0.5555555555555556,0.9111763425978581,0.961028838659392,0.41592174059706527,0.5805768098881694,0.9661947603586402,0.9879189399844115,0.2713842201049138,0.42579994960947337,0.9896001453935173,0.1710202881946599,0.5555555555555556,True,0.955115905650231,True,0.006040220643544996,True,0.012779772775021628,True,0.003304545001892369,False,0.0,False,0.0,False,0.0,True,0.02275955592931025,False,0.0
NSGA-III,65,cocoso,sum,0.14203869620873155,3,"{""criteria"": [0, 4, 6], ""method"": ""cocoso"", ""normalization"": ""sum"", ""top_k_rate"": 0.142, ""weights"": [0.4555, 0.2873, 0.2572]}",0.13575683385256565,0.05963888331807132,0.5074441687344913,0.63336820083682,0.14203869620873155,0.3333333333333333,0.8642431661474343,0.9314875645236977,0.3347950750548153,0.49255583126550867,0.9403611166819287,0.9868606288127639,0.22513649502194627,0.36663179916317995,0.9888557550011051,0.14203869620873155,0.3333333333333333,True,0.45549823596509637,False,0.0,False,0.0,False,0.0,True,0.28727725200582077,False,0.0,True,0.25722451202908286,False,0.0,False,0.0
NSGA-III,66,cocoso,robust,0.036398010991917834,3,"{""criteria"": [1, 4, 7], ""method"": ""cocoso"", ""normalization"": ""robust"", ""top_k_rate"": 0.0364, ""weights"": [0.0114, 0.9798, 0.0089]}",0.359417109558579,0.2216536661464098,0.8656370656370657,0.8895519368868211,0.036398010991917834,0.3333333333333333,0.640582890441421,0.7967032967032966,0.07336819025130713,0.13436293436293434,0.7783463338535902,1.0,0.05845198586875067,0.11044806311317892,1.0,0.036398010991917834,0.3333333333333333,False,0.0,True,0.011355256348021404,False,0.0,False,0.0,True,0.9797823917313431,False,0.0,False,0.0,True,0.00886235192063566,False,0.0
NSGA-III,67,cocoso,minmax,0.11555968716384264,5,"{""criteria"": [0, 1, 5, 6, 7], ""method"": ""cocoso"", ""normalization"": ""minmax"", ""top_k_rate"": 0.1156, ""weights"": [0.6585, 0.0102, 0.0373, 0.2898, 0.0042]}",0.09222895901348982,0.007449697828770696,0.5513506459611118,0.68686230248307,0.11555968716384264,0.5555555555555556,0.9077710409865102,0.9913494809688581,0.2899308483724068,0.44864935403888817,0.9925503021712293,1.0,0.18563322984691147,0.31313769751693005,1.0,0.11555968716384264,0.5555555555555556,True,0.658520738429462,True,0.010150572329510252,False,0.0,False,0.0,False,0.0,True,0.037289261351261635,True,0.28980225951174154,True,0.004237168378024628,False,0.0
NSGA-III,68,cocoso,sum,0.11472901582928054,3,"{""criteria"": [0, 1, 3], ""method"": ""cocoso"", ""normalization"": ""sum"", ""top_k_rate"": 0.1147, ""weights"": [0.7432, 0.0149, 0.2419]}",0.09591996665815505,0.021962716856189446,0.5610457516339868,0.6888446935454711,0.11472901582928054,0.3333333333333333,0.904080033341845,0.9755955839628123,0.28318434811941307,0.43895424836601316,0.9780372831438106,1.0,0.1842415158976555,0.311155306454529,1.0,0.11472901582928054,0.3333333333333333,True,0.7431724826986377,True,0.014930833180036464,False,0.0,True,0.24189668412132598,False,0.0,False,0.0,False,0.0,False,0.0,False,0.0
NSGA-III,69,cocoso,robust,0.13634454737978163,5,"{""criteria"": [0, 1, 2, 6, 7], ""method"": ""cocoso"", ""normalization"": ""robust"", ""top_k_rate"": 0.1363, ""weights"": [0.6349, 0.005, 0.0285, 0.2837, 0.0479]}",0.09291360318246156,0.018511393902273743,0.49793103448275866,0.6418723105295512,0.13634454737978163,0.5555555555555556,0.9070863968175384,0.978494623655914,0.33766233766233766,0.5020689655172413,0.9814886060977263,0.9965786901270772,0.21828498019483994,0.35812768947044876,0.9970683061204386,0.13634454737978163,0.5555555555555556,True,0.6349244175088684,True,0.005004940144425632,True,0.028457215672574164,False,0.0,False,0.0,False,0.0,True,0.2837369705857408,True,0.04787645608839099,False,0.0
NSGA-III,70,cocoso,robust,0.18445665269798467,3,"{""criteria"": [0, 3, 7], ""method"": ""cocoso"", ""normalization"": ""robust"", ""top_k_rate"": 0.1845, ""weights"": [0.8165, 0.1255, 0.058]}",0.09127242884697706,0.04279084438446401,0.39443422263109473,0.5485629335976214,0.18445665269798467,0.3333333333333333,0.9087275711530229,0.9515720997470184,0.4440883791533142,0.6055657773689053,0.957209155615536,0.9877123238164076,0.292581094101274,0.4514370664023786,0.9894026693058692,0.18445665269798467,0.3333333333333333,True,0.8165001041391223,False,0.0,False,0.0,True,0.12547760681326983,False,0.0,False,0.0,False,0.0,True,0.058022289047607756,False,0.0
NSGA-III,71,edas,robust,0.15018900604235177,4,"{""criteria"": [0, 1, 3, 4], ""method"": ""edas"", ""normalization"": ""robust"", ""top_k_rate"": 0.1502, ""weights"": [0.2643, 0.0046, 0.0864, 0.6447]}",0.24209165707029745,0.12401805408072009,0.5274993889024688,0.6132482318440573,0.15018900604235177,0.4444444444444444,0.7579083429297025,0.8579671549045716,0.3260246247259234,0.4725006110975311,0.8759819459192799,0.9951176209498447,0.24001712878706777,0.3867517681559427,0.9958502915085974,0.15018900604235177,0.4444444444444444,True,0.2643192095478993,True,0.004573636082907714,False,0.0,True,0.08637881197463239,True,0.6447283423945607,False,0.0,False,0.0,False,0.0,False,0.0
NSGA-III,72,cocoso,robust,0.032220187388507356,7,"{""criteria"": [0, 1, 2, 3, 5, 6, 7], ""method"": ""cocoso"", ""normalization"": ""robust"", ""top_k_rate"": 0.0322, ""weights"": [0.5642, 0.0043, 0.0246, 0.0601, 0.0246, 0.2806, 0.0416]}",0.0948060150084461,0.00193686051575781,0.8493684702947139,0.9014758269720102,0.032220187388507356,0.7777777777777778,0.9051939849915539,0.9979338842975206,0.08146399055489964,0.15063152970528612,0.9980631394842422,1.0,0.05181458087999143,0.09852417302798981,1.0,0.032220187388507356,0.7777777777777778,True,0.5641895407228841,True,0.004337168615207697,True,0.024578575076884098,True,0.06011176968558092,False,0.0,True,0.02460073251737196,True,0.28058413766418905,True,0.04159807571788219,False,0.0
NSGA-III,73,cocoso,robust,0.0364103201974978,4,"{""criteria"": [1, 2, 3, 4], ""method"": ""cocoso"", ""normalization"": ""robust"", ""top_k_rate"": 0.0364, ""weights"": [0.0354, 0.1012, 0.098, 0.7654]}",0.3185218935151546,0.03282518543707169,0.8372452130945028,0.8893608414239482,0.0364103201974978,0.4444444444444444,0.6814781064848454,0.9634369287020109,0.08888514083319278,0.1627547869054972,0.9671748145629283,1.0,0.058559040787924205,0.11063915857605178,1.0,0.0364103201974978,0.4444444444444444,False,0.0,True,0.03544644376509724,True,0.10123277843676963,True,0.09795112747064667,True,0.7653696503274865,False,0.0,False,0.0,False,0.0,False,0.0
NSGA-III,74,cocoso,robust,0.014833220106616744,3,"{""criteria"": [0, 3, 7], ""method"": ""cocoso"", ""normalization"": ""robust"", ""top_k_rate"": 0.0148, ""weights"": [0.9754, 0.0212, 0.0034]}",0.0887804772969818,0.0,0.9275032509752926,0.9533667921371811,0.014833220106616744,0.3333333333333333,0.9112195227030182,1.0,0.03761173891044021,0.0724967490247074,1.0,1.0,0.023873246975698533,0.0466332078628189,1.0,0.014833220106616744,0.3333333333333333,True,0.9754034659485123,False,0.0,False,0.0,True,0.021213677356883745,False,0.0,False,0.0,False,0.0,True,0.003382856694603886,False,0.0
NSGA-III,75,edas,sum,0.14077883987118095,5,"{""criteria"": [0, 3, 4, 5, 7], ""method"": ""edas"", ""normalization"": ""sum"", ""top_k_rate"": 0.1408, ""weights"": [0.2416, 0.0857, 0.5723, 0.0389, 0.0615]}",0.23544328175682927,0.10420115156828502,0.5371222484765577,0.6324107220815507,0.14077883987118095,0.5555555555555556,0.7645567182431707,0.881155303030303,0.31388092427053466,0.46287775152344235,0.895798848431715,0.9966856060606061,0.22535060486029332,0.3675892779184493,0.997178052529485,0.14077883987118095,0.5555555555555556,True,0.24160452609923477,False,0.0,False,0.0,True,0.0857466575407797,True,0.5722753879154566,True,0.03889745087252435,False,0.0,True,0.06147597757200451,False,0.0
NSGA-III,76,cocoso,robust,0.12868514692069657,4,"{""criteria"": [0, 1, 3, 4], ""method"": ""cocoso"", ""normalization"": ""robust"", ""top_k_rate"": 0.1287, ""weights"": [0.4302, 0.0026, 0.0481, 0.5192]}",0.17928241827138514,0.057144170122378934,0.5409669211195929,0.6586231369765791,0.12868514692069657,0.4444444444444444,0.8207175817286149,0.9342309684101502,0.3042671614100185,0.4590330788804071,0.9428558298776211,0.9963749352667012,0.2059736644898833,0.34137686302342085,0.9969444086619182,0.12868514692069657,0.4444444444444444,True,0.43016023493631617,True,0.002562444681389011,False,0.0,True,0.048098887094171525,True,0.5191784332881234,False,0.0,False,0.0,False,0.0,False,0.0
NSGA-III,77,cocoso,robust,0.1805564495540792,3,"{""criteria"": [0, 1, 4], ""method"": ""cocoso"", ""normalization"": ""robust"", ""top_k_rate"": 0.1806, ""weights"": [0.2441, 0.0071, 0.7488]}",0.24889717958346136,0.19288775736413077,0.5096087057189165,0.5545228215767635,0.1805564495540792,0.3333333333333333,0.7511028204165386,0.7818383167220376,0.3572271883960196,0.4903912942810836,0.8071122426358692,0.9907715023994094,0.2873354030617707,0.4454771784232366,0.9920464361875061,0.1805564495540792,0.3333333333333333,True,0.2441097262864342,True,0.0070732364289973785,False,0.0,False,0.0,True,0.7488170372845685,False,0.0,False,0.0,False,0.0,False,0.0
NSGA-III,78,edas,sum,0.14077883987118095,3,"{""criteria"": [0, 4, 7], ""method"": ""edas"", ""normalization"": ""sum"", ""top_k_rate"": 0.1408, ""weights"": [0.2912, 0.64, 0.0688]}",0.24795206050222485,0.14468190609515041,0.5617460514861337,0.6338077359643761,0.14077883987118095,0.3333333333333333,0.7520479394977752,0.834280303030303,0.2971833361443751,0.4382539485138664,0.8553180939048496,0.9928977272727273,0.22449416550690504,0.3661922640356238,0.9939382105532155,0.14077883987118095,0.3333333333333333,True,0.29123543306854904,False,0.0,False,0.0,False,0.0,True,0.6399884797094542,False,0.0,False,0.0,True,0.06877608722199666,False,0.0
NSGA-III,79,cocoso,robust,0.08174740991147146,3,"{""criteria"": [0, 1, 7], ""method"": ""cocoso"", ""normalization"": ""robust"", ""top_k_rate"": 0.0817, ""weights"": [0.9592, 0.0156, 0.0252]}",0.08887718815527179,0.0013558441008315603,0.6576299608719955,0.7677895533686601,0.08174740991147146,0.3333333333333333,0.9111228118447282,0.9983700081499592,0.2066115702479339,0.34237003912800446,0.9986441558991684,1.0,0.1313563858259287,0.23221044663133988,1.0,0.08174740991147146,0.3333333333333333,True,0.9591523247113625,True,0.015630396777857422,False,0.0,False,0.0,False,0.0,False,0.0,False,0.0,True,0.025217278510780216,False,0.0
NSGA-III,80,cocoso,robust,0.11710711980427124,3,"{""criteria"": [0, 1, 6], ""method"": ""cocoso"", ""normalization"": ""robust"", ""top_k_rate"": 0.1171, ""weights"": [0.6375, 0.0099, 0.3526]}",0.09467146799484127,0.0073070430087313065,0.5467083008066616,0.6835465849702649,0.11710711980427124,0.3333333333333333,0.9053285320051587,0.9914627205463858,0.2938100860178782,0.4532916991933385,0.9926929569912687,0.9994308480364257,0.18798843806872925,0.3164534150297351,0.9995170643006439,0.11710711980427124,0.3333333333333333,True,0.6374894052030173,True,0.009883046124960933,False,0.0,False,0.0,False,0.0,False,0.0,True,0.3526275486720216,False,0.0,False,0.0
NSGA-III,81,topsis,robust,0.12863215608259618,5,"{""criteria"": [0, 1, 3, 6, 7], ""method"": ""topsis"", ""normalization"": ""robust"", ""top_k_rate"": 0.1286, ""weights"": [0.541, 0.0035, 0.0623, 0.3811, 0.0121]}",0.09491002723966946,0.013362044065381773,0.5159689527929763,0.6582379558158105,0.12863215608259618,0.5555555555555556,0.9050899727603305,0.9854922279792746,0.32079608702985324,0.4840310472070238,0.9866379559346182,0.9979274611398964,0.20618777432823038,0.3417620441841895,0.998259327256796,0.12863215608259618,0.5555555555555556,True,0.5410045869799894,True,0.003516033156692079,False,0.0,True,0.062324567943404414,False,0.0,False,0.0,True,0.38106956787380813,True,0.012085244046105845,False,0.0
NSGA-III,82,cocoso,sum,0.14050903031490972,6,"{""criteria"": [0, 3, 4, 5, 6, 7], ""method"": ""cocoso"", ""normalization"": ""sum"", ""top_k_rate"": 0.1405, ""weights"": [0.1546, 0.0555, 0.3448, 0.0252, 0.3983, 0.0216]}",0.18789912465608294,0.09393876655137612,0.5319148936170213,0.6335051096165605,0.14050903031490972,0.6666666666666666,0.8121008753439171,0.892314990512334,0.3172541743970315,0.46808510638297873,0.9060612334486239,0.9952561669829222,0.22460122042607858,0.3664948903834396,0.9959724801554406,0.14050903031490972,0.6666666666666666,True,0.1546296573393397,False,0.0,False,0.0,True,0.055513384054601676,True,0.3447584832569236,True,0.025182662402957266,True,0.39827653556210896,True,0.021639277384068907,False,0.0
NSGA-III,83,cocoso,sum,0.10693233905916132,8,"{""criteria"": [0, 1, 2, 3, 4, 5, 6, 7], ""method"": ""cocoso"", ""normalization"": ""sum"", ""top_k_rate"": 0.1069, ""weights"": [0.3064, 0.0011, 0.0049, 0.1699, 0.209, 0.1418, 0.1441, 0.0228]}",0.14025091937818246,0.03733101606361455,0.5921943448825169,0.7072635906806761,0.10693233905916132,0.8888888888888888,0.8597490806218175,0.9576059850374065,0.25906560971496034,0.40780565511748307,0.9626689839363854,0.9987531172069826,0.1715019805160047,0.2927364093193239,0.9989647310886123,0.10693233905916132,0.8888888888888888,True,0.30638994317767787,True,0.0011374993618723064,True,0.004914791836103338,True,0.16989737045822723,True,0.20899445991353094,True,0.14177969740708973,True,0.1441048061596092,True,0.022781431685889395,False,0.0
NSGA-III,84,cocoso,sum,0.19921212370665645,3,"{""criteria"": [0, 2, 3], ""method"": ""cocoso"", ""normalization"": ""sum"", ""top_k_rate"": 0.1992, ""weights"": [0.6277, 0.0093, 0.363]}",0.1056032480016712,0.06852600729587555,0.3809577212066838,0.5224267986049154,0.19921212370665645,0.3333333333333333,0.8943967519983288,0.9236947791164659,0.4655085174565694,0.6190422787933162,0.9314739927041245,0.9852744310575636,0.31516968204689005,0.4775732013950847,0.9872589745356782,0.19921212370665645,0.3333333333333333,True,0.6277295575545925,False,0.0,True,0.009275920949498336,True,0.36299452149590916,False,0.0,False,0.0,False,0.0,False,0.0,False,0.0
NSGA-III,85,cocoso,sum,0.15564884007750648,3,"{""criteria"": [0, 1, 5], ""method"": ""cocoso"", ""normalization"": ""sum"", ""top_k_rate"": 0.1556, ""weights"": [0.7623, 0.0045, 0.2332]}",0.09163223739993964,0.028434072712170244,0.4532913843175217,0.6020897567660157,0.15564884007750648,0.3333333333333333,0.9083677626000604,0.9674518201284796,0.3810086017878226,0.5467086156824783,0.9715659272878298,0.9948608137044967,0.2486885772401242,0.3979102432339843,0.9956238936199927,0.15564884007750648,0.3333333333333333,True,0.7623139929482405,True,0.0045151881525918765,False,0.0,False,0.0,False,0.0,True,0.23317081889916763,False,0.0,False,0.0,False,0.0
NSGA-III,86,cocoso,robust,0.03632373689272146,3,"{""criteria"": [1, 4, 7], ""method"": ""cocoso"", ""normalization"": ""robust"", ""top_k_rate"": 0.0363, ""weights"": [0.0113, 0.9798, 0.0089]}",0.3594231904881837,0.22140315247744402,0.8659252394192154,0.8897430710095084,0.03632373689272146,0.3333333333333333,0.6405768095118163,0.7963302752293578,0.07319952774498228,0.13407476058078466,0.778596847522556,1.0,0.058344930949577135,0.11025692899049161,1.0,0.03632373689272146,0.3333333333333333,False,0.0,True,0.011348300607591373,False,0.0,False,0.0,True,0.9797892851195278,False,0.0,False,0.0,True,0.00886241427288095,False,0.0
NSGA-III,87,cocoso,robust,0.03992716391321005,3,"{""criteria"": [0, 1, 4], ""method"": ""cocoso"", ""normalization"": ""robust"", ""top_k_rate"": 0.0399, ""weights"": [0.2489, 0.0073, 0.7438]}",0.24698075472224978,0.0013355651094376642,0.8167892156862745,0.879476861167002,0.03992716391321005,0.3333333333333333,0.7530192452777502,0.998330550918197,0.1008601787822567,0.18321078431372548,0.9986644348905623,1.0,0.06412589658494808,0.12052313883299799,1.0,0.03992716391321005,0.3333333333333333,True,0.24890126867562823,True,0.007298580289803391,False,0.0,False,0.0,True,0.7438001510345684,False,0.0,False,0.0,False,0.0,False,0.0
NSGA-III,88,cocoso,robust,0.11552544963514967,3,"{""criteria"": [0, 5, 7], ""method"": ""cocoso"", ""normalization"": ""robust"", ""top_k_rate"": 0.1155, ""weights"": [0.8129, 0.1346, 0.0525]}",0.09020458708739909,0.009444046006144458,0.5525972330984077,0.6870146288603938,0.11552544963514967,0.3333333333333333,0.9097954129126009,0.9890363531448355,0.2890875358407826,0.4474027669015923,0.9905559539938555,1.0,0.18552617492773793,0.3129853711396063,1.0,0.11552544963514967,0.3333333333333333,True,0.8128804158373337,False,0.0,False,0.0,False,0.0,False,0.0,True,0.13458135913050032,False,0.0,True,0.0525382250321659,False,0.0
NSGA-III,89,cocoso,sum,0.15576602455736188,4,"{""criteria"": [0, 1, 2, 3], ""method"": ""cocoso"", ""normalization"": ""sum"", ""top_k_rate"": 0.1558, ""weights"": [0.7129, 0.0057, 0.0392, 0.2422]}",0.09557198747628681,0.030719901637496827,0.4539075731913864,0.6009590683336188,0.15576602455736188,0.4444444444444444,0.9044280125237132,0.965768078733419,0.3806712767751729,0.5460924268086136,0.9692800983625032,0.9970047068891742,0.24943796167433893,0.3990409316663812,0.9974522964638579,0.15576602455736188,0.4444444444444444,True,0.712884601701695,True,0.0056812560463762405,True,0.03922727262770334,True,0.24220686962422533,False,0.0,False,0.0,False,0.0,False,0.0,False,0.0
NSGA-III,90,cocoso,sum,0.14277909682384618,6,"{""criteria"": [0, 1, 2, 5, 6, 7], ""method"": ""cocoso"", ""normalization"": ""sum"", ""top_k_rate"": 0.1428, ""weights"": [0.4786, 0.0033, 0.0075, 0.1999, 0.2985, 0.0123]}",0.09840904357667246,0.020141231930617454,0.48135299219427585,0.6277976138639729,0.14277909682384618,0.6666666666666666,0.9015909564233275,0.9771241830065359,0.3530106257378985,0.5186470078057241,0.9798587680693825,0.9976657329598506,0.22877636227384648,0.37220238613602713,0.9980302911385712,0.14277909682384618,0.6666666666666666,True,0.4786037432661239,True,0.0032768834111414616,True,0.007475103153084916,False,0.0,False,0.0,True,0.19987714531108383,True,0.2984630087510868,True,0.012304116107479076,False,0.0
NSGA-III,91,cocoso,sum,0.17440360335369032,6,"{""criteria"": [0, 1, 2, 3, 6, 7], ""method"": ""cocoso"", ""normalization"": ""sum"", ""top_k_rate"": 0.1744, ""weights"": [0.6121, 0.0018, 0.027, 0.0354, 0.3077, 0.016]}",0.0926015339808075,0.036662273412388036,0.4134581626682271,0.5681190934180815,0.17440360335369032,0.6666666666666666,0.9073984660191925,0.9579510703363915,0.42266824085005905,0.5865418373317729,0.963337726587612,0.9870030581039755,0.27641580130607,0.4318809065819185,0.9888403889516817,0.17440360335369032,0.6666666666666666,True,0.6120971696308005,True,0.0017913095978068759,True,0.026984380009161698,True,0.03535797685710762,False,0.0,False,0.0,True,0.3077437772120538,True,0.016025386693069413,False,0.0
NSGA-III,92,cocoso,robust,0.07742146254168947,3,"{""criteria"": [0, 3, 7], ""method"": ""cocoso"", ""normalization"": ""robust"", ""top_k_rate"": 0.0774, ""weights"": [0.9485, 0.0325, 0.019]}",0.08877275155243003,0.0016463427080781745,0.6728247073755464,0.7787298866990384,0.07742146254168947,0.3333333333333333,0.91122724844757,0.9982788296041308,0.19564850733681902,0.32717529262445355,0.9983536572919218,1.0,0.12439781607964887,0.22127011330096163,1.0,0.07742146254168947,0.3333333333333333,True,0.948503443898829,False,0.0,False,0.0,True,0.032457681557076595,False,0.0,False,0.0,False,0.0,True,0.01903887454409428,False,0.0
NSGA-III,93,cocoso,sum,0.11682884299889001,3,"{""criteria"": [0, 1, 3], ""method"": ""cocoso"", ""normalization"": ""sum"", ""top_k_rate"": 0.1168, ""weights"": [0.9017, 0.0056, 0.0926]}",0.09053666204503807,0.009939195956046643,0.5485550637854725,0.6839733189111231,0.11682884299889001,0.3333333333333333,0.9094633379549619,0.9891614375356532,0.2924607859672795,0.4514449362145275,0.9900608040439534,1.0,0.18766727331120864,0.3160266810888769,1.0,0.11682884299889001,0.3333333333333333,True,0.901741686423452,True,0.005623340957285596,False,0.0,True,0.09263497261926243,False,0.0,False,0.0,False,0.0,False,0.0,False,0.0
NSGA-III,94,cocoso,sum,0.17192816754203993,3,"{""criteria"": [0, 1, 3], ""method"": ""cocoso"", ""normalization"": ""sum"", ""top_k_rate"": 0.1719, ""weights"": [0.9907, 0.0012, 0.0081]}",0.08901022362934508,0.033698728698491665,0.41725434884814294,0.5724832214765101,0.17192816754203993,0.3333333333333333,0.9109897763706549,0.9612252811167119,0.41811435317928825,0.5827456511518571,0.9663012713015083,0.9879798371461807,0.2727759340541698,0.4275167785234899,0.9896723380440374,0.17192816754203993,0.3333333333333333,True,0.9906757225921865,True,0.0011977482391317346,False,0.0,True,0.008126529168681647,False,0.0,False,0.0,False,0.0,False,0.0,False,0.0
NSGA-III,95,cocoso,robust,0.03168863968932701,3,"{""criteria"": [1, 3, 4], ""method"": ""cocoso"", ""normalization"": ""robust"", ""top_k_rate"": 0.0317, ""weights"": [0.0045, 0.1348, 0.8608]}",0.3271645196441616,0.0018903139216311926,0.8516783762685401,0.903025364164205,0.03168863968932701,0.3333333333333333,0.6728354803558384,0.9978991596638656,0.0801146905043009,0.14832162373145982,0.9981096860783688,1.0,0.05095814152660315,0.09697463583579505,1.0,0.03168863968932701,0.3333333333333333,False,0.0,True,0.004473416637366598,False,0.0,True,0.134756243814095,True,0.8607703395485383,False,0.0,False,0.0,False,0.0,False,0.0
NSGA-III,96,cocoso,robust,0.14413037775929685,3,"{""criteria"": [1, 3, 4], ""method"": ""cocoso"", ""normalization"": ""robust"", ""top_k_rate"": 0.1441, ""weights"": [0.0067, 0.0508, 0.9426]}",0.3285216991494956,0.243089600822329,0.6126560375726116,0.6247935321220551,0.14413037775929685,0.3333333333333333,0.6714783008505044,0.7247918593894542,0.2642941474110305,0.38734396242738844,0.756910399177671,0.9981498612395929,0.23102451557649073,0.37520646787794487,0.9984446145314658,0.14413037775929685,0.3333333333333333,False,0.0,True,0.006673847203777686,False,0.0,True,0.050768245736503556,True,0.9425579070597186,False,0.0,False,0.0,False,0.0,False,0.0
NSGA-III,97,cocoso,sum,0.19854691646180753,4,"{""criteria"": [0, 2, 3, 5], ""method"": ""cocoso"", ""normalization"": ""sum"", ""top_k_rate"": 0.1985, ""weights"": [0.499, 0.0074, 0.2914, 0.2023]}",0.10690329858789649,0.06649298878215892,0.3805568028738213,0.5261363636363636,0.19854691646180753,0.4444444444444444,0.8930967014121035,0.9261497146693521,0.46533985495024455,0.6194431971261787,0.9335070112178411,0.9798590130916415,0.31249330906755163,0.4738636363636363,0.98259623923229,0.19854691646180753,0.4444444444444444,True,0.498972384286512,False,0.0,True,0.007378360169004057,True,0.29138005556283314,False,0.0,True,0.20226919998165083,False,0.0,False,0.0,False,0.0
NSGA-III,98,cocoso,sum,0.15576602455736188,3,"{""criteria"": [0, 1, 3], ""method"": ""cocoso"", ""normalization"": ""sum"", ""top_k_rate"": 0.1558, ""weights"": [0.7421, 0.0069, 0.251]}",0.0960603138757321,0.030881514865404913,0.4539075731913864,0.6011303305360507,0.15576602455736188,0.3333333333333333,0.9039396861242679,0.965768078733419,0.3806712767751729,0.5460924268086136,0.9691184851345951,0.9965768078733419,0.2493309067551654,0.39886966946394925,0.9970909807399324,0.15576602455736188,0.3333333333333333,True,0.7420622573048281,True,0.006909350231988067,False,0.0,True,0.2510283924631838,False,0.0,False,0.0,False,0.0,False,0.0,False,0.0
NSGA-III,99,cocoso,robust,0.173845194317756,6,"{""criteria"": [0, 1, 3, 4, 6, 7], ""method"": ""cocoso"", ""normalization"": ""robust"", ""top_k_rate"": 0.1738, ""weights"": [0.2637, 0.0012, 0.0015, 0.4252, 0.2974, 0.011]}",0.18296520062634813,0.14072986597498038,0.4869392058100035,0.5700058582308143,0.173845194317756,0.6666666666666666,0.8170347993736519,0.8397239263803681,0.36937088885140834,0.5130607941899965,0.8592701340250196,0.9850460122699386,0.27502408735681405,0.4299941417691857,0.9871400256851035,0.173845194317756,0.6666666666666666,True,0.2636985134362797,True,0.0012304014665796253,False,0.0,True,0.001533704849258479,True,0.42517344280013175,False,0.0,True,0.2973894632673054,True,0.01097447418044491,False,0.0
R-NSGA-II,0,cocoso,minmax,0.19982300853432503,3,"{""criteria"": [0, 4, 7], ""method"": ""cocoso"", ""normalization"": ""minmax"", ""top_k_rate"": 0.1998, ""weights"": [0.9175, 0.0145, 0.068]}",0.08848641483975073,0.04758103516506895,0.3648482132855382,0.525083069940838,0.19982300853432503,0.3333333333333333,0.9115135851602493,0.9456304202801868,0.4781582054309327,0.6351517867144618,0.952418964834931,0.9773182121414277,0.3136709131784606,0.474916930059162,0.9803723239102712,0.19982300853432503,0.3333333333333333,True,0.9175051309581814,False,0.0,False,0.0,False,0.0,True,0.014455474397972505,False,0.0,False,0.0,True,0.0680393946438461,False,0.0
R-NSGA-II,1,cocoso,minmax,0.19996659876683676,3,"{""criteria"": [0, 4, 7], ""method"": ""cocoso"", ""normalization"": ""minmax"", ""top_k_rate"": 0.2, ""weights"": [0.9068, 0.0165, 0.0767]}",0.08848426779532281,0.048401148151059226,0.365214469705454,0.5245117899683981,0.19996659876683676,0.3333333333333333,0.9115157322046772,0.9446666666666667,0.4779895429246079,0.634785530294546,0.9515988518489408,0.978,0.3140991328551547,0.4754882100316019,0.9809569555994039,0.19996659876683676,0.3333333333333333,True,0.9067745337068723,False,0.0,False,0.0,False,0.0,True,0.016525124934083667,False,0.0,False,0.0,True,0.07670034135904409,False,0.0
R-NSGA-II,2,cocoso,minmax,0.19995412183490732,3,"{""criteria"": [0, 4, 7], ""method"": ""cocoso"", ""normalization"": ""minmax"", ""top_k_rate"": 0.2, ""weights"": [0.9069, 0.0159, 0.0772]}",0.0884754505454518,0.0486961774845045,0.3654384589539702,0.5245117899683981,0.19995412183490732,0.3333333333333333,0.9115245494545482,0.9443333333333334,0.477820880418283,0.6345615410460298,0.9513038225154955,0.978,0.3140991328551547,0.4754882100316019,0.980955258038668,0.19995412183490732,0.3333333333333333,True,0.9069292573166479,False,0.0,False,0.0,False,0.0,True,0.015897193873585888,False,0.0,False,0.0,True,0.07717354880976621,False,0.0
R-NSGA-II,3,cocoso,minmax,0.19999923133877942,3,"{""criteria"": [0, 4, 7], ""method"": ""cocoso"", ""normalization"": ""minmax"", ""top_k_rate"": 0.2, ""weights"": [0.9078, 0.0192, 0.073]}",0.08849843115632028,0.04812468485230614,0.36499048045693805,0.5243497285471194,0.19999923133877942,0.3333333333333333,0.9115015688436797,0.945,0.4781582054309327,0.635009519543062,0.9518753151476939,0.9783333333333334,0.31420618777432824,0.47565027145288064,0.9812419663372017,0.19999923133877942,0.3333333333333333,True,0.9077808987763751,False,0.0,False,0.0,False,0.0,True,0.019248840616226063,False,0.0,False,0.0,True,0.07297026060739879,False,0.0
R-NSGA-II,4,cocoso,minmax,0.19990999364695203,3,"{""criteria"": [0, 4, 7], ""method"": ""cocoso"", ""normalization"": ""minmax"", ""top_k_rate"": 0.1999, ""weights"": [0.9172, 0.0145, 0.0683]}",0.08848461182301137,0.0478547641161281,0.36491935483870974,0.5251215559157212,0.19990999364695203,0.3333333333333333,0.9115153881769886,0.9453151050350117,0.4781582054309327,0.6350806451612903,0.9521452358838719,0.9769923307769256,0.3136709131784606,0.4748784440842788,0.9800962143674985,0.19990999364695203,0.3333333333333333,True,0.9171872507073844,False,0.0,False,0.0,False,0.0,True,0.014546633271495777,False,0.0,False,0.0,True,0.06826611602111993,False,0.0
R-NSGA-II,5,cocoso,minmax,0.1998209514187863,3,"{""criteria"": [0, 4, 7], ""method"": ""cocoso"", ""normalization"": ""minmax"", ""top_k_rate"": 0.1998, ""weights"": [0.9075, 0.0194, 0.0731]}",0.08850273805595521,0.04788647920148559,0.36507225271647803,0.524596806872518,0.1998209514187863,0.3333333333333333,0.9114972619440448,0.9452968645763843,0.4779895429246079,0.634927747283522,0.9521135207985144,0.9783188792528352,0.31399207793598116,0.475403193127482,0.9812317892284279,0.1998209514187863,0.3333333333333333,True,0.9074658004851105,False,0.0,False,0.0,False,0.0,True,0.019408121427308182,False,0.0,False,0.0,True,0.0731260780875814,False,0.0
R-NSGA-II,6,cocoso,minmax,0.19995641836607198,3,"{""criteria"": [0, 4, 7], ""method"": ""cocoso"", ""normalization"": ""minmax"", ""top_k_rate"": 0.2, ""weights"": [0.9065, 0.0199, 0.0735]}",0.08852171551218657,0.04757364319671742,0.3645425019599059,0.5243497285471194,0.19995641836607198,0.3333333333333333,0.9114782844878134,0.9456666666666667,0.4784955304435824,0.6354574980400941,0.9524263568032826,0.9783333333333334,0.31420618777432824,0.47565027145288064,0.9812437120955614,0.19995641836607198,0.3333333333333333,True,0.9065252715837318,False,0.0,False,0.0,False,0.0,True,0.019931695773093363,False,0.0,False,0.0,True,0.07354303264317497,False,0.0
R-NSGA-II,7,cocoso,minmax,0.19974119350565583,3,"{""criteria"": [0, 4, 7], ""method"": ""cocoso"", ""normalization"": ""minmax"", ""top_k_rate"": 0.1997, ""weights"": [0.9176, 0.0144, 0.0679]}",0.08848765262330893,0.047607866953925826,0.3651540616246498,0.5253303072059659,0.19974119350565583,0.3333333333333333,0.9115123473766911,0.9455941255006676,0.477820880418283,0.6348459383753502,0.9523921330460742,0.9773030707610146,0.3134568033401135,0.4746696927940342,0.980361214397565,0.19974119350565583,0.3333333333333333,True,0.9176133393878558,False,0.0,False,0.0,False,0.0,True,0.014437189190020778,False,0.0,False,0.0,True,0.06794947142212346,False,0.0
R-NSGA-II,8,cocoso,minmax,0.19969102404867667,3,"{""criteria"": [0, 4, 7], ""method"": ""cocoso"", ""normalization"": ""minmax"", ""top_k_rate"": 0.1997, ""weights"": [0.9077, 0.0192, 0.0731]}",0.08849671880517107,0.04790102896916726,0.3653781512605042,0.5248439653076113,0.19969102404867667,0.3333333333333333,0.9115032811948289,0.945260347129506,0.47765221791195817,0.6346218487394958,0.9520989710308327,0.9783044058744993,0.3137779680976341,0.4751560346923887,0.9812209370628422,0.19969102404867667,0.3333333333333333,True,0.9076647090433893,False,0.0,False,0.0,False,0.0,True,0.019246376896561435,False,0.0,False,0.0,True,0.07308891406004936,False,0.0
R-NSGA-II,9,cocoso,minmax,0.1999739353858762,3,"{""criteria"": [0, 4, 7], ""method"": ""cocoso"", ""normalization"": ""minmax"", ""top_k_rate"": 0.2, ""weights"": [0.9176, 0.0149, 0.0675]}",0.08849310225270479,0.048133669722478456,0.36499048045693805,0.5248359128109554,0.1999739353858762,0.3333333333333333,0.9115068977472952,0.945,0.4781582054309327,0.635009519543062,0.9518663302775215,0.9773333333333334,0.3138850230168076,0.4751640871890446,0.9803838905140082,0.1999739353858762,0.3333333333333333,True,0.91763320113653,False,0.0,False,0.0,False,0.0,True,0.014854104996697952,False,0.0,False,0.0,True,0.06751269386677197,False,0.0
R-NSGA-II,10,cocoso,minmax,0.19995641836607198,3,"{""criteria"": [0, 4, 7], ""method"": ""cocoso"", ""normalization"": ""minmax"", ""top_k_rate"": 0.2, ""weights"": [0.9072, 0.0199, 0.0729]}",0.08851875927064401,0.0478476069017747,0.364766491208422,0.5243497285471194,0.19995641836607198,0.3333333333333333,0.911481240729356,0.9453333333333334,0.47832686793725754,0.635233508791578,0.9521523930982253,0.9783333333333334,0.31420618777432824,0.47565027145288064,0.9812430246323816,0.19995641836607198,0.3333333333333333,True,0.9071851023623851,False,0.0,False,0.0,False,0.0,True,0.019929857053496387,False,0.0,False,0.0,True,0.07288504058411838,False,0.0
R-NSGA-II,11,cocoso,minmax,0.19978549308705126,3,"{""criteria"": [0, 4, 7], ""method"": ""cocoso"", ""normalization"": ""minmax"", ""top_k_rate"": 0.1998, ""weights"": [0.9172, 0.0145, 0.0683]}",0.08848450579659739,0.04788179023385997,0.36522518485323774,0.5253687793807749,0.19978549308705126,0.3333333333333333,0.9115154942034026,0.9452786119452786,0.477820880418283,0.6347748151467623,0.95211820976614,0.9769769769769769,0.3134568033401135,0.4746312206192252,0.9800849736464596,0.19978549308705126,0.3333333333333333,True,0.9171934006808361,False,0.0,False,0.0,False,0.0,True,0.014546730810366235,False,0.0,False,0.0,True,0.0682598685087977,False,0.0
R-NSGA-II,12,cocoso,minmax,0.1994226302016657,3,"{""criteria"": [0, 4, 7], ""method"": ""cocoso"", ""normalization"": ""minmax"", ""top_k_rate"": 0.1994, ""weights"": [0.9183, 0.0141, 0.0676]}",0.08848719157383023,0.047396357397715416,0.3655419795986996,0.5258250222978998,0.1994226302016657,0.3333333333333333,0.9115128084261698,0.945855614973262,0.4773148928993085,0.6344580204013004,0.9526036426022846,0.9772727272727273,0.31302858366341935,0.47417497770210015,0.9803383095587603,0.1994226302016657,0.3333333333333333,True,0.9182994525440287,False,0.0,False,0.0,False,0.0,True,0.014053402075617609,False,0.0,False,0.0,True,0.06764714538035375,False,0.0
R-NSGA-II,13,cocoso,minmax,0.19964224788095922,3,"{""criteria"": [0, 4, 7], ""method"": ""cocoso"", ""normalization"": ""minmax"", ""top_k_rate"": 0.1996, ""weights"": [0.9058, 0.0164, 0.0778]}",0.08848302033126954,0.0481848918211103,0.3657552666965487,0.5251297016861219,0.19964224788095922,0.3333333333333333,0.9115169796687305,0.9449081803005008,0.4773148928993085,0.6342447333034513,0.9518151081788897,0.9779632721202003,0.313563858259287,0.47487029831387806,0.9809304486867444,0.19964224788095922,0.3333333333333333,True,0.9058110876153274,False,0.0,False,0.0,False,0.0,True,0.016374114762887176,False,0.0,False,0.0,True,0.07781479762178549,False,0.0
R-NSGA-II,14,cocoso,minmax,0.19948460437015814,3,"{""criteria"": [0, 4, 7], ""method"": ""cocoso"", ""normalization"": ""minmax"", ""top_k_rate"": 0.1995, ""weights"": [0.9182, 0.0142, 0.0676]}",0.08848785898248257,0.04765166463575399,0.36561309123514907,0.5257013134425166,0.19948460437015814,0.3333333333333333,0.9115121410175174,0.9455395923822252,0.4773148928993085,0.6343869087648509,0.952348335364246,0.977280320748413,0.31313563858259286,0.47429868655748336,0.9803441589772387,0.19948460437015814,0.3333333333333333,True,0.9181818151900845,False,0.0,False,0.0,False,0.0,True,0.014179705264178631,False,0.0,False,0.0,True,0.06763847954573697,False,0.0
R-NSGA-II,15,cocoso,minmax,0.19968062542032858,3,"{""criteria"": [0, 4, 7], ""method"": ""cocoso"", ""normalization"": ""minmax"", ""top_k_rate"": 0.1997, ""weights"": [0.9066, 0.0166, 0.0767]}",0.08848434187611498,0.04845800592936722,0.3658263305322129,0.5250060792737293,0.19968062542032858,0.3333333333333333,0.911515658123885,0.9445927903871829,0.4773148928993085,0.6341736694677871,0.9515419940706328,0.9779706275033377,0.3136709131784606,0.47499392072627067,0.9809359160842454,0.19968062542032858,0.3333333333333333,True,0.9066438348352648,False,0.0,False,0.0,False,0.0,True,0.01661504833440305,False,0.0,False,0.0,True,0.07674111683033207,False,0.0
R-NSGA-II,16,cocoso,minmax,0.1996839584589956,3,"{""criteria"": [0, 4, 7], ""method"": ""cocoso"", ""normalization"": ""minmax"", ""top_k_rate"": 0.1997, ""weights"": [0.9069, 0.016, 0.0772]}",0.08847611969504487,0.04875118223705299,0.3660504201680671,0.5250060792737293,0.1996839584589956,0.3333333333333333,0.9115238803049551,0.9442590120160214,0.47714623039298365,0.6339495798319329,0.951248817762947,0.9779706275033377,0.3136709131784606,0.47499392072627067,0.9809337933255713,0.1996839584589956,0.3333333333333333,True,0.9068911302110533,False,0.0,False,0.0,False,0.0,True,0.015951624422178214,False,0.0,False,0.0,True,0.0771572453667685,False,0.0
R-NSGA-II,17,cocoso,minmax,0.1998218497647488,3,"{""criteria"": [0, 4, 7], ""method"": ""cocoso"", ""normalization"": ""minmax"", ""top_k_rate"": 0.1998, ""weights"": [0.9071, 0.0236, 0.0694]}",0.0885487151224218,0.04730347950594749,0.36462417385459833,0.524434719183078,0.1998218497647488,0.3333333333333333,0.9114512848775782,0.9459639759839893,0.47832686793725754,0.6353758261454017,0.9526965204940525,0.9786524349566378,0.3140991328551547,0.47556528081692195,0.9815213622584711,0.1998218497647488,0.3333333333333333,True,0.9070706648717249,False,0.0,False,0.0,False,0.0,True,0.023572583297726594,False,0.0,False,0.0,True,0.06935675183054851,False,0.0
R-NSGA-II,18,cocoso,minmax,0.19922109382537703,3,"{""criteria"": [0, 4, 7], ""method"": ""cocoso"", ""normalization"": ""minmax"", ""top_k_rate"": 0.1992, ""weights"": [0.9189, 0.014, 0.0671]}",0.08849076001218692,0.04741969950745961,0.3660013455931823,0.5261962692619627,0.19922109382537703,0.3333333333333333,0.9115092399878131,0.9458012713282035,0.47680890538033394,0.6339986544068177,0.9525803004925404,0.9772499163599866,0.3127074189058987,0.4738037307380373,0.9803209303451428,0.19922109382537703,0.3333333333333333,True,0.9189485801002677,False,0.0,False,0.0,False,0.0,True,0.013969446869634344,False,0.0,False,0.0,True,0.06708197303009797,False,0.0
R-NSGA-II,19,cocoso,minmax,0.19968272013865876,3,"{""criteria"": [0, 4, 7], ""method"": ""cocoso"", ""normalization"": ""minmax"", ""top_k_rate"": 0.1997, ""weights"": [0.9328, 0.0118, 0.0554]}",0.08848054695098062,0.04818368970515119,0.3656022408963585,0.5258166491043202,0.19968272013865876,0.3333333333333333,0.9115194530490194,0.9449265687583445,0.4774835554056333,0.6343977591036415,0.9518163102948488,0.9763017356475301,0.31313563858259286,0.47418335089567976,0.9795063040765,0.19968272013865876,0.3333333333333333,True,0.9327777555284683,False,0.0,False,0.0,False,0.0,True,0.011806827374719673,False,0.0,False,0.0,True,0.05541541709681203,False,0.0
R-NSGA-II,20,cocoso,minmax,0.19960772496059334,3,"{""criteria"": [0, 4, 7], ""method"": ""cocoso"", ""normalization"": ""minmax"", ""top_k_rate"": 0.1996, ""weights"": [0.9059, 0.0163, 0.0778]}",0.08848378464249185,0.04847301036196128,0.3661324666591953,0.5254154843940009,0.19960772496059334,0.3333333333333333,0.9115162153575082,0.9445557782231129,0.4769775678866588,0.6338675333408047,0.9515269896380387,0.9776219104876419,0.31334974842093993,0.4745845156059992,0.9806424495988043,0.19960772496059334,0.3333333333333333,True,0.9058826426541171,False,0.0,False,0.0,False,0.0,True,0.016307255564379036,False,0.0,False,0.0,True,0.07781010178150378,False,0.0
R-NSGA-II,21,cocoso,minmax,0.19937792902726875,3,"{""criteria"": [0, 4, 7], ""method"": ""cocoso"", ""normalization"": ""minmax"", ""top_k_rate"": 0.1994, ""weights"": [0.9077, 0.0194, 0.0729]}",0.08850286244444194,0.047981551469111317,0.3661434977578475,0.5254622121310412,0.19937792902726875,0.3333333333333333,0.9114971375555581,0.945168839852892,0.47680890538033394,0.6338565022421525,0.9520184485308887,0.9782681377465731,0.3132426935017664,0.47453778786895884,0.981194393962086,0.19937792902726875,0.3333333333333333,True,0.9076931774479061,False,0.0,False,0.0,False,0.0,True,0.01937229492845078,False,0.0,False,0.0,True,0.07293452762364316,False,0.0
R-NSGA-II,22,cocoso,minmax,0.1994361121400809,3,"{""criteria"": [0, 4, 7], ""method"": ""cocoso"", ""normalization"": ""minmax"", ""top_k_rate"": 0.1994, ""weights"": [0.9069, 0.0197, 0.0734]}",0.088523778893978,0.04767717094414936,0.36576616971191567,0.5253385226627747,0.1994361121400809,0.3333333333333333,0.911476221106022,0.9455213903743316,0.47714623039298365,0.6342338302880843,0.9523228290558506,0.9782754010695187,0.31334974842093993,0.4746614773372253,0.98120041208658,0.1994361121400809,0.3333333333333333,True,0.9068880841794106,False,0.0,False,0.0,False,0.0,True,0.01966414883550706,False,0.0,False,0.0,True,0.07344776698508236,False,0.0
R-NSGA-II,26,cocoso,minmax,0.19964237090674877,3,"{""criteria"": [0, 4, 7], ""method"": ""cocoso"", ""normalization"": ""minmax"", ""top_k_rate"": 0.1996, ""weights"": [0.9062, 0.0236, 0.0701]}",0.08855233655970796,0.047350343990658184,0.3650829224562976,0.524805447470817,0.19964237090674877,0.3333333333333333,0.911447663440292,0.9459098497495826,0.477820880418283,0.6349170775437024,0.9526496560093418,0.9786310517529215,0.3137779680976341,0.47519455252918297,0.981506503302495,0.19964237090674877,0.3333333333333333,True,0.9062159851241947,False,0.0,False,0.0,False,0.0,True,0.023636039243167605,False,0.0,False,0.0,True,0.07014797563263776,False,0.0
R-NSGA-II,28,cocoso,minmax,0.19948473764290295,3,"{""criteria"": [0, 4, 7], ""method"": ""cocoso"", ""normalization"": ""minmax"", ""top_k_rate"": 0.1995, ""weights"": [0.9071, 0.0197, 0.0732]}",0.0885210884343327,0.04793668471817569,0.3658372562205783,0.5252148532511756,0.19948473764290295,0.3333333333333333,0.9114789115656673,0.9452054794520548,0.47714623039298365,0.6341627437794217,0.9520633152818243,0.9782826595389241,0.3134568033401135,0.4747851467488245,0.981205632879701,0.19948473764290295,0.3333333333333333,True,0.9070877231358169,False,0.0,False,0.0,False,0.0,True,0.019663628130048575,False,0.0,False,0.0,True,0.0732486487341344,False,0.0
R-NSGA-II,30,cocoso,minmax,0.19930045899291116,3,"{""criteria"": [0, 4, 7], ""method"": ""cocoso"", ""normalization"": ""minmax"", ""top_k_rate"": 0.1993, ""weights"": [0.9187, 0.0146, 0.0666]}",0.08850203054974637,0.047695477584546064,0.3660724296445791,0.5260725002027411,0.19930045899291116,0.3333333333333333,0.9114979694502536,0.9454849498327759,0.47680890538033394,0.6339275703554209,0.9523045224154539,0.9772575250836121,0.31281447382507227,0.4739274997972589,0.9803278078801504,0.19930045899291116,0.3333333333333333,True,0.9187173579828793,False,0.0,False,0.0,False,0.0,True,0.01464224951547558,False,0.0,False,0.0,True,0.066640392501645,False,0.0
R-NSGA-II,32,cocoso,minmax,0.19941925140822264,3,"{""criteria"": [0, 4, 7], ""method"": ""cocoso"", ""normalization"": ""minmax"", ""top_k_rate"": 0.1994, ""weights"": [0.9069, 0.0228, 0.0703]}",0.0885413834245301,0.047402512047062695,0.3655419795986996,0.525176356117733,0.19941925140822264,0.3333333333333333,0.9114586165754699,0.945855614973262,0.4773148928993085,0.6344580204013004,0.9525974879529373,0.9786096256684492,0.3134568033401135,0.4748236438822671,0.9814884067584977,0.19941925140822264,0.3333333333333333,True,0.906893742034425,False,0.0,False,0.0,False,0.0,True,0.022820109817166735,False,0.0,False,0.0,True,0.07028614814840843,False,0.0
R-NSGA-II,34,cocoso,minmax,0.19978644985431265,3,"{""criteria"": [0, 4, 7], ""method"": ""cocoso"", ""normalization"": ""minmax"", ""top_k_rate"": 0.1998, ""weights"": [0.9176, 0.0144, 0.0679]}",0.08848765262330893,0.04759442277307502,0.36500112032265286,0.5252066785540607,0.19978644985431265,0.3333333333333333,0.9115123473766911,0.9456122789456123,0.4779895429246079,0.6349988796773471,0.952405577226925,0.9773106439773106,0.313563858259287,0.47479332144593933,0.9803667602747955,0.19978644985431265,0.3333333333333333,True,0.9176134505622079,False,0.0,False,0.0,False,0.0,True,0.01443719093917272,False,0.0,False,0.0,True,0.06794935849861942,False,0.0
R-NSGA-II,35,cocoso,minmax,0.19922865234186707,3,"{""criteria"": [0, 4, 7], ""method"": ""cocoso"", ""normalization"": ""minmax"", ""top_k_rate"": 0.1992, ""weights"": [0.9081, 0.0194, 0.0726]}",0.08850427840158304,0.04800107893440331,0.36644987665395834,0.5257096512570965,0.19922865234186707,0.3333333333333333,0.911495721598417,0.9451321512211442,0.4764715803676843,0.6335501233460417,0.9519989210655967,0.9782535965205754,0.31302858366341935,0.4742903487429036,0.9811835740612449,0.19922865234186707,0.3333333333333333,True,0.9080596498170371,False,0.0,False,0.0,False,0.0,True,0.019383933703707466,False,0.0,False,0.0,True,0.07255641647925536,False,0.0
R-NSGA-II,37,cocoso,minmax,0.19995577882769444,3,"{""criteria"": [0, 4, 7], ""method"": ""cocoso"", ""normalization"": ""minmax"", ""top_k_rate"": 0.2, ""weights"": [0.9588, 0.0171, 0.0242]}",0.08847298702259598,0.049272400433950536,0.36588643745100247,0.52548415849607,0.19995577882769444,0.3333333333333333,0.911527012977404,0.9436666666666667,0.4774835554056333,0.6341135625489975,0.9507275995660495,0.976,0.3134568033401135,0.47451584150393,0.9792504055542008,0.19995577882769444,0.3333333333333333,True,0.958758176877168,False,0.0,False,0.0,False,0.0,True,0.017076266163196043,False,0.0,False,0.0,True,0.0241655569596359,False,0.0
R-NSGA-II,38,cocoso,minmax,0.19982171872384177,3,"{""criteria"": [0, 4, 7], ""method"": ""cocoso"", ""normalization"": ""minmax"", ""top_k_rate"": 0.1998, ""weights"": [0.9067, 0.024, 0.0693]}",0.08856210010734933,0.04761182380341866,0.3648482132855382,0.524596806872518,0.19982171872384177,0.3333333333333333,0.9114378998926507,0.9456304202801868,0.4781582054309327,0.6351517867144618,0.9523881761965813,0.9783188792528352,0.31399207793598116,0.475403193127482,0.981239990037036,0.19982171872384177,0.3333333333333333,True,0.9066983559049534,False,0.0,False,0.0,False,0.0,True,0.023973359881865434,False,0.0,False,0.0,True,0.06932828421318123,False,0.0
R-NSGA-II,39,cocoso,minmax,0.19995290666865573,3,"{""criteria"": [0, 4, 7], ""method"": ""cocoso"", ""normalization"": ""minmax"", ""top_k_rate"": 0.2, ""weights"": [0.9076, 0.0194, 0.0729]}",0.08850185127067134,0.04814136284753334,0.36499048045693805,0.5243497285471194,0.19995290666865573,0.3333333333333333,0.9114981487293287,0.945,0.4781582054309327,0.635009519543062,0.9518586371524667,0.9783333333333334,0.31420618777432824,0.47565027145288064,0.9812425480850812,0.19995290666865573,0.3333333333333333,True,0.907631520347433,False,0.0,False,0.0,False,0.0,True,0.019425067146867928,False,0.0,False,0.0,True,0.07294341250569895,False,0.0
R-NSGA-II,40,cocoso,minmax,0.1987850709683265,3,"{""criteria"": [0, 4, 7], ""method"": ""cocoso"", ""normalization"": ""minmax"", ""top_k_rate"": 0.1988, ""weights"": [0.9185, 0.0142, 0.0673]}",0.08849262123993262,0.04723995267288894,0.36684996072270226,0.5270632151261869,0.1987850709683265,0.3333333333333333,0.9115073787600674,0.9460093896713615,0.4757969303423849,0.6331500392772977,0.9527600473271111,0.97719651240778,0.31195803447168396,0.47293678487381313,0.9802826219047173,0.1987850709683265,0.3333333333333333,True,0.9184518396642726,False,0.0,False,0.0,False,0.0,True,0.014241158614962605,False,0.0,False,0.0,True,0.06730700172076483,False,0.0
R-NSGA-II,41,cocoso,minmax,0.1990205099834971,3,"{""criteria"": [0, 4, 7], ""method"": ""cocoso"", ""normalization"": ""minmax"", ""top_k_rate"": 0.199, ""weights"": [0.9176, 0.0149, 0.0676]}",0.08849320595041132,0.047757855300613716,0.3666853617498598,0.5265676969254482,0.1990205099834971,0.3333333333333333,0.9115067940495887,0.9454119223040858,0.47613425535503456,0.6333146382501402,0.9522421446993863,0.9772270596115205,0.3123862541483781,0.4734323030745518,0.9803060608797544,0.1990205099834971,0.3333333333333333,True,0.9175956839425601,False,0.0,False,0.0,False,0.0,True,0.014853497690491374,False,0.0,False,0.0,True,0.06755081836694844,False,0.0
R-NSGA-II,42,cocoso,minmax,0.19981867485047364,3,"{""criteria"": [0, 4, 7], ""method"": ""cocoso"", ""normalization"": ""minmax"", ""top_k_rate"": 0.1998, ""weights"": [0.908, 0.0194, 0.0726]}",0.08850331515275411,0.047878803195812836,0.36507225271647803,0.524596806872518,0.19981867485047364,0.3333333333333333,0.9114966848472459,0.9452968645763843,0.4779895429246079,0.634927747283522,0.9521211968041872,0.9783188792528352,0.31399207793598116,0.475403193127482,0.9812314638513606,0.19981867485047364,0.3333333333333333,True,0.9080440618269275,False,0.0,False,0.0,False,0.0,True,0.019351494043738527,False,0.0,False,0.0,True,0.072604444129334,False,0.0
R-NSGA-II,44,cocoso,minmax,0.1993476070917154,3,"{""criteria"": [0, 4, 7], ""method"": ""cocoso"", ""normalization"": ""minmax"", ""top_k_rate"": 0.1993, ""weights"": [0.9098, 0.0191, 0.0711]}",0.08851870524041872,0.04824853088627845,0.36636771300448434,0.5254622121310412,0.1993476070917154,0.3333333333333333,0.9114812947595813,0.9448345035105316,0.47664024287400913,0.6336322869955157,0.9517514691137215,0.9782681377465731,0.3132426935017664,0.47453778786895884,0.981191974864883,0.1993476070917154,0.3333333333333333,True,0.9098376742075747,False,0.0,False,0.0,False,0.0,True,0.019110346074282768,False,0.0,False,0.0,True,0.07105197971814263,False,0.0
R-NSGA-II,45,cocoso,minmax,0.19895241659000865,3,"{""criteria"": [0, 4, 7], ""method"": ""cocoso"", ""normalization"": ""minmax"", ""top_k_rate"": 0.199, ""weights"": [0.9074, 0.0197, 0.0729]}",0.08851653839000395,0.04777648202312634,0.3668386807269465,0.526204770404024,0.19895241659000865,0.3333333333333333,0.911483461609996,0.945393634840871,0.4759655928487097,0.6331613192730535,0.9522235179768737,0.9782244556113903,0.3126003639867252,0.47379522959597603,0.9811630157127521,0.19895241659000865,0.3333333333333333,True,0.9074228137627098,False,0.0,False,0.0,False,0.0,True,0.019677179098320417,False,0.0,False,0.0,True,0.0729000071389698,False,0.0
R-NSGA-II,49,cocoso,minmax,0.19875846850829149,3,"{""criteria"": [0, 4, 7], ""method"": ""cocoso"", ""normalization"": ""minmax"", ""top_k_rate"": 0.1988, ""weights"": [0.9077, 0.0194, 0.0729]}",0.08850249425021295,0.04782028933539251,0.3672988441252385,0.526576320701128,0.19875846850829149,0.3333333333333333,0.911497505749787,0.9453386988598256,0.4754596053297352,0.6327011558747615,0.9521797106646075,0.9782025486250838,0.3122791992292046,0.473423679298872,0.9811465739296791,0.19875846850829149,0.3333333333333333,True,0.9076700755519688,False,0.0,False,0.0,False,0.0,True,0.01940594628104528,False,0.0,False,0.0,True,0.07292397816698591,False,0.0
R-NSGA-II,50,cocoso,minmax,0.19904224416154193,3,"{""criteria"": [0, 4, 7], ""method"": ""cocoso"", ""normalization"": ""minmax"", ""top_k_rate"": 0.199, ""weights"": [0.9168, 0.015, 0.0682]}",0.08848951699629604,0.04831858245223808,0.3671340437464946,0.5265676969254482,0.19904224416154193,0.3333333333333333,0.911510483003704,0.9447421299397187,0.4757969303423849,0.6328659562535054,0.9516814175477619,0.9772270596115205,0.3123862541483781,0.4734323030745518,0.9803063420491435,0.19904224416154193,0.3333333333333333,True,0.9168336955073052,False,0.0,False,0.0,False,0.0,True,0.014964413128659,False,0.0,False,0.0,True,0.06820189136403582,False,0.0
R-NSGA-II,52,cocoso,minmax,0.1993476070917154,3,"{""criteria"": [0, 4, 7], ""method"": ""cocoso"", ""normalization"": ""minmax"", ""top_k_rate"": 0.1993, ""weights"": [0.91, 0.0189, 0.0711]}",0.08851369294610723,0.0485480813464364,0.3665919282511211,0.5256243918261434,0.1993476070917154,0.3333333333333333,0.9114863070538928,0.9445001671681712,0.4764715803676843,0.6334080717488789,0.9514519186535636,0.9779338014042126,0.31313563858259286,0.47437560817385666,0.9809086592528652,0.1993476070917154,0.3333333333333333,True,0.9100256182627571,False,0.0,False,0.0,False,0.0,True,0.018907724898581533,False,0.0,False,0.0,True,0.07106665683866152,False,0.0
R-NSGA-II,53,cocoso,minmax,0.199972298823654,3,"{""criteria"": [0, 4, 7], ""method"": ""cocoso"", ""normalization"": ""minmax"", ""top_k_rate"": 0.2, ""weights"": [0.908, 0.0193, 0.0728]}",0.08850329478498287,0.04811579866498328,0.36499048045693805,0.5243497285471194,0.199972298823654,0.3333333333333333,0.9114967052150171,0.945,0.4781582054309327,0.635009519543062,0.9518842013350167,0.9783333333333334,0.31420618777432824,0.47565027145288064,0.9812418971503948,0.199972298823654,0.3333333333333333,True,0.9079556029551435,False,0.0,False,0.0,False,0.0,True,0.01926062928740059,False,0.0,False,0.0,True,0.07278376775745576,False,0.0
R-NSGA-II,54,cocoso,minmax,0.1992632238922032,3,"{""criteria"": [0, 4, 7], ""method"": ""cocoso"", ""normalization"": ""minmax"", ""top_k_rate"": 0.1993, ""weights"": [0.9083, 0.0171, 0.0747]}",0.0885031767035086,0.04855543395937578,0.36689840771473425,0.5258718572587185,0.1992632238922032,0.3333333333333333,0.9114968232964914,0.944463031114085,0.47613425535503456,0.6331015922852657,0.9514445660406242,0.9779190364670458,0.3129215287442458,0.47412814274128146,0.9808971950017349,0.1992632238922032,0.3333333333333333,True,0.9082561510760836,False,0.0,False,0.0,False,0.0,True,0.017068025340036905,False,0.0,False,0.0,True,0.07467582358387935,False,0.0
R-NSGA-II,55,cocoso,minmax,0.19981497200425982,3,"{""criteria"": [0, 4, 7], ""method"": ""cocoso"", ""normalization"": ""minmax"", ""top_k_rate"": 0.1998, ""weights"": [0.9079, 0.0194, 0.0727]}",0.08850458540523243,0.04787943461763666,0.36507225271647803,0.524596806872518,0.19981497200425982,0.3333333333333333,0.9114954145947676,0.9452968645763843,0.4779895429246079,0.634927747283522,0.9521205653823633,0.9783188792528352,0.31399207793598116,0.475403193127482,0.9812311874711054,0.19981497200425982,0.3333333333333333,True,0.9079344654529926,False,0.0,False,0.0,False,0.0,True,0.01935006127535217,False,0.0,False,0.0,True,0.07271547327165531,False,0.0
R-NSGA-II,56,cocoso,minmax,0.199416292418335,3,"{""criteria"": [0, 4, 7], ""method"": ""cocoso"", ""normalization"": ""minmax"", ""top_k_rate"": 0.1994, ""weights"": [0.9111, 0.0224, 0.0665]}",0.08854395814890381,0.04796181817813161,0.36599035982513184,0.5253385226627747,0.199416292418335,0.3333333333333333,0.9114560418510962,0.9451871657754011,0.4769775678866588,0.6340096401748682,0.9520381818218684,0.9782754010695187,0.31334974842093993,0.4746614773372253,0.9812014480825548,0.199416292418335,0.3333333333333333,True,0.9110756102852586,False,0.0,False,0.0,False,0.0,True,0.022400026215762738,False,0.0,False,0.0,True,0.06652436349897867,False,0.0
R-NSGA-II,58,cocoso,minmax,0.19911854453178626,3,"{""criteria"": [0, 4, 7], ""method"": ""cocoso"", ""normalization"": ""minmax"", ""top_k_rate"": 0.1991, ""weights"": [0.9091, 0.0159, 0.0749]}",0.08849042965625276,0.04888306359957317,0.36742934051144016,0.5261194029850746,0.19911854453178626,0.3333333333333333,0.9115095703437472,0.9440910612654838,0.47562826783606005,0.6325706594885598,0.9511169364004268,0.9779042517576163,0.3127074189058987,0.4738805970149253,0.9808836780919226,0.19911854453178626,0.3333333333333333,True,0.9091289014980759,False,0.0,False,0.0,False,0.0,True,0.015948510777720068,False,0.0,False,0.0,True,0.07492258772420406,False,0.0
R-NSGA-II,59,cocoso,minmax,0.1987911978929328,3,"{""criteria"": [0, 4, 7], ""method"": ""cocoso"", ""normalization"": ""minmax"", ""top_k_rate"": 0.1988, ""weights"": [0.9091, 0.016, 0.0749]}",0.08849875257378459,0.04838492688285312,0.3677477275277746,0.526576320701128,0.1987911978929328,0.3333333333333333,0.9115012474262154,0.9446680080482898,0.47512228031708553,0.6322522724722254,0.9516150731171469,0.9782025486250838,0.3122791992292046,0.473423679298872,0.9811403348966259,0.1987911978929328,0.3333333333333333,True,0.9091138727622485,False,0.0,False,0.0,False,0.0,True,0.015964778052743198,False,0.0,False,0.0,True,0.0749213491850084,False,0.0
R-NSGA-II,61,cocoso,minmax,0.1999457899467591,3,"{""criteria"": [0, 4, 7], ""method"": ""cocoso"", ""normalization"": ""minmax"", ""top_k_rate"": 0.1999, ""weights"": [0.9076, 0.0193, 0.0731]}",0.08849969629037968,0.04813733252488639,0.3651433691756272,0.5244732576985414,0.1999457899467591,0.3333333333333333,0.9115003037096203,0.9449816605535178,0.4779895429246079,0.6348566308243728,0.9518626674751136,0.9783261087029009,0.3140991328551547,0.4755267423014587,0.981236869926851,0.1999457899467591,0.3333333333333333,True,0.9076415441354039,False,0.0,False,0.0,False,0.0,True,0.019276410135774122,False,0.0,False,0.0,True,0.07308204572882207,False,0.0
R-NSGA-II,62,cocoso,minmax,0.19999923133877942,3,"{""criteria"": [0, 4, 7], ""method"": ""cocoso"", ""normalization"": ""minmax"", ""top_k_rate"": 0.2, ""weights"": [0.8964, 0.0249, 0.0787]}",0.08860591588548394,0.0478577871383179,0.364766491208422,0.5241876671258408,0.19999923133877942,0.3333333333333333,0.9113940841145161,0.9453333333333334,0.47832686793725754,0.635233508791578,0.9521422128616821,0.9786666666666667,0.31431324269350175,0.4758123328741593,0.981542160506372,0.19999923133877942,0.3333333333333333,True,0.896372941790962,False,0.0,False,0.0,False,0.0,True,0.024920915723148453,False,0.0,False,0.0,True,0.07870614248588953,False,0.0
R-NSGA-II,63,cocoso,minmax,0.19918964672808373,3,"{""criteria"": [0, 4, 7], ""method"": ""cocoso"", ""normalization"": ""minmax"", ""top_k_rate"": 0.1992, ""weights"": [0.9121, 0.0218, 0.0662]}",0.08853548305632475,0.048313446462036946,0.3668274083211843,0.5259956200827317,0.19918964672808373,0.3333333333333333,0.9114645169436753,0.9447791164658634,0.47613425535503456,0.6331725916788157,0.951686553537963,0.9779116465863453,0.31281447382507227,0.4740043799172683,0.9808959541443883,0.19918964672808373,0.3333333333333333,True,0.9120595275629814,False,0.0,False,0.0,False,0.0,True,0.021765067317206416,False,0.0,False,0.0,True,0.06617540511981215,False,0.0
R-NSGA-II,64,cocoso,minmax,0.19968273633295813,3,"{""criteria"": [0, 4, 7], ""method"": ""cocoso"", ""normalization"": ""minmax"", ""top_k_rate"": 0.1997, ""weights"": [0.9078, 0.0192, 0.0729]}",0.08849876311948746,0.04789665555888656,0.3653781512605042,0.5248439653076113,0.19968273633295813,0.3333333333333333,0.9115012368805125,0.945260347129506,0.47765221791195817,0.6346218487394958,0.9521033444411134,0.9783044058744993,0.3137779680976341,0.4751560346923887,0.9812207608670136,0.19968273633295813,0.3333333333333333,True,0.9078071273271563,False,0.0,False,0.0,False,0.0,True,0.01924939677376833,False,0.0,False,0.0,True,0.07294347589907549,False,0.0
R-NSGA-II,65,cocoso,minmax,0.19943174565131952,3,"{""criteria"": [0, 4, 7], ""method"": ""cocoso"", ""normalization"": ""minmax"", ""top_k_rate"": 0.1994, ""weights"": [0.907, 0.0272, 0.0658]}",0.08860861220849003,0.047122024959953324,0.36531778948548366,0.5250141895726912,0.19943174565131952,0.3333333333333333,0.91139138779151,0.9461898395721925,0.4774835554056333,0.6346822105145163,0.9528779750400467,0.9789438502673797,0.313563858259287,0.47498581042730886,0.9817791396451299,0.19943174565131952,0.3333333333333333,True,0.9070357356600934,False,0.0,False,0.0,False,0.0,True,0.027153365542723948,False,0.0,False,0.0,True,0.06581089879718259,False,0.0
R-NSGA-II,66,cocoso,minmax,0.19980143714688414,3,"{""criteria"": [0, 4, 7], ""method"": ""cocoso"", ""normalization"": ""minmax"", ""top_k_rate"": 0.1998, ""weights"": [0.9079, 0.0193, 0.0729]}",0.0885015576723116,0.04789153347597219,0.36522518485323774,0.5247203760739181,0.19980143714688414,0.3333333333333333,0.9114984423276884,0.9452786119452786,0.477820880418283,0.6347748151467623,0.9521084665240278,0.9783116449783117,0.3138850230168076,0.475279623926082,0.9812259642187638,0.19980143714688414,0.3333333333333333,True,0.9078980403198891,False,0.0,False,0.0,False,0.0,True,0.019251324518347903,False,0.0,False,0.0,True,0.072850635161763,False,0.0
R-NSGA-II,67,cocoso,minmax,0.19968228455987044,3,"{""criteria"": [0, 4, 7], ""method"": ""cocoso"", ""normalization"": ""minmax"", ""top_k_rate"": 0.1997, ""weights"": [0.9056, 0.0275, 0.0669]}",0.08861695244165357,0.04734970434439967,0.3649299719887955,0.524681851341493,0.19968228455987044,0.3333333333333333,0.9113830475583464,0.9459279038718291,0.4779895429246079,0.6350700280112045,0.9526502956556003,0.9786381842456608,0.3138850230168076,0.4753181486585069,0.9815193055655022,0.19968228455987044,0.3333333333333333,True,0.9056091786640479,False,0.0,False,0.0,False,0.0,True,0.02750568716430528,False,0.0,False,0.0,True,0.06688513417164692,False,0.0
R-NSGA-II,69,cocoso,minmax,0.19978429010091825,3,"{""criteria"": [0, 4, 7], ""method"": ""cocoso"", ""normalization"": ""minmax"", ""top_k_rate"": 0.1998, ""weights"": [0.8999, 0.0252, 0.0749]}",0.08860766838837164,0.04762051481925822,0.36500112032265286,0.5247203760739181,0.19978429010091825,0.3333333333333333,0.9113923316116284,0.9456122789456123,0.4779895429246079,0.6349988796773471,0.9523794851807418,0.9783116449783117,0.3138850230168076,0.475279623926082,0.9812419152715723,0.19978429010091825,0.3333333333333333,True,0.8999113681170953,False,0.0,False,0.0,False,0.0,True,0.025161152834227513,False,0.0,False,0.0,True,0.07492747904867719,False,0.0
R-NSGA-II,72,cocoso,minmax,0.19927649135986322,3,"{""criteria"": [0, 4, 7], ""method"": ""cocoso"", ""normalization"": ""minmax"", ""top_k_rate"": 0.1993, ""weights"": [0.907, 0.0272, 0.0658]}",0.08860861220849003,0.04716204632585952,0.3657770800627944,0.5253852392538524,0.19927649135986322,0.3333333333333333,0.91139138779151,0.9461358313817331,0.4769775678866588,0.6342229199372056,0.9528379536741405,0.9789227166276346,0.3132426935017664,0.4746147607461476,0.9817636644247841,0.19927649135986322,0.3333333333333333,True,0.9070357356600934,False,0.0,False,0.0,False,0.0,True,0.027153365542723948,False,0.0,False,0.0,True,0.06581089879718259,False,0.0
R-NSGA-II,73,cocoso,minmax,0.1993470553940425,3,"{""criteria"": [0, 4, 7], ""method"": ""cocoso"", ""normalization"": ""minmax"", ""top_k_rate"": 0.1993, ""weights"": [0.9213, 0.009, 0.0697]}",0.08859519075490085,0.04742076302857101,0.365695067264574,0.5261109309114499,0.1993470553940425,0.3333333333333333,0.9114048092450991,0.9458375125376128,0.47714623039298365,0.634304932735426,0.952579236971429,0.9769307923771314,0.31281447382507227,0.4738890690885501,0.9800296690630461,0.1993470553940425,0.3333333333333333,True,0.9212906216644835,False,0.0,False,0.0,False,0.0,True,0.008964106414360054,False,0.0,False,0.0,True,0.06974527192115643,False,0.0
R-NSGA-II,74,cocoso,minmax,0.19903025533484986,3,"{""criteria"": [0, 4, 7], ""method"": ""cocoso"", ""normalization"": ""minmax"", ""top_k_rate"": 0.199, ""weights"": [0.907, 0.0273, 0.0657]}",0.08861764216288381,0.047230432132723044,0.36623667975322494,0.5257564695384117,0.19903025533484986,0.3333333333333333,0.9113823578371162,0.9460817146684528,0.4764715803676843,0.6337633202467751,0.952769567867277,0.978901540522438,0.3129215287442458,0.4742435304615883,0.98174845726157,0.19903025533484986,0.3333333333333333,True,0.9069529294786406,False,0.0,False,0.0,False,0.0,True,0.027314872788402923,False,0.0,False,0.0,True,0.06573219773295655,False,0.0
R-NSGA-II,75,cocoso,minmax,0.19894927752889038,3,"{""criteria"": [0, 4, 7], ""method"": ""cocoso"", ""normalization"": ""minmax"", ""top_k_rate"": 0.1989, ""weights"": [0.9019, 0.0251, 0.073]}",0.08860210750973585,0.047509746757007254,0.3666143145613642,0.5260425117637515,0.19894927752889038,0.3333333333333333,0.9113978924902641,0.9457286432160804,0.47613425535503456,0.6333856854386358,0.9524902532429927,0.9785594639865997,0.3127074189058987,0.4739574882362485,0.9814592748220847,0.19894927752889038,0.3333333333333333,True,0.9019392141075542,False,0.0,False,0.0,False,0.0,True,0.025051160594187983,False,0.0,False,0.0,True,0.07300962529825776,False,0.0
R-NSGA-II,76,cocoso,minmax,0.19995715890764215,3,"{""criteria"": [0, 4, 7], ""method"": ""cocoso"", ""normalization"": ""minmax"", ""top_k_rate"": 0.2, ""weights"": [0.9071, 0.0197, 0.0733]}",0.08852114171931202,0.04784190738758287,0.364766491208422,0.5243497285471194,0.19995715890764215,0.3333333333333333,0.911478858280688,0.9453333333333334,0.47832686793725754,0.635233508791578,0.9521580926124171,0.9783333333333334,0.31420618777432824,0.47565027145288064,0.9812427165940484,0.19995715890764215,0.3333333333333333,True,0.9070743744810321,False,0.0,False,0.0,False,0.0,True,0.01966987830538199,False,0.0,False,0.0,True,0.07325574721358587,False,0.0
R-NSGA-II,78,cocoso,minmax,0.19981772122657918,3,"{""criteria"": [0, 4, 7], ""method"": ""cocoso"", ""normalization"": ""minmax"", ""top_k_rate"": 0.1998, ""weights"": [0.9036, 0.0298, 0.0666]}",0.08865578533583462,0.04792018192100422,0.36507225271647803,0.524434719183078,0.19981772122657918,0.3333333333333333,0.9113442146641654,0.9452968645763843,0.4779895429246079,0.634927747283522,0.9520798180789958,0.9786524349566378,0.3140991328551547,0.47556528081692195,0.9815353199089779,0.19981772122657918,0.3333333333333333,True,0.9035667096409529,False,0.0,False,0.0,False,0.0,True,0.029792345828754594,False,0.0,False,0.0,True,0.06664094453029255,False,0.0
R-NSGA-II,80,cocoso,minmax,0.19997325909054278,3,"{""criteria"": [0, 4, 7], ""method"": ""cocoso"", ""normalization"": ""minmax"", ""top_k_rate"": 0.2, ""weights"": [0.9197, 0.0396, 0.0407]}",0.08872155614821697,0.04704216133059125,0.36409452346287385,0.5237014828620047,0.19997325909054278,0.3333333333333333,0.911278443851783,0.9463333333333334,0.47883285545623205,0.6359054765371261,0.9529578386694088,0.9796666666666667,0.3146344074510224,0.4762985171379953,0.9823962038510987,0.19997325909054278,0.3333333333333333,True,0.9196960474749717,False,0.0,False,0.0,False,0.0,True,0.03960791357348123,False,0.0,False,0.0,True,0.04069603895154709,False,0.0
R-NSGA-II,81,cocoso,minmax,0.19779504841053547,3,"{""criteria"": [0, 4, 7], ""method"": ""cocoso"", ""normalization"": ""minmax"", ""top_k_rate"": 0.1978, ""weights"": [0.9114, 0.0156, 0.0729]}",0.08851887660171642,0.04830277031355912,0.36982913669064743,0.5287617809554761,0.19779504841053547,0.3333333333333333,0.9114811233982836,0.9447253117627233,0.4727610052285377,0.6301708633093526,0.9516972296864409,0.9774182676103809,0.3104592656032545,0.4712382190445239,0.9804877641054595,0.19779504841053547,0.3333333333333333,True,0.9114483923321144,False,0.0,False,0.0,False,0.0,True,0.015611011590718529,False,0.0,False,0.0,True,0.07294059607716706,False,0.0
R-NSGA-II,83,cocoso,minmax,0.19981800846570283,3,"{""criteria"": [0, 4, 7], ""method"": ""cocoso"", ""normalization"": ""minmax"", ""top_k_rate"": 0.1998, ""weights"": [0.9011, 0.0304, 0.0685]}",0.08869415916061696,0.04761848490522402,0.3648482132855382,0.5242726314936381,0.19981800846570283,0.3333333333333333,0.911305840839383,0.9456304202801868,0.4781582054309327,0.6351517867144618,0.952381515094776,0.9789859906604403,0.31420618777432824,0.47572736850636194,0.9818208699294606,0.19981800846570283,0.3333333333333333,True,0.9010823052750313,False,0.0,False,0.0,False,0.0,True,0.030415402435783976,False,0.0,False,0.0,True,0.06850229228918465,False,0.0
R-NSGA-II,84,cocoso,minmax,0.19995064610674199,3,"{""criteria"": [0, 4, 7], ""method"": ""cocoso"", ""normalization"": ""minmax"", ""top_k_rate"": 0.2, ""weights"": [0.9062, 0.0193, 0.0745]}",0.08853255003339111,0.047585209189942024,0.3645425019599059,0.5243497285471194,0.19995064610674199,0.3333333333333333,0.9114674499666089,0.9456666666666667,0.4784955304435824,0.6354574980400941,0.952414790810058,0.9783333333333334,0.31420618777432824,0.47565027145288064,0.981243011276394,0.19995064610674199,0.3333333333333333,True,0.9062025875755058,False,0.0,False,0.0,False,0.0,True,0.019288839792274023,False,0.0,False,0.0,True,0.07450857263222024,False,0.0
R-NSGA-II,86,cocoso,minmax,0.19968219455835823,3,"{""criteria"": [0, 4, 7], ""method"": ""cocoso"", ""normalization"": ""minmax"", ""top_k_rate"": 0.1997, ""weights"": [0.918, 0.0394, 0.0427]}",0.08872355408996413,0.04710271582936976,0.3647058823529412,0.5241955094431385,0.19968219455835823,0.3333333333333333,0.9112764459100359,0.9462616822429907,0.4781582054309327,0.6352941176470588,0.9528972841706302,0.9796395193591455,0.31420618777432824,0.47580449055686147,0.982376786220427,0.19968219455835823,0.3333333333333333,True,0.9179877619510045,False,0.0,False,0.0,False,0.0,True,0.03935130644521919,False,0.0,False,0.0,True,0.04266093160377631,False,0.0
R-NSGA-II,87,cocoso,minmax,0.19988879614967212,3,"{""criteria"": [0, 4, 7], ""method"": ""cocoso"", ""normalization"": ""minmax"", ""top_k_rate"": 0.1999, ""weights"": [0.8871, 0.0239, 0.089]}",0.0887000323849515,0.048162845301828905,0.3651433691756272,0.5239870340356563,0.19988879614967212,0.3333333333333333,0.9112999676150485,0.9449816605535178,0.4779895429246079,0.6348566308243728,0.9518371546981711,0.9793264421473825,0.3144202976126753,0.47601296596434367,0.9821028127533845,0.19988879614967212,0.3333333333333333,True,0.8871097162640648,False,0.0,False,0.0,False,0.0,True,0.023898385616831202,False,0.0,False,0.0,True,0.08899189811910407,False,0.0
R-NSGA-II,88,cocoso,minmax,0.19995789317657156,3,"{""criteria"": [0, 4, 7], ""method"": ""cocoso"", ""normalization"": ""minmax"", ""top_k_rate"": 0.2, ""weights"": [0.9179, 0.014, 0.0681]}",0.08850460713344732,0.04784946213808594,0.364766491208422,0.524997974232234,0.19995789317657156,0.3333333333333333,0.9114953928665527,0.9453333333333334,0.47832686793725754,0.635233508791578,0.9521505378619141,0.977,0.3137779680976341,0.47500202576776596,0.9801007377956973,0.19995789317657156,0.3333333333333333,True,0.9178894178921799,False,0.0,False,0.0,False,0.0,True,0.01399055156861127,False,0.0,False,0.0,True,0.06812003053920877,False,0.0
R-NSGA-II,90,cocoso,minmax,0.19968214594270065,3,"{""criteria"": [0, 4, 7], ""method"": ""cocoso"", ""normalization"": ""minmax"", ""top_k_rate"": 0.1997, ""weights"": [0.8983, 0.0293, 0.0724]}",0.08869595170017375,0.04792541839133879,0.3653781512605042,0.5245197373753749,0.19968214594270065,0.3333333333333333,0.9113040482998263,0.945260347129506,0.47765221791195817,0.6346218487394958,0.9520745816086612,0.9789719626168224,0.31399207793598116,0.4754802626246251,0.9818097920232574,0.19968214594270065,0.3333333333333333,True,0.8983319492671413,False,0.0,False,0.0,False,0.0,True,0.02928139242043655,False,0.0,False,0.0,True,0.07238665831242218,False,0.0
R-NSGA-II,91,cocoso,minmax,0.19968213528282872,3,"{""criteria"": [0, 4, 7], ""method"": ""cocoso"", ""normalization"": ""minmax"", ""top_k_rate"": 0.1997, ""weights"": [0.918, 0.0395, 0.0424]}",0.08872488550092195,0.047410245861508105,0.3649299719887955,0.5241955094431385,0.19968213528282872,0.3333333333333333,0.911275114499078,0.9459279038718291,0.4779895429246079,0.6350700280112045,0.9525897541384919,0.9796395193591455,0.31420618777432824,0.47580449055686147,0.982377517748808,0.19968213528282872,0.3333333333333333,True,0.9180429960897286,False,0.0,False,0.0,False,0.0,True,0.03953756883531074,False,0.0,False,0.0,True,0.042419435074960606,False,0.0
R-NSGA-II,92,cocoso,minmax,0.19995763511995707,3,"{""criteria"": [0, 4, 7], ""method"": ""cocoso"", ""normalization"": ""minmax"", ""top_k_rate"": 0.2, ""weights"": [0.9212, 0.0389, 0.0399]}",0.0887154118428265,0.04789357535385197,0.364766491208422,0.5241876671258408,0.19995763511995707,0.3333333333333333,0.9112845881571735,0.9453333333333334,0.47832686793725754,0.635233508791578,0.952106424646148,0.9786666666666667,0.31431324269350175,0.4758123328741593,0.9815465573928117,0.19995763511995707,0.3333333333333333,True,0.9212016642634431,False,0.0,False,0.0,False,0.0,True,0.03886530579693413,False,0.0,False,0.0,True,0.03993302993962285,False,0.0
R-NSGA-II,93,cocoso,minmax,0.19995789317657156,3,"{""criteria"": [0, 4, 7], ""method"": ""cocoso"", ""normalization"": ""minmax"", ""top_k_rate"": 0.2, ""weights"": [0.9178, 0.014, 0.0682]}",0.08850605333674233,0.04784688995451225,0.364766491208422,0.524997974232234,0.19995789317657156,0.3333333333333333,0.9114939466632577,0.9453333333333334,0.47832686793725754,0.635233508791578,0.9521531100454877,0.977,0.3137779680976341,0.47500202576776596,0.9801006970473186,0.19995789317657156,0.3333333333333333,True,0.9178274791448278,False,0.0,False,0.0,False,0.0,True,0.013989607492754163,False,0.0,False,0.0,True,0.06818291336241805,False,0.0
R-NSGA-II,94,cocoso,minmax,0.19924299328599196,3,"{""criteria"": [0, 4, 7], ""method"": ""cocoso"", ""normalization"": ""minmax"", ""top_k_rate"": 0.1992, ""weights"": [0.9185, 0.0389, 0.0426]}",0.0887163174549489,0.04719928973383625,0.3657770800627944,0.5250608272506083,0.19924299328599196,0.3333333333333333,0.9112836825450511,0.9461358313817331,0.4769775678866588,0.6342229199372056,0.9528007102661638,0.9795918367346939,0.3134568033401135,0.47493917274939174,0.9823411158921871,0.19924299328599196,0.3333333333333333,True,0.9184846423872218,False,0.0,False,0.0,False,0.0,True,0.03892387802483834,False,0.0,False,0.0,True,0.04259147958793975,False,0.0
R-NSGA-II,95,cocoso,minmax,0.19968213528282872,3,"{""criteria"": [0, 4, 7], ""method"": ""cocoso"", ""normalization"": ""minmax"", ""top_k_rate"": 0.1997, ""weights"": [0.9178, 0.0417, 0.0405]}",0.08874217473843005,0.04795169851520342,0.3653781512605042,0.5238712815109021,0.19968213528282872,0.3333333333333333,0.91125782526157,0.945260347129506,0.47765221791195817,0.6346218487394958,0.9520483014847966,0.9803070761014686,0.3144202976126753,0.4761287184890978,0.9829476373551297,0.19968213528282872,0.3333333333333333,True,0.917777176006476,False,0.0,False,0.0,False,0.0,True,0.04173865852660909,False,0.0,False,0.0,True,0.04048416546691488,False,0.0
R-NSGA-II,96,cocoso,minmax,0.19994425761522455,3,"{""criteria"": [0, 4, 7], ""method"": ""cocoso"", ""normalization"": ""minmax"", ""top_k_rate"": 0.1999, ""weights"": [0.9079, 0.0165, 0.0756]}",0.0884871298916503,0.048708057000737104,0.3655913978494624,0.5246353322528363,0.19994425761522455,0.3333333333333333,0.9115128701083497,0.9443147715905301,0.47765221791195817,0.6344086021505376,0.9512919429992629,0.9779926642214072,0.31399207793598116,0.47536466774716374,0.9809503666210009,0.19994425761522455,0.3333333333333333,True,0.907907588733578,False,0.0,False,0.0,False,0.0,True,0.016500012358356377,False,0.0,False,0.0,True,0.07559239890806559,False,0.0
R-NSGA-II,97,cocoso,minmax,0.19981577979095896,3,"{""criteria"": [0, 4, 7], ""method"": ""cocoso"", ""normalization"": ""minmax"", ""top_k_rate"": 0.1998, ""weights"": [0.8971, 0.0314, 0.0715]}",0.08873099798303685,0.04876772071475877,0.3657443710092977,0.5241105438041982,0.19981577979095896,0.3333333333333333,0.9112690020169631,0.9442961974649766,0.4774835554056333,0.6342556289907023,0.9512322792852412,0.9793195463642428,0.31431324269350175,0.47588945619580186,0.9821075716904577,0.19981577979095896,0.3333333333333333,True,0.897106959715207,False,0.0,False,0.0,False,0.0,True,0.03140707930117338,False,0.0,False,0.0,True,0.0714859609836196,False,0.0
R-NSGA-II,98,cocoso,minmax,0.1999457899467591,3,"{""criteria"": [0, 4, 7], ""method"": ""cocoso"", ""normalization"": ""minmax"", ""top_k_rate"": 0.1999, ""weights"": [0.9071, 0.0197, 0.0732]}",0.0885210884343327,0.04785550664715288,0.36491935483870974,0.5244732576985414,0.1999457899467591,0.3333333333333333,0.9114789115656673,0.9453151050350117,0.4781582054309327,0.6350806451612903,0.9521444933528471,0.9783261087029009,0.3140991328551547,0.4755267423014587,0.9812374600800567,0.1999457899467591,0.3333333333333333,True,0.9070877231358169,False,0.0,False,0.0,False,0.0,True,0.019663628130048575,False,0.0,False,0.0,True,0.0732486487341344,False,0.0
SMS-EMOA,0,topsis,sum,0.010004958099874707,3,"{""criteria"": [0, 6, 7], ""method"": ""topsis"", ""normalization"": ""sum"", ""top_k_rate"": 0.01, ""weights"": [0.9762, 0.0004, 0.0234]}",0.08859464884966584,0.0,0.9503289473684211,0.9681837336704593,0.010004958099874707,0.3333333333333333,0.9114053511503342,1.0,0.025468038455051443,0.04967105263157895,1.0,1.0,0.01616529279520394,0.03181626632954067,1.0,0.010004958099874707,0.3333333333333333,True,0.9761858220952002,False,0.0,False,0.0,False,0.0,False,0.0,False,0.0,True,0.00038754216212254423,True,0.023426635742677226,False,0.0
SMS-EMOA,1,cocoso,sum,0.056177958306689764,3,"{""criteria"": [0, 5, 7], ""method"": ""cocoso"", ""normalization"": ""sum"", ""top_k_rate"": 0.0562, ""weights"": [0.8957, 0.0968, 0.0075]}",0.08921316223925235,0.001183051499071608,0.7513290017720023,0.834446190102121,0.056177958306689764,0.3333333333333333,0.9107868377607476,0.9988137603795967,0.14201383032551865,0.24867099822799768,0.9988169485009284,1.0,0.09024729686329087,0.16555380989787905,1.0,0.056177958306689764,0.3333333333333333,True,0.895738436727662,False,0.0,False,0.0,False,0.0,False,0.0,True,0.09680349572315439,False,0.0,True,0.007458067549183632,False,0.0
SMS-EMOA,2,topsis,sum,0.012559506358610627,3,"{""criteria"": [0, 4, 6], ""method"": ""topsis"", ""normalization"": ""sum"", ""top_k_rate"": 0.0126, ""weights"": [0.9067, 0.0317, 0.0616]}",0.08948406063857095,0.0,0.9382151029748284,0.9603357817418678,0.012559506358610627,0.3333333333333333,0.910515939361429,1.0,0.031877213695395513,0.06178489702517162,1.0,1.0,0.02023337972379831,0.03966421825813221,1.0,0.012559506358610627,0.3333333333333333,True,0.9066609751776199,False,0.0,False,0.0,False,0.0,True,0.03174235331923019,False,0.0,True,0.061596671503149986,False,0.0,False,0.0
SMS-EMOA,3,cocoso,robust,0.10628086864892611,3,"{""criteria"": [0, 5, 6], ""method"": ""cocoso"", ""normalization"": ""robust"", ""top_k_rate"": 0.1063, ""weights"": [0.8482, 0.1, 0.0519]}",0.08972019588437075,0.007606281985201413,0.5797448165869218,0.708302852962692,0.10628086864892611,0.3333333333333333,0.9102798041156293,0.9912225705329154,0.26665542249957835,0.4202551834130782,0.9923937180147986,1.0,0.17075259608178997,0.291697147037308,1.0,0.10628086864892611,0.3333333333333333,True,0.8481853173875247,False,0.0,False,0.0,False,0.0,False,0.0,True,0.09995721940570228,True,0.051857463206773015,False,0.0,False,0.0
SMS-EMOA,4,cocoso,sum,0.19955174221930652,3,"{""criteria"": [0, 5, 6], ""method"": ""cocoso"", ""normalization"": ""sum"", ""top_k_rate"": 0.1996, ""weights"": [0.8371, 0.0986, 0.0642]}",0.08967753513637633,0.05032299118600969,0.3674773058388434,0.525091203891366,0.19955174221930652,0.3333333333333333,0.9103224648636237,0.9425517702070808,0.4759655928487097,0.6325226941611566,0.9496770088139903,0.9782899131596526,0.313563858259287,0.474908796108634,0.981212746873833,0.19955174221930652,0.3333333333333333,True,0.8371303372511204,False,0.0,False,0.0,False,0.0,False,0.0,True,0.09863233280989349,True,0.06423732993898601,False,0.0,False,0.0
SMS-EMOA,5,cocoso,sum,0.14448516388652088,3,"{""criteria"": [0, 5, 6], ""method"": ""cocoso"", ""normalization"": ""sum"", ""top_k_rate"": 0.1445, ""weights"": [0.8413, 0.0014, 0.1573]}",0.08960323935611259,0.0221712303472289,0.4783253056687663,0.6253366930228517,0.14448516388652088,0.3333333333333333,0.9103967606438874,0.974169741697417,0.3562152133580705,0.5216746943312337,0.9778287696527711,0.9944649446494465,0.23081040573814368,0.3746633069771483,0.9953048204039513,0.14448516388652088,0.3333333333333333,True,0.8413201658700934,False,0.0,False,0.0,False,0.0,False,0.0,True,0.0013537044688691458,True,0.15732612966103746,False,0.0,False,0.0
SMS-EMOA,6,topsis,sum,0.19496120897045968,3,"{""criteria"": [0, 5, 6], ""method"": ""topsis"", ""normalization"": ""sum"", ""top_k_rate"": 0.195, ""weights"": [0.9126, 0.0667, 0.0206]}",0.08908371083778854,0.047006735894441265,0.3747458775694602,0.5341594651883255,0.19496120897045968,0.3333333333333333,0.9109162891622115,0.9463247863247863,0.46685781750716815,0.6252541224305398,0.9529932641055587,0.9767521367521368,0.30585590407879243,0.46584053481167453,0.9799298722770923,0.19496120897045968,0.3333333333333333,True,0.9126189934493856,False,0.0,False,0.0,False,0.0,False,0.0,True,0.06673507759332101,True,0.020645928957293423,False,0.0,False,0.0
SMS-EMOA,7,cocoso,sum,0.1996088420903789,3,"{""criteria"": [0, 5, 6], ""method"": ""cocoso"", ""normalization"": ""sum"", ""top_k_rate"": 0.1996, ""weights"": [0.8558, 0.0758, 0.0683]}",0.08943282371372419,0.05001899776902097,0.3672531659755688,0.525091203891366,0.1996088420903789,0.3333333333333333,0.9105671762862758,0.9428857715430862,0.47613425535503456,0.6327468340244312,0.949981002230979,0.9782899131596526,0.313563858259287,0.474908796108634,0.9812021879569949,0.1996088420903789,0.3333333333333333,True,0.8558491464421888,False,0.0,False,0.0,False,0.0,False,0.0,True,0.07581309348017705,True,0.06833776007763413,False,0.0,False,0.0
SMS-EMOA,8,cocoso,sum,0.11868028629712955,3,"{""criteria"": [0, 5, 6], ""method"": ""cocoso"", ""normalization"": ""sum"", ""top_k_rate"": 0.1187, ""weights"": [0.8766, 0.0835, 0.0398]}",0.08930593074771165,0.009221027003343374,0.5429312581063555,0.6797338608164,0.11868028629712955,0.3333333333333333,0.9106940692522884,0.9893318360471645,0.2971833361443751,0.4570687418936446,0.9907789729966566,1.0,0.19066481104806765,0.32026613918360003,1.0,0.11868028629712955,0.3333333333333333,True,0.8766476324674121,False,0.0,False,0.0,False,0.0,False,0.0,True,0.0835368973662476,True,0.0398154701663403,False,0.0,False,0.0
SMS-EMOA,9,cocoso,sum,0.16595059141553092,3,"{""criteria"": [0, 5, 6], ""method"": ""cocoso"", ""normalization"": ""sum"", ""top_k_rate"": 0.166, ""weights"": [0.8687, 0.0728, 0.0584]}",0.08935238545876645,0.031077219917468035,0.4296234707209883,0.5836362099568929,0.16595059141553092,0.3333333333333333,0.9106476145412336,0.9642570281124498,0.4049586776859504,0.5703765292790117,0.968922780082532,0.9891566265060241,0.26367626592441923,0.4163637900431071,0.9907166872688354,0.16595059141553092,0.3333333333333333,True,0.8687430001755075,False,0.0,False,0.0,False,0.0,False,0.0,True,0.07283892584309766,True,0.058418073981394765,False,0.0,False,0.0
SMS-EMOA,10,waspas,sum,0.18536847534391152,3,"{""criteria"": [0, 5, 6], ""method"": ""waspas"", ""normalization"": ""sum"", ""top_k_rate"": 0.1854, ""weights"": [0.862, 0.1108, 0.0272]}",0.08968453564838075,0.0411989669098326,0.39150401836968995,0.5482593631413957,0.18536847534391152,0.3333333333333333,0.9103154643516193,0.9528946422150306,0.4469556417608366,0.60849598163031,0.9588010330901674,0.9845379359942467,0.29311636869714164,0.45174063685860427,0.9866703264000042,0.18536847534391152,0.3333333333333333,True,0.8619536102950824,False,0.0,False,0.0,False,0.0,False,0.0,True,0.11079673795793743,True,0.027249651746980023,False,0.0,False,0.0
SMS-EMOA,11,cocoso,robust,0.19985938421871588,3,"{""criteria"": [0, 3, 5], ""method"": ""cocoso"", ""normalization"": ""robust"", ""top_k_rate"": 0.1999, ""weights"": [0.5993, 0.3996, 0.001]}",0.11001471899169368,0.07760459574301126,0.3861319592248236,0.5200583515681984,0.19985938421871588,0.3333333333333333,0.8899852810083063,0.9139426284189459,0.46213526733007254,0.6138680407751764,0.9223954042569887,0.9876584389593062,0.3169896156728402,0.47994164843180165,0.9892093540493442,0.19985938421871588,0.3333333333333333,True,0.5993402549313159,False,0.0,False,0.0,True,0.39962226610745855,False,0.0,True,0.0010374789612255886,False,0.0,False,0.0,False,0.0
SMS-EMOA,12,topsis,sum,0.18505597196741974,3,"{""criteria"": [0, 5, 6], ""method"": ""topsis"", ""normalization"": ""sum"", ""top_k_rate"": 0.1851, ""weights"": [0.792, 0.1927, 0.0153]}",0.09022897045897271,0.040572038312416625,0.391614014933946,0.5493934142114385,0.18505597196741974,0.3333333333333333,0.9097710295410273,0.9538904899135446,0.44661831674818686,0.608385985066054,0.9594279616875834,0.9834293948126801,0.29225992934375333,0.45060658578856144,0.9857362799485855,0.18505597196741974,0.3333333333333333,True,0.7920432807848639,False,0.0,False,0.0,False,0.0,False,0.0,True,0.19269534910536928,True,0.015261370109766926,False,0.0,False,0.0
SMS-EMOA,13,cocoso,sum,0.19134954304388194,3,"{""criteria"": [0, 4, 5], ""method"": ""cocoso"", ""normalization"": ""sum"", ""top_k_rate"": 0.1913, ""weights"": [0.7887, 0.0143, 0.197]}",0.09092423779050685,0.04772602637865897,0.3829545454545453,0.5375040943334425,0.19134954304388194,0.3333333333333333,0.9090757622094932,0.9456635318704284,0.45791870467195145,0.6170454545454547,0.952273973621341,0.9836293974225009,0.30232309174606575,0.4624959056665575,0.9858873763872014,0.19134954304388194,0.3333333333333333,True,0.7887175630735909,False,0.0,False,0.0,False,0.0,True,0.014278858960017288,True,0.197003577966392,False,0.0,False,0.0,False,0.0
SMS-EMOA,14,cocoso,sum,0.1908248835826388,3,"{""criteria"": [0, 4, 6], ""method"": ""cocoso"", ""normalization"": ""sum"", ""top_k_rate"": 0.1908, ""weights"": [0.8824, 0.0365, 0.081]}",0.0897081399157803,0.04419403298474234,0.3817106460418561,0.539331366764995,0.1908248835826388,0.3333333333333333,0.9102918600842197,0.9493538246594482,0.45842469219092596,0.6182893539581439,0.9558059670152577,0.9818372336709745,0.3009313777968098,0.4606686332350049,0.9843249333653645,0.1908248835826388,0.3333333333333333,True,0.8824409019177246,False,0.0,False,0.0,False,0.0,True,0.03652779890219005,False,0.0,True,0.08103129918008532,False,0.0,False,0.0
SMS-EMOA,15,cocoso,sum,0.13216484780405516,3,"{""criteria"": [0, 5, 6], ""method"": ""cocoso"", ""normalization"": ""sum"", ""top_k_rate"": 0.1322, ""weights"": [0.8759, 0.0971, 0.027]}",0.08932261827163779,0.014826117787115733,0.5073306370070778,0.6504768632991875,0.13216484780405516,0.3333333333333333,0.9106773817283622,0.9828542612203732,0.3287232248271209,0.49266936299292213,0.9851738822128843,0.9979828542612204,0.2118616850444278,0.3495231367008125,0.998299616080181,0.13216484780405516,0.3333333333333333,True,0.8758795618827531,False,0.0,False,0.0,False,0.0,False,0.0,True,0.09707264589747457,True,0.027047792219772358,False,0.0,False,0.0
SMS-EMOA,16,waspas,sum,0.1285939910588459,3,"{""criteria"": [0, 5, 6], ""method"": ""waspas"", ""normalization"": ""sum"", ""top_k_rate"": 0.1286, ""weights"": [0.8347, 0.0039, 0.1614]}",0.08923958079736949,0.012892677108832351,0.5164163909391704,0.6585625554569654,0.1285939910588459,0.3333333333333333,0.9107604192026305,0.9849663037843442,0.3204587620172036,0.4835836090608297,0.9871073228911676,0.9974079834110938,0.2059736644898833,0.3414374445430346,0.9978231567450968,0.1285939910588459,0.3333333333333333,True,0.8347337990470517,False,0.0,False,0.0,False,0.0,False,0.0,True,0.00390069150274488,True,0.16136550945020345,False,0.0,False,0.0
SMS-EMOA,17,cocoso,robust,0.14961369227194643,3,"{""criteria"": [0, 5, 6], ""method"": ""cocoso"", ""normalization"": ""robust"", ""top_k_rate"": 0.1496, ""weights"": [0.9564, 0.0014, 0.0422]}",0.08889475855727447,0.0234136823135479,0.4656227061414241,0.6148800276195407,0.14961369227194643,0.3333333333333333,0.9111052414427255,0.9728285077951002,0.36835891381345925,0.5343772938585759,0.9765863176864521,0.9937639198218263,0.23883952467615888,0.3851199723804592,0.994690495980062,0.14961369227194643,0.3333333333333333,True,0.9564161941369327,False,0.0,False,0.0,False,0.0,False,0.0,True,0.0013999821869939795,True,0.04218382367607339,False,0.0,False,0.0
SMS-EMOA,18,cocoso,sum,0.03901937014488755,3,"{""criteria"": [0, 5, 6], ""method"": ""cocoso"", ""normalization"": ""sum"", ""top_k_rate"": 0.039, ""weights"": [0.7775, 0.1987, 0.0239]}",0.09088061945569192,0.001688543771824258,0.8204144282425172,0.8819381484839327,0.03901937014488755,0.3333333333333333,0.9091193805443081,0.9982935153583617,0.09866756620003374,0.17958557175748274,0.9983114562281757,1.0,0.06273418263569211,0.11806185151606728,1.0,0.03901937014488755,0.3333333333333333,True,0.7774671659473191,False,0.0,False,0.0,False,0.0,False,0.0,True,0.19867450508542903,True,0.023858328967251867,False,0.0,False,0.0
SMS-EMOA,19,cocoso,robust,0.09803545946712436,3,"{""criteria"": [0, 5, 6], ""method"": ""cocoso"", ""normalization"": ""robust"", ""top_k_rate"": 0.098, ""weights"": [0.8403, 0.096, 0.0637]}",0.08975123129335816,0.002528522136540645,0.6035135135135135,0.7278949315575287,0.09803545946712436,0.3333333333333333,0.9102487687066418,0.9972807613868117,0.24742789677854612,0.3964864864864865,0.9974714778634594,1.0,0.1574777861042715,0.2721050684424713,1.0,0.09803545946712436,0.3333333333333333,True,0.8403251855252386,False,0.0,False,0.0,False,0.0,False,0.0,True,0.09595128022565888,True,0.06372353424910254,False,0.0,False,0.0
SMS-EMOA,20,cocoso,sum,0.199799685027908,3,"{""criteria"": [0, 4, 5], ""method"": ""cocoso"", ""normalization"": ""sum"", ""top_k_rate"": 0.1998, ""weights"": [0.9779, 0.0202, 0.0019]}",0.08843288962693518,0.049333006311458316,0.3663455075061618,0.5258550818609176,0.199799685027908,0.3333333333333333,0.9115671103730648,0.9436102769436103,0.4769775678866588,0.6336544924938382,0.9506669936885417,0.975975975975976,0.31313563858259286,0.4741449181390825,0.9792332584817632,0.199799685027908,0.3333333333333333,True,0.9778917555988608,False,0.0,False,0.0,False,0.0,True,0.02019651607219892,True,0.0019117283289402777,False,0.0,False,0.0,False,0.0
SMS-EMOA,21,cocoso,sum,0.1506461132069036,4,"{""criteria"": [0, 2, 5, 6], ""method"": ""cocoso"", ""normalization"": ""sum"", ""top_k_rate"": 0.1506, ""weights"": [0.8427, 0.065, 0.0642, 0.0281]}",0.08990193799637791,0.024080804460136385,0.46342654780803527,0.6127920006895957,0.1506461132069036,0.4444444444444444,0.9100980620036221,0.9721238938053097,0.37055152639568223,0.5365734521919647,0.9759191955398636,0.9938053097345133,0.24044534846376192,0.3872079993104043,0.9947188590913181,0.1506461132069036,0.4444444444444444,True,0.8426882192929086,False,0.0,True,0.06502788537125467,False,0.0,False,0.0,True,0.06420169074860672,True,0.028082204587229875,False,0.0,False,0.0
SMS-EMOA,22,cocoso,sum,0.1967472838219396,4,"{""criteria"": [0, 3, 5, 6], ""method"": ""cocoso"", ""normalization"": ""sum"", ""top_k_rate"": 0.1967, ""weights"": [0.6398, 0.2883, 0.0481, 0.0239]}",0.10047229102502209,0.05776840156624474,0.3779979732012161,0.5268852192304564,0.1967472838219396,0.4444444444444444,0.8995277089749779,0.9356368563685636,0.4658458424692191,0.6220020267987839,0.9422315984337553,0.9850948509485095,0.31131570495664274,0.4731147807695436,0.9871739035987244,0.1967472838219396,0.4444444444444444,True,0.6397834262959047,False,0.0,False,0.0,True,0.288277180811629,False,0.0,True,0.04806556839694011,True,0.023873824495526212,False,0.0,False,0.0
SMS-EMOA,23,topsis,sum,0.19162144309883977,3,"{""criteria"": [0, 2, 5], ""method"": ""topsis"", ""normalization"": ""sum"", ""top_k_rate"": 0.1916, ""weights"": [0.9165, 0.0165, 0.067]}",0.0889703120794233,0.045311081854143676,0.380736029077692,0.539456450556647,0.19162144309883977,0.3333333333333333,0.9110296879205767,0.9481739130434783,0.4597739922415247,0.619263970922308,0.9546889181458563,0.9784347826086957,0.30114548763515686,0.46054354944335296,0.9813959089887081,0.19162144309883977,0.3333333333333333,True,0.9164662027130512,False,0.0,True,0.01654455844027186,False,0.0,False,0.0,True,0.06698923884667693,False,0.0,False,0.0,False,0.0
SMS-EMOA,25,cocoso,sum,0.18177331152002915,3,"{""criteria"": [0, 4, 5], ""method"": ""cocoso"", ""normalization"": ""sum"", ""top_k_rate"": 0.1818, ""weights"": [0.8487, 0.1374, 0.0139]}",0.09208631021290814,0.04387096503017718,0.4013401109057301,0.5533642691415313,0.18177331152002915,0.3333333333333333,0.9079136897870919,0.9501283461679502,0.4370045538876708,0.5986598890942699,0.9561290349698228,0.9882654932159882,0.2885130071726796,0.4466357308584687,0.9899259503365748,0.18177331152002915,0.3333333333333333,True,0.8487075430930422,False,0.0,False,0.0,False,0.0,True,0.1373945858886567,True,0.013897871018301224,False,0.0,False,0.0,False,0.0
SMS-EMOA,26,topsis,sum,0.17588045401794927,3,"{""criteria"": [0, 5, 6], ""method"": ""topsis"", ""normalization"": ""sum"", ""top_k_rate"": 0.1759, ""weights"": [0.9712, 0.0103, 0.0185]}",0.08884606932615302,0.036225507568280246,0.4096638655462185,0.5656093489148581,0.17588045401794927,0.3333333333333333,0.911153930673847,0.9583175445244411,0.42654747849553043,0.5903361344537815,0.9637744924317198,0.9859795377036756,0.2785568996895407,0.4343906510851419,0.9879492362353519,0.17588045401794927,0.3333333333333333,True,0.9712326904614894,False,0.0,False,0.0,False,0.0,False,0.0,True,0.010306847670236315,True,0.018460461868274332,False,0.0,False,0.0
SMS-EMOA,27,cocoso,robust,0.10953930505076098,3,"{""criteria"": [0, 5, 6], ""method"": ""cocoso"", ""normalization"": ""robust"", ""top_k_rate"": 0.1095, ""weights"": [0.8923, 0.068, 0.0398]}",0.08923046679452196,0.005350044153336508,0.568674062334918,0.7008375819373635,0.10953930505076098,0.3333333333333333,0.910769533205478,0.9939135727328059,0.27542587282847025,0.431325937665082,0.9946499558466635,1.0,0.1758912322021197,0.29916241806263655,1.0,0.10953930505076098,0.3333333333333333,True,0.892256461692316,False,0.0,False,0.0,False,0.0,False,0.0,True,0.06796039351913088,True,0.039783144788553264,False,0.0,False,0.0
SMS-EMOA,28,cocoso,sum,0.1444745094806742,3,"{""criteria"": [0, 5, 6], ""method"": ""cocoso"", ""normalization"": ""sum"", ""top_k_rate"": 0.1445, ""weights"": [0.7418, 0.1938, 0.0644]}",0.09137583727669973,0.02170453503426739,0.47801383399209485,0.6246089676746611,0.1444745094806742,0.3333333333333333,0.9086241627233003,0.9750807568066451,0.35638387586439535,0.5219861660079052,0.9782954649657326,0.9967697277341947,0.2312386254148378,0.3753910323253389,0.9972610294959585,0.1444745094806742,0.3333333333333333,True,0.741832169423877,False,0.0,False,0.0,False,0.0,False,0.0,True,0.19378063776924054,True,0.06438719280688229,False,0.0,False,0.0
SMS-EMOA,29,cocoso,sum,0.1863758148798021,3,"{""criteria"": [0, 2, 6], ""method"": ""cocoso"", ""normalization"": ""sum"", ""top_k_rate"": 0.1864, ""weights"": [0.8935, 0.0779, 0.0286]}",0.08988429283696941,0.041819455708812625,0.3897994269340975,0.547334596687814,0.1863758148798021,0.3333333333333333,0.9101157071630306,0.952074391988555,0.4489795918367347,0.6102005730659025,0.9581805442911874,0.9824749642346209,0.29407986296970345,0.4526654033121859,0.9848174025956045,0.1863758148798021,0.3333333333333333,True,0.8934627925269307,False,0.0,True,0.07789059283042225,False,0.0,False,0.0,False,0.0,True,0.028646614642647054,False,0.0,False,0.0
SMS-EMOA,30,waspas,sum,0.1278851571418742,3,"{""criteria"": [0, 4, 5], ""method"": ""waspas"", ""normalization"": ""sum"", ""top_k_rate"": 0.1279, ""weights"": [0.8859, 0.0353, 0.0788]}",0.09658567622670322,0.019044039661853307,0.5216615698267075,0.6595026642984014,0.1278851571418742,0.3333333333333333,0.9034143237732968,0.9781136008337676,0.31657952437173215,0.4783384301732925,0.9809559603381467,0.9989577905158937,0.20522428005566856,0.3404973357015986,0.9991214047967015,0.1278851571418742,0.3333333333333333,True,0.8858591267944532,False,0.0,False,0.0,False,0.0,True,0.03534678834703638,True,0.07879408485851047,False,0.0,False,0.0,False,0.0
SMS-EMOA,31,cocoso,sum,0.15188041935281238,3,"{""criteria"": [0, 3, 5], ""method"": ""cocoso"", ""normalization"": ""sum"", ""top_k_rate"": 0.1519, ""weights"": [0.6026, 0.3015, 0.0959]}",0.10254984292130975,0.040543950645238414,0.469785575048733,0.608433734939759,0.15188041935281238,0.3333333333333333,0.8974501570786902,0.9548047389205792,0.3670096137628605,0.530214424951267,0.9594560493547616,0.9982448442299254,0.24354994111979444,0.3915662650602409,0.9984981567671372,0.15188041935281238,0.3333333333333333,True,0.6026234113834664,False,0.0,False,0.0,True,0.3014938850200409,False,0.0,True,0.09588270359649276,False,0.0,False,0.0,False,0.0
SMS-EMOA,32,topsis,vector,0.1624029079594985,3,"{""criteria"": [0, 5, 6], ""method"": ""topsis"", ""normalization"": ""vector"", ""top_k_rate"": 0.1624, ""weights"": [0.8811, 0.0865, 0.0324]}",0.08914847351434796,0.02892099679372606,0.4369396294082487,0.5905578670289547,0.1624029079594985,0.3333333333333333,0.910851526485652,0.9667487684729064,0.3972002023950076,0.5630603705917513,0.9710790032062739,0.9897372742200329,0.25810941012739536,0.40944213297104526,0.9912297864045355,0.1624029079594985,0.3333333333333333,True,0.8810860284746139,False,0.0,False,0.0,False,0.0,False,0.0,True,0.08652158692059977,True,0.03239238460478621,False,0.0,False,0.0
SMS-EMOA,33,topsis,sum,0.1911863754231279,3,"{""criteria"": [0, 5, 6], ""method"": ""topsis"", ""normalization"": ""sum"", ""top_k_rate"": 0.1912, ""weights"": [0.9265, 0.0699, 0.0036]}",0.08907854201448917,0.045139733398446125,0.3816073661475503,0.5403390941109019,0.1911863754231279,0.3333333333333333,0.9109214579855108,0.9483960948396095,0.4587620172035756,0.6183926338524497,0.9548602666015539,0.9783821478382148,0.30039610320094207,0.4596609058890982,0.9813585031478141,0.1911863754231279,0.3333333333333333,True,0.9264566477012321,False,0.0,False,0.0,False,0.0,False,0.0,True,0.06991899451074964,True,0.003624357788018164,False,0.0,False,0.0
SMS-EMOA,34,cocoso,sum,0.1274428951017155,3,"{""criteria"": [0, 5, 6], ""method"": ""cocoso"", ""normalization"": ""sum"", ""top_k_rate"": 0.1274, ""weights"": [0.9524, 0.0237, 0.0239]}",0.08889192858123507,0.013016116281898915,0.519704119372529,0.6610681596018839,0.1274428951017155,0.3333333333333333,0.9111080714187649,0.9848326359832636,0.31759149940968123,0.480295880627471,0.9869838837181011,0.9973849372384938,0.2041537308639332,0.3389318403981161,0.9978074895749173,0.1274428951017155,0.3333333333333333,True,0.9524210954832624,False,0.0,False,0.0,False,0.0,False,0.0,True,0.02367664807974159,True,0.023902256436996026,False,0.0,False,0.0
SMS-EMOA,35,topsis,sum,0.1908248835826388,4,"{""criteria"": [0, 4, 5, 6], ""method"": ""topsis"", ""normalization"": ""sum"", ""top_k_rate"": 0.1908, ""weights"": [0.8893, 0.0177, 0.0133, 0.0797]}",0.08901017285574664,0.044539185129451875,0.38193812556869877,0.5408062930186823,0.1908248835826388,0.4444444444444444,0.9109898271442534,0.9490045406915822,0.4582560296846011,0.6180618744313012,0.9554608148705481,0.9786936779601816,0.2999678835242479,0.4591937069813176,0.9816268951764802,0.1908248835826388,0.4444444444444444,True,0.8893157345520438,False,0.0,False,0.0,False,0.0,True,0.017665207179322157,True,0.013325274009474369,True,0.07969378425915981,False,0.0,False,0.0
SMS-EMOA,36,cocoso,sum,0.037815097556325374,3,"{""criteria"": [0, 5, 6], ""method"": ""cocoso"", ""normalization"": ""sum"", ""top_k_rate"": 0.0378, ""weights"": [0.9639, 0.0243, 0.0117]}",0.08884611741800408,0.001488353322265823,0.8254579036478374,0.8853567463921688,0.037815097556325374,0.3333333333333333,0.9111538825819959,0.9982394366197183,0.09563164108618655,0.17454209635216256,0.9985116466777342,1.0,0.060807194090568464,0.11464325360783126,1.0,0.037815097556325374,0.3333333333333333,True,0.9639307779966041,False,0.0,False,0.0,False,0.0,False,0.0,True,0.024345643890280193,True,0.011723578113115711,False,0.0,False,0.0
SMS-EMOA,37,cocoso,sum,0.10737124565974358,3,"{""criteria"": [0, 5, 6], ""method"": ""cocoso"", ""normalization"": ""sum"", ""top_k_rate"": 0.1074, ""weights"": [0.8248, 0.0123, 0.1629]}",0.08974212638019075,0.004290940991109271,0.5748010610079576,0.7058071585098613,0.10737124565974358,0.3333333333333333,0.9102578736198093,0.9950341402855369,0.27036599763872493,0.4251989389920424,0.9957090590088907,1.0,0.17246547478856653,0.29419284149013875,1.0,0.10737124565974358,0.3333333333333333,True,0.8247680475501177,False,0.0,False,0.0,False,0.0,False,0.0,True,0.01228713024901613,True,0.16294482220086612,False,0.0,False,0.0
SMS-EMOA,38,cocoso,sum,0.19995499346415038,3,"{""criteria"": [0, 4, 5], ""method"": ""cocoso"", ""normalization"": ""sum"", ""top_k_rate"": 0.2, ""weights"": [0.8376, 0.015, 0.1474]}",0.08996227320650352,0.049812099481912786,0.36611042669951843,0.5225670529130542,0.19995499346415038,0.3333333333333333,0.9100377267934965,0.9433333333333334,0.4773148928993085,0.6338895733004816,0.9501879005180872,0.982,0.31538379188523713,0.4774329470869459,0.9844189582820521,0.19995499346415038,0.3333333333333333,True,0.8376106061651981,False,0.0,False,0.0,False,0.0,True,0.014961614212903724,True,0.14742777962189815,False,0.0,False,0.0,False,0.0
SMS-EMOA,39,cocoso,sum,0.07947218682066866,3,"{""criteria"": [0, 5, 7], ""method"": ""cocoso"", ""normalization"": ""sum"", ""top_k_rate"": 0.0795, ""weights"": [0.9728, 0.002, 0.0252]}",0.08858429442145088,0.0013820919490824535,0.6655433866891323,0.7734953483956712,0.07947218682066866,0.3333333333333333,0.9114157055785491,0.9983235540653814,0.2008770450328892,0.33445661331086773,0.9986179080509175,1.0,0.12771651857402846,0.2265046516043288,1.0,0.07947218682066866,0.3333333333333333,True,0.972846351219881,False,0.0,False,0.0,False,0.0,False,0.0,True,0.00196212419068374,False,0.0,True,0.025191524589435278,False,0.0
SMS-EMOA,40,cocoso,sum,0.1863758148798021,3,"{""criteria"": [0, 2, 6], ""method"": ""cocoso"", ""normalization"": ""sum"", ""top_k_rate"": 0.1864, ""weights"": [0.9033, 0.0675, 0.0293]}",0.08968225153582376,0.04209907952470071,0.3900286532951289,0.5476641674219329,0.1863758148798021,0.3333333333333333,0.9103177484641762,0.9517167381974249,0.44881092933040984,0.6099713467048711,0.9579009204752993,0.9817596566523605,0.2938657531313564,0.45233583257806703,0.9842200201341219,0.1863758148798021,0.3333333333333333,True,0.9032776459047128,False,0.0,True,0.06745121444733909,False,0.0,False,0.0,False,0.0,True,0.02927113964794808,False,0.0,False,0.0
SMS-EMOA,41,waspas,sum,0.16499197409972563,3,"{""criteria"": [0, 5, 6], ""method"": ""waspas"", ""normalization"": ""sum"", ""top_k_rate"": 0.165, ""weights"": [0.8719, 0.0773, 0.0508]}",0.08938126302175431,0.03157535011150503,0.4324131366016183,0.5853080568720379,0.16499197409972563,0.3333333333333333,0.9106187369782457,0.9636363636363636,0.4022600775847529,0.5675868633983817,0.968424649888495,0.98989898989899,0.26228455197516326,0.41469194312796215,0.9913539365291125,0.16499197409972563,0.3333333333333333,True,0.8719191508017995,False,0.0,False,0.0,False,0.0,False,0.0,True,0.0772592711324778,True,0.05082157806572278,False,0.0,False,0.0
SMS-EMOA,42,waspas,sum,0.03825160799605327,3,"{""criteria"": [0, 2, 5], ""method"": ""waspas"", ""normalization"": ""sum"", ""top_k_rate"": 0.0383, ""weights"": [0.9658, 0.0294, 0.0048]}",0.09390876614970056,0.0,0.8234660925726588,0.8842158345940494,0.03825160799605327,0.3333333333333333,0.9060912338502994,1.0,0.09681227863046045,0.17653390742734124,1.0,1.0,0.06144952360560968,0.11578416540595059,1.0,0.03825160799605327,0.3333333333333333,True,0.9658207531272059,False,0.0,True,0.029393774734821337,False,0.0,False,0.0,True,0.00478547213797261,False,0.0,False,0.0,False,0.0
SMS-EMOA,43,cocoso,robust,0.19150182567259072,3,"{""criteria"": [0, 4, 5], ""method"": ""cocoso"", ""normalization"": ""robust"", ""top_k_rate"": 0.1915, ""weights"": [0.8819, 0.0177, 0.1003]}",0.08931013543368238,0.04509863373507872,0.3808225403317428,0.5369248403471427,0.19150182567259072,0.3333333333333333,0.9106898645663176,0.9484859032370344,0.45960532973519985,0.6191774596682572,0.9549013662649213,0.9843369300382875,0.30275131142275985,0.4630751596528573,0.9864652762377463,0.19150182567259072,0.3333333333333333,True,0.8819063961643834,False,0.0,False,0.0,False,0.0,True,0.01774674756870681,True,0.10034685626690978,False,0.0,False,0.0,False,0.0
SMS-EMOA,44,topsis,sum,0.06731891167644029,3,"{""criteria"": [0, 3, 5], ""method"": ""topsis"", ""normalization"": ""sum"", ""top_k_rate"": 0.0673, ""weights"": [0.6837, 0.308, 0.0083]}",0.09879444602506382,0.01422640753908233,0.7135033866551377,0.8048497729687953,0.06731891167644029,0.3333333333333333,0.9012055539749362,0.9841584158415841,0.16765053128689492,0.28649661334486237,0.9857735924609177,1.0,0.10812546836527138,0.1951502270312047,1.0,0.06731891167644029,0.3333333333333333,True,0.6836795861363542,False,0.0,False,0.0,True,0.308002198465177,False,0.0,True,0.008318215398468819,False,0.0,False,0.0,False,0.0
SMS-EMOA,45,cocoso,robust,0.09415452623644514,3,"{""criteria"": [0, 5, 6], ""method"": ""cocoso"", ""normalization"": ""robust"", ""top_k_rate"": 0.0942, ""weights"": [0.8638, 0.1075, 0.0287]}",0.08959357389747835,0.0020420289799543134,0.6159084718060475,0.737214059884694,0.09415452623644514,0.3333333333333333,0.9104064261025216,0.9978768577494692,0.23781413391803002,0.3840915281939526,0.9979579710200457,1.0,0.15126860079220641,0.262785940115306,1.0,0.09415452623644514,0.3333333333333333,True,0.8638019068482136,False,0.0,False,0.0,False,0.0,False,0.0,True,0.1075017110989409,True,0.02869638205284538,False,0.0,False,0.0
SMS-EMOA,46,cocoso,sum,0.134943091471816,3,"{""criteria"": [0, 4, 5], ""method"": ""cocoso"", ""normalization"": ""sum"", ""top_k_rate"": 0.1349, ""weights"": [0.8743, 0.092, 0.0337]}",0.09051120317003458,0.019403296188711616,0.5021372894141313,0.6443779693823685,0.134943091471816,0.3333333333333333,0.9094887968299654,0.9777777777777777,0.3339517625231911,0.49786271058586873,0.9805967038112884,0.9980246913580247,0.2163579916497163,0.35562203061763153,0.9983419816020808,0.134943091471816,0.3333333333333333,True,0.8742917066925658,False,0.0,False,0.0,False,0.0,True,0.0920384064498626,True,0.03366988685757167,False,0.0,False,0.0,False,0.0
SMS-EMOA,47,cocoso,sum,0.18789225883101324,3,"{""criteria"": [0, 5, 6], ""method"": ""cocoso"", ""normalization"": ""sum"", ""top_k_rate"": 0.1879, ""weights"": [0.8074, 0.1915, 0.0011]}",0.090437643762589,0.04537375077050021,0.38888888888888895,0.5432565789473685,0.18789225883101324,0.3333333333333333,0.909562356237411,0.9482085846044697,0.45083487940630795,0.611111111111111,0.9546262492294998,0.9851010996807379,0.29729151054490954,0.45674342105263155,0.9871520005694066,0.18789225883101324,0.3333333333333333,True,0.8073681110604879,False,0.0,False,0.0,False,0.0,False,0.0,True,0.19150204870513682,True,0.0011298402343752826,False,0.0,False,0.0
SMS-EMOA,48,cocoso,sum,0.19310535476275323,3,"{""criteria"": [0, 5, 6], ""method"": ""cocoso"", ""normalization"": ""sum"", ""top_k_rate"": 0.1931, ""weights"": [0.7979, 0.1935, 0.0086]}",0.09056927777277901,0.04726760242925554,0.3788805801042374,0.5342376205262298,0.19310535476275323,0.3333333333333333,0.909430722227221,0.9461511908871246,0.46230392983639734,0.6211194198957626,0.9527323975707445,0.9837763203313773,0.3051065196445777,0.46576237947377025,0.9859836141037067,0.19310535476275323,0.3333333333333333,True,0.7978926218550287,False,0.0,False,0.0,False,0.0,False,0.0,True,0.1934643574782031,True,0.00864302066676811,False,0.0,False,0.0
SMS-EMOA,49,cocoso,sum,0.19303440010137474,3,"{""criteria"": [0, 2, 5], ""method"": ""cocoso"", ""normalization"": ""sum"", ""top_k_rate"": 0.193, ""weights"": [0.8638, 0.0667, 0.0696]}",0.08978709557107922,0.044448234405468856,0.37699716713881015,0.5350167524720111,0.19303440010137474,0.3333333333333333,0.9102129044289208,0.9492403314917127,0.46365322988699614,0.6230028328611898,0.9555517655945311,0.982389502762431,0.30457124504870997,0.4649832475279889,0.9847490240532076,0.19303440010137474,0.3333333333333333,True,0.8637521958889954,False,0.0,True,0.06668343131520835,False,0.0,False,0.0,True,0.06956437279579603,False,0.0,False,0.0,False,0.0
SMS-EMOA,50,waspas,sum,0.17641010651562636,3,"{""criteria"": [0, 5, 6], ""method"": ""waspas"", ""normalization"": ""sum"", ""top_k_rate"": 0.1764, ""weights"": [0.9911, 0.0079, 0.001]}",0.0888035638300051,0.035816879881830244,0.4082798833819242,0.5645282389255026,0.17641010651562636,0.3333333333333333,0.9111964361699949,0.9588057445200302,0.4278967785461292,0.5917201166180758,0.9641831201181698,0.9863945578231292,0.27941333904292903,0.43547176107449737,0.9882949160225376,0.17641010651562636,0.3333333333333333,True,0.9910989956124051,False,0.0,False,0.0,False,0.0,False,0.0,True,0.007917653126795751,True,0.0009833512607990201,False,0.0,False,0.0
SMS-EMOA,51,cocoso,sum,0.13284804927137886,3,"{""criteria"": [0, 5, 6], ""method"": ""cocoso"", ""normalization"": ""sum"", ""top_k_rate"": 0.1328, ""weights"": [0.7024, 0.1654, 0.1321]}",0.09179359998935843,0.01532571528449933,0.5056803837414794,0.6491971060525852,0.13284804927137886,0.3333333333333333,0.9082064000106416,0.9824385348720521,0.3302411873840445,0.4943196162585206,0.9846742847155007,0.997491219267436,0.2128251793169896,0.3508028939474149,0.997894446983273,0.13284804927137886,0.3333333333333333,True,0.7024420340224848,False,0.0,False,0.0,False,0.0,False,0.0,True,0.16541060082520284,True,0.1321473651523123,False,0.0,False,0.0
SMS-EMOA,52,cocoso,robust,0.19438789773265705,3,"{""criteria"": [0, 5, 6], ""method"": ""cocoso"", ""normalization"": ""robust"", ""top_k_rate"": 0.1944, ""weights"": [0.9587, 0.01, 0.0313]}",0.08886008716621341,0.047005399723963226,0.3761447145279819,0.5352859590438117,0.19438789773265705,0.3333333333333333,0.9111399128337866,0.946159122085048,0.46533985495024455,0.6238552854720181,0.9529946002760368,0.9766803840877915,0.3048924098062306,0.46471404095618835,0.9798744033344436,0.19438789773265705,0.3333333333333333,True,0.9587009955325889,False,0.0,False,0.0,False,0.0,False,0.0,True,0.010048551584773406,True,0.03125045288263766,False,0.0,False,0.0
SMS-EMOA,53,cocoso,robust,0.1454435607429268,3,"{""criteria"": [0, 5, 6], ""method"": ""cocoso"", ""normalization"": ""robust"", ""top_k_rate"": 0.1454, ""weights"": [0.9402, 0.0177, 0.042]}",0.08890824962390509,0.022466721844861093,0.476020219455061,0.6235355376204113,0.1454435607429268,0.3333333333333333,0.9110917503760949,0.9738771769019249,0.35840782594029347,0.523979780544939,0.9775332781551389,0.9940421631530706,0.23220211968739965,0.3764644623795887,0.9949461736130351,0.1454435607429268,0.3333333333333333,True,0.9402489578289597,False,0.0,False,0.0,False,0.0,False,0.0,True,0.017728755872004946,True,0.04202228629903527,False,0.0,False,0.0
SMS-EMOA,54,cocoso,vector,0.1601141930816823,3,"{""criteria"": [0, 5, 6], ""method"": ""cocoso"", ""normalization"": ""vector"", ""top_k_rate"": 0.1601, ""weights"": [0.9389, 0.0051, 0.056]}",0.08889247344550999,0.028072549682733317,0.4420837834593687,0.5946521331857276,0.1601141930816823,0.3333333333333333,0.91110752655449,0.9675270607826811,0.3919716646989374,0.5579162165406313,0.9719274503172667,0.9908409658617818,0.25479070763301576,0.4053478668142724,0.9921747404176782,0.1601141930816823,0.3333333333333333,True,0.9389386674190587,False,0.0,False,0.0,False,0.0,False,0.0,True,0.005062370527163538,True,0.05599896205377763,False,0.0,False,0.0
SMS-EMOA,55,cocoso,sum,0.1996130165290698,3,"{""criteria"": [0, 5, 6], ""method"": ""cocoso"", ""normalization"": ""sum"", ""top_k_rate"": 0.1996, ""weights"": [0.8766, 0.0794, 0.0439]}",0.08929047392907641,0.050566935488922216,0.36770144570211816,0.5254154843940009,0.1996130165290698,0.3333333333333333,0.9107095260709236,0.9422177688710754,0.4757969303423849,0.6322985542978818,0.9494330645110778,0.9776219104876419,0.31334974842093993,0.4745845156059992,0.9806361545996837,0.1996130165290698,0.3333333333333333,True,0.8766345041438601,False,0.0,False,0.0,False,0.0,False,0.0,True,0.07942840512576126,True,0.04393709073037858,False,0.0,False,0.0
SMS-EMOA,56,waspas,sum,0.1285939910588459,3,"{""criteria"": [0, 5, 6], ""method"": ""waspas"", ""normalization"": ""sum"", ""top_k_rate"": 0.1286, ""weights"": [0.8599, 0.0895, 0.0506]}",0.08956655071179398,0.01518695635836842,0.5176889793840671,0.6583850931677019,0.1285939910588459,0.3333333333333333,0.910433449288206,0.9823742871954381,0.31961544948557935,0.48231102061593284,0.9848130436416316,0.997926386728875,0.20608071940905684,0.3416149068322981,0.9982604695410713,0.1285939910588459,0.3333333333333333,True,0.8599247473402064,False,0.0,False,0.0,False,0.0,False,0.0,True,0.08949829264277952,True,0.05057696001701405,False,0.0,False,0.0
SMS-EMOA,57,cocoso,sum,0.1930990758536975,3,"{""criteria"": [0, 5, 6], ""method"": ""cocoso"", ""normalization"": ""sum"", ""top_k_rate"": 0.1931, ""weights"": [0.9511, 0.0181, 0.0308]}",0.08888344465477949,0.04554613453541878,0.377747564015409,0.5368524268671353,0.1930990758536975,0.3333333333333333,0.9111165553452205,0.947877114256127,0.46314724236802157,0.622252435984591,0.9544538654645812,0.9782533655505695,0.3033936409378011,0.46314757313286475,0.9812279117296873,0.1930990758536975,0.3333333333333333,True,0.9511417817449246,False,0.0,False,0.0,False,0.0,False,0.0,True,0.01809507814247818,True,0.03076314011259725,False,0.0,False,0.0
SMS-EMOA,58,topsis,sum,0.14287306887565557,3,"{""criteria"": [0, 4, 5], ""method"": ""topsis"", ""normalization"": ""sum"", ""top_k_rate"": 0.1429, ""weights"": [0.843, 0.0293, 0.1277]}",0.08947995537306552,0.01956176441960278,0.4809217046580774,0.6281783350748869,0.14287306887565557,0.3333333333333333,0.9105200446269345,0.9776014932337844,0.35334795075054815,0.5190782953419226,0.9804382355803972,0.9962669155389641,0.2285622524354994,0.3718216649251132,0.9968326005178056,0.14287306887565557,0.3333333333333333,True,0.843011572065619,False,0.0,False,0.0,False,0.0,True,0.029271040387395364,True,0.12771738754698567,False,0.0,False,0.0,False,0.0
SMS-EMOA,59,cocoso,sum,0.06440584358785298,3,"{""criteria"": [0, 5, 6], ""method"": ""cocoso"", ""normalization"": ""sum"", ""top_k_rate"": 0.0644, ""weights"": [0.9258, 0.0117, 0.0625]}",0.08895937518952268,0.0017658576845366314,0.7201276102088167,0.8123787349631354,0.06440584358785298,0.3333333333333333,0.9110406248104773,0.9979317476732161,0.16275931860347445,0.27987238979118334,0.9982341423154634,1.0,0.10352210684080934,0.18762126503686458,1.0,0.06440584358785298,0.3333333333333333,True,0.9258179712908815,False,0.0,False,0.0,False,0.0,False,0.0,True,0.011692607325829834,True,0.062489421383288654,False,0.0,False,0.0
SMS-EMOA,60,cocoso,robust,0.19840799519202987,3,"{""criteria"": [0, 3, 5], ""method"": ""cocoso"", ""normalization"": ""robust"", ""top_k_rate"": 0.1984, ""weights"": [0.5677, 0.3814, 0.051]}",0.10986407392629394,0.07823145798283593,0.3897810218978103,0.5237476658277178,0.19840799519202987,0.3333333333333333,0.8901359260737061,0.9129704301075269,0.4582560296846011,0.6102189781021897,0.9217685420171641,0.9855510752688172,0.31399207793598116,0.47625233417228224,0.9874263055597784,0.19840799519202987,0.3333333333333333,True,0.567671719336224,False,0.0,False,0.0,True,0.38137270929808115,False,0.0,True,0.050955571365694806,False,0.0,False,0.0,False,0.0
SMS-EMOA,61,topsis,sum,0.09961904751037881,3,"{""criteria"": [0, 5, 6], ""method"": ""topsis"", ""normalization"": ""sum"", ""top_k_rate"": 0.0996, ""weights"": [0.9114, 0.084, 0.0046]}",0.08909942556477968,0.0019871394040806845,0.5980603448275861,0.7240679217423402,0.09961904751037881,0.3333333333333333,0.9109005744352203,0.9979933110367893,0.25164445943666724,0.40193965517241387,0.9980128605959193,1.0,0.16004710416443635,0.2759320782576597,1.0,0.09961904751037881,0.3333333333333333,True,0.911373434719411,False,0.0,False,0.0,False,0.0,False,0.0,True,0.08402587871453958,True,0.004600686566049363,False,0.0,False,0.0
SMS-EMOA,63,cocoso,sum,0.1996088420903789,3,"{""criteria"": [0, 5, 6], ""method"": ""cocoso"", ""normalization"": ""sum"", ""top_k_rate"": 0.1996, ""weights"": [0.8529, 0.0774, 0.0697]}",0.08945705078077038,0.05000155755600999,0.3672531659755688,0.525091203891366,0.1996088420903789,0.3333333333333333,0.9105429492192296,0.9428857715430862,0.47613425535503456,0.6327468340244312,0.94999844244399,0.9782899131596526,0.313563858259287,0.474908796108634,0.981202413729088,0.1996088420903789,0.3333333333333333,True,0.8528960774501106,False,0.0,False,0.0,False,0.0,False,0.0,True,0.07736619767640049,True,0.06973772487348877,False,0.0,False,0.0
SMS-EMOA,64,topsis,sum,0.07559038673975423,3,"{""criteria"": [0, 5, 6], ""method"": ""topsis"", ""normalization"": ""sum"", ""top_k_rate"": 0.0756, ""weights"": [0.7851, 0.1992, 0.0158]}",0.0903385772529216,0.007638126688028324,0.6817216480249186,0.7834844868735084,0.07559038673975423,0.3333333333333333,0.9096614227470784,0.9911816578483245,0.18957665710912464,0.3182783519750814,0.9923618733119717,1.0,0.12140027834278985,0.21651551312649164,1.0,0.07559038673975423,0.3333333333333333,True,0.7850567751383095,False,0.0,False,0.0,False,0.0,False,0.0,True,0.1991906611281712,True,0.01575256373351933,False,0.0,False,0.0
SMS-EMOA,65,cocoso,sum,0.1913160957558991,3,"{""criteria"": [0, 5, 6], ""method"": ""cocoso"", ""normalization"": ""sum"", ""top_k_rate"": 0.1913, ""weights"": [0.848, 0.0999, 0.0521]}",0.08957434562433786,0.04539278048116613,0.38152062734401637,0.5391040864794038,0.1913160957558991,0.3333333333333333,0.9104256543756621,0.9480836236933798,0.4589306797099005,0.6184793726559836,0.9546072195188339,0.9804878048780488,0.30125254255433037,0.4608959135205962,0.9831723933904531,0.1913160957558991,0.3333333333333333,True,0.8479778388360414,False,0.0,False,0.0,False,0.0,False,0.0,True,0.09993276840582355,True,0.05208939275813498,False,0.0,False,0.0
SMS-EMOA,66,cocoso,sum,0.19637961837144263,3,"{""criteria"": [0, 3, 5], ""method"": ""cocoso"", ""normalization"": ""sum"", ""top_k_rate"": 0.1964, ""weights"": [0.6856, 0.3108, 0.0036]}",0.10034068724100109,0.05671391492918798,0.37802816901408454,0.5269797346789291,0.19637961837144263,0.3333333333333333,0.8996593127589989,0.9368635437881874,0.4655085174565694,0.6219718309859155,0.943286085070812,0.9864222674813307,0.31110159511829566,0.47302026532107094,0.9882928330934679,0.19637961837144263,0.3333333333333333,True,0.6855673447080398,False,0.0,False,0.0,True,0.3108148463490817,False,0.0,True,0.00361780894287849,False,0.0,False,0.0,False,0.0
SMS-EMOA,67,cocoso,sum,0.15300831760268918,3,"{""criteria"": [0, 5, 7], ""method"": ""cocoso"", ""normalization"": ""sum"", ""top_k_rate"": 0.153, ""weights"": [0.8746, 0.0892, 0.0363]}",0.08919120070617292,0.025603594533607832,0.45841439688715946,0.6082846338948091,0.15300831760268918,0.3333333333333333,0.9108087992938271,0.9703703703703703,0.37561140158542755,0.5415856031128405,0.9743964054663922,0.9930283224400871,0.2439781607964886,0.3917153661051908,0.9940699399143889,0.15300831760268918,0.3333333333333333,True,0.8745876149974888,False,0.0,False,0.0,False,0.0,False,0.0,True,0.08915588319354746,False,0.0,True,0.03625650180896372,False,0.0
SMS-EMOA,68,cocoso,sum,0.1877890422183051,3,"{""criteria"": [0, 5, 6], ""method"": ""cocoso"", ""normalization"": ""sum"", ""top_k_rate"": 0.1878, ""weights"": [0.8607, 0.071, 0.0682]}",0.08940550386885027,0.04219105371378218,0.38691973473587926,0.5451554531995394,0.1877890422183051,0.3333333333333333,0.9105944961311497,0.951721689740859,0.45218417945690675,0.6130802652641207,0.9578089462862178,0.9815406460773873,0.2960068515148271,0.4548445468004606,0.9840942306937369,0.1877890422183051,0.3333333333333333,True,0.8607078953601783,False,0.0,False,0.0,False,0.0,False,0.0,True,0.07104454621164517,True,0.06824755842817648,False,0.0,False,0.0
SMS-EMOA,69,waspas,vector,0.16542559653703381,3,"{""criteria"": [0, 4, 6], ""method"": ""waspas"", ""normalization"": ""vector"", ""top_k_rate"": 0.1654, ""weights"": [0.8921, 0.0548, 0.0531]}",0.10114783533027927,0.03632477078719598,0.43431221020092736,0.582846993148947,0.16542559653703381,0.3333333333333333,0.8988521646697207,0.9585012087026591,0.4012481025468038,0.5656877897990726,0.963675229212804,0.9935535858178888,0.2639974306819398,0.41715300685105305,0.9944749287410437,0.16542559653703381,0.3333333333333333,True,0.8920851678040368,False,0.0,False,0.0,False,0.0,True,0.05480176697091048,False,0.0,True,0.05311306522505269,False,0.0,False,0.0
SMS-EMOA,70,cocoso,sum,0.01104179231400341,4,"{""criteria"": [0, 3, 5, 6], ""method"": ""cocoso"", ""normalization"": ""sum"", ""top_k_rate"": 0.011, ""weights"": [0.6023, 0.2781, 0.0989, 0.0207]}",0.10114884757632969,0.0,0.9455291222313371,0.9650783633112443,0.01104179231400341,0.4444444444444444,0.8988511524236703,1.0,0.0279979760499241,0.054470877768662836,1.0,1.0,0.01777111658280698,0.034921636688755656,1.0,0.01104179231400341,0.4444444444444444,True,0.6022905815271278,False,0.0,False,0.0,True,0.2781343933393834,False,0.0,True,0.09890162601765577,True,0.020673399115833,False,0.0,False,0.0
SMS-EMOA,71,cocoso,sum,0.19576216236998792,3,"{""criteria"": [0, 5, 6], ""method"": ""cocoso"", ""normalization"": ""sum"", ""top_k_rate"": 0.1958, ""weights"": [0.8757, 0.0978, 0.0265]}",0.08932567448375661,0.04825838379630076,0.374013083690503,0.5315197914969865,0.19576216236998792,0.3333333333333333,0.9106743255162434,0.9448416751787538,0.46803845505144204,0.625986916309497,0.9517416162036992,0.979230507320395,0.3078899475430896,0.4684802085030136,0.9820527697857324,0.19576216236998792,0.3333333333333333,True,0.8757320510336793,False,0.0,False,0.0,False,0.0,False,0.0,True,0.09777969738483645,True,0.026488251581484375,False,0.0,False,0.0
SMS-EMOA,72,cocoso,sum,0.051653591880947265,3,"{""criteria"": [0, 1, 6], ""method"": ""cocoso"", ""normalization"": ""sum"", ""top_k_rate"": 0.0517, ""weights"": [0.5737, 0.3006, 0.1256]}",0.10626117278721758,0.0010790173122673385,0.7690930787589498,0.846777382364571,0.051653591880947265,0.3333333333333333,0.8937388272127824,0.9987096774193548,0.13054477989542926,0.23090692124105014,0.9989209826877327,1.0,0.08296756235949042,0.15322261763542905,1.0,0.051653591880947265,0.3333333333333333,True,0.5737471273011107,True,0.3006248809324619,False,0.0,False,0.0,False,0.0,False,0.0,True,0.12562799176642747,False,0.0,False,0.0
SMS-EMOA,73,cocoso,sum,0.190474827863988,3,"{""criteria"": [0, 5, 6], ""method"": ""cocoso"", ""normalization"": ""sum"", ""top_k_rate"": 0.1905, ""weights"": [0.854, 0.0651, 0.0809]}",0.08947597294864162,0.044363874817856086,0.3826542226269065,0.5414002295458272,0.190474827863988,0.3333333333333333,0.9105240270513584,0.9492474623731186,0.4574127171529769,0.6173457773730935,0.9556361251821439,0.9789989499474974,0.29943260892838025,0.4585997704541728,0.9819123545646369,0.190474827863988,0.3333333333333333,True,0.853975915696361,False,0.0,False,0.0,False,0.0,False,0.0,True,0.06508045834781517,True,0.0809436259558239,False,0.0,False,0.0
SMS-EMOA,74,cocoso,sum,0.15291644945369348,3,"{""criteria"": [0, 4, 5], ""method"": ""cocoso"", ""normalization"": ""sum"", ""top_k_rate"": 0.1529, ""weights"": [0.878, 0.1176, 0.0044]}",0.09095454134551251,0.025171173878868358,0.45810531436215496,0.6072195960464117,0.15291644945369348,0.3333333333333333,0.9090454586544875,0.9712292938099389,0.3757800640917524,0.541894685637845,0.9748288261211316,0.9960767218831735,0.24462049031152983,0.3927804039535883,0.9966630379285514,0.15291644945369348,0.3333333333333333,True,0.8779676834398633,False,0.0,False,0.0,False,0.0,True,0.11763595688075203,True,0.0043963596793846,False,0.0,False,0.0,False,0.0
SMS-EMOA,75,cocoso,robust,0.197767778907091,3,"{""criteria"": [0, 4, 5], ""method"": ""cocoso"", ""normalization"": ""robust"", ""top_k_rate"": 0.1978, ""weights"": [0.9559, 0.0261, 0.018]}",0.08860196770876994,0.04862934696268062,0.37005395683453235,0.5290867728306792,0.197767778907091,0.3333333333333333,0.9113980322912301,0.9443882709807887,0.47259234272221284,0.6299460431654677,0.9513706530373194,0.9767441860465116,0.3102451557649074,0.4709132271693208,0.9799184476295489,0.197767778907091,0.3333333333333333,True,0.9558857070710607,False,0.0,False,0.0,False,0.0,True,0.026092148175901164,True,0.018022144753038004,False,0.0,False,0.0,False,0.0
SMS-EMOA,76,cocoso,sum,0.14575322381630412,3,"{""criteria"": [0, 5, 6], ""method"": ""cocoso"", ""normalization"": ""sum"", ""top_k_rate"": 0.1458, ""weights"": [0.7543, 0.1911, 0.0545]}",0.09118765272454599,0.022311735857644233,0.47486446525381953,0.621790423317141,0.14575322381630412,0.3333333333333333,0.908812347275454,0.9743941472336534,0.35941980097824255,0.5251355347461805,0.9776882641423558,0.9967992684042066,0.23337972379830854,0.3782095766828591,0.9972809920826087,0.14575322381630412,0.3333333333333333,True,0.7543145508426818,False,0.0,False,0.0,False,0.0,False,0.0,True,0.1911374159490499,True,0.054548033208268266,False,0.0,False,0.0
SMS-EMOA,77,cocoso,sum,0.19078335609348554,3,"{""criteria"": [0, 4, 6], ""method"": ""cocoso"", ""normalization"": ""sum"", ""top_k_rate"": 0.1908, ""weights"": [0.987, 0.0109, 0.0021]}",0.0892045064444823,0.04423138315588748,0.3818678193607098,0.5407686634434157,0.19078335609348554,0.3333333333333333,0.9107954935555177,0.9493361285814116,0.4582560296846011,0.6181321806392902,0.9557686168441125,0.9790356394129979,0.2999678835242479,0.4592313365565844,0.9819151793778602,0.19078335609348554,0.3333333333333333,True,0.9870285574854246,False,0.0,False,0.0,False,0.0,True,0.010875687055041662,False,0.0,True,0.0020957554595336914,False,0.0,False,0.0
SMS-EMOA,78,cocoso,sum,0.18611418255389178,3,"{""criteria"": [0, 5, 6], ""method"": ""cocoso"", ""normalization"": ""sum"", ""top_k_rate"": 0.1861, ""weights"": [0.9902, 0.0031, 0.0067]}",0.088844992838373,0.04303825599195299,0.3913542024997133,0.5491634385560042,0.18611418255389178,0.3333333333333333,0.911155007161627,0.9505730659025788,0.44763029178613595,0.6086457975002867,0.956961744008047,0.9795845272206304,0.29279520393962105,0.45083656144399575,0.9824361652229017,0.18611418255389178,0.3333333333333333,True,0.9902285676112401,False,0.0,False,0.0,False,0.0,False,0.0,True,0.0030947006571161793,True,0.006676731731643763,False,0.0,False,0.0
SMS-EMOA,79,waspas,sum,0.019133621184163962,3,"{""criteria"": [0, 5, 6], ""method"": ""waspas"", ""normalization"": ""sum"", ""top_k_rate"": 0.0191, ""weights"": [0.9311, 0.018, 0.051]}",0.08890808148733298,0.0,0.9076576576576576,0.9403822185292896,0.019133621184163962,0.3333333333333333,0.911091918512667,1.0,0.048406139315230225,0.09234234234234234,1.0,1.0,0.03072476180280484,0.05961778147071043,1.0,0.019133621184163962,0.3333333333333333,True,0.9310577464830342,False,0.0,False,0.0,False,0.0,False,0.0,True,0.01796120752895147,True,0.050981045988014284,False,0.0,False,0.0
SMS-EMOA,80,cocoso,sum,0.1948463037437021,3,"{""criteria"": [0, 5, 8], ""method"": ""cocoso"", ""normalization"": ""sum"", ""top_k_rate"": 0.1948, ""weights"": [0.9115, 0.0676, 0.0209]}",0.08911624008192609,0.04697027260685116,0.3750564844103028,0.5334311806914547,0.1948463037437021,0.3333333333333333,0.9108837599180739,0.9462880602121109,0.4665204924945185,0.6249435155896972,0.9530297273931488,0.9787889154977762,0.3062841237554866,0.4665688193085454,0.981682196766714,0.1948463037437021,0.3333333333333333,True,0.911544941375827,False,0.0,False,0.0,False,0.0,False,0.0,True,0.06759745768993083,False,0.0,False,0.0,True,0.02085760093424217
SMS-EMOA,81,cocoso,sum,0.018650036957682366,3,"{""criteria"": [0, 5, 6], ""method"": ""cocoso"", ""normalization"": ""sum"", ""top_k_rate"": 0.0187, ""weights"": [0.8403, 0.0959, 0.0638]}",0.0896420593780356,0.002850375614873113,0.9101304557899823,0.9417939923084918,0.018650036957682366,0.3333333333333333,0.9103579406219644,0.9964285714285714,0.04705683926463147,0.08986954421001771,0.9971496243851269,1.0,0.029975377368590087,0.05820600769150816,1.0,0.018650036957682366,0.3333333333333333,True,0.8402568830944936,False,0.0,False,0.0,False,0.0,False,0.0,True,0.09594348121429352,True,0.0637996356912128,False,0.0,False,0.0
SMS-EMOA,82,topsis,sum,0.18505597196741974,3,"{""criteria"": [0, 5, 6], ""method"": ""topsis"", ""normalization"": ""sum"", ""top_k_rate"": 0.1851, ""weights"": [0.7998, 0.1848, 0.0154]}",0.09012130264897666,0.04088747542022142,0.3918437679494544,0.5497235289263018,0.18505597196741974,0.3333333333333333,0.9098786973510233,0.9535302593659942,0.44644965424186206,0.6081562320505456,0.9591125245797786,0.9827089337175793,0.29204581950540626,0.4502764710736981,0.985126772915401,0.18505597196741974,0.3333333333333333,True,0.7997832130367313,False,0.0,False,0.0,False,0.0,False,0.0,True,0.18480628110096675,True,0.01541050586230209,False,0.0,False,0.0
SMS-EMOA,83,cocoso,sum,0.17189002933441036,3,"{""criteria"": [0, 5, 6], ""method"": ""cocoso"", ""normalization"": ""sum"", ""top_k_rate"": 0.1719, ""weights"": [0.9052, 0.0219, 0.0729]}",0.08911215296205832,0.03401413725920266,0.41748942172073344,0.5721476510067114,0.17189002933441036,0.3333333333333333,0.9108878470379417,0.9608375339278791,0.4179456906729634,0.5825105782792666,0.9659858627407973,0.9887553315238464,0.27299004389251685,0.42785234899328856,0.9903261350821804,0.17189002933441036,0.3333333333333333,True,0.9051889403006309,False,0.0,False,0.0,False,0.0,False,0.0,True,0.021930671399955484,True,0.07288038829941375,False,0.0,False,0.0
SMS-EMOA,84,topsis,sum,0.19496120897045968,3,"{""criteria"": [0, 5, 6], ""method"": ""topsis"", ""normalization"": ""sum"", ""top_k_rate"": 0.195, ""weights"": [0.91, 0.0694, 0.0206]}",0.08908706423011781,0.04698572059206474,0.3747458775694602,0.5341594651883255,0.19496120897045968,0.3333333333333333,0.9109129357698822,0.9463247863247863,0.46685781750716815,0.6252541224305398,0.9530142794079353,0.9767521367521368,0.30585590407879243,0.46584053481167453,0.9799299927097276,0.19496120897045968,0.3333333333333333,True,0.9100361302237544,False,0.0,False,0.0,False,0.0,False,0.0,True,0.06937637222465974,True,0.020587497551585728,False,0.0,False,0.0
SMS-EMOA,85,topsis,sum,0.011551868670465617,3,"{""criteria"": [0, 5, 6], ""method"": ""topsis"", ""normalization"": ""sum"", ""top_k_rate"": 0.0116, ""weights"": [0.9988, 0.0008, 0.0004]}",0.08880675627667634,0.0,0.942978862854334,0.963426169206516,0.011551868670465617,0.3333333333333333,0.9111932437233237,1.0,0.029347276100522852,0.05702113714566606,1.0,1.0,0.018627555936195268,0.036573830793483975,1.0,0.011551868670465617,0.3333333333333333,True,0.9987630087353189,False,0.0,False,0.0,False,0.0,False,0.0,True,0.0008404860429369996,True,0.0003965052217440991,False,0.0,False,0.0
SMS-EMOA,86,cocoso,sum,0.17233053009858995,3,"{""criteria"": [0, 5, 6], ""method"": ""cocoso"", ""normalization"": ""sum"", ""top_k_rate"": 0.1723, ""weights"": [0.8476, 0.0836, 0.0688]}",0.08952548238874436,0.03370603678357931,0.41625557904627664,0.5713566996478283,0.17233053009858995,0.3333333333333333,0.9104745176112556,0.9613152804642167,0.41912632821723733,0.5837444209537234,0.9662939632164207,0.9887814313346228,0.2736323734075581,0.42864330035217174,0.990357077577445,0.17233053009858995,0.3333333333333333,True,0.8476391563622548,False,0.0,False,0.0,False,0.0,False,0.0,True,0.08358467077667928,True,0.06877617286106584,False,0.0,False,0.0
SMS-EMOA,87,cocoso,sum,0.14505545401021333,3,"{""criteria"": [0, 5, 6], ""method"": ""cocoso"", ""normalization"": ""sum"", ""top_k_rate"": 0.1451, ""weights"": [0.8406, 0.134, 0.0255]}",0.08979340805770819,0.01997377313253068,0.4753855644663788,0.623513067639142,0.14505545401021333,0.3333333333333333,0.9102065919422918,0.9770220588235294,0.3585764884466183,0.5246144355336212,0.9800262268674693,0.9963235294117647,0.2320950647682261,0.3764869323608579,0.9968782836610676,0.14505545401021333,0.3333333333333333,True,0.8405758363870935,False,0.0,False,0.0,False,0.0,False,0.0,True,0.13396770365578076,True,0.02545645995712577,False,0.0,False,0.0
SMS-EMOA,88,cocoso,sum,0.14647127221428802,3,"{""criteria"": [0, 5, 6], ""method"": ""cocoso"", ""normalization"": ""sum"", ""top_k_rate"": 0.1465, ""weights"": [0.9079, 0.0855, 0.0066]}",0.08910684663317969,0.02202421092980289,0.4730494708343589,0.6212515167273358,0.14647127221428802,0.3333333333333333,0.9108931533668203,0.9745106964041875,0.36110642604149096,0.5269505291656411,0.9779757890701971,0.9945380063723259,0.2339149983941762,0.37874848327266425,0.9953666668604537,0.14647127221428802,0.3333333333333333,True,0.9078713520123641,False,0.0,False,0.0,False,0.0,False,0.0,True,0.08548667775096239,True,0.006641970236673556,False,0.0,False,0.0
SMS-EMOA,89,cocoso,sum,0.19985616120832772,3,"{""criteria"": [0, 2, 5], ""method"": ""cocoso"", ""normalization"": ""sum"", ""top_k_rate"": 0.1999, ""weights"": [0.8636, 0.0666, 0.0698]}",0.08979421781020946,0.047419686649866066,0.36462417385459833,0.523948456114758,0.19985616120832772,0.3333333333333333,0.9102057821897905,0.9459639759839893,0.47832686793725754,0.6353758261454017,0.9525803133501339,0.9796531020680453,0.3144202976126753,0.47605154388524196,0.9823600225367356,0.19985616120832772,0.3333333333333333,True,0.8635883463709972,False,0.0,True,0.06664125485384303,False,0.0,False,0.0,True,0.06977039877515966,False,0.0,False,0.0,False,0.0
SMS-EMOA,90,cocoso,sum,0.06440584358785298,3,"{""criteria"": [0, 5, 6], ""method"": ""cocoso"", ""normalization"": ""sum"", ""top_k_rate"": 0.0644, ""weights"": [0.9136, 0.0116, 0.0748]}",0.08900374117066401,0.0017655999072467843,0.7201276102088167,0.8123787349631354,0.06440584358785298,0.3333333333333333,0.910996258829336,0.9979317476732161,0.16275931860347445,0.27987238979118334,0.9982344000927532,1.0,0.10352210684080934,0.18762126503686458,1.0,0.06440584358785298,0.3333333333333333,True,0.9136062117699406,False,0.0,False,0.0,False,0.0,False,0.0,True,0.011640452694444626,True,0.07475333553561482,False,0.0,False,0.0
SMS-EMOA,91,waspas,sum,0.1637432835154451,3,"{""criteria"": [0, 4, 5], ""method"": ""waspas"", ""normalization"": ""sum"", ""top_k_rate"": 0.1637, ""weights"": [0.8817, 0.0323, 0.0861]}",0.0959979689322813,0.03723324463043032,0.43923673225998816,0.5865050436551665,0.1637432835154451,0.3333333333333333,0.9040020310677187,0.9572475570032574,0.3965255523697082,0.5607632677400118,0.9627667553695697,0.9930781758957655,0.26110694786425437,0.41349495634483346,0.9940992910588154,0.1637432835154451,0.3333333333333333,True,0.8816684722554231,False,0.0,False,0.0,False,0.0,True,0.032261431125086226,True,0.08607009661949064,False,0.0,False,0.0,False,0.0
SMS-EMOA,92,cocoso,sum,0.19894266665971141,3,"{""criteria"": [0, 4, 5], ""method"": ""cocoso"", ""normalization"": ""sum"", ""top_k_rate"": 0.1989, ""weights"": [0.906, 0.019, 0.0749]}",0.0889980258564631,0.04930213635260927,0.3681139907999551,0.5256795131845842,0.19894266665971141,0.3333333333333333,0.9110019741435369,0.9436997319034852,0.4749536178107607,0.6318860092000449,0.9506978636473907,0.9795576407506702,0.3129215287442458,0.4743204868154158,0.9823113402553537,0.19894266665971141,0.3333333333333333,True,0.9060218585262723,False,0.0,False,0.0,False,0.0,True,0.01902970045182792,True,0.07494844102189986,False,0.0,False,0.0,False,0.0
SMS-EMOA,93,cocoso,sum,0.19950741919455517,3,"{""criteria"": [0, 5, 6], ""method"": ""cocoso"", ""normalization"": ""sum"", ""top_k_rate"": 0.1995, ""weights"": [0.986, 0.012, 0.002]}",0.0888226596610664,0.04880754606500992,0.3665097511768661,0.5263499270309713,0.19950741919455517,0.3333333333333333,0.9111773403389336,0.9442031406615436,0.47664024287400913,0.6334902488231339,0.9511924539349901,0.9759438690277313,0.3127074189058987,0.4736500729690287,0.9791821058499985,0.19950741919455517,0.3333333333333333,True,0.9859688736858041,False,0.0,False,0.0,False,0.0,False,0.0,True,0.01198222206885492,True,0.0020489042453409882,False,0.0,False,0.0
SMS-EMOA,94,topsis,sum,0.06612413464166453,3,"{""criteria"": [0, 5, 6], ""method"": ""topsis"", ""normalization"": ""sum"", ""top_k_rate"": 0.0661, ""weights"": [0.9877, 0.0075, 0.0048]}",0.08881484250436444,0.0017233925314513732,0.7139141742522757,0.8079938062518146,0.06612413464166453,0.3333333333333333,0.9111851574956356,0.9979838709677419,0.16697588126159554,0.28608582574772434,0.9982766074685486,1.0,0.10619847982014774,0.19200619374818545,1.0,0.06612413464166453,0.3333333333333333,True,0.987680588735411,False,0.0,False,0.0,False,0.0,False,0.0,True,0.007512870728976531,True,0.004806540535612524,False,0.0,False,0.0
SMS-EMOA,95,topsis,sum,0.19285028208904334,3,"{""criteria"": [0, 5, 6], ""method"": ""topsis"", ""normalization"": ""sum"", ""top_k_rate"": 0.1929, ""weights"": [0.911, 0.0853, 0.0037]}",0.08910123918845358,0.04566834010811782,0.37837225119020634,0.5373549125388262,0.19285028208904334,0.3333333333333333,0.9108987608115464,0.9478050466643623,0.4624725923427222,0.6216277488097937,0.9543316598918822,0.9782232976149325,0.3029654212611069,0.4626450874611738,0.9812028378170037,0.19285028208904334,0.3333333333333333,True,0.9110077631504462,False,0.0,False,0.0,False,0.0,False,0.0,True,0.08531959559033275,True,0.003672641259220969,False,0.0,False,0.0
SMS-EMOA,96,cocoso,robust,0.18236753923271018,3,"{""criteria"": [0, 4, 5], ""method"": ""cocoso"", ""normalization"": ""robust"", ""top_k_rate"": 0.1824, ""weights"": [0.7923, 0.1166, 0.0911]}",0.09330035219927957,0.04731182000611389,0.4024235429890364,0.5532002980872733,0.18236753923271018,0.3333333333333333,0.9066996478007204,0.9462719298245614,0.4366672288750211,0.5975764570109636,0.9526881799938861,0.9861111111111112,0.28883417193020017,0.44679970191272667,0.9880934180338239,0.18236753923271018,0.3333333333333333,True,0.7923306382975399,False,0.0,False,0.0,False,0.0,True,0.11657659419145405,True,0.09109276751100595,False,0.0,False,0.0,False,0.0
SMS-EMOA,97,cocoso,sum,0.15294912586022846,3,"{""criteria"": [0, 4, 5], ""method"": ""cocoso"", ""normalization"": ""sum"", ""top_k_rate"": 0.1529, ""weights"": [0.8776, 0.118, 0.0044]}",0.09097013189213388,0.025204083758765705,0.4579280155642024,0.607081471295978,0.15294912586022846,0.3333333333333333,0.9090298681078661,0.9712418300653595,0.37594872659807727,0.5420719844357976,0.9747959162412343,0.996078431372549,0.24472754523070336,0.392918528704022,0.9966642991784912,0.15294912586022846,0.3333333333333333,True,0.8776448650707824,False,0.0,False,0.0,False,0.0,True,0.11798382948511728,True,0.004371305444100163,False,0.0,False,0.0,False,0.0
SMS-EMOA,98,cocoso,robust,0.1016851247765496,3,"{""criteria"": [0, 4, 5], ""method"": ""cocoso"", ""normalization"": ""robust"", ""top_k_rate"": 0.1017, ""weights"": [0.9774, 0.0196, 0.003]}",0.0884361285800973,0.003414756292896115,0.5922199865861837,0.7191497193337628,0.1016851247765496,0.3333333333333333,0.9115638714199027,0.9960681520314548,0.25636700961376285,0.40778001341381626,0.9965852437071039,1.0,0.16336580665881598,0.28085028066623724,1.0,0.1016851247765496,0.3333333333333333,True,0.9774172928479615,False,0.0,False,0.0,False,0.0,True,0.019567683227368612,True,0.003015023924670004,False,0.0,False,0.0,False,0.0
SMS-EMOA,99,cocoso,sum,0.1518477429462774,3,"{""criteria"": [0, 3, 5], ""method"": ""cocoso"", ""normalization"": ""sum"", ""top_k_rate"": 0.1518, ""weights"": [0.5748, 0.3333, 0.0919]}",0.1057811115060533,0.047899126801784875,0.4745948580480077,0.6089164299853688,0.1518477429462774,0.3333333333333333,0.8942188884939467,0.9464442493415277,0.36363636363636365,0.5254051419519923,0.9521008731982151,0.9973661106233538,0.24322877636227386,0.39108357001463123,0.9977416702711888,0.1518477429462774,0.3333333333333333,True,0.5747741201525661,False,0.0,False,0.0,True,0.3333284327173071,False,0.0,True,0.09189744713012672,False,0.0,False,0.0,False,0.0
AGE-MOEA,0,vikor,sum,0.17487547090942399,3,"{""criteria"": [0, 3, 4], ""method"": ""vikor"", ""normalization"": ""sum"", ""top_k_rate"": 0.1749, ""weights"": [0.8784, 0.0262, 0.0954]}",0.08994130263779643,0.03354001492855929,0.40996258185219825,0.5660314276161819,0.17487547090942399,0.3333333333333333,0.9100586973622036,0.961875714830347,0.4255355034575814,0.5900374181478018,0.9664599850714407,0.9897064430041936,0.2779145701744995,0.43396857238381814,0.9911483720844592,0.17487547090942399,0.3333333333333333,True,0.8783624127153546,False,0.0,False,0.0,True,0.026210666963768097,True,0.09542692032087735,False,0.0,False,0.0,False,0.0,False,0.0
AGE-MOEA,1,cocoso,sum,0.17404525860720257,4,"{""criteria"": [0, 3, 4, 7], ""method"": ""cocoso"", ""normalization"": ""sum"", ""top_k_rate"": 0.174, ""weights"": [0.9623, 0.0014, 0.0355, 0.0008]}",0.08849506766974358,0.033008900584284184,0.41170960187353633,0.5676037483266398,0.17404525860720257,0.4444444444444444,0.9115049323302564,0.9620834929145922,0.4236802158880081,0.5882903981264637,0.9669910994157158,0.9896591344312524,0.2766299111444171,0.4323962516733601,0.9910910399783589,0.17404525860720257,0.4444444444444444,True,0.9623233894625547,False,0.0,False,0.0,True,0.0013768421848151953,True,0.035527972947058416,False,0.0,False,0.0,True,0.000771795405571729,False,0.0
AGE-MOEA,2,cocoso,sum,0.10329778379604722,3,"{""criteria"": [3, 4, 6], ""method"": ""cocoso"", ""normalization"": ""sum"", ""top_k_rate"": 0.1033, ""weights"": [0.031, 0.1309, 0.8381]}",0.22602982184238007,0.18922264747690598,0.6761599144270625,0.7153613075016068,0.10329778379604722,0.3333333333333333,0.7739701781576199,0.7812903225806451,0.20425029515938606,0.32384008557293753,0.810777352523094,1.0,0.16593512471898084,0.2846386924983932,1.0,0.10329778379604722,0.3333333333333333,False,0.0,False,0.0,False,0.0,True,0.031015932858238567,True,0.13086332657745142,False,0.0,True,0.8381207405643101,False,0.0,False,0.0
AGE-MOEA,3,cocoso,sum,0.1583732548532329,3,"{""criteria"": [0, 3, 6], ""method"": ""cocoso"", ""normalization"": ""sum"", ""top_k_rate"": 0.1584, ""weights"": [0.8799, 0.1082, 0.0119]}",0.09060086662324085,0.025845129914112475,0.4444310656231186,0.5971665101988564,0.1583732548532329,0.3333333333333333,0.9093991333767592,0.9709595959595959,0.38910440209141506,0.5555689343768814,0.9741548700858875,0.9932659932659933,0.252649609249545,0.40283348980114364,0.9942541747888326,0.1583732548532329,0.3333333333333333,True,0.8799336827452776,False,0.0,False,0.0,True,0.1082076254898284,False,0.0,False,0.0,True,0.011858691764894048,False,0.0,False,0.0
AGE-MOEA,4,cocoso,robust,0.19981902238659435,5,"{""criteria"": [0, 3, 4, 7, 8], ""method"": ""cocoso"", ""normalization"": ""robust"", ""top_k_rate"": 0.1998, ""weights"": [0.8799, 0.0007, 0.0443, 0.0334, 0.0417]}",0.08960117002084234,0.04802335423473081,0.36507225271647803,0.5234621930464382,0.19981902238659435,0.5555555555555556,0.9103988299791577,0.9452968645763843,0.4779895429246079,0.634927747283522,0.9519766457652692,0.980653769179453,0.3147414623701959,0.47653780695356185,0.9832654938113232,0.19981902238659435,0.5555555555555556,True,0.8799068126472829,False,0.0,False,0.0,True,0.00073777556600063,True,0.04426741763288864,False,0.0,False,0.0,True,0.033427907939967826,True,0.04166008621386013
AGE-MOEA,5,vikor,sum,0.10102144785400355,8,"{""criteria"": [0, 1, 3, 4, 5, 6, 7, 8], ""method"": ""vikor"", ""normalization"": ""sum"", ""top_k_rate"": 0.101, ""weights"": [0.7037, 0.0001, 0.0071, 0.0084, 0.1298, 0.0328, 0.0628, 0.0552]}",0.08996924886969326,0.0073759705145091115,0.5962390866353258,0.7207331675416782,0.10102144785400355,0.8888888888888888,0.9100307511303067,0.991424802110818,0.2534997470062405,0.4037609133646743,0.9926240294854909,1.0,0.16229525746708062,0.27926683245832185,1.0,0.10102144785400355,0.8888888888888888,True,0.703723016399814,True,0.00013408592837830778,False,0.0,True,0.007087078558047903,True,0.008423532234378668,True,0.12982933591615903,True,0.03276485654860568,True,0.06280790338592654,True,0.055230191028689736
AGE-MOEA,6,cocoso,robust,0.17404525860720257,3,"{""criteria"": [0, 4, 6], ""method"": ""cocoso"", ""normalization"": ""robust"", ""top_k_rate"": 0.174, ""weights"": [0.8107, 0.03, 0.1593]}",0.09029008792143345,0.03299768493369526,0.41170960187353633,0.5676037483266398,0.17404525860720257,0.3333333333333333,0.9097099120785666,0.9620834929145922,0.4236802158880081,0.5882903981264637,0.9670023150663047,0.9896591344312524,0.2766299111444171,0.4323962516733601,0.9910817452020886,0.17404525860720257,0.3333333333333333,True,0.8106749580233854,False,0.0,False,0.0,False,0.0,True,0.02998583176431318,False,0.0,True,0.15933921021230135,False,0.0,False,0.0
AGE-MOEA,7,edas,sum,0.12672870555085677,3,"{""criteria"": [3, 4, 5], ""method"": ""edas"", ""normalization"": ""sum"", ""top_k_rate"": 0.1267, ""weights"": [0.0633, 0.6707, 0.2659]}",0.2809010391308392,0.11183364498968829,0.5754789272030651,0.6623376623376624,0.12672870555085677,0.3333333333333333,0.7190989608691608,0.8742766964755392,0.2803170855118907,0.42452107279693485,0.8881663550103117,0.9984218832193582,0.20319023659137136,0.3376623376623376,0.9986415101829724,0.12672870555085677,0.3333333333333333,False,0.0,False,0.0,False,0.0,True,0.06333788573276687,True,0.6707341296376422,True,0.2659279846295909,False,0.0,False,0.0,False,0.0
AGE-MOEA,8,vikor,sum,0.07987976988809786,6,"{""criteria"": [3, 4, 5, 6, 7, 8], ""method"": ""vikor"", ""normalization"": ""sum"", ""top_k_rate"": 0.0799, ""weights"": [0.0002, 0.1086, 0.7168, 0.073, 0.0325, 0.069]}",0.1563745257482443,0.035983798556643354,0.6773288439955107,0.772865275142315,0.07987976988809786,0.6666666666666666,0.8436254742517557,0.9591326105087573,0.19396188227357058,0.3226711560044893,0.9640162014433566,0.9983319432860718,0.12814473825072262,0.22713472485768502,0.9985924894595232,0.07987976988809786,0.6666666666666666,False,0.0,False,0.0,False,0.0,True,0.00016439613168617602,True,0.10861794081476096,True,0.7168035601360105,True,0.07297882232172041,True,0.03246400742497534,True,0.0689712731708466
AGE-MOEA,9,topsis,robust,0.11722535028367013,4,"{""criteria"": [0, 4, 7, 8], ""method"": ""topsis"", ""normalization"": ""robust"", ""top_k_rate"": 0.1172, ""weights"": [0.882, 0.079, 0.0012, 0.0378]}",0.08927455991974409,0.009035353263754375,0.5470863683662851,0.6830630630630631,0.11722535028367013,0.4444444444444444,0.9107254400802559,0.9897669130187606,0.29364142351155337,0.4529136316337149,0.9909646467362456,1.0,0.18830960282624987,0.3169369369369369,1.0,0.11722535028367013,0.4444444444444444,True,0.8820294907610958,False,0.0,False,0.0,False,0.0,True,0.07897006252963454,False,0.0,False,0.0,True,0.0012340157021591789,True,0.03776643100711056
AGE-MOEA,10,vikor,sum,0.14431453972876765,5,"{""criteria"": [0, 3, 4, 5, 7], ""method"": ""vikor"", ""normalization"": ""sum"", ""top_k_rate"": 0.1443, ""weights"": [0.0739, 0.0678, 0.6663, 0.1887, 0.0034]}",0.28702781148513323,0.14239103743076686,0.5510254509513219,0.6241960716148096,0.14431453972876765,0.5555555555555556,0.7129721885148668,0.8392609699769054,0.3064597739922415,0.44897454904867806,0.8576089625692331,0.9986143187066975,0.23145273525318488,0.37580392838519033,0.9987705711873568,0.14431453972876765,0.5555555555555556,True,0.07391860968990893,False,0.0,False,0.0,True,0.06776243873749016,True,0.6662705022367079,True,0.18867679547105626,False,0.0,True,0.003371653864836646,False,0.0
AGE-MOEA,11,vikor,sum,0.10807329983653977,3,"{""criteria"": [0, 3, 4], ""method"": ""vikor"", ""normalization"": ""sum"", ""top_k_rate"": 0.1081, ""weights"": [0.4779, 0.0052, 0.5169]}",0.18839851837468657,0.035208522285112176,0.5880794701986755,0.7042510490786353,0.10807329983653977,0.3333333333333333,0.8116014816253134,0.959284392350401,0.2622701973351324,0.41192052980132454,0.9647914777148878,1.0,0.1735360239803019,0.2957489509213647,1.0,0.10807329983653977,0.3333333333333333,True,0.47792706593906537,False,0.0,False,0.0,True,0.005213403285594611,True,0.5168595307753401,False,0.0,False,0.0,False,0.0,False,0.0
AGE-MOEA,12,cocoso,sum,0.084955043018412,4,"{""criteria"": [0, 1, 4, 7], ""method"": ""cocoso"", ""normalization"": ""sum"", ""top_k_rate"": 0.085, ""weights"": [0.9651, 0.0068, 0.028, 0.0001]}",0.08858674484480933,0.0020563143761558322,0.6468628539700166,0.7597965335342879,0.084955043018412,0.4444444444444444,0.9114132551551907,0.9976470588235294,0.21453870804520156,0.35313714602998336,0.9979436856238442,1.0,0.13649502194625843,0.24020346646571214,1.0,0.084955043018412,0.4444444444444444,True,0.9650982138123068,True,0.006835043454711386,False,0.0,False,0.0,True,0.028004476089055957,False,0.0,False,0.0,True,6.226664392592685e-05,False,0.0
AGE-MOEA,13,topsis,sum,0.12517781721482832,3,"{""criteria"": [0, 3, 6], ""method"": ""topsis"", ""normalization"": ""sum"", ""top_k_rate"": 0.1252, ""weights"": [0.6869, 0.1721, 0.1411]}",0.09344441346580246,0.02292590654675386,0.5311899577302421,0.6661021481415456,0.12517781721482832,0.3333333333333333,0.9065555865341975,0.9744408945686901,0.3086523865744645,0.46881004226975787,0.9770740934532461,0.9973375931842385,0.20051386361203297,0.33389785185845444,0.9977526596153515,0.12517781721482832,0.3333333333333333,True,0.6868502073031997,False,0.0,False,0.0,True,0.17205808726204402,False,0.0,False,0.0,True,0.14109170543475633,False,0.0,False,0.0
AGE-MOEA,14,topsis,robust,0.11722535028367013,3,"{""criteria"": [4, 6, 7], ""method"": ""topsis"", ""normalization"": ""robust"", ""top_k_rate"": 0.1172, ""weights"": [0.092, 0.9065, 0.0014]}",0.2725257822330266,0.2424065438138412,0.6501040582726327,0.6830630630630631,0.11722535028367013,0.3333333333333333,0.7274742177669734,0.7646389994314952,0.22685107100691515,0.34989594172736727,0.7575934561861588,1.0,0.18830960282624987,0.3169369369369369,1.0,0.11722535028367013,0.3333333333333333,False,0.0,False,0.0,False,0.0,False,0.0,True,0.09202743676110714,False,0.0,True,0.9065345081284508,True,0.0014380551104420226,False,0.0
AGE-MOEA,15,topsis,sum,0.05245335449412847,3,"{""criteria"": [1, 4, 8], ""method"": ""topsis"", ""normalization"": ""sum"", ""top_k_rate"": 0.0525, ""weights"": [0.343, 0.6513, 0.0058]}",0.262031553734026,0.13691236665479345,0.7989874925550924,0.8445892575039494,0.05245335449412847,0.3333333333333333,0.737968446265974,0.8576874205844981,0.11384719176926969,0.20101250744490767,0.8630876333452066,1.0,0.08425222138957285,0.15541074249605055,1.0,0.05245335449412847,0.3333333333333333,False,0.0,True,0.3429632170749457,False,0.0,False,0.0,True,0.6512761491083134,False,0.0,False,0.0,False,0.0,True,0.005760633816740795
AGE-MOEA,16,vikor,robust,0.18147360300444715,3,"{""criteria"": [3, 4, 6], ""method"": ""vikor"", ""normalization"": ""robust"", ""top_k_rate"": 0.1815, ""weights"": [0.0107, 0.0382, 0.9511]}",0.21205966404172316,0.20248539153740708,0.5115015605132356,0.5632927132554091,0.18147360300444715,0.3333333333333333,0.7879403359582768,0.7762674504041146,0.35638387586439535,0.48849843948676447,0.7975146084625929,0.967670830271859,0.2819826571030939,0.4367072867445909,0.972272094324531,0.18147360300444715,0.3333333333333333,False,0.0,False,0.0,False,0.0,True,0.010658900762400508,True,0.038192165314065454,False,0.0,True,0.951148933923534,False,0.0,False,0.0
AGE-MOEA,17,topsis,robust,0.059644665393965554,3,"{""criteria"": [3, 4, 6], ""method"": ""topsis"", ""normalization"": ""robust"", ""top_k_rate"": 0.0596, ""weights"": [0.1199, 0.4668, 0.4133]}",0.25940268219380613,0.044159312231582426,0.7514654161781946,0.8251270027354435,0.059644665393965554,0.3333333333333333,0.7405973178061939,0.9474860335195531,0.1430258053634677,0.2485345838218054,0.9558406877684176,1.0,0.09581415266031475,0.1748729972645565,1.0,0.059644665393965554,0.3333333333333333,False,0.0,False,0.0,False,0.0,True,0.11993313389765033,True,0.46678548059573133,False,0.0,True,0.41328138550661836,False,0.0,False,0.0
AGE-MOEA,18,cocoso,robust,0.1506024296006713,4,"{""criteria"": [4, 5, 6, 7], ""method"": ""cocoso"", ""normalization"": ""robust"", ""top_k_rate"": 0.1506, ""weights"": [0.7083, 0.2255, 0.0608, 0.0053]}",0.2792999893292166,0.22062736228932445,0.5864680019540791,0.6110344827586207,0.1506024296006713,0.4444444444444444,0.7207000106707834,0.7494466578131916,0.2855456232079609,0.4135319980459209,0.7793726377106756,0.99867197875166,0.24151589765549727,0.38896551724137934,0.9988307930985716,0.1506024296006713,0.4444444444444444,False,0.0,False,0.0,False,0.0,False,0.0,True,0.7083448763560299,True,0.22553456937958066,True,0.06077071884203544,True,0.005349835422354011,False,0.0
AGE-MOEA,19,topsis,sum,0.10358342316624258,4,"{""criteria"": [0, 3, 4, 5], ""method"": ""topsis"", ""normalization"": ""sum"", ""top_k_rate"": 0.1036, ""weights"": [0.4163, 0.1186, 0.2566, 0.2084]}",0.11885099869343951,0.03153389326757572,0.5996258185219832,0.7147315282239559,0.10358342316624258,0.4444444444444444,0.8811490013065605,0.963963963963964,0.2526564344746163,0.40037418147801684,0.9684661067324243,1.0,0.166363344395675,0.2852684717760441,1.0,0.10358342316624258,0.4444444444444444,True,0.416305940192644,False,0.0,False,0.0,True,0.11862699312244863,True,0.25661761540932937,True,0.20844945127557804,False,0.0,False,0.0,False,0.0
AGE-MOEA,20,cocoso,sum,0.14470879103121131,4,"{""criteria"": [0, 3, 4, 7], ""method"": ""cocoso"", ""normalization"": ""sum"", ""top_k_rate"": 0.1447, ""weights"": [0.2936, 0.0123, 0.6932, 0.0009]}",0.22831393287484048,0.12805595192259656,0.542962962962963,0.6238707435719248,0.14470879103121131,0.4444444444444444,0.7716860671251595,0.8526024873330262,0.3121942992072862,0.457037037037037,0.8719440480774034,0.9972362966374942,0.2317739000107055,0.3761292564280751,0.9976120708481286,0.14470879103121131,0.4444444444444444,True,0.29364171158144114,False,0.0,False,0.0,True,0.012254773036784166,True,0.6932414354238725,False,0.0,False,0.0,True,0.0008620799579021928,False,0.0
AGE-MOEA,21,cocoso,robust,0.14470879103121131,5,"{""criteria"": [0, 3, 4, 6, 7], ""method"": ""cocoso"", ""normalization"": ""robust"", ""top_k_rate"": 0.1447, ""weights"": [0.1787, 0.0075, 0.4214, 0.3865, 0.006]}",0.19788114533539447,0.1258363054077567,0.5414814814814816,0.6235232800555941,0.14470879103121131,0.5555555555555556,0.8021188546646055,0.855366190695532,0.3132062742452353,0.45851851851851844,0.8741636945922433,0.9981575310916628,0.23198800984905257,0.37647671994440585,0.9983880398054312,0.14470879103121131,0.5555555555555556,True,0.17872815968935737,False,0.0,False,0.0,True,0.007458998316278789,True,0.42136318434021114,False,0.0,True,0.38649091009778097,True,0.0059587475563719116,False,0.0
AGE-MOEA,22,waspas,sum,0.05453249381975772,6,"{""criteria"": [0, 3, 4, 5, 6, 7], ""method"": ""waspas"", ""normalization"": ""sum"", ""top_k_rate"": 0.0545, ""weights"": [0.2258, 0.0129, 0.2632, 0.4712, 0.0262, 0.0008]}",0.17743414366670396,0.007391507223462712,0.7595968578627539,0.8389605276109853,0.05453249381975772,0.6666666666666666,0.822565856333296,0.991442542787286,0.13678529262944847,0.24040314213724615,0.9926084927765373,1.0,0.08757092388395246,0.16103947238901467,1.0,0.05453249381975772,0.6666666666666666,True,0.22578011930425776,False,0.0,False,0.0,True,0.01289591299673232,True,0.2632019028513603,True,0.47116938136517605,True,0.02618911847730694,True,0.0007635650051666161,False,0.0
AGE-MOEA,23,vikor,robust,0.19641264208444953,7,"{""criteria"": [0, 1, 3, 4, 5, 6, 7], ""method"": ""vikor"", ""normalization"": ""robust"", ""top_k_rate"": 0.1964, ""weights"": [0.6782, 0.0289, 0.027, 0.03, 0.2118, 0.0199, 0.0041]}",0.09239245673118857,0.051261585145494615,0.3746478873239437,0.5295841132904696,0.19641264208444953,0.7777777777777778,0.9076075432688114,0.9419551934826884,0.46803845505144204,0.6253521126760563,0.9487384148545054,0.9809911744738629,0.3093887164115191,0.4704158867095304,0.9835917147135583,0.19641264208444953,0.7777777777777778,True,0.6781880731934392,True,0.02890506089839268,False,0.0,True,0.027032151945092377,True,0.030041339910141157,True,0.21180775091810752,True,0.0199268006792186,True,0.004098822455608261,False,0.0
AGE-MOEA,24,topsis,robust,0.010066303833802281,5,"{""criteria"": [0, 3, 4, 5, 7], ""method"": ""topsis"", ""normalization"": ""robust"", ""top_k_rate"": 0.0101, ""weights"": [0.3053, 0.1373, 0.4175, 0.1392, 0.0007]}",0.1901789520984598,0.004986918926832118,0.9506578947368421,0.9681837336704593,0.010066303833802281,0.5555555555555556,0.8098210479015402,0.9933774834437086,0.0252993759487266,0.0493421052631579,0.9950130810731679,1.0,0.01616529279520394,0.03181626632954067,1.0,0.010066303833802281,0.5555555555555556,True,0.3053088180789606,False,0.0,False,0.0,True,0.1372713633115073,True,0.4174953402981615,True,0.13917857675658776,False,0.0,True,0.0007459015547828283,False,0.0
AGE-MOEA,25,topsis,robust,0.11630927615995966,4,"{""criteria"": [0, 3, 4, 6], ""method"": ""topsis"", ""normalization"": ""robust"", ""top_k_rate"": 0.1163, ""weights"": [0.0636, 0.0053, 0.4948, 0.4363]}",0.2439148194805747,0.1470417072613155,0.623403700807923,0.6851885260689157,0.11630927615995966,0.4444444444444444,0.7560851805194253,0.828080229226361,0.24371732163939955,0.3765962991920771,0.8529582927386845,1.0,0.18681083395782036,0.3148114739310843,1.0,0.11630927615995966,0.4444444444444444,True,0.0635814199815856,False,0.0,False,0.0,True,0.0052833964659179,True,0.4948070464546963,False,0.0,True,0.4363281370978001,False,0.0,False,0.0
AGE-MOEA,26,cocoso,robust,0.060866522448363526,3,"{""criteria"": [5, 7, 8], ""method"": ""cocoso"", ""normalization"": ""robust"", ""top_k_rate"": 0.0609, ""weights"": [0.8268, 0.0375, 0.1358]}",0.16809834269813095,0.04595887084416905,0.746565331774335,0.8227033352837917,0.060866522448363526,0.3333333333333333,0.831901657301869,0.9496166484118291,0.14623039298363974,0.253434668225665,0.954041129155831,0.9956188389923329,0.09731292152874424,0.1772966647162083,0.9963666810539505,0.060866522448363526,0.3333333333333333,False,0.0,False,0.0,False,0.0,False,0.0,False,0.0,True,0.8267552359589023,False,0.0,True,0.037488415508794386,True,0.13575634853230334
AGE-MOEA,27,cocoso,robust,0.18211778623241356,3,"{""criteria"": [0, 4, 8], ""method"": ""cocoso"", ""normalization"": ""robust"", ""top_k_rate"": 0.1821, ""weights"": [0.4594, 0.4687, 0.0719]}",0.17059871038979413,0.1056195535382416,0.4444059577416002,0.5605069162594218,0.18211778623241356,0.3333333333333333,0.8294012896102059,0.8806734992679356,0.4058019902175746,0.5555940422583998,0.8943804464617584,0.9710834553440703,0.2840167005673911,0.43949308374057816,0.9750566260424365,0.18211778623241356,0.3333333333333333,True,0.45941646432740735,False,0.0,False,0.0,False,0.0,True,0.4686584700288981,False,0.0,False,0.0,False,0.0,True,0.07192506564369444
AGE-MOEA,28,vikor,sum,0.17987191609987555,6,"{""criteria"": [0, 3, 4, 6, 7, 8], ""method"": ""vikor"", ""normalization"": ""sum"", ""top_k_rate"": 0.1799, ""weights"": [0.5159, 0.0017, 0.0098, 0.4389, 0.0089, 0.0249]}",0.09029428991622057,0.0387025243699165,0.4023414860322244,0.5586012127253093,0.17987191609987555,0.6666666666666666,0.9097057100837794,0.955522609340252,0.4348119413054478,0.5976585139677756,0.9612974756300835,0.9848035581912528,0.28444492024408524,0.4413987872746907,0.986917825500337,0.17987191609987555,0.6666666666666666,True,0.5158534230449574,False,0.0,False,0.0,True,0.0016797467382108863,True,0.009758220557322029,False,0.0,True,0.4389001311342368,True,0.00893649525615075,True,0.0248719832691221
AGE-MOEA,29,vikor,sum,0.11580667130017477,7,"{""criteria"": [1, 3, 4, 5, 6, 7, 8], ""method"": ""vikor"", ""normalization"": ""sum"", ""top_k_rate"": 0.1158, ""weights"": [0.0303, 0.0036, 0.6404, 0.2035, 0.0754, 0.0093, 0.0375]}",0.2944708319576098,0.1311084653067741,0.6146621445343073,0.6869471023650479,0.11580667130017477,0.7777777777777778,0.7055291680423902,0.8503166378814048,0.24911452184179456,0.38533785546569266,0.8688915346932259,0.998272884283247,0.18563322984691147,0.31305289763495214,0.9985143790305981,0.11580667130017477,0.7777777777777778,False,0.0,True,0.03030621176249229,False,0.0,True,0.003606742614798964,True,0.6403756082676121,True,0.20350175064503534,True,0.07541391418314301,True,0.009289962545534769,True,0.03750580998138371
AGE-MOEA,30,vikor,sum,0.011041312969401761,5,"{""criteria"": [0, 3, 4, 7, 8], ""method"": ""vikor"", ""normalization"": ""sum"", ""top_k_rate"": 0.011, ""weights"": [0.7958, 0.0779, 0.0154, 0.0144, 0.0966]}",0.09029050328462329,0.0,0.9455291222313371,0.9650783633112443,0.011041312969401761,0.5555555555555556,0.9097094967153767,1.0,0.0279979760499241,0.054470877768662836,1.0,1.0,0.01777111658280698,0.034921636688755656,1.0,0.011041312969401761,0.5555555555555556,True,0.7957524281520593,False,0.0,False,0.0,True,0.07791454010083454,True,0.015387186469228882,False,0.0,False,0.0,True,0.01438545240178545,True,0.09656039287609174
AGE-MOEA,31,cocoso,sum,0.08611784154163425,5,"{""criteria"": [1, 3, 4, 6, 7], ""method"": ""cocoso"", ""normalization"": ""sum"", ""top_k_rate"": 0.0861, ""weights"": [0.3765, 0.0416, 0.4357, 0.1374, 0.0088]}",0.21006224086753,0.12650167560067138,0.6945021465171028,0.7569829775228063,0.08611784154163425,0.5555555555555556,0.78993775913247,0.8537151702786377,0.18603474447630292,0.3054978534828971,0.8734983243993286,1.0,0.13831495557220855,0.24301702247719364,1.0,0.08611784154163425,0.5555555555555556,False,0.0,True,0.37654542261867135,False,0.0,True,0.04156035845731808,True,0.43568650713044377,False,0.0,True,0.13741680701503453,True,0.008790904778532225,False,0.0
AGE-MOEA,32,cocoso,sum,0.014755191078207004,3,"{""criteria"": [0, 3, 7], ""method"": ""cocoso"", ""normalization"": ""sum"", ""top_k_rate"": 0.0148, ""weights"": [0.9864, 0.0109, 0.0027]}",0.08865700437106439,0.0,0.9278166151845229,0.9535710551082296,0.014755191078207004,0.3333333333333333,0.9113429956289356,1.0,0.037443076404115365,0.07218338481547716,1.0,1.0,0.023766192056525,0.046428944891770366,1.0,0.014755191078207004,0.3333333333333333,True,0.9863691739823892,False,0.0,False,0.0,True,0.010945763103215364,False,0.0,False,0.0,False,0.0,True,0.002685062914395461,False,0.0
AGE-MOEA,33,topsis,robust,0.11722535028367013,3,"{""criteria"": [0, 4, 8], ""method"": ""topsis"", ""normalization"": ""robust"", ""top_k_rate"": 0.1172, ""weights"": [0.4934, 0.4854, 0.0212]}",0.16155712443087467,0.039877946408569676,0.5634755463059313,0.6837837837837838,0.11722535028367013,0.3333333333333333,0.8384428755691253,0.953951108584423,0.2830156856130882,0.4365244536940687,0.9601220535914303,0.9977259806708357,0.18788138314955571,0.3162162162162162,0.9980906074177349,0.11722535028367013,0.3333333333333333,True,0.49344870755413356,False,0.0,False,0.0,False,0.0,True,0.48539145624626695,False,0.0,False,0.0,False,0.0,True,0.021159836199599647
AGE-MOEA,34,edas,robust,0.07789630329554634,4,"{""criteria"": [3, 4, 7, 8], ""method"": ""edas"", ""normalization"": ""robust"", ""top_k_rate"": 0.0779, ""weights"": [0.0751, 0.7891, 0.0092, 0.1266]}",0.34303786795995694,0.12615665918935115,0.7182304874612567,0.7775451950523311,0.07789630329554634,0.4444444444444444,0.6569621320400431,0.8554319931565441,0.16866250632484397,0.28176951253874327,0.8738433408106488,1.0,0.1251472005138636,0.22245480494766887,1.0,0.07789630329554634,0.4444444444444444,False,0.0,False,0.0,False,0.0,True,0.07507129220981412,True,0.7891085073543092,False,0.0,False,0.0,True,0.009230745670688649,True,0.12658945476518804
AGE-MOEA,35,cocoso,sum,0.1538415547714684,8,"{""criteria"": [0, 1, 3, 4, 5, 6, 7, 8], ""method"": ""cocoso"", ""normalization"": ""sum"", ""top_k_rate"": 0.1538, ""weights"": [0.705, 0.0076, 0.0129, 0.0225, 0.1169, 0.0388, 0.0055, 0.0908]}",0.09339739909990763,0.03270578593335982,0.46072599247298773,0.6059747617821272,0.1538415547714684,0.8888888888888888,0.9066026009000924,0.9623050259965338,0.3745994265474785,0.5392740075270123,0.9672942140666402,0.994367417677643,0.24569103950326518,0.39402523821787283,0.9952246725499021,0.1538415547714684,0.8888888888888888,True,0.7049863890210695,True,0.007578794249508444,False,0.0,True,0.012930924407706133,True,0.022466862543814303,True,0.11687691305170243,True,0.038784214242825465,True,0.005538258204438228,True,0.09083764427893541
AGE-MOEA,36,topsis,sum,0.010732072732773714,4,"{""criteria"": [4, 6, 7, 8], ""method"": ""topsis"", ""normalization"": ""sum"", ""top_k_rate"": 0.0107, ""weights"": [0.856, 0.005, 0.0006, 0.1384]}",0.3927358742555247,0.2122349974123704,0.9602627257799672,0.9661123973900232,0.010732072732773714,0.4444444444444444,0.6072641257444753,0.7515527950310559,0.02040816326530612,0.039737274220032835,0.7877650025876296,1.0,0.0172358419869393,0.03388760260997684,1.0,0.010732072732773714,0.4444444444444444,False,0.0,False,0.0,False,0.0,False,0.0,True,0.8559814354205106,False,0.0,True,0.004958218342410316,True,0.0006409862488821914,True,0.1384193599881968
AGE-MOEA,37,cocoso,robust,0.1161854669435509,4,"{""criteria"": [0, 4, 6, 8], ""method"": ""cocoso"", ""normalization"": ""robust"", ""top_k_rate"": 0.1162, ""weights"": [0.0413, 0.8698, 0.0381, 0.0509]}",0.31620632859209896,0.17612502215837855,0.6352971845672575,0.6854926019487549,0.1161854669435509,0.4444444444444444,0.683793671407901,0.8026391279403328,0.23595884634845674,0.36470281543274247,0.8238749778416214,1.0,0.18659672411947328,0.31450739805124506,1.0,0.1161854669435509,0.4444444444444444,True,0.0412513129856947,False,0.0,False,0.0,False,0.0,True,0.8697967398861662,False,0.0,True,0.038099672756604044,False,0.0,True,0.050852274371535035
AGE-MOEA,38,topsis,robust,0.09051737871465718,3,"{""criteria"": [3, 4, 8], ""method"": ""topsis"", ""normalization"": ""robust"", ""top_k_rate"": 0.0905, ""weights"": [0.0867, 0.8111, 0.1022]}",0.3550626017099423,0.1749006031793806,0.7005626458076025,0.7461444994859332,0.09051737871465718,0.3333333333333333,0.6449373982900577,0.8033873343151694,0.1840107944004048,0.2994373541923975,0.8250993968206194,1.0,0.14538058023766193,0.25385550051406675,1.0,0.09051737871465718,0.3333333333333333,False,0.0,False,0.0,False,0.0,True,0.0866738537832477,True,0.8111386308122359,False,0.0,False,0.0,False,0.0,True,0.10218751540451639
AGE-MOEA,39,topsis,sum,0.012285827504850036,3,"{""criteria"": [0, 3, 4], ""method"": ""topsis"", ""normalization"": ""sum"", ""top_k_rate"": 0.0123, ""weights"": [0.0081, 0.0069, 0.985]}",0.3266260740966276,0.0,0.9394831534183841,0.9611589334453076,0.012285827504850036,0.3333333333333333,0.6733739259033724,1.0,0.031202563670096137,0.06051684658161596,1.0,1.0,0.019805160047104163,0.038841066554692424,1.0,0.012285827504850036,0.3333333333333333,True,0.008148765538903546,False,0.0,False,0.0,True,0.006888336643586751,True,0.9849628978175098,False,0.0,False,0.0,False,0.0,False,0.0
AGE-MOEA,40,cocoso,robust,0.05992002188733954,3,"{""criteria"": [3, 4, 7], ""method"": ""cocoso"", ""normalization"": ""robust"", ""top_k_rate"": 0.0599, ""weights"": [0.0506, 0.9488, 0.0006]}",0.33773561939899,0.0437456051610543,0.7504393673110721,0.8244140625,0.05992002188733954,0.3333333333333333,0.66226438060101,0.9477196885428254,0.14370045538876708,0.24956063268892795,0.9562543948389457,1.0,0.09624237233700889,0.17558593749999998,1.0,0.05992002188733954,0.3333333333333333,False,0.0,False,0.0,False,0.0,True,0.05064705531624888,True,0.948785438679962,False,0.0,False,0.0,True,0.0005675060037890323,False,0.0
AGE-MOEA,41,vikor,robust,0.08087915487158248,3,"{""criteria"": [1, 3, 4], ""method"": ""vikor"", ""normalization"": ""robust"", ""top_k_rate"": 0.0809, ""weights"": [0.3747, 0.0065, 0.6189]}",0.26153961011497673,0.09332821609325814,0.6967660646787064,0.769966840360019,0.08087915487158248,0.3333333333333333,0.7384603898850233,0.8920922570016474,0.18266149434980603,0.30323393532129356,0.9066717839067419,1.0,0.12996467187667274,0.23003315963998106,1.0,0.08087915487158248,0.3333333333333333,False,0.0,True,0.3746564507348978,False,0.0,True,0.006473521800691511,True,0.6188700274644107,False,0.0,False,0.0,False,0.0,False,0.0
AGE-MOEA,42,edas,sum,0.15546704069297185,3,"{""criteria"": [0, 3, 7], ""method"": ""edas"", ""normalization"": ""sum"", ""top_k_rate"": 0.1555, ""weights"": [0.9187, 0.08, 0.0013]}",0.0908873248624017,0.025509983926075397,0.4516402372594117,0.6026728347468517,0.15546704069297185,0.3333333333333333,0.9091126751375983,0.9712692967409948,0.3820205768257716,0.5483597627405883,0.9744900160739246,0.9944253859348199,0.24826035756343004,0.39732716525314826,0.9952476441208389,0.15546704069297185,0.3333333333333333,True,0.9187191479657709,False,0.0,False,0.0,True,0.08002630663753806,False,0.0,False,0.0,False,0.0,True,0.001254545396691088,False,0.0
AGE-MOEA,43,cocoso,sum,0.1824497870541386,4,"{""criteria"": [0, 3, 4, 7], ""method"": ""cocoso"", ""normalization"": ""sum"", ""top_k_rate"": 0.1824, ""weights"": [0.5119, 0.0089, 0.4788, 0.0004]}",0.1621215778555638,0.10296043616239603,0.44195707362104786,0.560026494452724,0.1824497870541386,0.4444444444444444,0.8378784221444362,0.8834490317866277,0.40782594029347274,0.5580429263789521,0.897039563837604,0.9707709170624772,0.28444492024408524,0.43997350554727604,0.9747538632283808,0.1824497870541386,0.4444444444444444,True,0.5119490662621481,False,0.0,False,0.0,True,0.008850899645553368,True,0.47883876439560735,False,0.0,False,0.0,True,0.00036126969669110617,False,0.0
AGE-MOEA,44,topsis,sum,0.04956991152578691,8,"{""criteria"": [0, 1, 3, 4, 5, 6, 7, 8], ""method"": ""topsis"", ""normalization"": ""sum"", ""top_k_rate"": 0.0496, ""weights"": [0.4932, 0.0221, 0.0324, 0.2285, 0.147, 0.0445, 0.0068, 0.0257]}",0.10579332533182662,0.0013884809952983135,0.7773115540236775,0.8524541398116015,0.04956991152578691,0.8888888888888888,0.8942066746681734,0.9986559139784946,0.12531624219935908,0.2226884459763225,0.9986115190047017,1.0,0.0796488598651108,0.1475458601883986,1.0,0.04956991152578691,0.8888888888888888,True,0.4931775628956667,True,0.022051380950828495,False,0.0,True,0.03240260730042086,True,0.22845063962139042,True,0.1469510602405812,True,0.04445142215143323,True,0.006846355131389348,True,0.02566897170828981
AGE-MOEA,45,vikor,robust,0.0807725348427027,7,"{""criteria"": [0, 1, 3, 4, 6, 7, 8], ""method"": ""vikor"", ""normalization"": ""robust"", ""top_k_rate"": 0.0808, ""weights"": [0.0513, 0.282, 0.0019, 0.5291, 0.118, 0.0113, 0.0064]}",0.24640427290855704,0.04671845475797254,0.6787564766839378,0.7703022837107931,0.0807725348427027,0.7777777777777778,0.753595727091443,0.9463696369636964,0.19345589475459604,0.32124352331606215,0.9532815452420275,1.0,0.12975056203832566,0.22969771628920685,1.0,0.0807725348427027,0.7777777777777778,True,0.05131990868424832,True,0.2820026135100903,False,0.0,True,0.0018668879452172185,True,0.5291365331440028,False,0.0,True,0.11798602969418082,True,0.011304911001158335,True,0.006383116021102235
AGE-MOEA,46,topsis,sum,0.03493449982266101,3,"{""criteria"": [4, 6, 8], ""method"": ""topsis"", ""normalization"": ""sum"", ""top_k_rate"": 0.0349, ""weights"": [0.8516, 0.0049, 0.1435]}",0.39237309802900777,0.22942217489036576,0.8772663877266388,0.8937658388241256,0.03493449982266101,0.3333333333333333,0.6076269019709922,0.7557251908396947,0.06679035250463822,0.12273361227336121,0.7705778251096342,1.0,0.056096777646932876,0.10623416117587431,1.0,0.03493449982266101,0.3333333333333333,False,0.0,False,0.0,False,0.0,False,0.0,True,0.8515868883980522,False,0.0,True,0.004932763206642524,False,0.0,True,0.1434803483953052
AGE-MOEA,47,vikor,sum,0.12063623608564983,5,"{""criteria"": [3, 4, 6, 7, 8], ""method"": ""vikor"", ""normalization"": ""sum"", ""top_k_rate"": 0.1206, ""weights"": [0.0029, 0.5098, 0.4501, 0.0073, 0.0299]}",0.3444377312895086,0.2624448807037487,0.6549941852952578,0.6753654380773024,0.12063623608564983,0.5555555555555556,0.6555622687104914,0.7375690607734806,0.22516444594366672,0.34500581470474223,0.7375551192962513,1.0,0.1937694037041002,0.3246345619226975,1.0,0.12063623608564983,0.5555555555555556,False,0.0,False,0.0,False,0.0,True,0.002884322020687995,True,0.5098010547004936,False,0.0,True,0.4501293568976468,True,0.007327006261564813,True,0.02985826011960669
AGE-MOEA,48,vikor,sum,0.07987976988809786,7,"{""criteria"": [0, 3, 4, 5, 6, 7, 8], ""method"": ""vikor"", ""normalization"": ""sum"", ""top_k_rate"": 0.0799, ""weights"": [0.6553, 0.0001, 0.0476, 0.2233, 0.032, 0.014, 0.0277]}",0.09265956542279996,0.011446221402428014,0.6680695847362514,0.7724857685009487,0.07987976988809786,0.7777777777777778,0.9073404345772,0.9866555462885738,0.19952774498229045,0.3319304152637486,0.988553778597572,1.0,0.1283588480890697,0.22751423149905126,1.0,0.07987976988809786,0.7777777777777778,True,0.6552514836491947,False,0.0,False,0.0,True,9.950114997660096e-05,True,0.04763901786244767,True,0.22332904377349838,True,0.03200796658531723,True,0.013990609987246104,True,0.02768237699231935
AGE-MOEA,49,cocoso,sum,0.196186501523919,6,"{""criteria"": [0, 1, 3, 4, 7, 8], ""method"": ""cocoso"", ""normalization"": ""sum"", ""top_k_rate"": 0.1962, ""weights"": [0.4795, 0.0159, 0.0085, 0.4418, 0.05, 0.0043]}",0.15929184245200245,0.1091372678993795,0.4181695220919748,0.5402149137088896,0.196186501523919,0.6666666666666666,0.8407081575479975,0.8769962623173633,0.43531792882442233,0.5818304779080252,0.8908627321006205,0.9595650696568128,0.30232309174606575,0.4597850862911104,0.964927994670315,0.196186501523919,0.6666666666666666,True,0.4795441879125617,True,0.01590642224119119,False,0.0,True,0.008470409407609408,True,0.44181765177079035,False,0.0,False,0.0,True,0.04995967807943522,True,0.004301650588412105
AGE-MOEA,50,vikor,robust,0.016447136339111303,3,"{""criteria"": [0, 4, 5], ""method"": ""vikor"", ""normalization"": ""robust"", ""top_k_rate"": 0.0164, ""weights"": [0.4556, 0.4346, 0.1098]}",0.16859193311817822,0.0033050333284031508,0.9203367875647668,0.9484772632457238,0.016447136339111303,0.3333333333333333,0.8314080668818218,0.9959514170040485,0.04149097655591162,0.07966321243523317,0.9966949666715968,1.0,0.026442565035863397,0.05152273675427618,1.0,0.016447136339111303,0.3333333333333333,True,0.4556041417803765,False,0.0,False,0.0,False,0.0,True,0.43457458530444254,True,0.10982127291518104,False,0.0,False,0.0,False,0.0
AGE-MOEA,51,vikor,sum,0.14471469778386725,3,"{""criteria"": [3, 4, 8], ""method"": ""vikor"", ""normalization"": ""sum"", ""top_k_rate"": 0.1447, ""weights"": [0.2072, 0.7277, 0.0651]}",0.3305057213532345,0.21983424420272124,0.5962962962962963,0.6285615010423906,0.14471469778386725,0.3333333333333333,0.6694942786467655,0.753109166282819,0.2757631978411199,0.40370370370370373,0.7801657557972788,0.9847996315062183,0.22888341719302002,0.37143849895760944,0.9867106634748594,0.14471469778386725,0.3333333333333333,False,0.0,False,0.0,False,0.0,True,0.20723499780391513,True,0.7276576522714425,False,0.0,False,0.0,False,0.0,True,0.0651073499246424
AGE-MOEA,52,topsis,sum,0.12813300883154932,5,"{""criteria"": [1, 3, 4, 6, 7], ""method"": ""topsis"", ""normalization"": ""sum"", ""top_k_rate"": 0.1281, ""weights"": [0.0079, 0.0474, 0.5038, 0.4367, 0.0041]}",0.2640441471933791,0.21203512316629047,0.6275633677238568,0.6587054958714376,0.12813300883154932,0.5555555555555556,0.7359558528066209,0.7606659729448492,0.24658458424692192,0.37243663227614315,0.7879648768337095,1.0,0.20575955465153623,0.3412945041285625,1.0,0.12813300883154932,0.5555555555555556,False,0.0,True,0.00794860685886753,False,0.0,True,0.047350146370873245,True,0.5038466919945814,False,0.0,True,0.43671519442231826,True,0.004139360353359536,False,0.0
AGE-MOEA,53,vikor,sum,0.04921726343300749,4,"{""criteria"": [0, 3, 4, 7], ""method"": ""vikor"", ""normalization"": ""sum"", ""top_k_rate"": 0.0492, ""weights"": [0.9297, 0.009, 0.0364, 0.0249]}",0.08846841775615788,0.0011220189251914814,0.7786442711457708,0.8533730158730158,0.04921726343300749,0.4444444444444444,0.9115315822438421,0.9986468200270636,0.12447292966773486,0.22135572885422916,0.9988779810748085,1.0,0.07911358526924313,0.14662698412698413,1.0,0.04921726343300749,0.4444444444444444,True,0.9296812726286793,False,0.0,False,0.0,True,0.009030417477650269,True,0.03635501763080313,False,0.0,False,0.0,True,0.02493329226286749,False,0.0
AGE-MOEA,54,vikor,sum,0.07708256910269565,6,"{""criteria"": [1, 3, 4, 5, 7, 8], ""method"": ""vikor"", ""normalization"": ""sum"", ""top_k_rate"": 0.0771, ""weights"": [0.0003, 0.0068, 0.6676, 0.2072, 0.0098, 0.1083]}",0.31543260585543953,0.09325816027615896,0.707310189105278,0.7795770622975805,0.07708256910269565,0.6666666666666666,0.6845673941445605,0.8962834917891098,0.1749030190588632,0.292689810894722,0.906741839723841,1.0,0.12386254148378117,0.22042293770241947,1.0,0.07708256910269565,0.6666666666666666,False,0.0,True,0.0002813687356642853,False,0.0,True,0.006845715535628191,True,0.6675680132725049,True,0.20717416349991746,False,0.0,True,0.009843978480261355,True,0.10828676047602374
AGE-MOEA,55,cocoso,robust,0.19037798823036653,3,"{""criteria"": [3, 4, 6], ""method"": ""cocoso"", ""normalization"": ""robust"", ""top_k_rate"": 0.1904, ""weights"": [0.2063, 0.7272, 0.0665]}",0.29877165099735026,0.2543284981939419,0.5337507114399545,0.5415266049028449,0.19037798823036653,0.3333333333333333,0.7012283490026497,0.7170868347338936,0.3454208129532805,0.46624928856004555,0.7456715018060581,0.9789915966386554,0.29932555400920674,0.45847339509715507,0.9819968374212371,0.19037798823036653,0.3333333333333333,False,0.0,False,0.0,False,0.0,True,0.20625673791064977,True,0.727243584803314,False,0.0,True,0.06649967728603634,False,0.0,False,0.0
AGE-MOEA,56,topsis,sum,0.15677007367576068,7,"{""criteria"": [0, 1, 3, 4, 6, 7, 8], ""method"": ""topsis"", ""normalization"": ""sum"", ""top_k_rate"": 0.1568, ""weights"": [0.2608, 0.0045, 0.058, 0.6174, 0.0281, 0.0039, 0.0272]}",0.2428920908968607,0.13475008080916961,0.5191402004588817,0.6009578380227487,0.15677007367576068,0.7777777777777778,0.7571079091031393,0.8465136054421769,0.3358070500927644,0.4808597995411183,0.8652499191908304,0.9919217687074829,0.24975912643185955,0.3990421619772513,0.9930487416496913,0.15677007367576068,0.7777777777777778,True,0.2607862976110059,True,0.004547493315074322,False,0.0,True,0.05803130665356251,True,0.6174274623925722,False,0.0,True,0.02810466163425357,True,0.003939482244263078,True,0.02716329614926822
AGE-MOEA,57,cocoso,robust,0.11518041801665109,3,"{""criteria"": [0, 7, 8], ""method"": ""cocoso"", ""normalization"": ""robust"", ""top_k_rate"": 0.1152, ""weights"": [0.9412, 0.0066, 0.0522]}",0.08901137940661863,0.009807830375732518,0.5538722737364503,0.6884994127744151,0.11518041801665109,0.3333333333333333,0.9109886205933814,0.9884259259259259,0.28807556080283353,0.4461277262635497,0.9901921696242675,0.9976851851851852,0.18456268065517611,0.31150058722558494,0.9980564105633122,0.11518041801665109,0.3333333333333333,True,0.9411864976994783,False,0.0,False,0.0,False,0.0,False,0.0,False,0.0,False,0.0,True,0.006596393364929792,True,0.05221710893559201
AGE-MOEA,58,cocoso,robust,0.11639584019231806,6,"{""criteria"": [0, 3, 4, 5, 6, 8], ""method"": ""cocoso"", ""normalization"": ""robust"", ""top_k_rate"": 0.1164, ""weights"": [0.2948, 0.0791, 0.2819, 0.0489, 0.2796, 0.0157]}",0.156899516812951,0.0421931215971163,0.5671661237785016,0.6857580950662938,0.11639584019231806,0.6666666666666666,0.843100483187049,0.9513172966781214,0.28014842300556586,0.4328338762214984,0.9578068784028837,0.997709049255441,0.18648966920029975,0.31424190493370613,0.998081424159269,0.11639584019231806,0.6666666666666666,True,0.29478407451587846,False,0.0,False,0.0,True,0.07911393244110929,True,0.2819387958451289,True,0.048879964722380785,True,0.2796227363142281,False,0.0,True,0.01566049616127455
AGE-MOEA,59,cocoso,robust,0.0827342710739162,3,"{""criteria"": [0, 3, 7], ""method"": ""cocoso"", ""normalization"": ""robust"", ""top_k_rate"": 0.0827, ""weights"": [0.9065, 0.0067, 0.0868]}",0.08887356967254256,0.0020308391798820047,0.6546722454672245,0.7654507654507654,0.0827342710739162,0.3333333333333333,0.9111264303274574,0.9975825946817083,0.20880418283015686,0.3453277545327755,0.997969160820118,1.0,0.1328551546943582,0.23454923454923457,1.0,0.0827342710739162,0.3333333333333333,True,0.9064802844556932,False,0.0,False,0.0,True,0.006749997980292367,False,0.0,False,0.0,False,0.0,True,0.08676971756401443,False,0.0
AGE-MOEA,60,edas,sum,0.08611784154163425,4,"{""criteria"": [1, 3, 4, 7], ""method"": ""edas"", ""normalization"": ""sum"", ""top_k_rate"": 0.0861, ""weights"": [0.9022, 0.0084, 0.0877, 0.0017]}",0.1912510148049763,0.1317242575102835,0.6967179061071873,0.7569829775228063,0.08611784154163425,0.4444444444444444,0.8087489851950237,0.8475232198142415,0.18468544442570417,0.30328209389281263,0.8682757424897165,1.0,0.13831495557220855,0.24301702247719364,1.0,0.08611784154163425,0.4444444444444444,False,0.0,True,0.9022340038631972,False,0.0,True,0.008361562795952475,True,0.08765612771270329,False,0.0,False,0.0,True,0.0017483056281469539,False,0.0
AGE-MOEA,61,cocoso,sum,0.08634596088519633,4,"{""criteria"": [0, 1, 4, 7], ""method"": ""cocoso"", ""normalization"": ""sum"", ""top_k_rate"": 0.0863, ""weights"": [0.3894, 0.1799, 0.3934, 0.0373]}",0.14800803671210194,0.030644645909836954,0.6542560553633218,0.7563222713171007,0.08634596088519633,0.4444444444444444,0.8519919632878981,0.9637345679012346,0.21065947039973015,0.34574394463667824,0.969355354090163,1.0,0.1387431752489027,0.2436777286828993,1.0,0.08634596088519633,0.4444444444444444,True,0.3893746717516064,True,0.17992985501742756,False,0.0,False,0.0,True,0.3933715151879583,False,0.0,False,0.0,True,0.03732395804300791,False,0.0
AGE-MOEA,62,cocoso,sum,0.0599218698187565,5,"{""criteria"": [0, 3, 4, 6, 7], ""method"": ""cocoso"", ""normalization"": ""sum"", ""top_k_rate"": 0.0599, ""weights"": [0.7967, 0.0145, 0.181, 0.002, 0.0058]}",0.0957920730949523,0.0020021729255199627,0.7372583479789103,0.8244140625,0.0599218698187565,0.5555555555555556,0.9042079269050477,0.9977753058954394,0.15129026817338506,0.2627416520210897,0.99799782707448,1.0,0.09624237233700889,0.17558593749999998,1.0,0.0599218698187565,0.5555555555555556,True,0.7966620879569206,False,0.0,False,0.0,True,0.014524211024188098,True,0.1810483340958141,False,0.0,True,0.0020104951498757812,True,0.005754871773201431,False,0.0
AGE-MOEA,63,vikor,sum,0.10150838690642547,3,"{""criteria"": [1, 3, 6], ""method"": ""vikor"", ""normalization"": ""sum"", ""top_k_rate"": 0.1015, ""weights"": [0.9545, 0.0206, 0.0249]}",0.18991705805060477,0.10644610400921373,0.6409017713365539,0.721097201767305,0.10150838690642547,0.3333333333333333,0.8100829419493952,0.8785292186474064,0.22567043346264126,0.35909822866344604,0.8935538959907863,0.9947472094550229,0.16218820254790708,0.2789027982326951,0.9955986235837405,0.10150838690642547,0.3333333333333333,False,0.0,True,0.9545173286044044,False,0.0,True,0.02056231608134977,False,0.0,False,0.0,True,0.02492035531424583,False,0.0,False,0.0
AGE-MOEA,64,cocoso,robust,0.05388151937557271,5,"{""criteria"": [3, 4, 5, 7, 8], ""method"": ""cocoso"", ""normalization"": ""robust"", ""top_k_rate"": 0.0539, ""weights"": [0.0149, 0.7878, 0.1447, 0.0115, 0.0411]}",0.3086786490278566,0.037399360762865985,0.7693677649154052,0.840591133004926,0.05388151937557271,0.5555555555555556,0.6913213509721434,0.9604449938195303,0.13105076741440377,0.23063223508459488,0.962600639237134,1.0,0.08660742961139065,0.1594088669950739,1.0,0.05388151937557271,0.5555555555555556,False,0.0,False,0.0,False,0.0,True,0.014901653107498799,True,0.7877632970157978,True,0.14470129668585222,False,0.0,True,0.01152403494167512,True,0.041109718249176176
AGE-MOEA,65,topsis,sum,0.012693988266964731,4,"{""criteria"": [3, 4, 7, 8], ""method"": ""topsis"", ""normalization"": ""sum"", ""top_k_rate"": 0.0127, ""weights"": [0.0154, 0.8576, 0.0024, 0.1247]}",0.38730131560498426,0.11130368414674419,0.9454248366013072,0.9599244649601343,0.012693988266964731,0.4444444444444444,0.6126986843950157,0.8743455497382199,0.028166638556248947,0.05457516339869282,0.8886963158532558,1.0,0.02044748956214538,0.04007553503986572,1.0,0.012693988266964731,0.4444444444444444,False,0.0,False,0.0,False,0.0,True,0.01536827708296794,True,0.8575717969418005,False,0.0,False,0.0,True,0.0023762170999937346,True,0.1246837088752377
AGE-MOEA,66,vikor,robust,0.084955043018412,3,"{""criteria"": [0, 4, 7], ""method"": ""vikor"", ""normalization"": ""robust"", ""top_k_rate"": 0.085, ""weights"": [0.5238, 0.4756, 0.0006]}",0.16326171362145625,0.023037731108780934,0.6557468073292616,0.7597965335342879,0.084955043018412,0.3333333333333333,0.8367382863785437,0.9725490196078431,0.20914150784280655,0.34425319267073845,0.9769622688912191,1.0,0.13649502194625843,0.24020346646571214,1.0,0.084955043018412,0.3333333333333333,True,0.5238460377938466,False,0.0,False,0.0,False,0.0,True,0.4755882690126368,False,0.0,False,0.0,True,0.0005656931935166285,False,0.0
AGE-MOEA,67,cocoso,sum,0.19629139822609734,3,"{""criteria"": [0, 3, 7], ""method"": ""cocoso"", ""normalization"": ""sum"", ""top_k_rate"": 0.1963, ""weights"": [0.8994, 0.0165, 0.0842]}",0.08874138547720112,0.045743679403026705,0.3709713770565697,0.5308481198111672,0.19629139822609734,0.3333333333333333,0.9112586145227989,0.9477079796264856,0.4707370551526396,0.6290286229434303,0.9542563205969733,0.9786078098471986,0.3085322770581308,0.46915188018883275,0.9814973835052169,0.19629139822609734,0.3333333333333333,True,0.8993730873196586,False,0.0,False,0.0,True,0.016470914678540036,False,0.0,False,0.0,False,0.0,True,0.08415599800180153,False,0.0
AGE-MOEA,68,cocoso,robust,0.05992002188733954,4,"{""criteria"": [0, 3, 4, 7], ""method"": ""cocoso"", ""normalization"": ""robust"", ""top_k_rate"": 0.0599, ""weights"": [0.4695, 0.0261, 0.5042, 0.0003]}",0.17112529494561546,0.0020708466430272576,0.7372583479789103,0.8244140625,0.05992002188733954,0.4444444444444444,0.8288747050543845,0.9977753058954394,0.15129026817338506,0.2627416520210897,0.9979291533569727,1.0,0.09624237233700889,0.17558593749999998,1.0,0.05992002188733954,0.4444444444444444,True,0.4694589423325737,False,0.0,False,0.0,True,0.02607575697030357,True,0.5041637404729173,False,0.0,False,0.0,True,0.0003015602242053663,False,0.0
AGE-MOEA,69,vikor,robust,0.0854764410210635,5,"{""criteria"": [0, 1, 3, 4, 7], ""method"": ""vikor"", ""normalization"": ""robust"", ""top_k_rate"": 0.0855, ""weights"": [0.8888, 0.0393, 0.0092, 0.0612, 0.0016]}",0.08932452422516413,0.007315200291661328,0.6472545757071548,0.7584713855421686,0.0854764410210635,0.5555555555555556,0.9106754757748359,0.9914263445050663,0.21453870804520156,0.3527454242928452,0.9926847997083387,1.0,0.13735146129964673,0.24152861445783136,1.0,0.0854764410210635,0.5555555555555556,True,0.8887619657719248,True,0.03925617230083663,False,0.0,True,0.009181918327574087,True,0.06115396953273513,False,0.0,False,0.0,True,0.001645974066929422,False,0.0
AGE-MOEA,70,vikor,sum,0.10699203407316864,8,"{""criteria"": [0, 1, 3, 4, 5, 6, 7, 8], ""method"": ""vikor"", ""normalization"": ""sum"", ""top_k_rate"": 0.107, ""weights"": [0.3879, 0.0003, 0.0273, 0.3803, 0.1181, 0.0205, 0.0056, 0.06]}",0.1735716478745737,0.03396128135210108,0.5906556941863552,0.7067421889274621,0.10699203407316864,0.8888888888888888,0.8264283521254263,0.9607476635514018,0.26007758475290943,0.4093443058136447,0.9660387186478989,1.0,0.17182314527352532,0.29325781107253795,1.0,0.10699203407316864,0.8888888888888888,True,0.38794631382212985,True,0.00026197037478848333,False,0.0,True,0.02727670523157218,True,0.38029042938770924,True,0.11810894157289879,True,0.020466534628261247,True,0.005607774382104515,True,0.060041330600535715
AGE-MOEA,71,topsis,sum,0.055218297805857325,6,"{""criteria"": [0, 1, 3, 4, 6, 7], ""method"": ""topsis"", ""normalization"": ""sum"", ""top_k_rate"": 0.0552, ""weights"": [0.745, 0.0038, 0.2, 0.0485, 0.0013, 0.0014]}",0.09281091912470996,0.013662136023592009,0.7585084344480616,0.8369714847590954,0.055218297805857325,0.6666666666666666,0.90718908087529,0.9843184559710495,0.1376286051610727,0.2414915655519384,0.986337863976408,1.0,0.08874852799486137,0.16302851524090461,1.0,0.055218297805857325,0.6666666666666666,True,0.7449534352361523,True,0.0038326956288574194,False,0.0,True,0.20003882833892045,True,0.048489782215585274,False,0.0,True,0.0012703305532062914,True,0.0014149280272783547,False,0.0
AGE-MOEA,72,cocoso,sum,0.11681693299856387,7,"{""criteria"": [0, 1, 4, 5, 6, 7, 8], ""method"": ""cocoso"", ""normalization"": ""sum"", ""top_k_rate"": 0.1168, ""weights"": [0.5117, 0.2838, 0.0163, 0.0895, 0.0281, 0.004, 0.0666]}",0.10725555200815173,0.012904965764060305,0.5503775058578495,0.6839733189111231,0.11681693299856387,0.7777777777777778,0.8927444479918483,0.9851682829435254,0.2912801484230056,0.44962249414215055,0.9870950342359397,1.0,0.18766727331120864,0.3160266810888769,1.0,0.11681693299856387,0.7777777777777778,True,0.5116763100487801,True,0.28383902316859666,False,0.0,False,0.0,True,0.01625631007286592,True,0.08953895643022411,True,0.02806302889129586,True,0.004007308206001799,True,0.06661906318223536
AGE-MOEA,73,vikor,robust,0.10856325901394095,5,"{""criteria"": [0, 1, 3, 4, 7], ""method"": ""vikor"", ""normalization"": ""robust"", ""top_k_rate"": 0.1086, ""weights"": [0.9261, 0.0398, 0.009, 0.025, 0.0]}",0.08908706208355721,0.005351845603641325,0.5715797830113787,0.7030082041932544,0.10856325901394095,0.5555555555555556,0.9109129379164428,0.9938612645794966,0.2730645977399224,0.42842021698862137,0.9946481543963587,1.0,0.17439246333369018,0.2969917958067457,1.0,0.10856325901394095,0.5555555555555556,True,0.9261277640085207,True,0.03977549253479515,False,0.0,True,0.009032545503476123,True,0.025044810618033972,False,0.0,False,0.0,True,1.938733517403994e-05,False,0.0
AGE-MOEA,74,vikor,sum,0.12063623608564983,4,"{""criteria"": [3, 4, 5, 7], ""method"": ""vikor"", ""normalization"": ""sum"", ""top_k_rate"": 0.1206, ""weights"": [0.0132, 0.2377, 0.7261, 0.023]}",0.16075590620506763,0.05950573150078675,0.5637679286729551,0.6796699847547305,0.12063623608564983,0.4444444444444444,0.8392440937949324,0.932596685082873,0.28470231067633667,0.43623207132704483,0.9404942684992132,0.9867403314917127,0.19120008564393534,0.3203300152452695,0.9887522808251609,0.12063623608564983,0.4444444444444444,False,0.0,False,0.0,False,0.0,True,0.013152805237930299,True,0.23769314820950824,True,0.7261209545193616,False,0.0,True,0.02303309203319989,False,0.0
AGE-MOEA,75,topsis,sum,0.07987976988809786,4,"{""criteria"": [4, 6, 7, 8], ""method"": ""topsis"", ""normalization"": ""sum"", ""top_k_rate"": 0.0799, ""weights"": [0.8112, 0.076, 0.0264, 0.0864]}",0.37807535894097166,0.3272703024960055,0.7744107744107744,0.7724857685009487,0.07987976988809786,0.4444444444444444,0.6219246410590283,0.6705587989991659,0.13560465508517455,0.22558922558922553,0.6727296975039945,1.0,0.1283588480890697,0.22751423149905126,1.0,0.07987976988809786,0.4444444444444444,False,0.0,False,0.0,False,0.0,False,0.0,True,0.8112169270268765,False,0.0,True,0.07595370327171236,True,0.026393159970086514,True,0.08643620973132468
AGE-MOEA,76,topsis,robust,0.11598588252632258,4,"{""criteria"": [0, 3, 4, 5], ""method"": ""topsis"", ""normalization"": ""robust"", ""top_k_rate"": 0.116, ""weights"": [0.2587, 0.1163, 0.5071, 0.1179]}",0.22111721046911403,0.05007048823935034,0.5717825009779632,0.6864903889540654,0.11598588252632258,0.4444444444444444,0.778882789530886,0.9436781609195403,0.2769438353853938,0.42821749902203676,0.9499295117606497,0.9982758620689656,0.18595439460443208,0.3135096110459345,0.998512187310816,0.11598588252632258,0.4444444444444444,True,0.2586570955480382,False,0.0,False,0.0,True,0.11629605839583447,True,0.5071349997724792,True,0.11791184628364809,False,0.0,False,0.0,False,0.0
AGE-MOEA,77,vikor,robust,0.05478197843023335,6,"{""criteria"": [1, 3, 4, 6, 7, 8], ""method"": ""vikor"", ""normalization"": ""robust"", ""top_k_rate"": 0.0548, ""weights"": [0.0369, 0.0642, 0.8662, 0.009, 0.0161, 0.0076]}",0.3225263805260252,0.04059092634527206,0.7683306176862688,0.8382367411197481,0.05478197843023335,0.6666666666666666,0.6774736194739748,0.9513381995133819,0.131894079946028,0.2316693823137313,0.9594090736547279,1.0,0.08799914356064661,0.1617632588802519,1.0,0.05478197843023335,0.6666666666666666,False,0.0,True,0.03686779328189679,False,0.0,True,0.06422910013980816,True,0.8661719509743947,False,0.0,True,0.009038262713972664,True,0.016097276188651168,True,0.007595616701276593
AGE-MOEA,78,edas,sum,0.07789630329554634,5,"{""criteria"": [3, 4, 6, 7, 8], ""method"": ""edas"", ""normalization"": ""sum"", ""top_k_rate"": 0.0779, ""weights"": [0.0132, 0.6596, 0.2138, 0.0078, 0.1056]}",0.3418168413322096,0.21808120467883996,0.7489433643279797,0.7775451950523311,0.07789630329554634,0.5555555555555556,0.6581831586677904,0.7621899059024807,0.150278293135436,0.2510566356720203,0.78191879532116,1.0,0.1251472005138636,0.22245480494766887,1.0,0.07789630329554634,0.5555555555555556,False,0.0,False,0.0,False,0.0,True,0.013211611320554605,True,0.6595745211266176,False,0.0,True,0.2138295164248474,True,0.0077608582888144114,True,0.10562349283916599
AGE-MOEA,79,cocoso,sum,0.1538415547714684,7,"{""criteria"": [1, 3, 4, 5, 6, 7, 8], ""method"": ""cocoso"", ""normalization"": ""sum"", ""top_k_rate"": 0.1538, ""weights"": [0.036, 0.0159, 0.7427, 0.1424, 0.0478, 0.0067, 0.0085]}",0.28536273887682495,0.21800704415664496,0.5775160859536239,0.6042578762125503,0.1538415547714684,0.7777777777777778,0.714637261123175,0.7538994800693241,0.2934727610052285,0.4224839140463761,0.781992955843355,0.9987001733102253,0.24676158869500053,0.3957421237874496,0.9988514462422313,0.1538415547714684,0.7777777777777778,False,0.0,True,0.03599518982635306,False,0.0,True,0.0159233864723148,True,0.7427114710826478,True,0.14241572614884682,True,0.047750535167342754,True,0.006748424844485487,True,0.00845526645800927
AGE-MOEA,80,cocoso,sum,0.1012181967129482,5,"{""criteria"": [1, 3, 4, 7, 8], ""method"": ""cocoso"", ""normalization"": ""sum"", ""top_k_rate"": 0.1012, ""weights"": [0.0809, 0.0913, 0.7163, 0.0014, 0.11]}",0.30733001204930877,0.14172610828844612,0.6565520945220193,0.7208103130755064,0.1012181967129482,0.5555555555555556,0.6926699879506912,0.8420013166556946,0.21571934558947545,0.34344790547798065,0.8582738917115539,0.9980250164581962,0.16229525746708062,0.2791896869244936,0.9983458365143003,0.1012181967129482,0.5555555555555556,False,0.0,True,0.08094233066424783,False,0.0,True,0.0912994273844365,True,0.7163079892271311,False,0.0,False,0.0,True,0.0014342552535598996,True,0.11001599747062474
AGE-MOEA,81,topsis,sum,0.09913415949630802,6,"{""criteria"": [0, 1, 3, 4, 7, 8], ""method"": ""topsis"", ""normalization"": ""sum"", ""top_k_rate"": 0.0991, ""weights"": [0.7223, 0.0488, 0.0667, 0.0756, 0.0011, 0.0855]}",0.09084649874159867,0.010702905255075557,0.6038295577130528,0.7253417066863688,0.09913415949630802,0.6666666666666666,0.9091535012584013,0.9878950907868191,0.2477652217911958,0.39617044228694714,0.9892970947449244,1.0,0.15919066481104807,0.2746582933136313,1.0,0.09913415949630802,0.6666666666666666,True,0.7223121767490648,True,0.04876599376927259,False,0.0,True,0.06668933013244668,True,0.07563722060613104,False,0.0,False,0.0,True,0.0011050095496316743,True,0.08549026919345332
AGE-MOEA,82,topsis,sum,0.013920401702183165,6,"{""criteria"": [3, 4, 5, 6, 7, 8], ""method"": ""topsis"", ""normalization"": ""sum"", ""top_k_rate"": 0.0139, ""weights"": [0.1489, 0.6147, 0.1896, 0.0031, 0.0087, 0.0349]}",0.29016966442305137,0.0038286901535296014,0.9322254806125774,0.9562303664921465,0.013920401702183165,0.6666666666666666,0.7098303355769486,0.9952153110047847,0.03508180131556755,0.06777451938742261,0.9961713098464704,1.0,0.02237447810726903,0.04376963350785341,1.0,0.013920401702183165,0.6666666666666666,False,0.0,False,0.0,False,0.0,True,0.14891323741084445,True,0.6147211552649945,True,0.18962230296812055,True,0.0031391479907987825,True,0.008656358418481556,True,0.034947797946760346
AGE-MOEA,83,vikor,robust,0.19183946409695948,4,"{""criteria"": [3, 4, 6, 8], ""method"": ""vikor"", ""normalization"": ""robust"", ""top_k_rate"": 0.1918, ""weights"": [0.1891, 0.6668, 0.061, 0.083]}",0.32016990930138556,0.2513114453346945,0.5271942772794369,0.54104263851379,0.19183946409695948,0.4444444444444444,0.6798300906986144,0.7234190410006949,0.35115533816832517,0.47280572272056315,0.7486885546653055,0.9742876997915219,0.300181993362595,0.45895736148621,0.9772345349394768,0.19183946409695948,0.4444444444444444,False,0.0,False,0.0,False,0.0,True,0.1891272920639336,True,0.6668466264811252,False,0.0,True,0.06097693590830391,False,0.0,True,0.0830491455466372
AGE-MOEA,84,cocoso,sum,0.08923702109469561,5,"{""criteria"": [0, 3, 4, 6, 7], ""method"": ""cocoso"", ""normalization"": ""sum"", ""top_k_rate"": 0.0892, ""weights"": [0.1781, 0.0109, 0.4199, 0.3852, 0.0059]}",0.19839795493278267,0.03788132726429372,0.6480462300495322,0.7492509363295881,0.08923702109469561,0.5555555555555556,0.8016020450672173,0.9551904406273338,0.21571934558947545,0.35195376995046784,0.9621186727357063,1.0,0.14334653677336473,0.250749063670412,1.0,0.08923702109469561,0.5555555555555556,True,0.17811591672235108,False,0.0,False,0.0,True,0.01085900114069347,True,0.41991978198763247,False,0.0,True,0.3851669646046337,True,0.005938335544689502,False,0.0
AGE-MOEA,85,cocoso,sum,0.09769758511615736,7,"{""criteria"": [1, 3, 4, 5, 6, 7, 8], ""method"": ""cocoso"", ""normalization"": ""sum"", ""top_k_rate"": 0.0977, ""weights"": [0.0139, 0.0267, 0.0778, 0.4047, 0.1343, 0.0192, 0.3234]}",0.22629606229161858,0.1562049129227856,0.6713995943204869,0.7479411492551125,0.09769758511615736,0.7777777777777778,0.7737039377083814,0.8287858117326057,0.20492494518468543,0.32860040567951315,0.8437950870772144,0.9290586630286494,0.14580879991435605,0.2520588507448875,0.9377578262843712,0.09769758511615736,0.7777777777777778,False,0.0,True,0.01390933077251114,False,0.0,True,0.0266993678040291,True,0.07779156756675544,True,0.404686602809994,True,0.1342904385029478,True,0.0191762328394764,True,0.3234464597042861
AGE-MOEA,86,vikor,sum,0.14138572705828992,4,"{""criteria"": [0, 3, 4, 7], ""method"": ""vikor"", ""normalization"": ""sum"", ""top_k_rate"": 0.1414, ""weights"": [0.8407, 0.0808, 0.0771, 0.0014]}",0.0904634139113577,0.016590851814282437,0.48273291925465833,0.6311289478276042,0.14138572705828992,0.4444444444444444,0.9095365860886423,0.9816124469589816,0.35115533816832517,0.5172670807453417,0.9834091481857176,0.9966996699669967,0.22631409913285516,0.3688710521723958,0.9972178223474611,0.14138572705828992,0.4444444444444444,True,0.8407172394391104,False,0.0,False,0.0,True,0.08078016417568203,True,0.07709234499699419,False,0.0,False,0.0,True,0.0014102513882134117,False,0.0
AGE-MOEA,87,topsis,robust,0.08730808545221756,3,"{""criteria"": [0, 3, 4], ""method"": ""topsis"", ""normalization"": ""robust"", ""top_k_rate"": 0.0873, ""weights"": [0.0088, 0.0074, 0.9838]}",0.3260610042571481,0.07414420503134378,0.6692913385826771,0.7540137076330862,0.08730808545221756,0.3333333333333333,0.6739389957428519,0.9137404580152672,0.20188902007083825,0.33070866141732286,0.9258557949686562,1.0,0.14024194411733218,0.24598629236691388,1.0,0.08730808545221756,0.3333333333333333,True,0.00877332456442077,False,0.0,False,0.0,True,0.007416290577346883,True,0.9838103848582324,False,0.0,False,0.0,False,0.0,False,0.0
AGE-MOEA,88,vikor,sum,0.08091866643994125,4,"{""criteria"": [3, 4, 5, 7], ""method"": ""vikor"", ""normalization"": ""sum"", ""top_k_rate"": 0.0809, ""weights"": [0.0672, 0.7118, 0.2177, 0.0033]}",0.29822872983177207,0.050479238935382864,0.6799664006719865,0.769966840360019,0.08091866643994125,0.4444444444444444,0.7017712701682279,0.9415156507413509,0.19278124472929667,0.3200335993280134,0.9495207610646171,1.0,0.12996467187667274,0.23003315963998106,1.0,0.08091866643994125,0.4444444444444444,False,0.0,False,0.0,False,0.0,True,0.06721451027353854,True,0.7117867217348434,True,0.2176931638701814,False,0.0,True,0.003305604121436772,False,0.0
AGE-MOEA,89,cocoso,robust,0.012651121415130348,7,"{""criteria"": [0, 3, 4, 5, 6, 7, 8], ""method"": ""cocoso"", ""normalization"": ""robust"", ""top_k_rate"": 0.0127, ""weights"": [0.323, 0.0867, 0.2099, 0.0536, 0.3059, 0.0049, 0.016]}",0.13838199662524198,0.00414545571028424,0.9382252001961104,0.9601301017731613,0.012651121415130348,0.7777777777777778,0.861618003374758,0.9947368421052631,0.031877213695395513,0.06177479980388953,0.9958545442897158,1.0,0.020340434642971843,0.039869898226838736,1.0,0.012651121415130348,0.7777777777777778,True,0.32300997608216664,False,0.0,False,0.0,True,0.08668917907976188,True,0.20987509837851814,True,0.05356027547215041,True,0.3059309352166437,True,0.0048895549783202555,True,0.016044980792438872
AGE-MOEA,90,cocoso,sum,0.05437146440883138,3,"{""criteria"": [0, 5, 7], ""method"": ""cocoso"", ""normalization"": ""sum"", ""top_k_rate"": 0.0544, ""weights"": [0.8072, 0.1917, 0.0011]}",0.0904551699610402,0.0012961751310252012,0.7583395107487028,0.8393226346362115,0.05437146440883138,0.3333333333333333,0.9095448300389598,0.9987745098039216,0.13745994265474784,0.24166048925129727,0.9987038248689748,1.0,0.0873568140456054,0.16067736536378854,1.0,0.05437146440883138,0.3333333333333333,True,0.8072379495356131,False,0.0,False,0.0,False,0.0,False,0.0,True,0.1916583875226897,False,0.0,True,0.0011036629416971272,False,0.0
AGE-MOEA,91,topsis,sum,0.03493449982266101,4,"{""criteria"": [4, 5, 6, 8], ""method"": ""topsis"", ""normalization"": ""sum"", ""top_k_rate"": 0.0349, ""weights"": [0.5191, 0.3682, 0.0253, 0.0874]}",0.2510439317869195,0.017051456215122385,0.8406942507360917,0.8937658388241256,0.03493449982266101,0.4444444444444444,0.7489560682130805,0.9809160305343512,0.0866925282509698,0.15930574926390825,0.9829485437848776,1.0,0.056096777646932876,0.10623416117587431,1.0,0.03493449982266101,0.4444444444444444,False,0.0,False,0.0,False,0.0,False,0.0,True,0.519133212629278,True,0.3681549649215327,True,0.025289236857425637,False,0.0,True,0.08742258559176373
AGE-MOEA,92,edas,sum,0.14701507673088113,5,"{""criteria"": [0, 1, 3, 4, 7], ""method"": ""edas"", ""normalization"": ""sum"", ""top_k_rate"": 0.147, ""weights"": [0.7502, 0.1446, 0.0573, 0.047, 0.0009]}",0.09880265955621181,0.029167236566896015,0.4755992624462201,0.6189486446696111,0.14701507673088113,0.5555555555555556,0.9011973404437882,0.9669084315503174,0.3597571259908922,0.5244007375537799,0.970832763433104,0.9972801450589301,0.23552082218177925,0.38105135533038886,0.9976948001679575,0.14701507673088113,0.5555555555555556,True,0.7501717631537735,True,0.1446291685357706,False,0.0,True,0.057291984502024086,True,0.047020570745663265,False,0.0,False,0.0,True,0.0008865130627686358,False,0.0
AGE-MOEA,93,vikor,robust,0.05478197843023335,7,"{""criteria"": [1, 3, 4, 5, 6, 7, 8], ""method"": ""vikor"", ""normalization"": ""robust"", ""top_k_rate"": 0.0548, ""weights"": [0.0075, 0.0494, 0.668, 0.2206, 0.0367, 0.0124, 0.0054]}",0.29205327824989247,0.02966356937654757,0.7650718412087097,0.8382367411197481,0.05478197843023335,0.7777777777777778,0.7079467217501075,0.9647201946472019,0.1337493675156013,0.23492815879129023,0.9703364306234524,1.0,0.08799914356064661,0.1617632588802519,1.0,0.05478197843023335,0.7777777777777778,False,0.0,True,0.0075245305389476875,False,0.0,True,0.04940021907849486,True,0.6679506880640136,True,0.22059029743327196,True,0.036744925845148095,True,0.012413455196823686,True,0.005375883843300188
AGE-MOEA,94,cocoso,sum,0.059215809449303755,5,"{""criteria"": [0, 3, 4, 6, 7], ""method"": ""cocoso"", ""normalization"": ""sum"", ""top_k_rate"": 0.0592, ""weights"": [0.2805, 0.0124, 0.6996, 0.0023, 0.0053]}",0.23290429616412034,0.0020417459570194474,0.7398063948371957,0.826197458455523,0.059215809449303755,0.5555555555555556,0.7670957038358797,0.9977502812148481,0.14960364311013663,0.2601936051628043,0.9979582540429806,1.0,0.09517182314527353,0.17380254154447702,1.0,0.059215809449303755,0.5555555555555556,True,0.2804694704894559,False,0.0,False,0.0,True,0.012383643540420153,True,0.6995592778909124,False,0.0,True,0.002309185729382283,True,0.005278422349829061,False,0.0
AGE-MOEA,95,edas,sum,0.1478577800643327,6,"{""criteria"": [0, 3, 4, 5, 6, 7], ""method"": ""edas"", ""normalization"": ""sum"", ""top_k_rate"": 0.1479, ""weights"": [0.6536, 0.0248, 0.06, 0.199, 0.0595, 0.0031]}",0.09790165161884157,0.035618728742411676,0.47759911623910645,0.6184791071892032,0.1478577800643327,0.6666666666666666,0.9020983483811584,0.9594229035166817,0.358913813459268,0.5224008837608936,0.9643812712575883,0.9941388638412985,0.23605609677764694,0.3815208928107968,0.9950406593068891,0.1478577800643327,0.6666666666666666,True,0.6536064908443576,False,0.0,False,0.0,True,0.024781931731785178,True,0.05998009717265762,True,0.19904891389593765,True,0.05948573318393585,True,0.0030968331713262117,False,0.0
AGE-MOEA,96,cocoso,robust,0.012411093195703167,4,"{""criteria"": [3, 4, 6, 7], ""method"": ""cocoso"", ""normalization"": ""robust"", ""top_k_rate"": 0.0124, ""weights"": [0.1818, 0.7656, 0.0413, 0.0113]}",0.31053710053212435,0.0,0.9388489208633094,0.9607472712006717,0.012411093195703167,0.4444444444444444,0.6894628994678756,1.0,0.03153988868274583,0.06115107913669065,1.0,1.0,0.020019269885451236,0.03925272879932829,1.0,0.012411093195703167,0.4444444444444444,False,0.0,False,0.0,False,0.0,True,0.1818259065203032,True,0.7655954673703571,False,0.0,True,0.04131894099627664,True,0.011259685113063194,False,0.0
AGE-MOEA,97,vikor,sum,0.1228750083627494,3,"{""criteria"": [4, 7, 8], ""method"": ""vikor"", ""normalization"": ""sum"", ""top_k_rate"": 0.1229, ""weights"": [0.8477, 0.0122, 0.1401]}",0.39704962632925866,0.29199895325522107,0.6662807152965393,0.6711667411712114,0.1228750083627494,0.3333333333333333,0.6029503736707413,0.7033622559652929,0.21875527070332265,0.3337192847034607,0.7080010467447789,0.9972885032537961,0.19687399636013275,0.32883325882878855,0.997714189044781,0.1228750083627494,0.3333333333333333,False,0.0,False,0.0,False,0.0,False,0.0,True,0.8477065767161416,False,0.0,False,0.0,True,0.012183480866311413,True,0.14010994241754704
AGE-MOEA,98,topsis,sum,0.03493449982266101,5,"{""criteria"": [0, 4, 6, 7, 8], ""method"": ""topsis"", ""normalization"": ""sum"", ""top_k_rate"": 0.0349, ""weights"": [0.4479, 0.4694, 0.0027, 0.0004, 0.0795]}",0.16744244443566714,0.0015922076364242033,0.8379048504571517,0.8937658388241256,0.03493449982266101,0.5555555555555556,0.8325575555643329,0.9980916030534351,0.08821049080789341,0.1620951495428483,0.9984077923635758,1.0,0.056096777646932876,0.10623416117587431,1.0,0.03493449982266101,0.5555555555555556,True,0.44794451998863916,False,0.0,False,0.0,False,0.0,True,0.4693809326993961,False,0.0,True,0.0027282374016232664,True,0.0004296998830321368,True,0.07951661002730938
AGE-MOEA,99,topsis,sum,0.05189077316081162,4,"{""criteria"": [0, 1, 4, 8], ""method"": ""topsis"", ""normalization"": ""sum"", ""top_k_rate"": 0.0519, ""weights"": [0.0167, 0.2771, 0.6058, 0.1004]}",0.2861941719115908,0.20493294643268678,0.8208109719737626,0.8460474308300395,0.05189077316081162,0.4444444444444444,0.7138058280884092,0.7715019255455713,0.10136616630123124,0.17918902802623732,0.7950670535673132,1.0,0.08339578203618456,0.15395256916996047,1.0,0.05189077316081162,0.4444444444444444,True,0.016703551779927852,True,0.2770871884963523,False,0.0,False,0.0,True,0.605781665124024,False,0.0,False,0.0,False,0.0,True,0.1004275945996958
